ISO-10303-21;
HEADER;
FILE_DESCRIPTION (( 'STEP AP214' ),
    '1' );
FILE_NAME ('CAA573X7S2A476M640LH.STEP',
    '2022-02-03T08:30:40',
    ( '' ),
    ( '' ),
    'SwSTEP 2.0',
    'SolidWorks 2020',
    '' );
FILE_SCHEMA (( 'AUTOMOTIVE_DESIGN' ));
ENDSEC;

DATA;
#1 = CARTESIAN_POINT ( 'NONE',  ( 2.700000000000000622, 1.200000000000000178, -1.450000000000001288 ) ) ;
#2 = CARTESIAN_POINT ( 'NONE',  ( -2.200000000000000622, 6.900000000000000355, 1.449999999999999956 ) ) ;
#3 = LINE ( 'NONE', #831, #4213 ) ;
#4 = DIRECTION ( 'NONE',  ( -0.000000000000000000, 1.000000000000000000, 0.000000000000000000 ) ) ;
#5 = ORIENTED_EDGE ( 'NONE', *, *, #2400, .F. ) ;
#6 = ORIENTED_EDGE ( 'NONE', *, *, #2384, .F. ) ;
#7 = CARTESIAN_POINT ( 'NONE',  ( 3.000000000000000444, 2.629999999999999449, -0.7200000000000009726 ) ) ;
#8 = UNCERTAINTY_MEASURE_WITH_UNIT (LENGTH_MEASURE( 1.000000000000000082E-05 ), #5633, 'distance_accuracy_value', 'NONE');
#9 =( NAMED_UNIT ( * ) SI_UNIT ( $, .STERADIAN. ) SOLID_ANGLE_UNIT ( ) );
#10 = DIRECTION ( 'NONE',  ( -1.000000000000000000, 0.000000000000000000, 0.000000000000000000 ) ) ;
#11 = ORIENTED_EDGE ( 'NONE', *, *, #4295, .T. ) ;
#12 = VERTEX_POINT ( 'NONE', #5068 ) ;
#13 = EDGE_CURVE ( 'NONE', #4428, #1468, #2239, .T. ) ;
#14 = DIRECTION ( 'NONE',  ( 1.000000000000000000, 0.000000000000000000, -0.000000000000000000 ) ) ;
#15 = CARTESIAN_POINT ( 'NONE',  ( -1.800000000000000711, 0.1000000000000000056, -3.750000000000000000 ) ) ;
#16 = DIRECTION ( 'NONE',  ( 0.000000000000000000, 0.000000000000000000, 1.000000000000000000 ) ) ;
#17 = DIRECTION ( 'NONE',  ( 0.000000000000000000, 0.000000000000000000, 1.000000000000000000 ) ) ;
#18 = CARTESIAN_POINT ( 'NONE',  ( 2.700000000000000178, 6.900000000000000355, 1.249999999999999778 ) ) ;
#19 = EDGE_CURVE ( 'NONE', #459, #1556, #5717, .T. ) ;
#20 = VERTEX_POINT ( 'NONE', #5039 ) ;
#21 = ORIENTED_EDGE ( 'NONE', *, *, #1917, .T. ) ;
#22 = DIRECTION ( 'NONE',  ( 1.000000000000000000, 0.000000000000000000, -0.000000000000000000 ) ) ;
#23 = CARTESIAN_POINT ( 'NONE',  ( 2.900000000000000355, 2.530000000000000249, -3.220000000000001084 ) ) ;
#24 = CARTESIAN_POINT ( 'NONE',  ( -2.200000000000000622, 1.200000000000000178, -1.450000000000001288 ) ) ;
#25 = DIRECTION ( 'NONE',  ( 0.000000000000000000, 0.000000000000000000, -1.000000000000000000 ) ) ;
#26 = VECTOR ( 'NONE', #2694, 1000.000000000000000 ) ;
#27 =( NAMED_UNIT ( * ) SI_UNIT ( $, .STERADIAN. ) SOLID_ANGLE_UNIT ( ) );
#28 = COLOUR_RGB ( '',0.7921568627450980005, 0.8196078431372548767, 0.9333333333333333481 ) ;
#29 = AXIS2_PLACEMENT_3D ( 'NONE', #3423, #687, #4389 ) ;
#30 = DIRECTION ( 'NONE',  ( -1.000000000000000000, -0.000000000000000000, -0.000000000000000000 ) ) ;
#31 = VECTOR ( 'NONE', #697, 1000.000000000000000 ) ;
#32 = ORIENTED_EDGE ( 'NONE', *, *, #4105, .F. ) ;
#33 = CIRCLE ( 'NONE', #4795, 0.09999999999999982514 ) ;
#34 = ORIENTED_EDGE ( 'NONE', *, *, #4973, .F. ) ;
#35 = ADVANCED_FACE ( 'NONE', ( #5925 ), #1780, .F. ) ;
#36 = DIRECTION ( 'NONE',  ( 1.000000000000000000, 0.000000000000000000, -0.000000000000000000 ) ) ;
#37 = CIRCLE ( 'NONE', #4310, 0.09999999999999961697 ) ;
#38 = CIRCLE ( 'NONE', #4412, 0.09999999999999982514 ) ;
#39 = DIRECTION ( 'NONE',  ( 1.000000000000000000, 0.000000000000000000, 0.000000000000000000 ) ) ;
#40 = ORIENTED_EDGE ( 'NONE', *, *, #2068, .T. ) ;
#41 = ORIENTED_EDGE ( 'NONE', *, *, #5964, .T. ) ;
#42 = FACE_OUTER_BOUND ( 'NONE', #1281, .T. ) ;
#43 = AXIS2_PLACEMENT_3D ( 'NONE', #3862, #3950, #5264 ) ;
#44 = DIRECTION ( 'NONE',  ( -1.000000000000000000, 0.000000000000000000, 0.000000000000000000 ) ) ;
#45 = DIRECTION ( 'NONE',  ( 0.000000000000000000, -1.000000000000000000, 0.000000000000000000 ) ) ;
#46 = DIRECTION ( 'NONE',  ( 0.000000000000000000, 0.000000000000000000, 1.000000000000000000 ) ) ;
#47 = EDGE_CURVE ( 'NONE', #4348, #2317, #3213, .T. ) ;
#48 = CIRCLE ( 'NONE', #1512, 0.2000000000000000944 ) ;
#49 = FACE_OUTER_BOUND ( 'NONE', #2261, .T. ) ;
#50 = ORIENTED_EDGE ( 'NONE', *, *, #4948, .T. ) ;
#51 = LINE ( 'NONE', #3401, #2266 ) ;
#52 = ORIENTED_EDGE ( 'NONE', *, *, #3375, .F. ) ;
#53 = VECTOR ( 'NONE', #2690, 1000.000000000000000 ) ;
#54 = DIRECTION ( 'NONE',  ( 1.000000000000000000, 0.000000000000000000, 0.000000000000000000 ) ) ;
#55 = DIRECTION ( 'NONE',  ( -1.000000000000000000, -0.000000000000000000, -0.000000000000000000 ) ) ;
#56 = DIRECTION ( 'NONE',  ( -1.000000000000000000, 0.000000000000000000, 0.000000000000000000 ) ) ;
#57 = VECTOR ( 'NONE', #1583, 1000.000000000000000 ) ;
#58 = ORIENTED_EDGE ( 'NONE', *, *, #2584, .T. ) ;
#59 = DIRECTION ( 'NONE',  ( 0.000000000000000000, 0.000000000000000000, 1.000000000000000000 ) ) ;
#60 = EDGE_CURVE ( 'NONE', #1111, #410, #4123, .T. ) ;
#61 = ADVANCED_FACE ( 'NONE', ( #873 ), #3156, .T. ) ;
#62 = AXIS2_PLACEMENT_3D ( 'NONE', #5484, #2222, #25 ) ;
#63 = CARTESIAN_POINT ( 'NONE',  ( 3.000000000000000444, 1.130000000000000115, 0.8200000000000003952 ) ) ;
#64 = CARTESIAN_POINT ( 'NONE',  ( -3.000000000000000444, 2.530000000000000249, 3.319999999999999840 ) ) ;
#65 = CIRCLE ( 'NONE', #2393, 0.09999999999999993616 ) ;
#66 = EDGE_LOOP ( 'NONE', ( #354, #3420, #3239 ) ) ;
#67 = VERTEX_POINT ( 'NONE', #1301 ) ;
#68 = LINE ( 'NONE', #5638, #808 ) ;
#69 = EDGE_CURVE ( 'NONE', #2900, #3952, #4612, .T. ) ;
#70 = FILL_AREA_STYLE ('',( #4234 ) ) ;
#71 = ORIENTED_EDGE ( 'NONE', *, *, #5557, .T. ) ;
#72 = VERTEX_POINT ( 'NONE', #1843 ) ;
#73 = CARTESIAN_POINT ( 'NONE',  ( -3.000000000000000444, 1.130000000000000115, 1.779999999999999138 ) ) ;
#74 = LINE ( 'NONE', #1903, #2604 ) ;
#75 = DIRECTION ( 'NONE',  ( -1.000000000000000000, -0.000000000000000000, -0.000000000000000000 ) ) ;
#76 = CARTESIAN_POINT ( 'NONE',  ( 2.900000000000000799, 0.1499999999999998557, 0.8200000000000003952 ) ) ;
#77 = VECTOR ( 'NONE', #589, 1000.000000000000000 ) ;
#78 = DIRECTION ( 'NONE',  ( -1.000000000000000000, 0.000000000000000000, 0.000000000000000000 ) ) ;
#79 = VERTEX_POINT ( 'NONE', #2796 ) ;
#80 = CARTESIAN_POINT ( 'NONE',  ( 2.200000000000000622, 1.000000000000000000, -1.450000000000001288 ) ) ;
#81 = CARTESIAN_POINT ( 'NONE',  ( -2.700000000000000178, 6.900000000000000355, 3.549999999999999822 ) ) ;
#82 = ORIENTED_EDGE ( 'NONE', *, *, #1951, .T. ) ;
#83 = AXIS2_PLACEMENT_3D ( 'NONE', #204, #4307, #4192 ) ;
#84 = PLANE ( 'NONE',  #2656 ) ;
#85 = CARTESIAN_POINT ( 'NONE',  ( -2.700000000000000178, 6.700000000000001066, -1.250000000000000222 ) ) ;
#86 = ORIENTED_EDGE ( 'NONE', *, *, #3564, .F. ) ;
#87 = PRESENTATION_LAYER_ASSIGNMENT (  '', '', ( #1933 ) ) ;
#88 = CARTESIAN_POINT ( 'NONE',  ( -2.200000000000000622, 1.200000000000000622, 3.749999999999999112 ) ) ;
#89 = AXIS2_PLACEMENT_3D ( 'NONE', #293, #2566, #2144 ) ;
#90 = CARTESIAN_POINT ( 'NONE',  ( 8.529233760890809535, 6.870000000000000995, -1.450000000000000400 ) ) ;
#91 = EDGE_CURVE ( 'NONE', #5000, #1474, #4978, .T. ) ;
#92 = ORIENTED_EDGE ( 'NONE', *, *, #4866, .F. ) ;
#93 = VERTEX_POINT ( 'NONE', #4668 ) ;
#94 = CARTESIAN_POINT ( 'NONE',  ( 2.700000000000000178, 6.900000000000000355, -1.250000000000000222 ) ) ;
#95 = FACE_OUTER_BOUND ( 'NONE', #5653, .T. ) ;
#96 = CARTESIAN_POINT ( 'NONE',  ( -3.000000000000000444, 2.629999999999999449, -3.220000000000001084 ) ) ;
#97 = VERTEX_POINT ( 'NONE', #4697 ) ;
#98 = ORIENTED_EDGE ( 'NONE', *, *, #4325, .F. ) ;
#99 = DIRECTION ( 'NONE',  ( 0.000000000000000000, -1.000000000000000000, -1.102578480493733066E-16 ) ) ;
#100 = PLANE ( 'NONE',  #1641 ) ;
#101 = DIRECTION ( 'NONE',  ( 0.000000000000000000, 0.000000000000000000, -1.000000000000000000 ) ) ;
#102 = CARTESIAN_POINT ( 'NONE',  ( -3.000000000000000444, 2.530000000000000249, -3.220000000000001084 ) ) ;
#103 = CYLINDRICAL_SURFACE ( 'NONE', #145, 0.1700000000000000122 ) ;
#104 = ORIENTED_EDGE ( 'NONE', *, *, #659, .F. ) ;
#105 = PLANE ( 'NONE',  #2168 ) ;
#106 = DIRECTION ( 'NONE',  ( -0.000000000000000000, -1.000000000000000000, -0.000000000000000000 ) ) ;
#107 = ORIENTED_EDGE ( 'NONE', *, *, #3112, .F. ) ;
#108 = EDGE_CURVE ( 'NONE', #610, #3673, #2881, .T. ) ;
#109 = LINE ( 'NONE', #3828, #1971 ) ;
#110 = FACE_OUTER_BOUND ( 'NONE', #5740, .T. ) ;
#111 = DIRECTION ( 'NONE',  ( 0.000000000000000000, 0.000000000000000000, -1.000000000000000000 ) ) ;
#112 = CARTESIAN_POINT ( 'NONE',  ( -3.000000000000000444, 2.530000000000000249, -1.779999999999999361 ) ) ;
#113 = VECTOR ( 'NONE', #2998, 1000.000000000000000 ) ;
#114 = EDGE_CURVE ( 'NONE', #4870, #3535, #5191, .T. ) ;
#115 = CARTESIAN_POINT ( 'NONE',  ( -3.000000000000000444, 2.629999999999999449, -1.779999999999999361 ) ) ;
#116 = ORIENTED_EDGE ( 'NONE', *, *, #578, .T. ) ;
#117 = ORIENTED_EDGE ( 'NONE', *, *, #3153, .T. ) ;
#118 = CARTESIAN_POINT ( 'NONE',  ( -2.700000000000000178, 6.700000000000001066, 1.249999999999999778 ) ) ;
#119 =( GEOMETRIC_REPRESENTATION_CONTEXT ( 3 ) GLOBAL_UNCERTAINTY_ASSIGNED_CONTEXT ( ( #2695 ) ) GLOBAL_UNIT_ASSIGNED_CONTEXT ( ( #1647, #4867, #4899 ) ) REPRESENTATION_CONTEXT ( 'NONE', 'WORKASPACE' ) );
#120 = AXIS2_PLACEMENT_3D ( 'NONE', #3738, #5257, #1962 ) ;
#121 = DIRECTION ( 'NONE',  ( -1.000000000000000000, 0.000000000000000000, 0.000000000000000000 ) ) ;
#122 = EDGE_CURVE ( 'NONE', #647, #1920, #5810, .T. ) ;
#123 = VECTOR ( 'NONE', #330, 1000.000000000000000 ) ;
#124 =( NAMED_UNIT ( * ) SI_UNIT ( $, .STERADIAN. ) SOLID_ANGLE_UNIT ( ) );
#125 = AXIS2_PLACEMENT_3D ( 'NONE', #4154, #4585, #3386 ) ;
#126 = ADVANCED_FACE ( 'NONE', ( #4758 ), #2937, .F. ) ;
#127 = EDGE_LOOP ( 'NONE', ( #930, #2370, #5415, #1482 ) ) ;
#128 = ORIENTED_EDGE ( 'NONE', *, *, #4409, .T. ) ;
#129 = CARTESIAN_POINT ( 'NONE',  ( 2.200000000000000622, 6.700000000000001066, -3.550000000000000266 ) ) ;
#130 = DIRECTION ( 'NONE',  ( 0.000000000000000000, 1.470104640658311001E-16, -1.000000000000000000 ) ) ;
#131 = DIRECTION ( 'NONE',  ( -0.000000000000000000, 0.000000000000000000, 1.000000000000000000 ) ) ;
#132 = CIRCLE ( 'NONE', #918, 0.2000000000000000944 ) ;
#133 = AXIS2_PLACEMENT_3D ( 'NONE', #3525, #1216, #3069 ) ;
#134 = ADVANCED_FACE ( 'NONE', ( #2019 ), #100, .F. ) ;
#135 = LINE ( 'NONE', #5677, #2567 ) ;
#136 = DIRECTION ( 'NONE',  ( 0.000000000000000000, 0.000000000000000000, -1.000000000000000000 ) ) ;
#137 = AXIS2_PLACEMENT_3D ( 'NONE', #3830, #147, #208 ) ;
#138 = ORIENTED_EDGE ( 'NONE', *, *, #1983, .F. ) ;
#139 = AXIS2_PLACEMENT_3D ( 'NONE', #112, #4194, #3778 ) ;
#140 = CARTESIAN_POINT ( 'NONE',  ( -2.700000000000000622, 1.200000000000000178, 1.049999999999998934 ) ) ;
#141 = DIRECTION ( 'NONE',  ( 0.000000000000000000, 0.000000000000000000, 1.000000000000000000 ) ) ;
#142 = ORIENTED_EDGE ( 'NONE', *, *, #4546, .F. ) ;
#143 = DIRECTION ( 'NONE',  ( 0.000000000000000000, 0.000000000000000000, -1.000000000000000000 ) ) ;
#144 = DIRECTION ( 'NONE',  ( 0.000000000000000000, -1.000000000000000000, -1.102578480493733066E-16 ) ) ;
#145 = AXIS2_PLACEMENT_3D ( 'NONE', #689, #1960, #2415 ) ;
#146 = CARTESIAN_POINT ( 'NONE',  ( -2.200000000000000622, 6.700000000000001066, -1.050000000000000044 ) ) ;
#147 = DIRECTION ( 'NONE',  ( 1.000000000000000000, -0.000000000000000000, -0.000000000000000000 ) ) ;
#148 = EDGE_CURVE ( 'NONE', #5750, #3508, #5705, .T. ) ;
#149 = ORIENTED_EDGE ( 'NONE', *, *, #5914, .T. ) ;
#150 = VECTOR ( 'NONE', #6005, 1000.000000000000000 ) ;
#151 = AXIS2_PLACEMENT_3D ( 'NONE', #1830, #4, #2811 ) ;
#152 = ORIENTED_EDGE ( 'NONE', *, *, #3853, .F. ) ;
#153 = CARTESIAN_POINT ( 'NONE',  ( -2.700000000000000178, 1.200000000000000178, -1.450000000000001288 ) ) ;
#154 = VERTEX_POINT ( 'NONE', #498 ) ;
#155 = ORIENTED_EDGE ( 'NONE', *, *, #661, .F. ) ;
#156 = DIRECTION ( 'NONE',  ( 0.000000000000000000, 0.000000000000000000, 1.000000000000000000 ) ) ;
#157 = CIRCLE ( 'NONE', #2005, 0.2000000000000000944 ) ;
#158 = DIRECTION ( 'NONE',  ( -1.000000000000000000, 0.000000000000000000, 0.000000000000000000 ) ) ;
#159 = AXIS2_PLACEMENT_3D ( 'NONE', #6010, #1300, #3241 ) ;
#160 = PRESENTATION_STYLE_ASSIGNMENT (( #5308 ) ) ;
#161 = ORIENTED_EDGE ( 'NONE', *, *, #5155, .F. ) ;
#162 = ORIENTED_EDGE ( 'NONE', *, *, #4335, .T. ) ;
#163 = DIRECTION ( 'NONE',  ( 1.000000000000000000, -0.000000000000000000, -0.000000000000000000 ) ) ;
#164 = DIRECTION ( 'NONE',  ( 0.000000000000000000, -0.000000000000000000, -1.000000000000000000 ) ) ;
#165 = DIRECTION ( 'NONE',  ( 0.000000000000000000, 0.000000000000000000, -1.000000000000000000 ) ) ;
#166 = DIRECTION ( 'NONE',  ( 0.000000000000000000, -1.000000000000000000, 0.000000000000000000 ) ) ;
#167 = ORIENTED_EDGE ( 'NONE', *, *, #4332, .T. ) ;
#168 = DIRECTION ( 'NONE',  ( -1.000000000000000000, -0.000000000000000000, -0.000000000000000000 ) ) ;
#169 = VECTOR ( 'NONE', #1558, 1000.000000000000000 ) ;
#170 = EDGE_CURVE ( 'NONE', #4494, #5244, #74, .T. ) ;
#171 = CYLINDRICAL_SURFACE ( 'NONE', #5023, 0.2000000000000000944 ) ;
#172 = ORIENTED_EDGE ( 'NONE', *, *, #1858, .T. ) ;
#173 = FILL_AREA_STYLE ('',( #4796 ) ) ;
#174 = DIRECTION ( 'NONE',  ( -0.000000000000000000, 1.000000000000000000, 3.097720492815727166E-16 ) ) ;
#175 = CIRCLE ( 'NONE', #5334, 0.09999999999999961697 ) ;
#176 = EDGE_CURVE ( 'NONE', #5399, #863, #3847, .T. ) ;
#177 = DIRECTION ( 'NONE',  ( 1.000000000000000000, -0.000000000000000000, -0.000000000000000000 ) ) ;
#178 = DIRECTION ( 'NONE',  ( 0.000000000000000000, 0.000000000000000000, -1.000000000000000000 ) ) ;
#179 = ORIENTED_EDGE ( 'NONE', *, *, #19, .T. ) ;
#180 = AXIS2_PLACEMENT_3D ( 'NONE', #799, #343, #5996 ) ;
#181 = ADVANCED_FACE ( 'NONE', ( #4785 ), #4330, .T. ) ;
#182 = AXIS2_PLACEMENT_3D ( 'NONE', #1661, #2081, #3937 ) ;
#183 = CIRCLE ( 'NONE', #4360, 0.1000000000000002554 ) ;
#184 = ORIENTED_EDGE ( 'NONE', *, *, #2849, .F. ) ;
#185 = LINE ( 'NONE', #90, #57 ) ;
#186 = ORIENTED_EDGE ( 'NONE', *, *, #4223, .T. ) ;
#187 = ORIENTED_EDGE ( 'NONE', *, *, #4857, .T. ) ;
#188 = CARTESIAN_POINT ( 'NONE',  ( 8.529233760890809535, 1.030000000000000027, 3.549999999999998934 ) ) ;
#189 = EDGE_CURVE ( 'NONE', #960, #97, #3818, .T. ) ;
#190 = VECTOR ( 'NONE', #3424, 1000.000000000000000 ) ;
#191 = CARTESIAN_POINT ( 'NONE',  ( 2.700000000000000178, 1.200000000000000178, -1.450000000000001288 ) ) ;
#192 = CARTESIAN_POINT ( 'NONE',  ( -2.900000000000000799, 1.030000000000000027, 3.750000000000000000 ) ) ;
#193 = ORIENTED_EDGE ( 'NONE', *, *, #3437, .F. ) ;
#194 = ORIENTED_EDGE ( 'NONE', *, *, #2249, .T. ) ;
#195 = DIRECTION ( 'NONE',  ( 0.000000000000000000, -0.000000000000000000, -1.000000000000000000 ) ) ;
#196 = CARTESIAN_POINT ( 'NONE',  ( 2.700000000000000178, 1.000000000000000000, -1.450000000000001288 ) ) ;
#197 = LINE ( 'NONE', #2882, #4071 ) ;
#198 = CARTESIAN_POINT ( 'NONE',  ( -3.000000000000000444, 2.629999999999999449, -0.7200000000000009726 ) ) ;
#199 = ADVANCED_FACE ( 'NONE', ( #1929 ), #5645, .T. ) ;
#200 = VERTEX_POINT ( 'NONE', #5618 ) ;
#201 = VERTEX_POINT ( 'NONE', #529 ) ;
#202 = DIRECTION ( 'NONE',  ( 0.000000000000000000, 0.000000000000000000, -1.000000000000000000 ) ) ;
#203 = ORIENTED_EDGE ( 'NONE', *, *, #170, .T. ) ;
#204 = CARTESIAN_POINT ( 'NONE',  ( -2.200000000000000622, 1.200000000000000178, 3.549999999999998934 ) ) ;
#205 = CARTESIAN_POINT ( 'NONE',  ( 2.700000000000000178, 6.900000000000000355, -1.250000000000000222 ) ) ;
#206 = PLANE ( 'NONE',  #4304 ) ;
#207 = EDGE_CURVE ( 'NONE', #5702, #1236, #175, .T. ) ;
#208 = DIRECTION ( 'NONE',  ( 0.000000000000000000, 0.000000000000000000, 1.000000000000000000 ) ) ;
#209 = ORIENTED_EDGE ( 'NONE', *, *, #1740, .F. ) ;
#210 = EDGE_CURVE ( 'NONE', #1789, #567, #963, .T. ) ;
#211 = DIRECTION ( 'NONE',  ( -1.000000000000000000, 0.000000000000000000, 0.000000000000000000 ) ) ;
#212 = EDGE_LOOP ( 'NONE', ( #3556, #3421, #3353, #2098 ) ) ;
#213 = FACE_OUTER_BOUND ( 'NONE', #5753, .T. ) ;
#214 = ORIENTED_EDGE ( 'NONE', *, *, #1369, .T. ) ;
#215 = ORIENTED_EDGE ( 'NONE', *, *, #1574, .T. ) ;
#216 = CARTESIAN_POINT ( 'NONE',  ( -3.000000000000000444, 2.530000000000000249, 3.320000000000000284 ) ) ;
#217 = DIRECTION ( 'NONE',  ( 0.000000000000000000, 0.000000000000000000, -1.000000000000000000 ) ) ;
#218 = LINE ( 'NONE', #2074, #625 ) ;
#219 = LINE ( 'NONE', #5757, #4039 ) ;
#220 = EDGE_CURVE ( 'NONE', #1900, #4900, #4254, .T. ) ;
#221 = ORIENTED_EDGE ( 'NONE', *, *, #3384, .T. ) ;
#222 = AXIS2_PLACEMENT_3D ( 'NONE', #5613, #5154, #1948 ) ;
#223 = ORIENTED_EDGE ( 'NONE', *, *, #2925, .F. ) ;
#224 = LINE ( 'NONE', #2080, #1196 ) ;
#225 = SPHERICAL_SURFACE ( 'NONE', #1686, 0.2000000000000000111 ) ;
#226 = CARTESIAN_POINT ( 'NONE',  ( 2.200000000000000622, 6.700000000000001066, -1.250000000000000222 ) ) ;
#227 = AXIS2_PLACEMENT_3D ( 'NONE', #3432, #4308, #1185 ) ;
#228 = CYLINDRICAL_SURFACE ( 'NONE', #2282, 0.2000000000000000944 ) ;
#229 = ORIENTED_EDGE ( 'NONE', *, *, #1917, .F. ) ;
#230 = ORIENTED_EDGE ( 'NONE', *, *, #4561, .F. ) ;
#231 = FACE_OUTER_BOUND ( 'NONE', #5089, .T. ) ;
#232 = AXIS2_PLACEMENT_3D ( 'NONE', #4526, #360, #1339 ) ;
#233 = ORIENTED_EDGE ( 'NONE', *, *, #5714, .F. ) ;
#234 = CIRCLE ( 'NONE', #4020, 0.1700000000000002343 ) ;
#235 = LINE ( 'NONE', #3068, #5342 ) ;
#236 = EDGE_CURVE ( 'NONE', #1244, #2090, #3327, .T. ) ;
#237 = FACE_OUTER_BOUND ( 'NONE', #2678, .T. ) ;
#238 = CYLINDRICAL_SURFACE ( 'NONE', #3921, 0.2000000000000000944 ) ;
#239 = AXIS2_PLACEMENT_3D ( 'NONE', #3366, #1056, #4298 ) ;
#241 = MECHANICAL_DESIGN_GEOMETRIC_PRESENTATION_REPRESENTATION (  '', ( #2775 ), #922 ) ;
#240 = DIRECTION ( 'NONE',  ( -1.000000000000000000, 0.000000000000000000, 0.000000000000000000 ) ) ;
#242 = VERTEX_POINT ( 'NONE', #5225 ) ;
#243 = CIRCLE ( 'NONE', #4217, 0.09999999999999982514 ) ;
#244 = PRESENTATION_STYLE_ASSIGNMENT (( #5811 ) ) ;
#245 = ADVANCED_FACE ( 'NONE', ( #1053 ), #2910, .F. ) ;
#246 = VECTOR ( 'NONE', #2176, 1000.000000000000000 ) ;
#247 = ORIENTED_EDGE ( 'NONE', *, *, #4381, .F. ) ;
#248 = DIRECTION ( 'NONE',  ( 0.000000000000000000, 0.000000000000000000, -1.000000000000000000 ) ) ;
#249 = EDGE_LOOP ( 'NONE', ( #2061, #3991, #2813, #5747 ) ) ;
#250 = ORIENTED_EDGE ( 'NONE', *, *, #1675, .T. ) ;
#251 = ADVANCED_FACE ( 'NONE', ( #1113 ), #261, .F. ) ;
#252 = CARTESIAN_POINT ( 'NONE',  ( -3.000000000000000444, 2.530000000000000249, 3.220000000000000639 ) ) ;
#253 = CARTESIAN_POINT ( 'NONE',  ( -2.900000000000000799, 6.700000000000001066, -5.000000000000000000 ) ) ;
#254 = CYLINDRICAL_SURFACE ( 'NONE', #4506, 0.1999999999999999833 ) ;
#255 = EDGE_CURVE ( 'NONE', #758, #4762, #5313, .T. ) ;
#256 = CARTESIAN_POINT ( 'NONE',  ( 2.899999999999998579, 2.629999999999999449, -0.7200000000000009726 ) ) ;
#257 = VECTOR ( 'NONE', #2521, 1000.000000000000000 ) ;
#258 = EDGE_LOOP ( 'NONE', ( #4203, #3018, #1258, #3570 ) ) ;
#259 = ORIENTED_EDGE ( 'NONE', *, *, #1218, .T. ) ;
#260 = DIRECTION ( 'NONE',  ( 0.000000000000000000, -1.000000000000000000, -1.470104640658311001E-16 ) ) ;
#261 = PLANE ( 'NONE',  #959 ) ;
#262 = CARTESIAN_POINT ( 'NONE',  ( -3.000000000000000444, 1.130000000000000115, -1.679999999999999716 ) ) ;
#263 = EDGE_CURVE ( 'NONE', #3945, #5406, #2615, .T. ) ;
#264 = AXIS2_PLACEMENT_3D ( 'NONE', #3124, #1726, #4393 ) ;
#265 = CYLINDRICAL_SURFACE ( 'NONE', #5299, 0.2000000000000000944 ) ;
#266 = EDGE_LOOP ( 'NONE', ( #5733, #2812, #1102, #5955 ) ) ;
#267 = ORIENTED_EDGE ( 'NONE', *, *, #945, .T. ) ;
#268 = LINE ( 'NONE', #3587, #4333 ) ;
#269 = AXIS2_PLACEMENT_3D ( 'NONE', #1477, #4667, #2348 ) ;
#270 = ORIENTED_EDGE ( 'NONE', *, *, #3624, .T. ) ;
#271 = CARTESIAN_POINT ( 'NONE',  ( -2.700000000000000622, 6.700000000000001066, -1.450000000000000400 ) ) ;
#272 = FACE_OUTER_BOUND ( 'NONE', #2702, .T. ) ;
#273 = DIRECTION ( 'NONE',  ( -0.000000000000000000, 1.000000000000000000, 3.097720492815727166E-16 ) ) ;
#274 = DIRECTION ( 'NONE',  ( -0.000000000000000000, -1.000000000000000000, 0.000000000000000000 ) ) ;
#275 = ORIENTED_EDGE ( 'NONE', *, *, #701, .T. ) ;
#276 = EDGE_CURVE ( 'NONE', #712, #733, #3905, .T. ) ;
#277 = ORIENTED_EDGE ( 'NONE', *, *, #2507, .F. ) ;
#278 = DIRECTION ( 'NONE',  ( 0.000000000000000000, 0.000000000000000000, 1.000000000000000000 ) ) ;
#279 = EDGE_CURVE ( 'NONE', #3767, #4170, #782, .T. ) ;
#280 = AXIS2_PLACEMENT_3D ( 'NONE', #3626, #1796, #5518 ) ;
#281 = ORIENTED_EDGE ( 'NONE', *, *, #4253, .T. ) ;
#282 = EDGE_LOOP ( 'NONE', ( #4328, #5768, #4820, #5916 ) ) ;
#283 = DIRECTION ( 'NONE',  ( -1.000000000000000000, -0.000000000000000000, -0.000000000000000000 ) ) ;
#284 = CARTESIAN_POINT ( 'NONE',  ( -3.000000000000000444, 2.530000000000000249, -1.779999999999999361 ) ) ;
#285 =( GEOMETRIC_REPRESENTATION_CONTEXT ( 3 ) GLOBAL_UNCERTAINTY_ASSIGNED_CONTEXT ( ( #3233 ) ) GLOBAL_UNIT_ASSIGNED_CONTEXT ( ( #3243, #3729, #900 ) ) REPRESENTATION_CONTEXT ( 'NONE', 'WORKASPACE' ) );
#286 = EDGE_CURVE ( 'NONE', #5948, #2820, #4851, .T. ) ;
#287 = CARTESIAN_POINT ( 'NONE',  ( -3.000000000000000444, 2.530000000000000249, 1.679999999999999272 ) ) ;
#288 = ORIENTED_EDGE ( 'NONE', *, *, #1645, .T. ) ;
#289 = ORIENTED_EDGE ( 'NONE', *, *, #3384, .F. ) ;
#290 = AXIS2_PLACEMENT_3D ( 'NONE', #271, #3524, #759 ) ;
#291 = CARTESIAN_POINT ( 'NONE',  ( -2.700000000000000178, 6.900000000000000355, -3.750000000000000444 ) ) ;
#292 = DIRECTION ( 'NONE',  ( 0.000000000000000000, -1.000000000000000000, 0.000000000000000000 ) ) ;
#293 = CARTESIAN_POINT ( 'NONE',  ( -2.900000000000000799, 1.130000000000000115, 0.7200000000000006395 ) ) ;
#294 = CARTESIAN_POINT ( 'NONE',  ( -3.000000000000000444, 2.530000000000000249, -0.8200000000000008393 ) ) ;
#295 = ORIENTED_EDGE ( 'NONE', *, *, #5202, .T. ) ;
#296 = ORIENTED_EDGE ( 'NONE', *, *, #954, .F. ) ;
#297 = CARTESIAN_POINT ( 'NONE',  ( -3.000000000000000444, 1.130000000000000115, 0.7200000000000006395 ) ) ;
#298 = VERTEX_POINT ( 'NONE', #2565 ) ;
#299 = DIRECTION ( 'NONE',  ( 1.000000000000000000, 0.000000000000000000, 0.000000000000000000 ) ) ;
#300 = PLANE ( 'NONE',  #3539 ) ;
#301 = DIRECTION ( 'NONE',  ( 0.000000000000000000, -0.000000000000000000, -1.000000000000000000 ) ) ;
#302 = CYLINDRICAL_SURFACE ( 'NONE', #5004, 0.2000000000000000944 ) ;
#303 = ORIENTED_EDGE ( 'NONE', *, *, #4768, .F. ) ;
#304 = EDGE_CURVE ( 'NONE', #4237, #2092, #4480, .T. ) ;
#305 = DIRECTION ( 'NONE',  ( -1.000000000000000000, -0.000000000000000000, -0.000000000000000000 ) ) ;
#306 = PLANE ( 'NONE',  #1397 ) ;
#307 = FACE_OUTER_BOUND ( 'NONE', #6019, .T. ) ;
#308 = ORIENTED_EDGE ( 'NONE', *, *, #1804, .F. ) ;
#309 = ORIENTED_EDGE ( 'NONE', *, *, #1891, .T. ) ;
#310 = DIRECTION ( 'NONE',  ( 0.000000000000000000, -1.000000000000000000, 0.000000000000000000 ) ) ;
#312 = LINE ( 'NONE', #3959, #3737 ) ;
#311 = PRODUCT_DEFINITION ( 'UNKNOWN', '', #3871, #4636 ) ;
#313 = DIRECTION ( 'NONE',  ( 0.000000000000000000, 0.000000000000000000, -1.000000000000000000 ) ) ;
#314 = VERTEX_POINT ( 'NONE', #196 ) ;
#315 = ORIENTED_EDGE ( 'NONE', *, *, #3189, .T. ) ;
#316 = DIRECTION ( 'NONE',  ( 0.000000000000000000, 1.000000000000000000, 0.000000000000000000 ) ) ;
#317 = PLANE ( 'NONE',  #680 ) ;
#318 = EDGE_CURVE ( 'NONE', #4842, #201, #4931, .T. ) ;
#319 = CARTESIAN_POINT ( 'NONE',  ( -2.700000000000000178, 6.900000000000000355, 3.750000000000000000 ) ) ;
#320 = VECTOR ( 'NONE', #3144, 1000.000000000000000 ) ;
#321 = ADVANCED_FACE ( 'NONE', ( #3993 ), #5279, .T. ) ;
#322 = ORIENTED_EDGE ( 'NONE', *, *, #304, .F. ) ;
#323 = ORIENTED_EDGE ( 'NONE', *, *, #236, .T. ) ;
#324 = CARTESIAN_POINT ( 'NONE',  ( 2.700000000000000178, 6.700000000000001066, 1.249999999999999778 ) ) ;
#325 = VERTEX_POINT ( 'NONE', #5795 ) ;
#326 = LINE ( 'NONE', #3589, #965 ) ;
#327 = ADVANCED_FACE ( 'NONE', ( #3516 ), #225, .T. ) ;
#328 = CIRCLE ( 'NONE', #3724, 0.2000000000000000944 ) ;
#329 = LINE ( 'NONE', #1248, #2362 ) ;
#330 = DIRECTION ( 'NONE',  ( 0.000000000000000000, 0.000000000000000000, 1.000000000000000000 ) ) ;
#331 = CARTESIAN_POINT ( 'NONE',  ( -3.000000000000000444, 1.030000000000000027, -3.220000000000001084 ) ) ;
#332 = CIRCLE ( 'NONE', #3438, 0.09999999999999982514 ) ;
#333 = ORIENTED_EDGE ( 'NONE', *, *, #4595, .F. ) ;
#334 = VECTOR ( 'NONE', #1125, 1000.000000000000000 ) ;
#335 = CIRCLE ( 'NONE', #3542, 0.2000000000000000944 ) ;
#336 = VECTOR ( 'NONE', #709, 1000.000000000000000 ) ;
#337 = DIRECTION ( 'NONE',  ( 0.000000000000000000, 0.000000000000000000, 1.000000000000000000 ) ) ;
#338 = ADVANCED_FACE ( 'NONE', ( #1630 ), #3060, .F. ) ;
#339 = PLANE ( 'NONE',  #3661 ) ;
#340 = AXIS2_PLACEMENT_3D ( 'NONE', #3014, #240, #698 ) ;
#341 = VECTOR ( 'NONE', #1553, 1000.000000000000000 ) ;
#342 = ORIENTED_EDGE ( 'NONE', *, *, #4371, .T. ) ;
#343 = DIRECTION ( 'NONE',  ( 0.000000000000000000, 1.000000000000000000, -0.000000000000000000 ) ) ;
#344 = DIRECTION ( 'NONE',  ( -1.000000000000000000, 0.000000000000000000, 0.000000000000000000 ) ) ;
#345 = CARTESIAN_POINT ( 'NONE',  ( -2.900000000000000799, 0.1499999999999998557, 3.750000000000000000 ) ) ;
#346 = ORIENTED_EDGE ( 'NONE', *, *, #122, .T. ) ;
#347 = VERTEX_POINT ( 'NONE', #4881 ) ;
#348 = CARTESIAN_POINT ( 'NONE',  ( -3.000000000000000444, 2.629999999999999449, -0.7200000000000009726 ) ) ;
#349 = AXIS2_PLACEMENT_3D ( 'NONE', #3697, #3269, #1837 ) ;
#350 = DIRECTION ( 'NONE',  ( 0.000000000000000000, 0.000000000000000000, 1.000000000000000000 ) ) ;
#351 = DIRECTION ( 'NONE',  ( 0.000000000000000000, 0.000000000000000000, 1.000000000000000000 ) ) ;
#352 = AXIS2_PLACEMENT_3D ( 'NONE', #5177, #4280, #1945 ) ;
#353 = DIRECTION ( 'NONE',  ( 0.000000000000000000, -1.000000000000000000, -1.102578480493733066E-16 ) ) ;
#354 = ORIENTED_EDGE ( 'NONE', *, *, #3777, .T. ) ;
#355 = ORIENTED_EDGE ( 'NONE', *, *, #4734, .T. ) ;
#356 = CARTESIAN_POINT ( 'NONE',  ( -3.000000000000000444, 2.530000000000000249, -1.680000000000000160 ) ) ;
#357 = CARTESIAN_POINT ( 'NONE',  ( 2.200000000000000622, 1.000000000000000000, 1.249999999999998890 ) ) ;
#358 = AXIS2_PLACEMENT_3D ( 'NONE', #4246, #3428, #141 ) ;
#359 = CARTESIAN_POINT ( 'NONE',  ( -3.000000000000000444, 1.130000000000000115, 3.220000000000000639 ) ) ;
#360 = DIRECTION ( 'NONE',  ( -0.000000000000000000, 1.000000000000000000, 0.000000000000000000 ) ) ;
#361 = CARTESIAN_POINT ( 'NONE',  ( 2.700000000000000178, 1.000000000000000000, 1.049999999999998934 ) ) ;
#362 = EDGE_CURVE ( 'NONE', #3943, #491, #4451, .T. ) ;
#363 = AXIS2_PLACEMENT_3D ( 'NONE', #5224, #4757, #1928 ) ;
#364 = VERTEX_POINT ( 'NONE', #2599 ) ;
#365 = EDGE_CURVE ( 'NONE', #5750, #5642, #2171, .T. ) ;
#366 = DIRECTION ( 'NONE',  ( -1.000000000000000000, 0.000000000000000000, 0.000000000000000000 ) ) ;
#367 = PLANE ( 'NONE',  #1588 ) ;
#368 = CYLINDRICAL_SURFACE ( 'NONE', #2083, 0.2000000000000000944 ) ;
#369 = DIRECTION ( 'NONE',  ( 0.000000000000000000, 0.000000000000000000, 1.000000000000000000 ) ) ;
#370 = ORIENTED_EDGE ( 'NONE', *, *, #4125, .T. ) ;
#371 = EDGE_CURVE ( 'NONE', #2132, #5721, #1398, .T. ) ;
#372 = DIRECTION ( 'NONE',  ( 0.000000000000000000, 1.000000000000000000, 1.470104640658311001E-16 ) ) ;
#373 = DIRECTION ( 'NONE',  ( 0.000000000000000000, 0.000000000000000000, -1.000000000000000000 ) ) ;
#374 = CLOSED_SHELL ( 'NONE', ( #420, #5117, #2682, #1636, #4628, #2737, #3209, #753, #541, #4565, #4108, #3569, #4615, #3662, #777, #4438, #5936, #4115, #4670, #5824, #3017, #126, #4284, #5728, #5307, #3675, #2464, #2513, #1407, #5945, #4925, #3864, #3475, #5195 ) ) ;
#375 = AXIS2_PLACEMENT_3D ( 'NONE', #1864, #2789, #953 ) ;
#376 =( NAMED_UNIT ( * ) SI_UNIT ( $, .STERADIAN. ) SOLID_ANGLE_UNIT ( ) );
#377 = ORIENTED_EDGE ( 'NONE', *, *, #1234, .T. ) ;
#378 = EDGE_LOOP ( 'NONE', ( #1531, #2966, #844, #1364 ) ) ;
#379 = EDGE_CURVE ( 'NONE', #755, #1711, #3090, .T. ) ;
#380 = DIRECTION ( 'NONE',  ( 0.000000000000000000, -1.182766006347823109E-16, 1.000000000000000000 ) ) ;
#381 = DIRECTION ( 'NONE',  ( 1.000000000000000000, 0.000000000000000000, 0.000000000000000000 ) ) ;
#382 = CIRCLE ( 'NONE', #3387, 0.1700000000000000122 ) ;
#383 = VECTOR ( 'NONE', #5827, 1000.000000000000000 ) ;
#384 = DIRECTION ( 'NONE',  ( 0.000000000000000000, 0.000000000000000000, -1.000000000000000000 ) ) ;
#385 = AXIS2_PLACEMENT_3D ( 'NONE', #3646, #45, #4553 ) ;
#386 = EDGE_LOOP ( 'NONE', ( #4002, #250, #4686, #1839 ) ) ;
#387 = ORIENTED_EDGE ( 'NONE', *, *, #2487, .T. ) ;
#388 = DIRECTION ( 'NONE',  ( 0.000000000000000000, 0.000000000000000000, 1.000000000000000000 ) ) ;
#389 = VERTEX_POINT ( 'NONE', #3966 ) ;
#390 = MECHANICAL_DESIGN_GEOMETRIC_PRESENTATION_REPRESENTATION (  '', ( #2321 ), #1838 ) ;
#391 = DIRECTION ( 'NONE',  ( 0.000000000000000000, 0.000000000000000000, -1.000000000000000000 ) ) ;
#392 = CARTESIAN_POINT ( 'NONE',  ( -3.000000000000000444, 6.900000000000000355, 3.750000000000000000 ) ) ;
#393 = ADVANCED_FACE ( 'NONE', ( #4945 ), #2500, .F. ) ;
#394 = CARTESIAN_POINT ( 'NONE',  ( -3.000000000000000444, 1.130000000000000115, 0.7200000000000006395 ) ) ;
#395 = ORIENTED_EDGE ( 'NONE', *, *, #1476, .T. ) ;
#396 = EDGE_CURVE ( 'NONE', #4811, #4428, #4971, .T. ) ;
#397 = SPHERICAL_SURFACE ( 'NONE', #522, 0.2000000000000000111 ) ;
#398 = FACE_OUTER_BOUND ( 'NONE', #1831, .T. ) ;
#399 = DIRECTION ( 'NONE',  ( 0.000000000000000000, 0.000000000000000000, -1.000000000000000000 ) ) ;
#400 = DIRECTION ( 'NONE',  ( 0.000000000000000000, -0.000000000000000000, 1.000000000000000000 ) ) ;
#401 = DIRECTION ( 'NONE',  ( 0.000000000000000000, 0.000000000000000000, -1.000000000000000000 ) ) ;
#402 = DIRECTION ( 'NONE',  ( -0.000000000000000000, -0.000000000000000000, -1.000000000000000000 ) ) ;
#403 = FACE_OUTER_BOUND ( 'NONE', #2408, .T. ) ;
#404 = ORIENTED_EDGE ( 'NONE', *, *, #220, .T. ) ;
#405 = VERTEX_POINT ( 'NONE', #4512 ) ;
#406 = LINE ( 'NONE', #2658, #4594 ) ;
#407 = CARTESIAN_POINT ( 'NONE',  ( 2.700000000000000622, 1.200000000000000178, 3.549999999999998934 ) ) ;
#408 = ADVANCED_FACE ( 'NONE', ( #5887 ), #1269, .T. ) ;
#409 = CARTESIAN_POINT ( 'NONE',  ( -3.000000000000000444, 1.130000000000000115, -3.220000000000001084 ) ) ;
#410 = VERTEX_POINT ( 'NONE', #4028 ) ;
#411 = ORIENTED_EDGE ( 'NONE', *, *, #5784, .F. ) ;
#412 = CYLINDRICAL_SURFACE ( 'NONE', #159, 0.2000000000000000944 ) ;
#413 = ORIENTED_EDGE ( 'NONE', *, *, #5115, .F. ) ;
#414 = CARTESIAN_POINT ( 'NONE',  ( -2.700000000000000622, 6.700000000000001066, -3.550000000000000266 ) ) ;
#415 = DIRECTION ( 'NONE',  ( 1.000000000000000000, -0.000000000000000000, -0.000000000000000000 ) ) ;
#416 = DIRECTION ( 'NONE',  ( 0.000000000000000000, -0.000000000000000000, -1.000000000000000000 ) ) ;
#417 = CYLINDRICAL_SURFACE ( 'NONE', #5210, 0.1000000000000001582 ) ;
#418 = ORIENTED_EDGE ( 'NONE', *, *, #2507, .T. ) ;
#419 = ORIENTED_EDGE ( 'NONE', *, *, #4649, .T. ) ;
#420 = ADVANCED_FACE ( 'NONE', ( #1721 ), #1029, .F. ) ;
#421 = CARTESIAN_POINT ( 'NONE',  ( -2.700000000000000178, 1.200000000000000622, -1.250000000000000888 ) ) ;
#422 = PLANE ( 'NONE',  #1004 ) ;
#424 = CIRCLE ( 'NONE', #4202, 0.2000000000000000944 ) ;
#423 = LINE ( 'NONE', #5994, #724 ) ;
#425 = FACE_OUTER_BOUND ( 'NONE', #4197, .T. ) ;
#426 = CARTESIAN_POINT ( 'NONE',  ( 2.200000000000000622, 6.870000000000000995, 1.449999999999999956 ) ) ;
#427 = AXIS2_PLACEMENT_3D ( 'NONE', #5621, #1426, #17 ) ;
#428 = VECTOR ( 'NONE', #174, 1000.000000000000000 ) ;
#429 = EDGE_CURVE ( 'NONE', #1143, #1009, #1483, .T. ) ;
#430 = FILL_AREA_STYLE_COLOUR ( '', #1313 ) ;
#431 = VECTOR ( 'NONE', #3891, 1000.000000000000000 ) ;
#432 = DIRECTION ( 'NONE',  ( 0.000000000000000000, -0.000000000000000000, -1.000000000000000000 ) ) ;
#433 = EDGE_CURVE ( 'NONE', #2305, #5485, #424, .T. ) ;
#434 = ORIENTED_EDGE ( 'NONE', *, *, #592, .T. ) ;
#435 = ORIENTED_EDGE ( 'NONE', *, *, #4443, .F. ) ;
#436 = CARTESIAN_POINT ( 'NONE',  ( 8.529233760890809535, 1.200000000000000622, -3.720000000000001084 ) ) ;
#437 = DIRECTION ( 'NONE',  ( 0.000000000000000000, 0.000000000000000000, -1.000000000000000000 ) ) ;
#438 = CIRCLE ( 'NONE', #3936, 0.2000000000000000944 ) ;
#439 = EDGE_CURVE ( 'NONE', #1179, #3956, #5390, .T. ) ;
#440 = CARTESIAN_POINT ( 'NONE',  ( 2.700000000000000178, 1.200000000000000178, -1.050000000000000711 ) ) ;
#441 = CIRCLE ( 'NONE', #1326, 0.1700000000000000122 ) ;
#442 = ORIENTED_EDGE ( 'NONE', *, *, #2607, .F. ) ;
#443 = VERTEX_POINT ( 'NONE', #631 ) ;
#444 = CARTESIAN_POINT ( 'NONE',  ( -3.000000000000000444, 2.530000000000000249, 3.320000000000000284 ) ) ;
#445 = DIRECTION ( 'NONE',  ( -1.000000000000000000, -0.000000000000000000, -0.000000000000000000 ) ) ;
#446 = SURFACE_STYLE_USAGE ( .BOTH. , #3214 ) ;
#447 = EDGE_CURVE ( 'NONE', #1251, #1386, #1589, .T. ) ;
#448 = DIRECTION ( 'NONE',  ( 0.000000000000000000, -1.000000000000000000, 0.000000000000000000 ) ) ;
#449 = PRODUCT ( 'CAA573X7S2A476M640LH', 'CAA573X7S2A476M640LH', '', ( #583 ) ) ;
#450 = DIRECTION ( 'NONE',  ( 1.000000000000000000, 0.000000000000000000, 0.000000000000000000 ) ) ;
#451 = CARTESIAN_POINT ( 'NONE',  ( 2.700000000000000178, 1.200000000000000178, 3.549999999999998934 ) ) ;
#452 = ORIENTED_EDGE ( 'NONE', *, *, #826, .T. ) ;
#453 = ORIENTED_EDGE ( 'NONE', *, *, #365, .T. ) ;
#454 = CIRCLE ( 'NONE', #3947, 0.1499999999999999667 ) ;
#455 = FACE_OUTER_BOUND ( 'NONE', #809, .T. ) ;
#456 = DIRECTION ( 'NONE',  ( 0.000000000000000000, -1.000000000000000000, -1.102578480493733066E-16 ) ) ;
#457 = CIRCLE ( 'NONE', #3664, 0.1999999999999999833 ) ;
#458 = SPHERICAL_SURFACE ( 'NONE', #1212, 0.2000000000000000111 ) ;
#459 = VERTEX_POINT ( 'NONE', #2417 ) ;
#460 = SPHERICAL_SURFACE ( 'NONE', #4629, 0.2000000000000000111 ) ;
#461 = DIRECTION ( 'NONE',  ( -0.000000000000000000, -0.000000000000000000, -1.000000000000000000 ) ) ;
#462 = EDGE_CURVE ( 'NONE', #665, #1193, #2479, .T. ) ;
#463 = DIRECTION ( 'NONE',  ( -1.000000000000000000, 0.000000000000000000, 0.000000000000000000 ) ) ;
#464 = EDGE_LOOP ( 'NONE', ( #2974, #281, #2236, #4681 ) ) ;
#465 = ORIENTED_EDGE ( 'NONE', *, *, #2896, .T. ) ;
#466 = DIRECTION ( 'NONE',  ( 0.000000000000000000, 0.000000000000000000, -1.000000000000000000 ) ) ;
#467 = VECTOR ( 'NONE', #2846, 1000.000000000000000 ) ;
#468 = EDGE_CURVE ( 'NONE', #5215, #2322, #51, .T. ) ;
#469 = CARTESIAN_POINT ( 'NONE',  ( -3.000000000000000444, 2.530000000000000249, 3.319999999999999840 ) ) ;
#470 = EDGE_LOOP ( 'NONE', ( #1727, #1695, #2965, #997 ) ) ;
#471 = ORIENTED_EDGE ( 'NONE', *, *, #5211, .T. ) ;
#472 = AXIS2_PLACEMENT_3D ( 'NONE', #5878, #5937, #4966 ) ;
#473 = LINE ( 'NONE', #4151, #4830 ) ;
#474 = ORIENTED_EDGE ( 'NONE', *, *, #1411, .T. ) ;
#475 = CYLINDRICAL_SURFACE ( 'NONE', #3691, 0.09999999999999939493 ) ;
#476 = CARTESIAN_POINT ( 'NONE',  ( 2.900000000000000355, 1.130000000000000115, 3.220000000000000639 ) ) ;
#477 = VECTOR ( 'NONE', #5354, 1000.000000000000000 ) ;
#478 = DIRECTION ( 'NONE',  ( 1.000000000000000000, 0.000000000000000000, 0.000000000000000000 ) ) ;
#479 = ORIENTED_EDGE ( 'NONE', *, *, #4087, .T. ) ;
#480 = VERTEX_POINT ( 'NONE', #80 ) ;
#481 = VECTOR ( 'NONE', #4731, 1000.000000000000000 ) ;
#482 = DIRECTION ( 'NONE',  ( 0.000000000000000000, 0.000000000000000000, -1.000000000000000000 ) ) ;
#483 = CARTESIAN_POINT ( 'NONE',  ( -2.900000000000000799, 1.030000000000000027, -0.7200000000000009726 ) ) ;
#484 = CARTESIAN_POINT ( 'NONE',  ( 2.899999999999998579, 1.030000000000000027, -0.7200000000000009726 ) ) ;
#485 = EDGE_CURVE ( 'NONE', #1144, #5581, #3335, .T. ) ;
#486 = DIRECTION ( 'NONE',  ( 0.000000000000000000, 0.000000000000000000, 1.000000000000000000 ) ) ;
#487 = DIRECTION ( 'NONE',  ( 0.000000000000000000, 0.000000000000000000, 1.000000000000000000 ) ) ;
#488 = DIRECTION ( 'NONE',  ( -1.000000000000000000, -0.000000000000000000, -0.000000000000000000 ) ) ;
#489 = DIRECTION ( 'NONE',  ( 0.000000000000000000, 1.000000000000000000, -0.000000000000000000 ) ) ;
#490 = ORIENTED_EDGE ( 'NONE', *, *, #1845, .T. ) ;
#491 = VERTEX_POINT ( 'NONE', #4337 ) ;
#492 = DIRECTION ( 'NONE',  ( 0.000000000000000000, 0.000000000000000000, 1.000000000000000000 ) ) ;
#493 = EDGE_CURVE ( 'NONE', #1584, #1068, #3797, .T. ) ;
#494 = CYLINDRICAL_SURFACE ( 'NONE', #5984, 0.2000000000000000944 ) ;
#495 = ORIENTED_EDGE ( 'NONE', *, *, #3043, .F. ) ;
#496 = ORIENTED_EDGE ( 'NONE', *, *, #1007, .F. ) ;
#497 = DIRECTION ( 'NONE',  ( 0.000000000000000000, 0.000000000000000000, -1.000000000000000000 ) ) ;
#498 = CARTESIAN_POINT ( 'NONE',  ( -2.200000000000000622, 1.000000000000000000, -3.550000000000001155 ) ) ;
#499 = CARTESIAN_POINT ( 'NONE',  ( 4.607807737440317908, 1.200000000000000622, -3.750000000000000888 ) ) ;
#500 = EDGE_CURVE ( 'NONE', #1753, #72, #4763, .T. ) ;
#501 = CARTESIAN_POINT ( 'NONE',  ( -2.200000000000000622, 6.700000000000001066, -3.750000000000000444 ) ) ;
#502 = CARTESIAN_POINT ( 'NONE',  ( 8.529233760890809535, 1.200000000000000622, -3.720000000000001084 ) ) ;
#503 = ORIENTED_EDGE ( 'NONE', *, *, #505, .T. ) ;
#504 = CARTESIAN_POINT ( 'NONE',  ( 2.200000000000000622, 6.870000000000000995, -3.550000000000000266 ) ) ;
#505 = EDGE_CURVE ( 'NONE', #5000, #1994, #2858, .T. ) ;
#506 = EDGE_LOOP ( 'NONE', ( #1618, #1760, #4912, #2395 ) ) ;
#507 = LINE ( 'NONE', #4623, #719 ) ;
#508 = CARTESIAN_POINT ( 'NONE',  ( 2.700000000000000178, 1.200000000000000622, -1.250000000000000888 ) ) ;
#509 = DIRECTION ( 'NONE',  ( 0.000000000000000000, 0.000000000000000000, -1.000000000000000000 ) ) ;
#510 = VERTEX_POINT ( 'NONE', #4675 ) ;
#511 = DIRECTION ( 'NONE',  ( 0.000000000000000000, 1.000000000000000000, 0.000000000000000000 ) ) ;
#512 = AXIS2_PLACEMENT_3D ( 'NONE', #656, #1689, #3546 ) ;
#513 = ADVANCED_FACE ( 'NONE', ( #2387 ), #4245, .F. ) ;
#514 = VECTOR ( 'NONE', #606, 1000.000000000000000 ) ;
#515 = CIRCLE ( 'NONE', #1206, 0.1700000000000002343 ) ;
#516 = DIRECTION ( 'NONE',  ( -0.000000000000000000, 0.000000000000000000, -1.000000000000000000 ) ) ;
#517 = DIRECTION ( 'NONE',  ( 1.000000000000000000, 0.000000000000000000, 0.000000000000000000 ) ) ;
#518 = VECTOR ( 'NONE', #6023, 1000.000000000000000 ) ;
#519 = ORIENTED_EDGE ( 'NONE', *, *, #4878, .F. ) ;
#520 = ORIENTED_EDGE ( 'NONE', *, *, #4866, .T. ) ;
#521 = CARTESIAN_POINT ( 'NONE',  ( -4.607807737440317908, 1.200000000000000622, -1.050000000000000711 ) ) ;
#522 = AXIS2_PLACEMENT_3D ( 'NONE', #2245, #5905, #2742 ) ;
#523 = VECTOR ( 'NONE', #2111, 1000.000000000000000 ) ;
#524 = DIRECTION ( 'NONE',  ( 1.000000000000000000, -0.000000000000000000, -0.000000000000000000 ) ) ;
#525 = ORIENTED_EDGE ( 'NONE', *, *, #2971, .F. ) ;
#526 = ORIENTED_EDGE ( 'NONE', *, *, #60, .T. ) ;
#527 = DIRECTION ( 'NONE',  ( -0.000000000000000000, -0.000000000000000000, 1.000000000000000000 ) ) ;
#528 = AXIS2_PLACEMENT_3D ( 'NONE', #4374, #2515, #603 ) ;
#529 = CARTESIAN_POINT ( 'NONE',  ( 2.200000000000000622, 1.030000000000000027, -1.450000000000001288 ) ) ;
#530 = DIRECTION ( 'NONE',  ( 1.000000000000000000, -0.000000000000000000, -0.000000000000000000 ) ) ;
#531 = CARTESIAN_POINT ( 'NONE',  ( -4.607807737440317908, 6.700000000000001066, -1.250000000000000222 ) ) ;
#532 = VECTOR ( 'NONE', #5738, 1000.000000000000000 ) ;
#533 = CARTESIAN_POINT ( 'NONE',  ( 8.529233760890809535, 6.870000000000000995, 1.449999999999999956 ) ) ;
#534 = VERTEX_POINT ( 'NONE', #2354 ) ;
#535 = DIRECTION ( 'NONE',  ( 0.000000000000000000, 0.000000000000000000, 1.000000000000000000 ) ) ;
#536 = CYLINDRICAL_SURFACE ( 'NONE', #2301, 0.2000000000000000944 ) ;
#537 = VERTEX_POINT ( 'NONE', #4737 ) ;
#538 = CIRCLE ( 'NONE', #5015, 0.2000000000000000944 ) ;
#539 = DIRECTION ( 'NONE',  ( 0.000000000000000000, 0.000000000000000000, -1.000000000000000000 ) ) ;
#540 = CARTESIAN_POINT ( 'NONE',  ( 2.900000000000000799, 2.629999999999999449, -1.779999999999999361 ) ) ;
#541 = ADVANCED_FACE ( 'NONE', ( #3370 ), #2440, .F. ) ;
#542 = DIRECTION ( 'NONE',  ( 0.000000000000000000, 0.000000000000000000, -1.000000000000000000 ) ) ;
#543 = VECTOR ( 'NONE', #645, 1000.000000000000000 ) ;
#544 = ORIENTED_EDGE ( 'NONE', *, *, #5174, .T. ) ;
#545 = ADVANCED_FACE ( 'NONE', ( #5597 ), #105, .F. ) ;
#546 = AXIS2_PLACEMENT_3D ( 'NONE', #3798, #2026, #3336 ) ;
#547 = SURFACE_STYLE_USAGE ( .BOTH. , #1072 ) ;
#548 = PLANE ( 'NONE',  #1132 ) ;
#549 = EDGE_CURVE ( 'NONE', #5289, #5399, #5136, .T. ) ;
#550 = AXIS2_PLACEMENT_3D ( 'NONE', #129, #3877, #497 ) ;
#551 = ORIENTED_EDGE ( 'NONE', *, *, #2043, .T. ) ;
#552 = ORIENTED_EDGE ( 'NONE', *, *, #433, .F. ) ;
#553 = DIRECTION ( 'NONE',  ( -0.000000000000000000, 0.000000000000000000, 1.000000000000000000 ) ) ;
#554 = SURFACE_SIDE_STYLE ('',( #5218 ) ) ;
#555 = CARTESIAN_POINT ( 'NONE',  ( 2.700000000000000178, 1.200000000000000622, -3.550000000000001155 ) ) ;
#556 = DIRECTION ( 'NONE',  ( 1.000000000000000000, -0.000000000000000000, -0.000000000000000000 ) ) ;
#557 = EDGE_CURVE ( 'NONE', #4061, #3414, #5085, .T. ) ;
#558 = ORIENTED_EDGE ( 'NONE', *, *, #2125, .F. ) ;
#559 = ORIENTED_EDGE ( 'NONE', *, *, #3781, .F. ) ;
#560 = LINE ( 'NONE', #2471, #1625 ) ;
#561 = CARTESIAN_POINT ( 'NONE',  ( -3.000000000000000444, 1.030000000000000027, -0.7200000000000009726 ) ) ;
#562 = AXIS2_PLACEMENT_3D ( 'NONE', #1334, #6011, #4583 ) ;
#563 = FACE_OUTER_BOUND ( 'NONE', #2563, .T. ) ;
#564 = CARTESIAN_POINT ( 'NONE',  ( 2.700000000000000622, 1.200000000000000178, 1.449999999999999289 ) ) ;
#565 = AXIS2_PLACEMENT_3D ( 'NONE', #987, #3273, #3363 ) ;
#566 = CARTESIAN_POINT ( 'NONE',  ( 2.700000000000000178, 6.700000000000001066, -1.050000000000000044 ) ) ;
#567 = VERTEX_POINT ( 'NONE', #968 ) ;
#568 = DIRECTION ( 'NONE',  ( 1.000000000000000000, 0.000000000000000000, -0.000000000000000000 ) ) ;
#569 = CARTESIAN_POINT ( 'NONE',  ( 1.800000000000000711, 6.123233995736781751E-18, 3.750000000000000000 ) ) ;
#570 = ORIENTED_EDGE ( 'NONE', *, *, #1282, .F. ) ;
#571 = EDGE_CURVE ( 'NONE', #4318, #3809, #2828, .T. ) ;
#572 = AXIS2_PLACEMENT_3D ( 'NONE', #743, #708, #1680 ) ;
#573 = CARTESIAN_POINT ( 'NONE',  ( 2.200000000000000622, 6.900000000000000355, 1.249999999999999778 ) ) ;
#574 = LINE ( 'NONE', #4189, #5876 ) ;
#575 = DIRECTION ( 'NONE',  ( -1.000000000000000000, 0.000000000000000000, 0.000000000000000000 ) ) ;
#576 = AXIS2_PLACEMENT_3D ( 'NONE', #2574, #299, #1277 ) ;
#577 = EDGE_CURVE ( 'NONE', #405, #200, #507, .T. ) ;
#578 = EDGE_CURVE ( 'NONE', #4061, #5930, #1939, .T. ) ;
#579 = CARTESIAN_POINT ( 'NONE',  ( 4.607807737440317908, 6.900000000000000355, 1.449999999999999956 ) ) ;
#580 = VERTEX_POINT ( 'NONE', #2333 ) ;
#581 = ORIENTED_EDGE ( 'NONE', *, *, #2924, .F. ) ;
#582 = CYLINDRICAL_SURFACE ( 'NONE', #222, 0.1700000000000000122 ) ;
#583 = PRODUCT_CONTEXT ( 'NONE', #4559, 'mechanical' ) ;
#584 = DIRECTION ( 'NONE',  ( 0.000000000000000000, -1.000000000000000000, -1.470104640658311001E-16 ) ) ;
#585 = DIRECTION ( 'NONE',  ( 0.000000000000000000, 0.000000000000000000, -1.000000000000000000 ) ) ;
#586 = EDGE_LOOP ( 'NONE', ( #3911, #2923, #4661, #2041 ) ) ;
#587 = ORIENTED_EDGE ( 'NONE', *, *, #632, .T. ) ;
#588 = CARTESIAN_POINT ( 'NONE',  ( -2.700000000000000178, 1.200000000000000178, 3.749999999999999112 ) ) ;
#589 = DIRECTION ( 'NONE',  ( 0.000000000000000000, -0.000000000000000000, -1.000000000000000000 ) ) ;
#590 = EDGE_CURVE ( 'NONE', #4089, #4870, #4188, .T. ) ;
#591 = CARTESIAN_POINT ( 'NONE',  ( 2.900000000000000799, 0.1499999999999998557, 3.750000000000000000 ) ) ;
#592 = EDGE_CURVE ( 'NONE', #2287, #5930, #1304, .T. ) ;
#593 = APPLICATION_CONTEXT ( 'automotive_design' ) ;
#594 = CARTESIAN_POINT ( 'NONE',  ( 2.899999999999998579, 2.530000000000000249, 3.319999999999999840 ) ) ;
#595 = CARTESIAN_POINT ( 'NONE',  ( 2.900000000000000799, -1.598738796715912039E-16, -1.050000000000000933 ) ) ;
#596 = EDGE_LOOP ( 'NONE', ( #1018, #3984, #4749, #4803, #2331, #5862, #453, #3117 ) ) ;
#597 = CARTESIAN_POINT ( 'NONE',  ( 2.200000000000000622, 1.200000000000000622, -1.050000000000000711 ) ) ;
#598 = LINE ( 'NONE', #3311, #3174 ) ;
#599 = ORIENTED_EDGE ( 'NONE', *, *, #578, .F. ) ;
#600 = CARTESIAN_POINT ( 'NONE',  ( 3.000000000000000444, 0.1499999999999998557, 3.750000000000000000 ) ) ;
#601 = DIRECTION ( 'NONE',  ( 0.000000000000000000, 0.000000000000000000, -1.000000000000000000 ) ) ;
#602 = FACE_OUTER_BOUND ( 'NONE', #3957, .T. ) ;
#603 = DIRECTION ( 'NONE',  ( 0.000000000000000000, 0.000000000000000000, 1.000000000000000000 ) ) ;
#604 = ORIENTED_EDGE ( 'NONE', *, *, #948, .F. ) ;
#605 = ADVANCED_FACE ( 'NONE', ( #1462 ), #3253, .F. ) ;
#606 = DIRECTION ( 'NONE',  ( 1.000000000000000000, -1.161645184805897749E-16, 0.000000000000000000 ) ) ;
#607 = AXIS2_PLACEMENT_3D ( 'NONE', #781, #316, #4850 ) ;
#608 = ORIENTED_EDGE ( 'NONE', *, *, #2622, .T. ) ;
#609 = DIRECTION ( 'NONE',  ( 1.000000000000000000, -0.000000000000000000, -0.000000000000000000 ) ) ;
#610 = VERTEX_POINT ( 'NONE', #2308 ) ;
#611 = ORIENTED_EDGE ( 'NONE', *, *, #4521, .F. ) ;
#612 = LINE ( 'NONE', #5122, #3431 ) ;
#613 = COLOUR_RGB ( '',0.4862745098039215619, 0.2352941176470588203, 0.01568627450980392135 ) ;
#614 = AXIS2_PLACEMENT_3D ( 'NONE', #4362, #2632, #2659 ) ;
#615 = DIRECTION ( 'NONE',  ( 0.000000000000000000, 0.000000000000000000, -1.000000000000000000 ) ) ;
#616 = EDGE_CURVE ( 'NONE', #3441, #5684, #5077, .T. ) ;
#617 = AXIS2_PLACEMENT_3D ( 'NONE', #2514, #3013, #5385 ) ;
#618 = LINE ( 'NONE', #5248, #4917 ) ;
#619 = AXIS2_PLACEMENT_3D ( 'NONE', #1390, #584, #615 ) ;
#620 = EDGE_LOOP ( 'NONE', ( #722, #2371, #3478, #4184, #479, #4271, #5153, #1456 ) ) ;
#621 = VERTEX_POINT ( 'NONE', #4677 ) ;
#622 = CYLINDRICAL_SURFACE ( 'NONE', #2697, 0.1000000000000002554 ) ;
#623 = DIRECTION ( 'NONE',  ( -1.000000000000000000, -0.000000000000000000, -0.000000000000000000 ) ) ;
#624 = CARTESIAN_POINT ( 'NONE',  ( -3.000000000000000444, 2.530000000000000249, 0.8200000000000003952 ) ) ;
#625 = VECTOR ( 'NONE', #1315, 1000.000000000000000 ) ;
#626 = COLOUR_RGB ( '',0.7921568627450980005, 0.8196078431372548767, 0.9333333333333333481 ) ;
#627 = DIRECTION ( 'NONE',  ( 0.000000000000000000, 0.000000000000000000, -1.000000000000000000 ) ) ;
#628 = CIRCLE ( 'NONE', #2368, 0.1700000000000000122 ) ;
#629 = ORIENTED_EDGE ( 'NONE', *, *, #1439, .F. ) ;
#630 = VECTOR ( 'NONE', #2278, 1000.000000000000000 ) ;
#631 = CARTESIAN_POINT ( 'NONE',  ( -2.900000000000000799, 1.030000000000000027, -3.220000000000001084 ) ) ;
#632 = EDGE_CURVE ( 'NONE', #2570, #4477, #5654, .T. ) ;
#633 = LINE ( 'NONE', #569, #3951 ) ;
#634 = VERTEX_POINT ( 'NONE', #1486 ) ;
#635 = PRESENTATION_STYLE_ASSIGNMENT (( #1607 ) ) ;
#636 = DIRECTION ( 'NONE',  ( -0.000000000000000000, -0.000000000000000000, -1.000000000000000000 ) ) ;
#637 = VECTOR ( 'NONE', #4735, 1000.000000000000000 ) ;
#638 = CARTESIAN_POINT ( 'NONE',  ( 2.200000000000000622, 6.700000000000001066, -1.280000000000000249 ) ) ;
#639 = CARTESIAN_POINT ( 'NONE',  ( -3.000000000000000444, 6.900000000000000355, 3.750000000000000000 ) ) ;
#640 = ORIENTED_EDGE ( 'NONE', *, *, #3561, .T. ) ;
#641 = COLOUR_RGB ( '',0.4862745098039215619, 0.2352941176470588203, 0.01568627450980392135 ) ;
#642 = CARTESIAN_POINT ( 'NONE',  ( 2.700000000000000622, 1.200000000000000178, -1.050000000000000711 ) ) ;
#643 = AXIS2_PLACEMENT_3D ( 'NONE', #5301, #3780, #2369 ) ;
#644 = ORIENTED_EDGE ( 'NONE', *, *, #3491, .F. ) ;
#645 = DIRECTION ( 'NONE',  ( -0.000000000000000000, -0.000000000000000000, -1.000000000000000000 ) ) ;
#646 = ORIENTED_EDGE ( 'NONE', *, *, #4077, .T. ) ;
#647 = VERTEX_POINT ( 'NONE', #4710 ) ;
#648 = CARTESIAN_POINT ( 'NONE',  ( 2.200000000000000622, 1.200000000000000178, 1.049999999999998934 ) ) ;
#649 = VECTOR ( 'NONE', #1544, 1000.000000000000000 ) ;
#651 = EDGE_CURVE ( 'NONE', #3579, #2629, #5765, .T. ) ;
#650 = CARTESIAN_POINT ( 'NONE',  ( -3.000000000000000444, 2.629999999999999449, -1.779999999999999361 ) ) ;
#652 = CIRCLE ( 'NONE', #851, 0.09999999999999939493 ) ;
#653 = CARTESIAN_POINT ( 'NONE',  ( -2.200000000000000622, 1.030000000000000027, -3.550000000000001155 ) ) ;
#654 = ORIENTED_EDGE ( 'NONE', *, *, #842, .F. ) ;
#655 = EDGE_LOOP ( 'NONE', ( #4666, #4727, #4431, #5859 ) ) ;
#656 = CARTESIAN_POINT ( 'NONE',  ( -2.700000000000000178, 6.700000000000001066, 1.049999999999999822 ) ) ;
#657 = CARTESIAN_POINT ( 'NONE',  ( 3.000000000000000444, 2.530000000000000249, 0.7200000000000006395 ) ) ;
#658 = CARTESIAN_POINT ( 'NONE',  ( 2.900000000000000799, 2.629999999999999449, 3.750000000000000000 ) ) ;
#659 = EDGE_CURVE ( 'NONE', #3292, #459, #4249, .T. ) ;
#660 = CARTESIAN_POINT ( 'NONE',  ( 2.900000000000000355, 1.130000000000000115, -1.779999999999999361 ) ) ;
#661 = EDGE_CURVE ( 'NONE', #2139, #2498, #5962, .T. ) ;
#662 = ORIENTED_EDGE ( 'NONE', *, *, #2444, .F. ) ;
#663 = ORIENTED_EDGE ( 'NONE', *, *, #3220, .F. ) ;
#664 = LINE ( 'NONE', #2916, #939 ) ;
#665 = VERTEX_POINT ( 'NONE', #3313 ) ;
#666 = DIRECTION ( 'NONE',  ( 0.000000000000000000, -1.000000000000000000, 0.000000000000000000 ) ) ;
#667 = CYLINDRICAL_SURFACE ( 'NONE', #2953, 0.09999999999999982514 ) ;
#668 = AXIS2_PLACEMENT_3D ( 'NONE', #5124, #3235, #2728 ) ;
#669 = DIRECTION ( 'NONE',  ( 0.000000000000000000, 1.000000000000000000, 1.470104640658311001E-16 ) ) ;
#670 = DIRECTION ( 'NONE',  ( -1.000000000000000000, 0.000000000000000000, 0.000000000000000000 ) ) ;
#671 = ORIENTED_EDGE ( 'NONE', *, *, #4105, .T. ) ;
#672 = VECTOR ( 'NONE', #283, 1000.000000000000000 ) ;
#673 = EDGE_CURVE ( 'NONE', #2900, #4318, #515, .T. ) ;
#674 = VECTOR ( 'NONE', #75, 1000.000000000000000 ) ;
#675 = ORIENTED_EDGE ( 'NONE', *, *, #4745, .T. ) ;
#676 = CARTESIAN_POINT ( 'NONE',  ( 2.700000000000000178, 6.700000000000001066, -1.250000000000000222 ) ) ;
#677 = ORIENTED_EDGE ( 'NONE', *, *, #3841, .F. ) ;
#678 = ORIENTED_EDGE ( 'NONE', *, *, #5391, .F. ) ;
#679 = CARTESIAN_POINT ( 'NONE',  ( 2.899999999999998579, 1.030000000000000027, 1.779999999999999138 ) ) ;
#680 = AXIS2_PLACEMENT_3D ( 'NONE', #4390, #4424, #5796 ) ;
#681 = DIRECTION ( 'NONE',  ( 1.000000000000000000, -0.000000000000000000, -0.000000000000000000 ) ) ;
#682 = DIRECTION ( 'NONE',  ( 0.000000000000000000, 1.000000000000000000, 1.182766006347823109E-16 ) ) ;
#683 = ORIENTED_EDGE ( 'NONE', *, *, #1149, .F. ) ;
#684 = ORIENTED_EDGE ( 'NONE', *, *, #4546, .T. ) ;
#685 = ADVANCED_FACE ( 'NONE', ( #3221 ), #84, .F. ) ;
#686 = FACE_OUTER_BOUND ( 'NONE', #1673, .T. ) ;
#687 = DIRECTION ( 'NONE',  ( -1.000000000000000000, -0.000000000000000000, -0.000000000000000000 ) ) ;
#688 = CARTESIAN_POINT ( 'NONE',  ( -2.200000000000000622, 6.700000000000001066, 1.249999999999999778 ) ) ;
#689 = CARTESIAN_POINT ( 'NONE',  ( 8.529233760890809535, 6.700000000000001066, -3.550000000000000266 ) ) ;
#690 = ORIENTED_EDGE ( 'NONE', *, *, #5907, .T. ) ;
#691 = ORIENTED_EDGE ( 'NONE', *, *, #2406, .T. ) ;
#692 = LINE ( 'NONE', #1755, #5424 ) ;
#693 = ORIENTED_EDGE ( 'NONE', *, *, #5022, .T. ) ;
#694 = PLANE ( 'NONE',  #3011 ) ;
#695 = EDGE_CURVE ( 'NONE', #3892, #2498, #2358, .T. ) ;
#696 = CARTESIAN_POINT ( 'NONE',  ( 2.700000000000000178, 1.200000000000000178, 1.049999999999998934 ) ) ;
#697 = DIRECTION ( 'NONE',  ( 1.000000000000000000, 0.000000000000000000, 0.000000000000000000 ) ) ;
#698 = DIRECTION ( 'NONE',  ( 0.000000000000000000, 0.000000000000000000, -1.000000000000000000 ) ) ;
#699 = EDGE_CURVE ( 'NONE', #3176, #2121, #328, .T. ) ;
#700 = ORIENTED_EDGE ( 'NONE', *, *, #3310, .F. ) ;
#701 = EDGE_CURVE ( 'NONE', #3698, #970, #3710, .T. ) ;
#702 = CARTESIAN_POINT ( 'NONE',  ( -2.900000000000000799, -5.218871474337001921E-16, 3.549999999999998934 ) ) ;
#703 = EDGE_LOOP ( 'NONE', ( #5159, #1129, #2053, #2492 ) ) ;
#704 = DIRECTION ( 'NONE',  ( 1.000000000000000000, -0.000000000000000000, -0.000000000000000000 ) ) ;
#705 = ORIENTED_EDGE ( 'NONE', *, *, #2546, .F. ) ;
#706 = EDGE_LOOP ( 'NONE', ( #2899, #2231, #2906, #5501 ) ) ;
#707 = ADVANCED_FACE ( 'NONE', ( #455 ), #3771, .F. ) ;
#708 = DIRECTION ( 'NONE',  ( 1.000000000000000000, 0.000000000000000000, 0.000000000000000000 ) ) ;
#709 = DIRECTION ( 'NONE',  ( 0.000000000000000000, 0.000000000000000000, 1.000000000000000000 ) ) ;
#710 = FACE_OUTER_BOUND ( 'NONE', #1086, .T. ) ;
#711 = CARTESIAN_POINT ( 'NONE',  ( 2.200000000000000622, 6.900000000000000355, 3.750000000000000000 ) ) ;
#712 = VERTEX_POINT ( 'NONE', #5141 ) ;
#713 = CIRCLE ( 'NONE', #3913, 0.2000000000000000944 ) ;
#714 = EDGE_LOOP ( 'NONE', ( #495, #5803, #958, #5500 ) ) ;
#715 = PLANE ( 'NONE',  #4396 ) ;
#716 = DIRECTION ( 'NONE',  ( -0.000000000000000000, -0.000000000000000000, -1.000000000000000000 ) ) ;
#717 = CARTESIAN_POINT ( 'NONE',  ( 2.899999999999998579, 1.030000000000000027, -3.220000000000001084 ) ) ;
#718 = VECTOR ( 'NONE', #669, 1000.000000000000000 ) ;
#719 = VECTOR ( 'NONE', #4275, 1000.000000000000000 ) ;
#720 = SPHERICAL_SURFACE ( 'NONE', #4422, 0.2000000000000000111 ) ;
#721 = ORIENTED_EDGE ( 'NONE', *, *, #2216, .F. ) ;
#722 = ORIENTED_EDGE ( 'NONE', *, *, #6013, .T. ) ;
#723 = CARTESIAN_POINT ( 'NONE',  ( 2.200000000000000622, 1.200000000000000622, -1.220000000000001084 ) ) ;
#724 = VECTOR ( 'NONE', #682, 1000.000000000000000 ) ;
#725 = ORIENTED_EDGE ( 'NONE', *, *, #3890, .F. ) ;
#726 = AXIS2_PLACEMENT_3D ( 'NONE', #5563, #158, #1533 ) ;
#727 = DIRECTION ( 'NONE',  ( 0.000000000000000000, -1.000000000000000000, 0.000000000000000000 ) ) ;
#728 = CARTESIAN_POINT ( 'NONE',  ( -2.200000000000000622, 6.700000000000001066, 1.219999999999999751 ) ) ;
#729 = DIRECTION ( 'NONE',  ( 0.000000000000000000, 0.000000000000000000, 1.000000000000000000 ) ) ;
#730 = AXIS2_PLACEMENT_3D ( 'NONE', #4527, #4041, #877 ) ;
#732 = CIRCLE ( 'NONE', #139, 0.09999999999999961697 ) ;
#731 = DIRECTION ( 'NONE',  ( 0.000000000000000000, 0.000000000000000000, -1.000000000000000000 ) ) ;
#733 = VERTEX_POINT ( 'NONE', #5170 ) ;
#734 = AXIS2_PLACEMENT_3D ( 'NONE', #24, #1882, #509 ) ;
#735 = EDGE_CURVE ( 'NONE', #2886, #5553, #3142, .T. ) ;
#736 = CARTESIAN_POINT ( 'NONE',  ( -2.900000000000000799, 1.130000000000000115, 3.320000000000000284 ) ) ;
#737 = VECTOR ( 'NONE', #4761, 1000.000000000000000 ) ;
#738 = ORIENTED_EDGE ( 'NONE', *, *, #5183, .T. ) ;
#739 = CARTESIAN_POINT ( 'NONE',  ( -2.200000000000000622, 1.030000000000000027, 3.549999999999998934 ) ) ;
#740 = EDGE_CURVE ( 'NONE', #3767, #4694, #4602, .T. ) ;
#741 = EDGE_LOOP ( 'NONE', ( #794, #395, #4221, #1371 ) ) ;
#742 = EDGE_LOOP ( 'NONE', ( #3389, #1570, #52, #1273 ) ) ;
#743 = CARTESIAN_POINT ( 'NONE',  ( 2.200000000000000622, 1.200000000000000622, 1.449999999999999289 ) ) ;
#744 = FACE_OUTER_BOUND ( 'NONE', #2456, .T. ) ;
#745 = FACE_OUTER_BOUND ( 'NONE', #4756, .T. ) ;
#746 = VECTOR ( 'NONE', #1466, 1000.000000000000000 ) ;
#747 = ORIENTED_EDGE ( 'NONE', *, *, #3700, .T. ) ;
#748 = ORIENTED_EDGE ( 'NONE', *, *, #5146, .F. ) ;
#749 = DIRECTION ( 'NONE',  ( 0.000000000000000000, 0.000000000000000000, -1.000000000000000000 ) ) ;
#750 = DIRECTION ( 'NONE',  ( 0.000000000000000000, -1.000000000000000000, -1.182766006347823109E-16 ) ) ;
#751 = DIRECTION ( 'NONE',  ( 0.000000000000000000, 0.000000000000000000, -1.000000000000000000 ) ) ;
#752 = AXIS2_PLACEMENT_3D ( 'NONE', #827, #2685, #369 ) ;
#753 = ADVANCED_FACE ( 'NONE', ( #1521 ), #2541, .F. ) ;
#754 = DIRECTION ( 'NONE',  ( 1.000000000000000000, 0.000000000000000000, 0.000000000000000000 ) ) ;
#755 = VERTEX_POINT ( 'NONE', #3859 ) ;
#756 = ORIENTED_EDGE ( 'NONE', *, *, #2396, .T. ) ;
#757 = FACE_OUTER_BOUND ( 'NONE', #706, .T. ) ;
#758 = VERTEX_POINT ( 'NONE', #3915 ) ;
#759 = DIRECTION ( 'NONE',  ( 0.000000000000000000, 0.000000000000000000, 1.000000000000000000 ) ) ;
#760 = CARTESIAN_POINT ( 'NONE',  ( 2.850000000000000533, 0.1499999999999998557, 3.750000000000000000 ) ) ;
#761 = PLANE ( 'NONE',  #4404 ) ;
#762 = LINE ( 'NONE', #4096, #4804 ) ;
#763 = ORIENTED_EDGE ( 'NONE', *, *, #1736, .T. ) ;
#764 = EDGE_CURVE ( 'NONE', #1772, #5567, #1973, .T. ) ;
#765 = CLOSED_SHELL ( 'NONE', ( #35, #5261, #2352, #4482, #2022, #3786, #1461, #2754, #4278, #1465, #774, #5123, #338, #990, #3609, #5118, #5570, #3995, #6018, #4703, #3901, #134, #3329, #1712, #1124, #3127, #2627, #5081, #1885, #707, #1688, #605, #1286, #4873 ) ) ;
#766 = FACE_OUTER_BOUND ( 'NONE', #2078, .T. ) ;
#767 = LINE ( 'NONE', #3046, #257 ) ;
#768 = EDGE_CURVE ( 'NONE', #93, #5277, #109, .T. ) ;
#769 = AXIS2_PLACEMENT_3D ( 'NONE', #4446, #5787, #3509 ) ;
#770 = VERTEX_POINT ( 'NONE', #4397 ) ;
#771 = EDGE_LOOP ( 'NONE', ( #3242, #3933, #1937, #1031 ) ) ;
#772 = FACE_OUTER_BOUND ( 'NONE', #5075, .T. ) ;
#773 = VECTOR ( 'NONE', #4823, 1000.000000000000000 ) ;
#774 = ADVANCED_FACE ( 'NONE', ( #2512 ), #4890, .F. ) ;
#775 = DIRECTION ( 'NONE',  ( 0.000000000000000000, 0.000000000000000000, 1.000000000000000000 ) ) ;
#776 = PRESENTATION_LAYER_ASSIGNMENT (  '', '', ( #5825 ) ) ;
#777 = ADVANCED_FACE ( 'NONE', ( #237 ), #667, .F. ) ;
#778 = ORIENTED_EDGE ( 'NONE', *, *, #3630, .T. ) ;
#779 = ORIENTED_EDGE ( 'NONE', *, *, #3793, .F. ) ;
#780 = AXIS2_PLACEMENT_3D ( 'NONE', #2291, #5468, #5496 ) ;
#781 = CARTESIAN_POINT ( 'NONE',  ( 2.700000000000000178, 6.700000000000001066, 1.449999999999999956 ) ) ;
#782 = LINE ( 'NONE', #1566, #383 ) ;
#783 = LINE ( 'NONE', #4029, #5448 ) ;
#784 = CARTESIAN_POINT ( 'NONE',  ( 2.700000000000000178, 6.900000000000000355, 1.449999999999999956 ) ) ;
#785 = VERTEX_POINT ( 'NONE', #2484 ) ;
#786 = EDGE_LOOP ( 'NONE', ( #2140, #275, #3218, #2551 ) ) ;
#787 = DIRECTION ( 'NONE',  ( 0.000000000000000000, 0.000000000000000000, 1.000000000000000000 ) ) ;
#788 = ORIENTED_EDGE ( 'NONE', *, *, #3816, .T. ) ;
#789 = FACE_OUTER_BOUND ( 'NONE', #1416, .T. ) ;
#790 = EDGE_CURVE ( 'NONE', #79, #1900, #3405, .T. ) ;
#791 = DIRECTION ( 'NONE',  ( -1.000000000000000000, 0.000000000000000000, 0.000000000000000000 ) ) ;
#792 = DIRECTION ( 'NONE',  ( 1.000000000000000000, 0.000000000000000000, -0.000000000000000000 ) ) ;
#793 = CARTESIAN_POINT ( 'NONE',  ( -3.000000000000000444, 2.530000000000000249, -3.320000000000000728 ) ) ;
#794 = ORIENTED_EDGE ( 'NONE', *, *, #5115, .T. ) ;
#795 = DIRECTION ( 'NONE',  ( 0.000000000000000000, 0.000000000000000000, 1.000000000000000000 ) ) ;
#796 = DIRECTION ( 'NONE',  ( 0.000000000000000000, 2.168404344971007685E-15, -1.000000000000000000 ) ) ;
#797 = CARTESIAN_POINT ( 'NONE',  ( -2.200000000000000622, 6.870000000000000995, -1.050000000000000044 ) ) ;
#798 = VERTEX_POINT ( 'NONE', #2000 ) ;
#799 = CARTESIAN_POINT ( 'NONE',  ( -3.000000000000000444, 2.629999999999999449, -3.220000000000001084 ) ) ;
#800 = CYLINDRICAL_SURFACE ( 'NONE', #2183, 0.2000000000000000944 ) ;
#801 = ORIENTED_EDGE ( 'NONE', *, *, #4125, .F. ) ;
#802 = EDGE_LOOP ( 'NONE', ( #230, #2740, #1318, #2958 ) ) ;
#803 = CARTESIAN_POINT ( 'NONE',  ( -2.200000000000000622, 6.870000000000000995, 1.449999999999999956 ) ) ;
#804 = DIRECTION ( 'NONE',  ( 1.000000000000000000, 0.000000000000000000, -0.000000000000000000 ) ) ;
#805 = PLANE ( 'NONE',  #2517 ) ;
#806 = EDGE_CURVE ( 'NONE', #4569, #3058, #2094, .T. ) ;
#807 = PLANE ( 'NONE',  #2095 ) ;
#808 = VECTOR ( 'NONE', #3294, 1000.000000000000000 ) ;
#809 = EDGE_LOOP ( 'NONE', ( #4449, #3513, #4419, #3788 ) ) ;
#810 = ORIENTED_EDGE ( 'NONE', *, *, #3781, .T. ) ;
#811 = EDGE_CURVE ( 'NONE', #5214, #2156, #4306, .T. ) ;
#812 = CYLINDRICAL_SURFACE ( 'NONE', #1430, 0.2000000000000000944 ) ;
#813 = ORIENTED_EDGE ( 'NONE', *, *, #4683, .T. ) ;
#814 = VECTOR ( 'NONE', #716, 1000.000000000000000 ) ;
#815 = DIRECTION ( 'NONE',  ( 0.000000000000000000, 0.000000000000000000, 1.000000000000000000 ) ) ;
#816 = LINE ( 'NONE', #849, #2862 ) ;
#817 = CARTESIAN_POINT ( 'NONE',  ( -4.607807737440317908, 6.900000000000000355, -1.250000000000000222 ) ) ;
#818 = EDGE_CURVE ( 'NONE', #459, #2016, #3500, .T. ) ;
#819 = ORIENTED_EDGE ( 'NONE', *, *, #2896, .F. ) ;
#820 = CIRCLE ( 'NONE', #1883, 0.1700000000000000122 ) ;
#821 = FACE_OUTER_BOUND ( 'NONE', #1460, .T. ) ;
#822 = AXIS2_PLACEMENT_3D ( 'NONE', #4073, #4961, #3132 ) ;
#823 = VECTOR ( 'NONE', #4474, 1000.000000000000000 ) ;
#824 = CARTESIAN_POINT ( 'NONE',  ( 2.899999999999998579, 1.130000000000000115, 3.320000000000000284 ) ) ;
#825 = CARTESIAN_POINT ( 'NONE',  ( 3.000000000000000444, 1.030000000000000027, -0.7200000000000009726 ) ) ;
#826 = EDGE_CURVE ( 'NONE', #2305, #3945, #5774, .T. ) ;
#827 = CARTESIAN_POINT ( 'NONE',  ( 8.529233760890809535, 1.200000000000000178, 1.049999999999998934 ) ) ;
#828 = CIRCLE ( 'NONE', #4515, 0.1700000000000000122 ) ;
#829 = EDGE_LOOP ( 'NONE', ( #4718, #3302, #149, #5036, #691, #1658, #5380, #413 ) ) ;
#830 = CARTESIAN_POINT ( 'NONE',  ( -2.200000000000000622, 6.870000000000000995, -3.550000000000000266 ) ) ;
#831 = CARTESIAN_POINT ( 'NONE',  ( -3.000000000000000444, 1.030000000000000027, 1.779999999999999138 ) ) ;
#832 = ORIENTED_EDGE ( 'NONE', *, *, #1540, .F. ) ;
#833 = ORIENTED_EDGE ( 'NONE', *, *, #2589, .T. ) ;
#834 = CARTESIAN_POINT ( 'NONE',  ( 2.700000000000000178, 1.200000000000000178, -1.450000000000001288 ) ) ;
#835 = VECTOR ( 'NONE', #4507, 1000.000000000000000 ) ;
#836 = DIRECTION ( 'NONE',  ( 0.000000000000000000, 1.000000000000000000, 1.470104640658311001E-16 ) ) ;
#837 = EDGE_CURVE ( 'NONE', #5166, #2156, #4861, .T. ) ;
#838 = VECTOR ( 'NONE', #1739, 1000.000000000000000 ) ;
#839 = CARTESIAN_POINT ( 'NONE',  ( 2.200000000000000622, 6.700000000000001066, 1.049999999999999822 ) ) ;
#840 = VERTEX_POINT ( 'NONE', #1156 ) ;
#841 = ORIENTED_EDGE ( 'NONE', *, *, #3928, .F. ) ;
#842 = EDGE_CURVE ( 'NONE', #1748, #3535, #3012, .T. ) ;
#843 = FACE_BOUND ( 'NONE', #2207, .T. ) ;
#844 = ORIENTED_EDGE ( 'NONE', *, *, #740, .F. ) ;
#845 = DIRECTION ( 'NONE',  ( 0.000000000000000000, -1.000000000000000000, -1.577021341797097314E-16 ) ) ;
#846 = VECTOR ( 'NONE', #3285, 1000.000000000000000 ) ;
#847 = CYLINDRICAL_SURFACE ( 'NONE', #3922, 0.2000000000000000944 ) ;
#848 = EDGE_CURVE ( 'NONE', #5074, #2016, #5262, .T. ) ;
#849 = CARTESIAN_POINT ( 'NONE',  ( 2.700000000000000178, 6.900000000000000355, -3.750000000000000444 ) ) ;
#850 = DIRECTION ( 'NONE',  ( 0.000000000000000000, -0.000000000000000000, -1.000000000000000000 ) ) ;
#851 = AXIS2_PLACEMENT_3D ( 'NONE', #5589, #1842, #1363 ) ;
#852 = ORIENTED_EDGE ( 'NONE', *, *, #5230, .T. ) ;
#853 = SPHERICAL_SURFACE ( 'NONE', #5584, 0.2000000000000000111 ) ;
#854 = DIRECTION ( 'NONE',  ( -0.000000000000000000, -1.000000000000000000, -1.470104640658311001E-16 ) ) ;
#855 = LINE ( 'NONE', #4135, #4704 ) ;
#856 = FACE_OUTER_BOUND ( 'NONE', #4919, .T. ) ;
#857 = ORIENTED_EDGE ( 'NONE', *, *, #1550, .F. ) ;
#858 = DIRECTION ( 'NONE',  ( 0.000000000000000000, 0.000000000000000000, 1.000000000000000000 ) ) ;
#859 = EDGE_CURVE ( 'NONE', #200, #4859, #5235, .T. ) ;
#860 = CARTESIAN_POINT ( 'NONE',  ( -2.700000000000000622, 1.200000000000000178, 3.549999999999998934 ) ) ;
#861 = DIRECTION ( 'NONE',  ( -0.000000000000000000, 1.000000000000000000, 0.000000000000000000 ) ) ;
#862 = ORIENTED_EDGE ( 'NONE', *, *, #4967, .T. ) ;
#863 = VERTEX_POINT ( 'NONE', #2980 ) ;
#864 = CARTESIAN_POINT ( 'NONE',  ( -2.900000000000000799, 1.200000000000000178, 3.549999999999998934 ) ) ;
#865 = CYLINDRICAL_SURFACE ( 'NONE', #668, 0.09999999999999961697 ) ;
#866 = CIRCLE ( 'NONE', #4255, 0.09999999999999961697 ) ;
#867 = PRESENTATION_STYLE_ASSIGNMENT (( #3182 ) ) ;
#868 = EDGE_CURVE ( 'NONE', #3505, #1143, #1065, .T. ) ;
#869 = VECTOR ( 'NONE', #3792, 1000.000000000000000 ) ;
#870 = ORIENTED_EDGE ( 'NONE', *, *, #2285, .T. ) ;
#871 = VERTEX_POINT ( 'NONE', #4980 ) ;
#872 = DIRECTION ( 'NONE',  ( 0.000000000000000000, 0.000000000000000000, -1.000000000000000000 ) ) ;
#873 = FACE_OUTER_BOUND ( 'NONE', #5739, .T. ) ;
#874 = DIRECTION ( 'NONE',  ( 0.000000000000000000, 0.000000000000000000, -1.000000000000000000 ) ) ;
#875 = CARTESIAN_POINT ( 'NONE',  ( 2.700000000000000178, 6.700000000000001066, -3.550000000000000266 ) ) ;
#876 = CARTESIAN_POINT ( 'NONE',  ( 2.900000000000000799, -5.218871474337001921E-16, -1.450000000000001288 ) ) ;
#877 = DIRECTION ( 'NONE',  ( 1.000000000000000000, 0.000000000000000000, 0.000000000000000000 ) ) ;
#878 = ORIENTED_EDGE ( 'NONE', *, *, #5498, .F. ) ;
#879 = EDGE_LOOP ( 'NONE', ( #4078, #2941, #419, #1862 ) ) ;
#880 = EDGE_CURVE ( 'NONE', #2322, #621, #2610, .T. ) ;
#881 = CARTESIAN_POINT ( 'NONE',  ( 2.900000000000000799, 6.700000000000001066, -3.550000000000000266 ) ) ;
#882 = DIRECTION ( 'NONE',  ( 1.000000000000000000, 0.000000000000000000, 0.000000000000000000 ) ) ;
#883 = EDGE_CURVE ( 'NONE', #2010, #2478, #4405, .T. ) ;
#884 = DIRECTION ( 'NONE',  ( -0.000000000000000000, 1.000000000000000000, 1.102578480493733189E-16 ) ) ;
#885 = DIRECTION ( 'NONE',  ( 0.000000000000000000, 0.000000000000000000, 1.000000000000000000 ) ) ;
#886 = ADVANCED_FACE ( 'NONE', ( #1701 ), #5507, .T. ) ;
#887 = DIRECTION ( 'NONE',  ( 1.000000000000000000, 0.000000000000000000, 0.000000000000000000 ) ) ;
#888 = CARTESIAN_POINT ( 'NONE',  ( 3.000000000000000444, 1.030000000000000027, 0.7200000000000006395 ) ) ;
#889 = EDGE_CURVE ( 'NONE', #3866, #3783, #33, .T. ) ;
#890 = VERTEX_POINT ( 'NONE', #1729 ) ;
#891 = ORIENTED_EDGE ( 'NONE', *, *, #1078, .F. ) ;
#892 = PLANE ( 'NONE',  #1297 ) ;
#893 = CARTESIAN_POINT ( 'NONE',  ( 2.200000000000000622, 6.700000000000001066, 1.449999999999999956 ) ) ;
#894 = EDGE_CURVE ( 'NONE', #2092, #3441, #820, .T. ) ;
#895 = DIRECTION ( 'NONE',  ( 0.000000000000000000, 0.000000000000000000, 1.000000000000000000 ) ) ;
#896 = ORIENTED_EDGE ( 'NONE', *, *, #5336, .F. ) ;
#897 = VERTEX_POINT ( 'NONE', #2674 ) ;
#898 = DIRECTION ( 'NONE',  ( 0.000000000000000000, 0.000000000000000000, 1.000000000000000000 ) ) ;
#899 = CARTESIAN_POINT ( 'NONE',  ( 2.200000000000000622, 1.200000000000000178, 1.049999999999998934 ) ) ;
#900 =( NAMED_UNIT ( * ) SI_UNIT ( $, .STERADIAN. ) SOLID_ANGLE_UNIT ( ) );
#901 = DIRECTION ( 'NONE',  ( 0.000000000000000000, -0.000000000000000000, -1.000000000000000000 ) ) ;
#902 = VECTOR ( 'NONE', #5973, 1000.000000000000000 ) ;
#903 = CARTESIAN_POINT ( 'NONE',  ( -2.700000000000000178, 6.700000000000001066, 1.049999999999999822 ) ) ;
#904 = CARTESIAN_POINT ( 'NONE',  ( 2.700000000000000178, 6.700000000000001066, 3.750000000000000000 ) ) ;
#905 = ORIENTED_EDGE ( 'NONE', *, *, #2335, .F. ) ;
#906 = ORIENTED_EDGE ( 'NONE', *, *, #5632, .T. ) ;
#907 = CIRCLE ( 'NONE', #4031, 0.2000000000000000944 ) ;
#908 = AXIS2_PLACEMENT_3D ( 'NONE', #2576, #5806, #4372 ) ;
#909 = EDGE_CURVE ( 'NONE', #2090, #798, #329, .T. ) ;
#910 = CARTESIAN_POINT ( 'NONE',  ( 2.900000000000000799, 0.1499999999999998557, 3.750000000000000000 ) ) ;
#911 = LINE ( 'NONE', #1738, #4013 ) ;
#912 = CIRCLE ( 'NONE', #2558, 0.2000000000000000944 ) ;
#914 = AXIS2_PLACEMENT_3D ( 'NONE', #760, #3356, #1500 ) ;
#913 = DIRECTION ( 'NONE',  ( 1.000000000000000000, 0.000000000000000000, 0.000000000000000000 ) ) ;
#915 = DIRECTION ( 'NONE',  ( 0.000000000000000000, 0.000000000000000000, 1.000000000000000000 ) ) ;
#916 = EDGE_CURVE ( 'NONE', #4061, #325, #3731, .T. ) ;
#917 = FACE_OUTER_BOUND ( 'NONE', #2272, .T. ) ;
#918 = AXIS2_PLACEMENT_3D ( 'NONE', #564, #3705, #1848 ) ;
#919 = DIRECTION ( 'NONE',  ( 0.000000000000000000, 0.000000000000000000, 1.000000000000000000 ) ) ;
#920 = CIRCLE ( 'NONE', #3742, 0.2000000000000000944 ) ;
#921 = DIRECTION ( 'NONE',  ( 1.000000000000000000, 0.000000000000000000, -0.000000000000000000 ) ) ;
#922 =( GEOMETRIC_REPRESENTATION_CONTEXT ( 3 ) GLOBAL_UNCERTAINTY_ASSIGNED_CONTEXT ( ( #5062 ) ) GLOBAL_UNIT_ASSIGNED_CONTEXT ( ( #1352, #1744, #5056 ) ) REPRESENTATION_CONTEXT ( 'NONE', 'WORKASPACE' ) );
#923 = ORIENTED_EDGE ( 'NONE', *, *, #396, .T. ) ;
#924 = ORIENTED_EDGE ( 'NONE', *, *, #4177, .T. ) ;
#925 = CARTESIAN_POINT ( 'NONE',  ( 1.800000000000000711, 0.1000000000000000056, 3.750000000000000000 ) ) ;
#926 = PLANE ( 'NONE',  #375 ) ;
#927 = AXIS2_PLACEMENT_3D ( 'NONE', #198, #1601, #3460 ) ;
#928 = DIRECTION ( 'NONE',  ( -1.000000000000000000, -0.000000000000000000, -0.000000000000000000 ) ) ;
#929 = ORIENTED_EDGE ( 'NONE', *, *, #5951, .F. ) ;
#930 = ORIENTED_EDGE ( 'NONE', *, *, #1663, .F. ) ;
#931 = FACE_OUTER_BOUND ( 'NONE', #3671, .T. ) ;
#932 = DIRECTION ( 'NONE',  ( 1.000000000000000000, 0.000000000000000000, 0.000000000000000000 ) ) ;
#933 = CARTESIAN_POINT ( 'NONE',  ( 2.899999999999998579, 1.030000000000000027, -1.779999999999999361 ) ) ;
#934 = EDGE_CURVE ( 'NONE', #2322, #4621, #2077, .T. ) ;
#935 = AXIS2_PLACEMENT_3D ( 'NONE', #3225, #2806, #1856 ) ;
#936 = DIRECTION ( 'NONE',  ( -1.000000000000000000, -0.000000000000000000, -0.000000000000000000 ) ) ;
#937 = DIRECTION ( 'NONE',  ( 0.000000000000000000, -1.000000000000000000, -3.097720492815727166E-16 ) ) ;
#938 = ORIENTED_EDGE ( 'NONE', *, *, #2525, .F. ) ;
#939 = VECTOR ( 'NONE', #1062, 1000.000000000000000 ) ;
#940 = DIRECTION ( 'NONE',  ( 0.000000000000000000, 0.000000000000000000, 1.000000000000000000 ) ) ;
#941 = LINE ( 'NONE', #1940, #4600 ) ;
#942 = CIRCLE ( 'NONE', #3473, 0.09999999999999961697 ) ;
#943 = DIRECTION ( 'NONE',  ( 0.000000000000000000, 0.000000000000000000, 1.000000000000000000 ) ) ;
#944 = DIRECTION ( 'NONE',  ( -1.000000000000000000, 0.000000000000000000, 0.000000000000000000 ) ) ;
#945 = EDGE_CURVE ( 'NONE', #20, #1370, #2640, .T. ) ;
#946 = LINE ( 'NONE', #3912, #3873 ) ;
#947 = FACE_OUTER_BOUND ( 'NONE', #5709, .T. ) ;
#948 = EDGE_CURVE ( 'NONE', #5816, #4477, #5290, .T. ) ;
#949 = DIRECTION ( 'NONE',  ( 0.000000000000000000, 0.000000000000000000, 1.000000000000000000 ) ) ;
#950 = EDGE_LOOP ( 'NONE', ( #5843, #6008, #4934, #2048 ) ) ;
#951 = ORIENTED_EDGE ( 'NONE', *, *, #4772, .T. ) ;
#952 = LINE ( 'NONE', #2403, #5573 ) ;
#953 = DIRECTION ( 'NONE',  ( 0.000000000000000000, -0.000000000000000000, -1.000000000000000000 ) ) ;
#954 = EDGE_CURVE ( 'NONE', #621, #994, #4038, .T. ) ;
#955 = VECTOR ( 'NONE', #530, 1000.000000000000000 ) ;
#956 = ADVANCED_FACE ( 'NONE', ( #3590 ), #300, .F. ) ;
#957 = SPHERICAL_SURFACE ( 'NONE', #5599, 0.2000000000000000111 ) ;
#958 = ORIENTED_EDGE ( 'NONE', *, *, #5281, .F. ) ;
#959 = AXIS2_PLACEMENT_3D ( 'NONE', #5762, #3456, #750 ) ;
#960 = VERTEX_POINT ( 'NONE', #4066 ) ;
#961 = VECTOR ( 'NONE', #5055, 1000.000000000000000 ) ;
#962 = FACE_OUTER_BOUND ( 'NONE', #3563, .T. ) ;
#963 = LINE ( 'NONE', #2823, #2808 ) ;
#964 = CARTESIAN_POINT ( 'NONE',  ( 3.000000000000000444, 2.629999999999999449, 0.7200000000000006395 ) ) ;
#965 = VECTOR ( 'NONE', #4065, 1000.000000000000000 ) ;
#966 = SPHERICAL_SURFACE ( 'NONE', #2779, 0.2000000000000000111 ) ;
#967 = ORIENTED_EDGE ( 'NONE', *, *, #3149, .T. ) ;
#968 = CARTESIAN_POINT ( 'NONE',  ( 3.000000000000000444, 2.530000000000000249, 1.679999999999999272 ) ) ;
#969 = EDGE_CURVE ( 'NONE', #4509, #5470, #3128, .T. ) ;
#970 = VERTEX_POINT ( 'NONE', #1305 ) ;
#971 = CIRCLE ( 'NONE', #5623, 0.2000000000000000944 ) ;
#972 = DIRECTION ( 'NONE',  ( 0.000000000000000000, -1.000000000000000000, -1.577021341797097314E-16 ) ) ;
#973 = CARTESIAN_POINT ( 'NONE',  ( -3.000000000000000444, 2.530000000000000249, 0.8200000000000003952 ) ) ;
#974 = DIRECTION ( 'NONE',  ( 0.000000000000000000, 1.000000000000000000, 0.000000000000000000 ) ) ;
#975 = CARTESIAN_POINT ( 'NONE',  ( 3.000000000000000444, 1.030000000000000027, -0.7200000000000009726 ) ) ;
#976 = CARTESIAN_POINT ( 'NONE',  ( -3.000000000000000444, 1.130000000000000115, 0.8200000000000003952 ) ) ;
#977 =( NAMED_UNIT ( * ) SI_UNIT ( $, .STERADIAN. ) SOLID_ANGLE_UNIT ( ) );
#978 = SPHERICAL_SURFACE ( 'NONE', #4433, 0.2000000000000000111 ) ;
#979 = VERTEX_POINT ( 'NONE', #3159 ) ;
#980 = ORIENTED_EDGE ( 'NONE', *, *, #5156, .F. ) ;
#981 = CARTESIAN_POINT ( 'NONE',  ( 3.000000000000000444, 6.900000000000000355, -3.750000000000000000 ) ) ;
#982 = CARTESIAN_POINT ( 'NONE',  ( -4.607807737440317908, 1.200000000000000622, -3.550000000000001155 ) ) ;
#983 = ADVANCED_FACE ( 'NONE', ( #5014 ), #847, .T. ) ;
#984 = ORIENTED_EDGE ( 'NONE', *, *, #3890, .T. ) ;
#985 = VERTEX_POINT ( 'NONE', #5952 ) ;
#986 = DIRECTION ( 'NONE',  ( 0.000000000000000000, 0.000000000000000000, 1.000000000000000000 ) ) ;
#987 = CARTESIAN_POINT ( 'NONE',  ( -2.700000000000000178, 1.200000000000000178, -1.250000000000001110 ) ) ;
#988 = CARTESIAN_POINT ( 'NONE',  ( -2.200000000000000622, 1.200000000000000622, -3.720000000000001084 ) ) ;
#989 = EDGE_CURVE ( 'NONE', #2629, #979, #1784, .T. ) ;
#990 = ADVANCED_FACE ( 'NONE', ( #272 ), #3977, .F. ) ;
#991 = DIRECTION ( 'NONE',  ( -1.000000000000000000, 0.000000000000000000, 0.000000000000000000 ) ) ;
#992 = DIRECTION ( 'NONE',  ( 0.000000000000000000, 0.000000000000000000, 1.000000000000000000 ) ) ;
#993 = EDGE_CURVE ( 'NONE', #5377, #4357, #2663, .T. ) ;
#994 = VERTEX_POINT ( 'NONE', #4126 ) ;
#995 = DIRECTION ( 'NONE',  ( 0.000000000000000000, 0.000000000000000000, 1.000000000000000000 ) ) ;
#996 = CARTESIAN_POINT ( 'NONE',  ( -2.200000000000000622, 6.870000000000000995, -1.450000000000000400 ) ) ;
#997 = ORIENTED_EDGE ( 'NONE', *, *, #989, .F. ) ;
#998 = DIRECTION ( 'NONE',  ( 1.000000000000000000, -0.000000000000000000, -0.000000000000000000 ) ) ;
#999 = FACE_OUTER_BOUND ( 'NONE', #5417, .T. ) ;
#1000 = EDGE_CURVE ( 'NONE', #4215, #5813, #1013, .T. ) ;
#1001 = DIRECTION ( 'NONE',  ( 0.000000000000000000, -1.000000000000000000, -1.182766006347823109E-16 ) ) ;
#1002 = ORIENTED_EDGE ( 'NONE', *, *, #5691, .F. ) ;
#1003 = AXIS2_PLACEMENT_3D ( 'NONE', #1629, #4479, #3515 ) ;
#1004 = AXIS2_PLACEMENT_3D ( 'NONE', #5428, #4987, #3684 ) ;
#1005 = AXIS2_PLACEMENT_3D ( 'NONE', #5650, #5201, #2887 ) ;
#1006 = DIRECTION ( 'NONE',  ( 0.000000000000000000, 0.000000000000000000, 1.000000000000000000 ) ) ;
#1007 = EDGE_CURVE ( 'NONE', #3533, #4082, #2453, .T. ) ;
#1008 = DIRECTION ( 'NONE',  ( -1.000000000000000000, 0.000000000000000000, 0.000000000000000000 ) ) ;
#1009 = VERTEX_POINT ( 'NONE', #2875 ) ;
#1010 = AXIS2_PLACEMENT_3D ( 'NONE', #555, #121, #5274 ) ;
#1011 = ORIENTED_EDGE ( 'NONE', *, *, #5131, .T. ) ;
#1012 = CARTESIAN_POINT ( 'NONE',  ( -2.900000000000000799, 0.000000000000000000, -2.500000000000000000 ) ) ;
#1013 = LINE ( 'NONE', #4616, #4209 ) ;
#1014 = AXIS2_PLACEMENT_3D ( 'NONE', #4875, #4533, #5515 ) ;
#1015 = AXIS2_PLACEMENT_3D ( 'NONE', #1171, #2495, #3086 ) ;
#1016 = LINE ( 'NONE', #2933, #1420 ) ;
#1017 = ORIENTED_EDGE ( 'NONE', *, *, #5320, .T. ) ;
#1018 = ORIENTED_EDGE ( 'NONE', *, *, #4744, .T. ) ;
#1019 = ADVANCED_FACE ( 'NONE', ( #2463 ), #5665, .T. ) ;
#1020 = DIRECTION ( 'NONE',  ( 1.000000000000000000, -0.000000000000000000, -0.000000000000000000 ) ) ;
#1021 = AXIS2_PLACEMENT_3D ( 'NONE', #1577, #2982, #2097 ) ;
#1022 = CARTESIAN_POINT ( 'NONE',  ( 4.607807737440317908, 6.700000000000001066, 1.449999999999999956 ) ) ;
#1023 = CARTESIAN_POINT ( 'NONE',  ( -3.000000000000000444, 1.030000000000000027, -0.7200000000000009726 ) ) ;
#1024 = DIRECTION ( 'NONE',  ( 1.000000000000000000, 0.000000000000000000, 0.000000000000000000 ) ) ;
#1025 = VECTOR ( 'NONE', #3639, 1000.000000000000000 ) ;
#1026 = DIRECTION ( 'NONE',  ( 0.000000000000000000, -0.000000000000000000, -1.000000000000000000 ) ) ;
#1027 = EDGE_CURVE ( 'NONE', #4175, #3943, #1982, .T. ) ;
#1028 = ORIENTED_EDGE ( 'NONE', *, *, #1033, .F. ) ;
#1029 = PLANE ( 'NONE',  #3827 ) ;
#1030 = CARTESIAN_POINT ( 'NONE',  ( 8.529233760890809535, 1.200000000000000622, 3.719999999999998863 ) ) ;
#1031 = ORIENTED_EDGE ( 'NONE', *, *, #276, .F. ) ;
#1032 = VECTOR ( 'NONE', #3874, 1000.000000000000000 ) ;
#1033 = EDGE_CURVE ( 'NONE', #5846, #2035, #4286, .T. ) ;
#1034 = DIRECTION ( 'NONE',  ( -0.000000000000000000, -1.000000000000000000, -1.102578480493733066E-16 ) ) ;
#1035 = DIRECTION ( 'NONE',  ( 1.000000000000000000, 0.000000000000000000, -0.000000000000000000 ) ) ;
#1036 = DIRECTION ( 'NONE',  ( 0.000000000000000000, 1.000000000000000000, 1.102578480493733066E-16 ) ) ;
#1037 = AXIS2_PLACEMENT_3D ( 'NONE', #2898, #3351, #2956 ) ;
#1038 = EDGE_LOOP ( 'NONE', ( #3410, #763, #3400, #1593 ) ) ;
#1039 = CIRCLE ( 'NONE', #1139, 0.09999999999999961697 ) ;
#1040 = LINE ( 'NONE', #4279, #4124 ) ;
#1041 = DIRECTION ( 'NONE',  ( -0.000000000000000000, 0.000000000000000000, 1.000000000000000000 ) ) ;
#1042 = CIRCLE ( 'NONE', #1142, 0.09999999999999939493 ) ;
#1043 = ORIENTED_EDGE ( 'NONE', *, *, #4984, .T. ) ;
#1044 = ORIENTED_EDGE ( 'NONE', *, *, #2281, .T. ) ;
#1045 = EDGE_CURVE ( 'NONE', #3151, #4811, #2932, .T. ) ;
#1046 = CARTESIAN_POINT ( 'NONE',  ( 4.607807737440317908, 1.200000000000000622, 1.249999999999999112 ) ) ;
#1047 = SURFACE_STYLE_USAGE ( .BOTH. , #554 ) ;
#1048 = DIRECTION ( 'NONE',  ( 0.000000000000000000, 0.000000000000000000, 1.000000000000000000 ) ) ;
#1049 = SURFACE_STYLE_FILL_AREA ( #5186 ) ;
#1050 = ORIENTED_EDGE ( 'NONE', *, *, #989, .T. ) ;
#1051 = ORIENTED_EDGE ( 'NONE', *, *, #2622, .F. ) ;
#1052 = CARTESIAN_POINT ( 'NONE',  ( 2.900000000000000799, 1.200000000000000178, 0.000000000000000000 ) ) ;
#1053 = FACE_OUTER_BOUND ( 'NONE', #5980, .T. ) ;
#1054 = CLOSED_SHELL ( 'NONE', ( #4493, #3219, #2131, #5315, #4068, #3669, #1835, #251, #1761, #2110 ) ) ;
#1055 = DIRECTION ( 'NONE',  ( -1.000000000000000000, -0.000000000000000000, -0.000000000000000000 ) ) ;
#1056 = DIRECTION ( 'NONE',  ( -1.000000000000000000, 0.000000000000000000, 0.000000000000000000 ) ) ;
#1057 = EDGE_CURVE ( 'NONE', #5377, #647, #5699, .T. ) ;
#1058 = LINE ( 'NONE', #595, #1223 ) ;
#1059 = AXIS2_PLACEMENT_3D ( 'NONE', #4501, #310, #5027 ) ;
#1060 = ORIENTED_EDGE ( 'NONE', *, *, #4892, .F. ) ;
#1061 = CARTESIAN_POINT ( 'NONE',  ( 3.000000000000000444, 1.130000000000000115, -3.220000000000001084 ) ) ;
#1062 = DIRECTION ( 'NONE',  ( 1.000000000000000000, -0.000000000000000000, -0.000000000000000000 ) ) ;
#1063 = ORIENTED_EDGE ( 'NONE', *, *, #3812, .F. ) ;
#1064 = AXIS2_PLACEMENT_3D ( 'NONE', #2124, #5418, #3946 ) ;
#1065 = LINE ( 'NONE', #2947, #3439 ) ;
#1066 = LINE ( 'NONE', #3711, #5575 ) ;
#1067 = FACE_OUTER_BOUND ( 'NONE', #5624, .T. ) ;
#1068 = VERTEX_POINT ( 'NONE', #4261 ) ;
#1069 = EDGE_CURVE ( 'NONE', #1753, #960, #234, .T. ) ;
#1070 = CIRCLE ( 'NONE', #3107, 0.2000000000000000944 ) ;
#1071 = ADVANCED_FACE ( 'NONE', ( #5247 ), #2013, .T. ) ;
#1072 = SURFACE_SIDE_STYLE ('',( #4316 ) ) ;
#1073 = DIRECTION ( 'NONE',  ( 0.000000000000000000, 0.000000000000000000, -1.000000000000000000 ) ) ;
#1074 = ORIENTED_EDGE ( 'NONE', *, *, #4779, .T. ) ;
#1075 = ORIENTED_EDGE ( 'NONE', *, *, #1078, .T. ) ;
#1076 = FACE_OUTER_BOUND ( 'NONE', #829, .T. ) ;
#1077 = DIRECTION ( 'NONE',  ( 0.000000000000000000, 0.000000000000000000, 1.000000000000000000 ) ) ;
#1078 = EDGE_CURVE ( 'NONE', #2935, #3103, #3704, .T. ) ;
#1079 = CARTESIAN_POINT ( 'NONE',  ( -2.900000000000000799, 1.200000000000000178, 1.049999999999998934 ) ) ;
#1080 = ORIENTED_EDGE ( 'NONE', *, *, #4012, .T. ) ;
#1081 = ORIENTED_EDGE ( 'NONE', *, *, #5360, .T. ) ;
#1082 = LINE ( 'NONE', #1052, #1342 ) ;
#1083 = CARTESIAN_POINT ( 'NONE',  ( 2.200000000000000622, 1.200000000000000622, 1.279999999999999138 ) ) ;
#1084 = LINE ( 'NONE', #4240, #5347 ) ;
#1085 = DIRECTION ( 'NONE',  ( 1.000000000000000000, -0.000000000000000000, -0.000000000000000000 ) ) ;
#1086 = EDGE_LOOP ( 'NONE', ( #5031, #2244, #2299, #2024 ) ) ;
#1087 = DIRECTION ( 'NONE',  ( 0.000000000000000000, 0.000000000000000000, 1.000000000000000000 ) ) ;
#1088 = DIRECTION ( 'NONE',  ( -0.000000000000000000, -0.000000000000000000, -1.000000000000000000 ) ) ;
#1089 = VERTEX_POINT ( 'NONE', #3811 ) ;
#1090 = DIRECTION ( 'NONE',  ( 1.000000000000000000, 0.000000000000000000, -0.000000000000000000 ) ) ;
#1091 = DIRECTION ( 'NONE',  ( 0.000000000000000000, 1.000000000000000000, 0.000000000000000000 ) ) ;
#1092 = CARTESIAN_POINT ( 'NONE',  ( -4.607807737440317908, 6.900000000000000355, 1.249999999999999778 ) ) ;
#1093 = CARTESIAN_POINT ( 'NONE',  ( -4.607807737440317908, 1.000000000000000000, 1.249999999999998890 ) ) ;
#1094 = VERTEX_POINT ( 'NONE', #2431 ) ;
#1095 = EDGE_CURVE ( 'NONE', #1154, #3408, #4607, .T. ) ;
#1096 = SURFACE_STYLE_USAGE ( .BOTH. , #4468 ) ;
#1097 = CIRCLE ( 'NONE', #5080, 0.2000000000000000944 ) ;
#1098 = ORIENTED_EDGE ( 'NONE', *, *, #13, .T. ) ;
#1099 = DIRECTION ( 'NONE',  ( 0.000000000000000000, -1.000000000000000000, -1.470104640658311001E-16 ) ) ;
#1100 = ADVANCED_FACE ( 'NONE', ( #2302 ), #3842, .T. ) ;
#1101 = ORIENTED_EDGE ( 'NONE', *, *, #1133, .F. ) ;
#1102 = ORIENTED_EDGE ( 'NONE', *, *, #5060, .T. ) ;
#1103 = DIRECTION ( 'NONE',  ( 0.000000000000000000, 0.000000000000000000, 1.000000000000000000 ) ) ;
#1104 = VECTOR ( 'NONE', #2803, 1000.000000000000000 ) ;
#1105 = EDGE_CURVE ( 'NONE', #3952, #2529, #4117, .T. ) ;
#1106 = CYLINDRICAL_SURFACE ( 'NONE', #4312, 0.1700000000000000122 ) ;
#1107 = CIRCLE ( 'NONE', #5487, 0.1000000000000001582 ) ;
#1108 = LINE ( 'NONE', #1502, #5305 ) ;
#1109 = AXIS2_PLACEMENT_3D ( 'NONE', #875, #4434, #4554 ) ;
#1110 = ORIENTED_EDGE ( 'NONE', *, *, #5060, .F. ) ;
#1111 = VERTEX_POINT ( 'NONE', #5731 ) ;
#1112 = CARTESIAN_POINT ( 'NONE',  ( -2.900000000000000799, 1.030000000000000027, 3.750000000000000000 ) ) ;
#1113 = FACE_OUTER_BOUND ( 'NONE', #4520, .T. ) ;
#1114 = DIRECTION ( 'NONE',  ( 0.000000000000000000, 0.000000000000000000, 1.000000000000000000 ) ) ;
#1115 = VECTOR ( 'NONE', #2683, 1000.000000000000000 ) ;
#1116 = FACE_OUTER_BOUND ( 'NONE', #5512, .T. ) ;
#1117 = VECTOR ( 'NONE', #850, 1000.000000000000000 ) ;
#1118 = ORIENTED_EDGE ( 'NONE', *, *, #5383, .F. ) ;
#1119 = CIRCLE ( 'NONE', #2654, 0.2000000000000000944 ) ;
#1120 = ORIENTED_EDGE ( 'NONE', *, *, #5150, .F. ) ;
#1121 = LINE ( 'NONE', #2888, #3855 ) ;
#1122 = ORIENTED_EDGE ( 'NONE', *, *, #2589, .F. ) ;
#1123 = EDGE_CURVE ( 'NONE', #2785, #443, #6014, .T. ) ;
#1124 = ADVANCED_FACE ( 'NONE', ( #95 ), #1366, .F. ) ;
#1125 = DIRECTION ( 'NONE',  ( 0.000000000000000000, 0.000000000000000000, -1.000000000000000000 ) ) ;
#1126 = AXIS2_PLACEMENT_3D ( 'NONE', #660, #3822, #627 ) ;
#1127 = DIRECTION ( 'NONE',  ( 1.000000000000000000, -0.000000000000000000, -0.000000000000000000 ) ) ;
#1128 = DIRECTION ( 'NONE',  ( 1.000000000000000000, 0.000000000000000000, 0.000000000000000000 ) ) ;
#1129 = ORIENTED_EDGE ( 'NONE', *, *, #4295, .F. ) ;
#1130 = VECTOR ( 'NONE', #4385, 1000.000000000000000 ) ;
#1131 = CARTESIAN_POINT ( 'NONE',  ( 4.607807737440317908, 1.000000000000000000, 1.049999999999998934 ) ) ;
#1132 = AXIS2_PLACEMENT_3D ( 'NONE', #3442, #5213, #1135 ) ;
#1133 = EDGE_CURVE ( 'NONE', #3211, #2723, #1813, .T. ) ;
#1134 = ORIENTED_EDGE ( 'NONE', *, *, #1057, .T. ) ;
#1135 = DIRECTION ( 'NONE',  ( 0.000000000000000000, 0.000000000000000000, -1.000000000000000000 ) ) ;
#1136 = ORIENTED_EDGE ( 'NONE', *, *, #2421, .T. ) ;
#1137 = VERTEX_POINT ( 'NONE', #2526 ) ;
#1138 = DIRECTION ( 'NONE',  ( 1.000000000000000000, -0.000000000000000000, -0.000000000000000000 ) ) ;
#1139 = AXIS2_PLACEMENT_3D ( 'NONE', #5517, #3198, #486 ) ;
#1140 = LINE ( 'NONE', #2993, #1979 ) ;
#1141 = CARTESIAN_POINT ( 'NONE',  ( -2.200000000000000622, 1.200000000000000622, -1.220000000000001084 ) ) ;
#1142 = AXIS2_PLACEMENT_3D ( 'NONE', #4063, #2732, #3272 ) ;
#1143 = VERTEX_POINT ( 'NONE', #5306 ) ;
#1144 = VERTEX_POINT ( 'NONE', #1232 ) ;
#1145 = EDGE_CURVE ( 'NONE', #1635, #1980, #1140, .T. ) ;
#1146 = CARTESIAN_POINT ( 'NONE',  ( -2.900000000000000799, 1.200000000000000178, -1.450000000000001288 ) ) ;
#1147 = CARTESIAN_POINT ( 'NONE',  ( 8.529233760890809535, 6.870000000000000995, 3.549999999999999822 ) ) ;
#1148 = CARTESIAN_POINT ( 'NONE',  ( 2.700000000000000178, 6.900000000000000355, -1.050000000000000044 ) ) ;
#1149 = EDGE_CURVE ( 'NONE', #200, #4694, #5585, .T. ) ;
#1150 = CARTESIAN_POINT ( 'NONE',  ( 2.700000000000000622, 6.700000000000001066, -1.050000000000000044 ) ) ;
#1151 = ORIENTED_EDGE ( 'NONE', *, *, #379, .T. ) ;
#1152 = ORIENTED_EDGE ( 'NONE', *, *, #5549, .F. ) ;
#1153 = CARTESIAN_POINT ( 'NONE',  ( 3.000000000000000444, 2.629999999999999449, -3.220000000000001084 ) ) ;
#1154 = VERTEX_POINT ( 'NONE', #3023 ) ;
#1155 =( NAMED_UNIT ( * ) PLANE_ANGLE_UNIT ( ) SI_UNIT ( $, .RADIAN. ) );
#1156 = CARTESIAN_POINT ( 'NONE',  ( 2.899999999999998579, 1.030000000000000027, 3.220000000000000639 ) ) ;
#1157 = VECTOR ( 'NONE', #2210, 1000.000000000000000 ) ;
#1158 = VECTOR ( 'NONE', #2753, 1000.000000000000000 ) ;
#1159 = CARTESIAN_POINT ( 'NONE',  ( 2.200000000000000622, 1.200000000000000622, 3.749999999999999112 ) ) ;
#1160 = PLANE ( 'NONE',  #340 ) ;
#1161 = EDGE_CURVE ( 'NONE', #2498, #2638, #3899, .T. ) ;
#1162 = ORIENTED_EDGE ( 'NONE', *, *, #5125, .F. ) ;
#1163 = AXIS2_PLACEMENT_3D ( 'NONE', #3404, #666, #4766 ) ;
#1164 =( GEOMETRIC_REPRESENTATION_CONTEXT ( 3 ) GLOBAL_UNCERTAINTY_ASSIGNED_CONTEXT ( ( #1895 ) ) GLOBAL_UNIT_ASSIGNED_CONTEXT ( ( #5863, #1728, #2211 ) ) REPRESENTATION_CONTEXT ( 'NONE', 'WORKASPACE' ) );
#1165 = EDGE_LOOP ( 'NONE', ( #4212, #801, #779, #2844, #2950, #2733, #277, #5358 ) ) ;
#1166 = FACE_OUTER_BOUND ( 'NONE', #3110, .T. ) ;
#1167 = ORIENTED_EDGE ( 'NONE', *, *, #1828, .F. ) ;
#1168 = ORIENTED_EDGE ( 'NONE', *, *, #4779, .F. ) ;
#1169 = FACE_OUTER_BOUND ( 'NONE', #5616, .T. ) ;
#1170 = VECTOR ( 'NONE', #5763, 1000.000000000000000 ) ;
#1171 = CARTESIAN_POINT ( 'NONE',  ( -2.700000000000000622, 1.200000000000000178, -1.450000000000001288 ) ) ;
#1172 = CARTESIAN_POINT ( 'NONE',  ( 4.607807737440317908, 6.900000000000000355, -3.550000000000000266 ) ) ;
#1173 = ORIENTED_EDGE ( 'NONE', *, *, #1186, .F. ) ;
#1174 = ORIENTED_EDGE ( 'NONE', *, *, #4285, .T. ) ;
#1175 = CARTESIAN_POINT ( 'NONE',  ( -2.200000000000000622, 1.200000000000000622, 1.279999999999999138 ) ) ;
#1176 = DIRECTION ( 'NONE',  ( 1.000000000000000000, -0.000000000000000000, -0.000000000000000000 ) ) ;
#1177 = CARTESIAN_POINT ( 'NONE',  ( -2.900000000000000799, 0.1499999999999998557, -3.750000000000000000 ) ) ;
#1178 = CARTESIAN_POINT ( 'NONE',  ( -3.000000000000000444, 2.530000000000000249, 0.8199999999999999512 ) ) ;
#1179 = VERTEX_POINT ( 'NONE', #4874 ) ;
#1180 = ORIENTED_EDGE ( 'NONE', *, *, #4409, .F. ) ;
#1181 = EDGE_CURVE ( 'NONE', #1711, #2927, #2277, .T. ) ;
#1182 = SPHERICAL_SURFACE ( 'NONE', #5220, 0.2000000000000000111 ) ;
#1183 = EDGE_LOOP ( 'NONE', ( #857, #5340, #1017, #4581 ) ) ;
#1184 = FILL_AREA_STYLE ('',( #4489 ) ) ;
#1185 = DIRECTION ( 'NONE',  ( 1.000000000000000000, -1.349033386251665073E-16, 0.000000000000000000 ) ) ;
#1186 = EDGE_CURVE ( 'NONE', #610, #994, #3063, .T. ) ;
#1187 = DIRECTION ( 'NONE',  ( 1.000000000000000000, 0.000000000000000000, 0.000000000000000000 ) ) ;
#1188 = CARTESIAN_POINT ( 'NONE',  ( 2.850000000000000533, 0.1499999999999998557, 3.750000000000000000 ) ) ;
#1189 = ORIENTED_EDGE ( 'NONE', *, *, #3223, .T. ) ;
#1190 = EDGE_LOOP ( 'NONE', ( #2047, #3485, #3360, #3067 ) ) ;
#1191 = CARTESIAN_POINT ( 'NONE',  ( 2.200000000000000622, 1.200000000000000622, -3.750000000000000888 ) ) ;
#1192 = EDGE_LOOP ( 'NONE', ( #5661, #3553, #2202, #5734 ) ) ;
#1193 = VERTEX_POINT ( 'NONE', #5755 ) ;
#1194 = PLANE ( 'NONE',  #4069 ) ;
#1195 = EDGE_CURVE ( 'NONE', #5452, #1504, #38, .T. ) ;
#1196 = VECTOR ( 'NONE', #3487, 1000.000000000000000 ) ;
#1197 = DIRECTION ( 'NONE',  ( 0.000000000000000000, 0.000000000000000000, 1.000000000000000000 ) ) ;
#1198 = CYLINDRICAL_SURFACE ( 'NONE', #1312, 0.09999999999999982514 ) ;
#1199 = CARTESIAN_POINT ( 'NONE',  ( -2.900000000000000799, 2.629999999999999449, 3.750000000000000000 ) ) ;
#1200 = ORIENTED_EDGE ( 'NONE', *, *, #894, .T. ) ;
#1201 = ORIENTED_EDGE ( 'NONE', *, *, #3310, .T. ) ;
#1202 = DIRECTION ( 'NONE',  ( -1.000000000000000000, -0.000000000000000000, -0.000000000000000000 ) ) ;
#1203 = DIRECTION ( 'NONE',  ( 1.000000000000000000, 0.000000000000000000, 0.000000000000000000 ) ) ;
#1204 = DIRECTION ( 'NONE',  ( 0.000000000000000000, 3.097720492815727166E-16, -1.000000000000000000 ) ) ;
#1205 = CIRCLE ( 'NONE', #2763, 0.1999999999999999833 ) ;
#1206 = AXIS2_PLACEMENT_3D ( 'NONE', #2830, #1372, #539 ) ;
#1207 = CYLINDRICAL_SURFACE ( 'NONE', #5105, 0.2000000000000000944 ) ;
#1208 = ADVANCED_FACE ( 'NONE', ( #3574 ), #1106, .T. ) ;
#1209 = ORIENTED_EDGE ( 'NONE', *, *, #3968, .F. ) ;
#1210 = EDGE_LOOP ( 'NONE', ( #721, #3426, #2161 ) ) ;
#1211 = LINE ( 'NONE', #2122, #1241 ) ;
#1212 = AXIS2_PLACEMENT_3D ( 'NONE', #4190, #974, #1941 ) ;
#1213 = ORIENTED_EDGE ( 'NONE', *, *, #5904, .T. ) ;
#1214 = VECTOR ( 'NONE', #1670, 1000.000000000000000 ) ;
#1215 = LINE ( 'NONE', #4889, #477 ) ;
#1216 = DIRECTION ( 'NONE',  ( 0.000000000000000000, -1.000000000000000000, 0.000000000000000000 ) ) ;
#1217 = LINE ( 'NONE', #2153, #2452 ) ;
#1218 = EDGE_CURVE ( 'NONE', #154, #405, #3930, .T. ) ;
#1219 = AXIS2_PLACEMENT_3D ( 'NONE', #1093, #4893, #4864 ) ;
#1221 = AXIS2_PLACEMENT_3D ( 'NONE', #5241, #1437, #1006 ) ;
#1220 = FACE_OUTER_BOUND ( 'NONE', #4609, .T. ) ;
#1222 = EDGE_LOOP ( 'NONE', ( #4351, #5351, #5726, #2724 ) ) ;
#1223 = VECTOR ( 'NONE', #4826, 1000.000000000000000 ) ;
#1224 = CARTESIAN_POINT ( 'NONE',  ( -4.607807737440317908, 1.200000000000000178, 3.549999999999998934 ) ) ;
#1225 = EDGE_CURVE ( 'NONE', #5406, #3926, #1599, .T. ) ;
#1226 = ORIENTED_EDGE ( 'NONE', *, *, #4087, .F. ) ;
#1227 = CARTESIAN_POINT ( 'NONE',  ( 3.000000000000000444, 2.530000000000000249, 3.319999999999999840 ) ) ;
#1228 = ORIENTED_EDGE ( 'NONE', *, *, #894, .F. ) ;
#1229 = ORIENTED_EDGE ( 'NONE', *, *, #5463, .T. ) ;
#1230 = DIRECTION ( 'NONE',  ( -1.000000000000000000, 1.161645184805897749E-16, 0.000000000000000000 ) ) ;
#1231 = AXIS2_PLACEMENT_3D ( 'NONE', #3262, #5521, #949 ) ;
#1232 = CARTESIAN_POINT ( 'NONE',  ( -2.900000000000000799, 1.130000000000000115, -1.679999999999999716 ) ) ;
#1233 =( LENGTH_UNIT ( ) NAMED_UNIT ( * ) SI_UNIT ( .MILLI., .METRE. ) );
#1234 = EDGE_CURVE ( 'NONE', #960, #3163, #2961, .T. ) ;
#1235 = VECTOR ( 'NONE', #2606, 1000.000000000000000 ) ;
#1236 = VERTEX_POINT ( 'NONE', #3510 ) ;
#1237 = ORIENTED_EDGE ( 'NONE', *, *, #1310, .T. ) ;
#1238 = DIRECTION ( 'NONE',  ( 1.000000000000000000, -0.000000000000000000, -0.000000000000000000 ) ) ;
#1239 = CARTESIAN_POINT ( 'NONE',  ( -3.000000000000000444, 2.530000000000000249, -3.320000000000000728 ) ) ;
#1240 = DIRECTION ( 'NONE',  ( 0.000000000000000000, 1.000000000000000000, 3.097720492815727166E-16 ) ) ;
#1241 = VECTOR ( 'NONE', #2637, 1000.000000000000000 ) ;
#1242 = DIRECTION ( 'NONE',  ( -1.000000000000000000, -0.000000000000000000, -0.000000000000000000 ) ) ;
#1243 = EDGE_LOOP ( 'NONE', ( #3869, #1800, #1080, #92 ) ) ;
#1244 = VERTEX_POINT ( 'NONE', #5788 ) ;
#1245 = CARTESIAN_POINT ( 'NONE',  ( -3.000000000000000444, 1.130000000000000115, -0.8200000000000012834 ) ) ;
#1246 = VERTEX_POINT ( 'NONE', #5366 ) ;
#1247 = DIRECTION ( 'NONE',  ( -1.000000000000000000, 0.000000000000000000, 0.000000000000000000 ) ) ;
#1248 = CARTESIAN_POINT ( 'NONE',  ( 8.529233760890809535, 6.870000000000000995, 1.049999999999999822 ) ) ;
#1249 = LINE ( 'NONE', #3160, #5088 ) ;
#1250 = DIRECTION ( 'NONE',  ( 0.000000000000000000, 0.000000000000000000, 1.000000000000000000 ) ) ;
#1251 = VERTEX_POINT ( 'NONE', #4415 ) ;
#1252 = AXIS2_PLACEMENT_3D ( 'NONE', #1022, #1507, #1424 ) ;
#1253 = LINE ( 'NONE', #5872, #3444 ) ;
#1254 = LINE ( 'NONE', #2219, #1875 ) ;
#1255 = EDGE_CURVE ( 'NONE', #1711, #1666, #1622, .T. ) ;
#1256 = CARTESIAN_POINT ( 'NONE',  ( 2.200000000000000622, 6.900000000000000355, -3.750000000000000444 ) ) ;
#1257 = AXIS2_PLACEMENT_3D ( 'NONE', #1857, #1090, #5713 ) ;
#1258 = ORIENTED_EDGE ( 'NONE', *, *, #5805, .T. ) ;
#1259 = EDGE_CURVE ( 'NONE', #634, #2010, #2592, .T. ) ;
#1260 = PLANE ( 'NONE',  #280 ) ;
#1261 = VECTOR ( 'NONE', #2969, 1000.000000000000000 ) ;
#1262 = SURFACE_STYLE_FILL_AREA ( #4167 ) ;
#1263 = VECTOR ( 'NONE', #1335, 1000.000000000000000 ) ;
#1264 = DIRECTION ( 'NONE',  ( 0.000000000000000000, 0.000000000000000000, -1.000000000000000000 ) ) ;
#1265 = ORIENTED_EDGE ( 'NONE', *, *, #5267, .T. ) ;
#1266 = ORIENTED_EDGE ( 'NONE', *, *, #2518, .F. ) ;
#1267 = AXIS2_PLACEMENT_3D ( 'NONE', #3002, #3120, #5438 ) ;
#1268 = CARTESIAN_POINT ( 'NONE',  ( -1.800000000000000711, 6.123233995736781751E-18, -3.750000000000000000 ) ) ;
#1269 = PLANE ( 'NONE',  #5865 ) ;
#1270 = LINE ( 'NONE', #4513, #1938 ) ;
#1271 = EDGE_CURVE ( 'NONE', #4952, #4895, #312, .T. ) ;
#1272 = CARTESIAN_POINT ( 'NONE',  ( 3.000000000000000444, 2.629999999999999449, -3.220000000000001528 ) ) ;
#1273 = ORIENTED_EDGE ( 'NONE', *, *, #4403, .F. ) ;
#1274 = ORIENTED_EDGE ( 'NONE', *, *, #2798, .T. ) ;
#1275 = CARTESIAN_POINT ( 'NONE',  ( 2.200000000000000622, 6.870000000000000995, 3.549999999999999822 ) ) ;
#1276 = ORIENTED_EDGE ( 'NONE', *, *, #4631, .T. ) ;
#1277 = DIRECTION ( 'NONE',  ( 0.000000000000000000, 0.000000000000000000, -1.000000000000000000 ) ) ;
#1278 = DIRECTION ( 'NONE',  ( 0.000000000000000000, 1.000000000000000000, 1.470104640658311001E-16 ) ) ;
#1279 = PLANE ( 'NONE',  #5193 ) ;
#1280 = DIRECTION ( 'NONE',  ( 1.000000000000000000, -0.000000000000000000, -0.000000000000000000 ) ) ;
#1281 = EDGE_LOOP ( 'NONE', ( #4589, #3875, #4935, #6 ) ) ;
#1282 = EDGE_CURVE ( 'NONE', #3866, #1504, #4021, .T. ) ;
#1283 = DIRECTION ( 'NONE',  ( 1.000000000000000000, -0.000000000000000000, -0.000000000000000000 ) ) ;
#1284 = CARTESIAN_POINT ( 'NONE',  ( 2.900000000000000799, 1.200000000000000178, 1.049999999999998934 ) ) ;
#1285 = CARTESIAN_POINT ( 'NONE',  ( -2.700000000000000178, 6.700000000000001066, -1.050000000000000044 ) ) ;
#1286 = ADVANCED_FACE ( 'NONE', ( #744 ), #4447, .F. ) ;
#1287 = EDGE_LOOP ( 'NONE', ( #1534, #3612, #683 ) ) ;
#1288 = LINE ( 'NONE', #830, #1829 ) ;
#1289 = FACE_OUTER_BOUND ( 'NONE', #4903, .T. ) ;
#1290 = EDGE_CURVE ( 'NONE', #1111, #4175, #1699, .T. ) ;
#1291 = DIRECTION ( 'NONE',  ( 1.000000000000000000, 0.000000000000000000, 0.000000000000000000 ) ) ;
#1292 = ORIENTED_EDGE ( 'NONE', *, *, #1991, .F. ) ;
#1293 = EDGE_LOOP ( 'NONE', ( #3856, #4588, #4358, #3752 ) ) ;
#1294 = CARTESIAN_POINT ( 'NONE',  ( 2.700000000000000178, 1.000000000000000000, 1.249999999999998890 ) ) ;
#1295 = LINE ( 'NONE', #5034, #4956 ) ;
#1296 = FACE_OUTER_BOUND ( 'NONE', #4244, .T. ) ;
#1297 = AXIS2_PLACEMENT_3D ( 'NONE', #436, #380, #2289 ) ;
#1298 = ORIENTED_EDGE ( 'NONE', *, *, #2821, .T. ) ;
#1299 = EDGE_LOOP ( 'NONE', ( #5032, #2878, #2011, #2386 ) ) ;
#1300 = DIRECTION ( 'NONE',  ( -1.000000000000000000, 0.000000000000000000, 0.000000000000000000 ) ) ;
#1301 = CARTESIAN_POINT ( 'NONE',  ( -3.000000000000000444, 1.030000000000000027, -1.779999999999999361 ) ) ;
#1302 = DIRECTION ( 'NONE',  ( 1.000000000000000000, 0.000000000000000000, 0.000000000000000000 ) ) ;
#1303 = PRESENTATION_LAYER_ASSIGNMENT (  '', '', ( #3236 ) ) ;
#1304 = CIRCLE ( 'NONE', #5668, 0.1999999999999999833 ) ;
#1305 = CARTESIAN_POINT ( 'NONE',  ( -2.200000000000000622, 6.700000000000001066, -1.280000000000000249 ) ) ;
#1306 = PLANE ( 'NONE',  #232 ) ;
#1307 = DIRECTION ( 'NONE',  ( 1.000000000000000000, 0.000000000000000000, -0.000000000000000000 ) ) ;
#1308 = VECTOR ( 'NONE', #3772, 1000.000000000000000 ) ;
#1309 = ORIENTED_EDGE ( 'NONE', *, *, #3072, .F. ) ;
#1310 = EDGE_CURVE ( 'NONE', #4083, #3884, #5402, .T. ) ;
#1311 = CARTESIAN_POINT ( 'NONE',  ( -2.900000000000000799, 6.700000000000001066, 1.449999999999999956 ) ) ;
#1312 = AXIS2_PLACEMENT_3D ( 'NONE', #5024, #1764, #3960 ) ;
#1313 = COLOUR_RGB ( '',0.7921568627450980005, 0.8196078431372548767, 0.9333333333333333481 ) ;
#1314 = DIRECTION ( 'NONE',  ( 0.000000000000000000, 0.000000000000000000, -1.000000000000000000 ) ) ;
#1315 = DIRECTION ( 'NONE',  ( 0.000000000000000000, 0.000000000000000000, -1.000000000000000000 ) ) ;
#1316 = DIRECTION ( 'NONE',  ( -1.000000000000000000, 0.000000000000000000, 0.000000000000000000 ) ) ;
#1317 = VECTOR ( 'NONE', #1643, 1000.000000000000000 ) ;
#1318 = ORIENTED_EDGE ( 'NONE', *, *, #3496, .T. ) ;
#1319 = CARTESIAN_POINT ( 'NONE',  ( 2.200000000000000622, 6.700000000000001066, 1.449999999999999956 ) ) ;
#1320 = EDGE_CURVE ( 'NONE', #4855, #4839, #4508, .T. ) ;
#1321 = AXIS2_PLACEMENT_3D ( 'NONE', #1150, #166, #3399 ) ;
#1322 = SPHERICAL_SURFACE ( 'NONE', #2788, 0.2000000000000000111 ) ;
#1323 = ORIENTED_EDGE ( 'NONE', *, *, #1827, .F. ) ;
#1324 = ORIENTED_EDGE ( 'NONE', *, *, #3923, .T. ) ;
#1325 = CARTESIAN_POINT ( 'NONE',  ( 2.200000000000000622, 1.200000000000000622, -1.280000000000001137 ) ) ;
#1326 = AXIS2_PLACEMENT_3D ( 'NONE', #3989, #1291, #1716 ) ;
#1327 = DIRECTION ( 'NONE',  ( -1.000000000000000000, 0.000000000000000000, 0.000000000000000000 ) ) ;
#1328 = AXIS2_PLACEMENT_3D ( 'NONE', #3751, #861, #4659 ) ;
#1329 = SURFACE_SIDE_STYLE ('',( #1924 ) ) ;
#1330 = EDGE_CURVE ( 'NONE', #154, #347, #1501, .T. ) ;
#1331 = ORIENTED_EDGE ( 'NONE', *, *, #1341, .F. ) ;
#1332 = EDGE_LOOP ( 'NONE', ( #5394, #128, #2573 ) ) ;
#1333 = CARTESIAN_POINT ( 'NONE',  ( 2.200000000000000622, 6.900000000000000355, -1.050000000000000044 ) ) ;
#1334 = CARTESIAN_POINT ( 'NONE',  ( -2.700000000000000622, 6.700000000000001066, 1.049999999999999822 ) ) ;
#1335 = DIRECTION ( 'NONE',  ( 0.000000000000000000, -1.000000000000000000, -0.000000000000000000 ) ) ;
#1336 = EDGE_CURVE ( 'NONE', #4569, #4621, #4802, .T. ) ;
#1337 = VECTOR ( 'NONE', #2855, 1000.000000000000000 ) ;
#1338 = DIRECTION ( 'NONE',  ( 0.000000000000000000, 0.000000000000000000, 1.000000000000000000 ) ) ;
#1339 = DIRECTION ( 'NONE',  ( 0.000000000000000000, -0.000000000000000000, 1.000000000000000000 ) ) ;
#1340 = DIRECTION ( 'NONE',  ( 0.000000000000000000, 0.000000000000000000, -1.000000000000000000 ) ) ;
#1341 = EDGE_CURVE ( 'NONE', #3783, #5127, #3, .T. ) ;
#1342 = VECTOR ( 'NONE', #527, 1000.000000000000000 ) ;
#1343 = VERTEX_POINT ( 'NONE', #4995 ) ;
#1344 = ORIENTED_EDGE ( 'NONE', *, *, #4371, .F. ) ;
#1345 = FACE_OUTER_BOUND ( 'NONE', #3876, .T. ) ;
#1346 = DIRECTION ( 'NONE',  ( -0.000000000000000000, 1.000000000000000000, 2.168404344971008079E-15 ) ) ;
#1347 = ADVANCED_FACE ( 'NONE', ( #5968 ), #800, .T. ) ;
#1348 = CARTESIAN_POINT ( 'NONE',  ( -3.000000000000000444, 2.530000000000000249, -3.320000000000000728 ) ) ;
#1349 = DIRECTION ( 'NONE',  ( 1.000000000000000000, 0.000000000000000000, 0.000000000000000000 ) ) ;
#1350 = CLOSED_SHELL ( 'NONE', ( #2710, #5833, #2868, #2673, #1912, #3858, #2155, #886, #4235, #3296, #3081, #1562, #3146, #4936, #3037, #3259, #3577, #4754 ) ) ;
#1351 = DIRECTION ( 'NONE',  ( 0.000000000000000000, 0.000000000000000000, 1.000000000000000000 ) ) ;
#1352 =( LENGTH_UNIT ( ) NAMED_UNIT ( * ) SI_UNIT ( .MILLI., .METRE. ) );
#1353 = CARTESIAN_POINT ( 'NONE',  ( 1.800000000000000711, 6.123233995736781751E-18, -3.750000000000000000 ) ) ;
#1354 = VERTEX_POINT ( 'NONE', #5086 ) ;
#1355 = ORIENTED_EDGE ( 'NONE', *, *, #2017, .T. ) ;
#1356 = DIRECTION ( 'NONE',  ( 0.000000000000000000, 0.000000000000000000, 1.000000000000000000 ) ) ;
#1357 = CARTESIAN_POINT ( 'NONE',  ( 4.607807737440317908, 6.900000000000000355, 3.750000000000000000 ) ) ;
#1358 = VECTOR ( 'NONE', #5486, 1000.000000000000000 ) ;
#1359 = CARTESIAN_POINT ( 'NONE',  ( -2.700000000000000178, 1.200000000000000622, -3.750000000000000888 ) ) ;
#1360 = AXIS2_PLACEMENT_3D ( 'NONE', #3975, #3557, #4395 ) ;
#1361 = EDGE_LOOP ( 'NONE', ( #4837, #4920, #5591, #4057 ) ) ;
#1362 = ORIENTED_EDGE ( 'NONE', *, *, #5779, .T. ) ;
#1363 = DIRECTION ( 'NONE',  ( 0.000000000000000000, 0.000000000000000000, -1.000000000000000000 ) ) ;
#1364 = ORIENTED_EDGE ( 'NONE', *, *, #3816, .F. ) ;
#1365 = LINE ( 'NONE', #3188, #1263 ) ;
#1366 = CYLINDRICAL_SURFACE ( 'NONE', #3831, 0.09999999999999961697 ) ;
#1367 = FACE_OUTER_BOUND ( 'NONE', #1687, .T. ) ;
#1368 = LINE ( 'NONE', #502, #1609 ) ;
#1369 = EDGE_CURVE ( 'NONE', #785, #67, #2867, .T. ) ;
#1370 = VERTEX_POINT ( 'NONE', #4598 ) ;
#1371 = ORIENTED_EDGE ( 'NONE', *, *, #4768, .T. ) ;
#1372 = DIRECTION ( 'NONE',  ( 1.000000000000000000, 0.000000000000000000, 0.000000000000000000 ) ) ;
#1373 = CARTESIAN_POINT ( 'NONE',  ( 2.200000000000000622, 1.030000000000000027, 1.049999999999998934 ) ) ;
#1374 = CYLINDRICAL_SURFACE ( 'NONE', #3450, 0.09999999999999982514 ) ;
#1375 = PLANE ( 'NONE',  #935 ) ;
#1376 = LINE ( 'NONE', #4596, #1358 ) ;
#1377 = CARTESIAN_POINT ( 'NONE',  ( 2.700000000000000178, 6.900000000000000355, -3.550000000000000266 ) ) ;
#1378 = PLANE ( 'NONE',  #1328 ) ;
#1379 = ORIENTED_EDGE ( 'NONE', *, *, #1704, .T. ) ;
#1380 = ORIENTED_EDGE ( 'NONE', *, *, #4836, .F. ) ;
#1381 = EDGE_CURVE ( 'NONE', #1542, #2323, #3645, .T. ) ;
#1382 = CARTESIAN_POINT ( 'NONE',  ( -2.700000000000000178, 1.000000000000000000, -3.550000000000001155 ) ) ;
#1383 = FACE_OUTER_BOUND ( 'NONE', #1190, .T. ) ;
#1384 = DIRECTION ( 'NONE',  ( -1.000000000000000000, -0.000000000000000000, -0.000000000000000000 ) ) ;
#1385 = ORIENTED_EDGE ( 'NONE', *, *, #1963, .F. ) ;
#1386 = VERTEX_POINT ( 'NONE', #2781 ) ;
#1387 = DIRECTION ( 'NONE',  ( 1.000000000000000000, 0.000000000000000000, -0.000000000000000000 ) ) ;
#1388 = DIRECTION ( 'NONE',  ( 0.000000000000000000, 0.000000000000000000, 1.000000000000000000 ) ) ;
#1389 = DIRECTION ( 'NONE',  ( 1.000000000000000000, -0.000000000000000000, -0.000000000000000000 ) ) ;
#1390 = CARTESIAN_POINT ( 'NONE',  ( -2.700000000000000178, 6.900000000000000355, -1.450000000000000400 ) ) ;
#1391 = AXIS2_PLACEMENT_3D ( 'NONE', #2319, #3206, #4059 ) ;
#1392 = DIRECTION ( 'NONE',  ( 0.000000000000000000, -1.000000000000000000, -0.000000000000000000 ) ) ;
#1393 = ADVANCED_FACE ( 'NONE', ( #2199 ), #5029, .T. ) ;
#1394 = CARTESIAN_POINT ( 'NONE',  ( -3.000000000000000444, 1.030000000000000027, 0.7200000000000006395 ) ) ;
#1395 = ORIENTED_EDGE ( 'NONE', *, *, #5580, .T. ) ;
#1396 = ORIENTED_EDGE ( 'NONE', *, *, #2756, .T. ) ;
#1397 = AXIS2_PLACEMENT_3D ( 'NONE', #4564, #5455, #3596 ) ;
#1398 = CIRCLE ( 'NONE', #3339, 0.09999999999999961697 ) ;
#1399 = ADVANCED_FACE ( 'NONE', ( #4054 ), #2226, .F. ) ;
#1400 = DIRECTION ( 'NONE',  ( -1.000000000000000000, -0.000000000000000000, -0.000000000000000000 ) ) ;
#1401 = DIRECTION ( 'NONE',  ( -0.000000000000000000, 0.000000000000000000, 1.000000000000000000 ) ) ;
#1402 = AXIS2_PLACEMENT_3D ( 'NONE', #1576, #5745, #2542 ) ;
#1404 = AXIS2_PLACEMENT_3D ( 'NONE', #5384, #3100, #5898 ) ;
#1403 = CARTESIAN_POINT ( 'NONE',  ( -2.700000000000000178, 6.900000000000000355, 3.750000000000000000 ) ) ;
#1405 = ORIENTED_EDGE ( 'NONE', *, *, #5620, .F. ) ;
#1406 = PLANE ( 'NONE',  #4142 ) ;
#1407 = ADVANCED_FACE ( 'NONE', ( #1289 ), #1797, .F. ) ;
#1408 = LINE ( 'NONE', #1886, #5538 ) ;
#1409 = AXIS2_PLACEMENT_3D ( 'NONE', #284, #2137, #3987 ) ;
#1410 = MANIFOLD_SOLID_BREP ( 'LPattern1[5]', #4939 ) ;
#1411 = EDGE_CURVE ( 'NONE', #3809, #897, #3690, .T. ) ;
#1412 = CIRCLE ( 'NONE', #137, 0.2000000000000000944 ) ;
#1413 = FACE_OUTER_BOUND ( 'NONE', #1183, .T. ) ;
#1414 = VECTOR ( 'NONE', #2619, 1000.000000000000000 ) ;
#1415 = ORIENTED_EDGE ( 'NONE', *, *, #1045, .T. ) ;
#1416 = EDGE_LOOP ( 'NONE', ( #1152, #3611, #3187 ) ) ;
#1417 = CARTESIAN_POINT ( 'NONE',  ( 2.200000000000000622, 6.900000000000000355, 3.750000000000000000 ) ) ;
#1418 = EDGE_CURVE ( 'NONE', #325, #4215, #5938, .T. ) ;
#1419 = DIRECTION ( 'NONE',  ( -0.000000000000000000, 1.000000000000000000, 3.097720492815727166E-16 ) ) ;
#1420 = VECTOR ( 'NONE', #1561, 1000.000000000000000 ) ;
#1421 = ORIENTED_EDGE ( 'NONE', *, *, #3603, .F. ) ;
#1422 = EDGE_LOOP ( 'NONE', ( #2416, #4999, #2341, #644 ) ) ;
#1423 = DIRECTION ( 'NONE',  ( -1.000000000000000000, 0.000000000000000000, 0.000000000000000000 ) ) ;
#1424 = DIRECTION ( 'NONE',  ( 0.000000000000000000, 0.000000000000000000, 1.000000000000000000 ) ) ;
#1425 = AXIS2_PLACEMENT_3D ( 'NONE', #4470, #3955, #3019 ) ;
#1426 = DIRECTION ( 'NONE',  ( -1.000000000000000000, -0.000000000000000000, -0.000000000000000000 ) ) ;
#1427 = DIRECTION ( 'NONE',  ( 0.000000000000000000, 1.000000000000000000, 0.000000000000000000 ) ) ;
#1428 = EDGE_LOOP ( 'NONE', ( #2288, #5265, #1200, #4144 ) ) ;
#1429 = CARTESIAN_POINT ( 'NONE',  ( -2.200000000000000622, 6.123233995736781751E-18, 1.249999999999999778 ) ) ;
#1430 = AXIS2_PLACEMENT_3D ( 'NONE', #324, #5445, #3973 ) ;
#1431 = ORIENTED_EDGE ( 'NONE', *, *, #1225, .F. ) ;
#1432 = CARTESIAN_POINT ( 'NONE',  ( 8.529233760890809535, 6.700000000000001066, -1.280000000000000249 ) ) ;
#1433 = CYLINDRICAL_SURFACE ( 'NONE', #1782, 0.09999999999999982514 ) ;
#1434 = AXIS2_PLACEMENT_3D ( 'NONE', #3701, #4178, #1779 ) ;
#1435 = CARTESIAN_POINT ( 'NONE',  ( -2.900000000000000799, 2.629999999999999449, 3.220000000000000639 ) ) ;
#1436 = CARTESIAN_POINT ( 'NONE',  ( 2.900000000000000799, 0.1499999999999998557, 3.320000000000000284 ) ) ;
#1437 = DIRECTION ( 'NONE',  ( -1.000000000000000000, 0.000000000000000000, 0.000000000000000000 ) ) ;
#1438 = DIRECTION ( 'NONE',  ( 1.000000000000000000, -0.000000000000000000, -0.000000000000000000 ) ) ;
#1439 = EDGE_CURVE ( 'NONE', #3759, #2708, #732, .T. ) ;
#1440 = ORIENTED_EDGE ( 'NONE', *, *, #3597, .T. ) ;
#1441 = VERTEX_POINT ( 'NONE', #63 ) ;
#1442 = LINE ( 'NONE', #1417, #5957 ) ;
#1443 = CIRCLE ( 'NONE', #3880, 0.2000000000000000944 ) ;
#1444 = EDGE_CURVE ( 'NONE', #1504, #1724, #1040, .T. ) ;
#1445 = DIRECTION ( 'NONE',  ( -1.000000000000000000, 0.000000000000000000, 0.000000000000000000 ) ) ;
#1446 = VERTEX_POINT ( 'NONE', #88 ) ;
#1447 = VERTEX_POINT ( 'NONE', #2454 ) ;
#1448 = AXIS2_PLACEMENT_3D ( 'NONE', #216, #1103, #2108 ) ;
#1449 = CARTESIAN_POINT ( 'NONE',  ( -3.000000000000000444, 2.629999999999999449, -3.220000000000001084 ) ) ;
#1450 = DIRECTION ( 'NONE',  ( 1.000000000000000000, -0.000000000000000000, -0.000000000000000000 ) ) ;
#1451 = CARTESIAN_POINT ( 'NONE',  ( -3.000000000000000444, 1.030000000000000027, 0.7200000000000006395 ) ) ;
#1452 = ADVANCED_FACE ( 'NONE', ( #947 ), #3380, .T. ) ;
#1453 = DIRECTION ( 'NONE',  ( 0.000000000000000000, 0.000000000000000000, 1.000000000000000000 ) ) ;
#1454 = VECTOR ( 'NONE', #1930, 1000.000000000000000 ) ;
#1455 = CARTESIAN_POINT ( 'NONE',  ( -2.900000000000000799, 1.130000000000000115, 1.779999999999999138 ) ) ;
#1456 = ORIENTED_EDGE ( 'NONE', *, *, #5502, .T. ) ;
#1457 = DIRECTION ( 'NONE',  ( 0.000000000000000000, 0.000000000000000000, 1.000000000000000000 ) ) ;
#1458 = MANIFOLD_SOLID_BREP ( 'LPattern1[1]', #1350 ) ;
#1459 = LINE ( 'NONE', #4368, #3085 ) ;
#1460 = EDGE_LOOP ( 'NONE', ( #4552, #418, #4781, #3699 ) ) ;
#1461 = ADVANCED_FACE ( 'NONE', ( #2339 ), #5148, .T. ) ;
#1462 = FACE_OUTER_BOUND ( 'NONE', #5389, .T. ) ;
#1463 = DIRECTION ( 'NONE',  ( 0.000000000000000000, -1.102578480493733066E-16, 1.000000000000000000 ) ) ;
#1464 = FACE_OUTER_BOUND ( 'NONE', #1165, .T. ) ;
#1465 = ADVANCED_FACE ( 'NONE', ( #1464 ), #5609, .T. ) ;
#1466 = DIRECTION ( 'NONE',  ( 1.000000000000000000, -0.000000000000000000, -0.000000000000000000 ) ) ;
#1467 = ORIENTED_EDGE ( 'NONE', *, *, #2707, .F. ) ;
#1468 = VERTEX_POINT ( 'NONE', #3317 ) ;
#1469 = LINE ( 'NONE', #94, #1580 ) ;
#1470 = APPLICATION_PROTOCOL_DEFINITION ( 'draft international standard', 'automotive_design', 1998, #4559 ) ;
#1471 = EDGE_CURVE ( 'NONE', #3535, #2139, #3805, .T. ) ;
#1472 = MANIFOLD_SOLID_BREP ( 'Mirror1[2]', #4548 ) ;
#1473 = CARTESIAN_POINT ( 'NONE',  ( -2.200000000000000622, 6.700000000000001066, 3.719999999999999751 ) ) ;
#1474 = VERTEX_POINT ( 'NONE', #5723 ) ;
#1475 = EDGE_LOOP ( 'NONE', ( #5378, #3495, #5369, #4458 ) ) ;
#1476 = EDGE_CURVE ( 'NONE', #1343, #4569, #3835, .T. ) ;
#1477 = CARTESIAN_POINT ( 'NONE',  ( -2.700000000000000178, 6.700000000000001066, 1.249999999999999778 ) ) ;
#1478 = DIRECTION ( 'NONE',  ( 1.000000000000000000, -0.000000000000000000, -0.000000000000000000 ) ) ;
#1479 = DIRECTION ( 'NONE',  ( 1.000000000000000000, -0.000000000000000000, -0.000000000000000000 ) ) ;
#1480 = DIRECTION ( 'NONE',  ( 0.000000000000000000, 0.000000000000000000, 1.000000000000000000 ) ) ;
#1481 = DIRECTION ( 'NONE',  ( 1.000000000000000000, -0.000000000000000000, -0.000000000000000000 ) ) ;
#1482 = ORIENTED_EDGE ( 'NONE', *, *, #462, .F. ) ;
#1483 = LINE ( 'NONE', #5625, #4788 ) ;
#1484 = DIRECTION ( 'NONE',  ( 0.000000000000000000, 1.577021341797097314E-16, -1.000000000000000000 ) ) ;
#1485 = EDGE_LOOP ( 'NONE', ( #1415, #923, #2758, #5275 ) ) ;
#1486 = CARTESIAN_POINT ( 'NONE',  ( -2.900000000000000799, 6.700000000000001066, -1.450000000000000400 ) ) ;
#1487 = DIRECTION ( 'NONE',  ( 0.000000000000000000, 0.000000000000000000, -1.000000000000000000 ) ) ;
#1488 = LINE ( 'NONE', #5208, #3062 ) ;
#1489 = EDGE_CURVE ( 'NONE', #4839, #2307, #1579, .T. ) ;
#1490 = VECTOR ( 'NONE', #4450, 1000.000000000000000 ) ;
#1491 = VECTOR ( 'NONE', #5953, 1000.000000000000000 ) ;
#1492 = VECTOR ( 'NONE', #4272, 1000.000000000000000 ) ;
#1493 = CARTESIAN_POINT ( 'NONE',  ( 2.850000000000000533, 0.09999999999999979738, 3.750000000000000000 ) ) ;
#1494 = AXIS2_PLACEMENT_3D ( 'NONE', #2383, #5071, #6015 ) ;
#1495 = ORIENTED_EDGE ( 'NONE', *, *, #1000, .F. ) ;
#1496 = VECTOR ( 'NONE', #1560, 1000.000000000000000 ) ;
#1497 = ORIENTED_EDGE ( 'NONE', *, *, #4836, .T. ) ;
#1498 = DIRECTION ( 'NONE',  ( -0.000000000000000000, 0.000000000000000000, 1.000000000000000000 ) ) ;
#1499 = EDGE_CURVE ( 'NONE', #5152, #4061, #5359, .T. ) ;
#1500 = DIRECTION ( 'NONE',  ( 1.000000000000000000, 0.000000000000000000, 0.000000000000000000 ) ) ;
#1501 = CIRCLE ( 'NONE', #5296, 0.2000000000000000944 ) ;
#1502 = CARTESIAN_POINT ( 'NONE',  ( 2.900000000000000799, -5.218871474337001921E-16, 3.549999999999998934 ) ) ;
#1503 = ORIENTED_EDGE ( 'NONE', *, *, #889, .F. ) ;
#1504 = VERTEX_POINT ( 'NONE', #736 ) ;
#1505 = LINE ( 'NONE', #1449, #3953 ) ;
#1506 = AXIS2_PLACEMENT_3D ( 'NONE', #2913, #2477, #3907 ) ;
#1507 = DIRECTION ( 'NONE',  ( -1.000000000000000000, 0.000000000000000000, 0.000000000000000000 ) ) ;
#1508 = CARTESIAN_POINT ( 'NONE',  ( -3.000000000000000444, 2.629999999999999449, 0.7200000000000006395 ) ) ;
#1509 = EDGE_CURVE ( 'NONE', #2016, #3972, #5282, .T. ) ;
#1510 = EDGE_CURVE ( 'NONE', #2355, #3058, #1119, .T. ) ;
#1511 = DIRECTION ( 'NONE',  ( 1.000000000000000000, -0.000000000000000000, -0.000000000000000000 ) ) ;
#1512 = AXIS2_PLACEMENT_3D ( 'NONE', #451, #5595, #5165 ) ;
#1513 = FACE_OUTER_BOUND ( 'NONE', #4017, .T. ) ;
#1514 = ORIENTED_EDGE ( 'NONE', *, *, #3149, .F. ) ;
#1515 = CARTESIAN_POINT ( 'NONE',  ( 2.200000000000000622, 1.200000000000000622, -3.720000000000001084 ) ) ;
#1516 = MANIFOLD_SOLID_BREP ( 'Fillet1', #1734 ) ;
#1517 = EDGE_CURVE ( 'NONE', #2638, #5037, #2987, .T. ) ;
#1518 = CARTESIAN_POINT ( 'NONE',  ( 8.529233760890809535, 6.700000000000001066, -1.280000000000000249 ) ) ;
#1519 = VERTEX_POINT ( 'NONE', #4838 ) ;
#1520 = VECTOR ( 'NONE', #1419, 1000.000000000000000 ) ;
#1521 = FACE_OUTER_BOUND ( 'NONE', #3974, .T. ) ;
#1522 = DIRECTION ( 'NONE',  ( 1.000000000000000000, 0.000000000000000000, 0.000000000000000000 ) ) ;
#1523 = CARTESIAN_POINT ( 'NONE',  ( -1.800000000000000711, 6.123233995736781751E-18, 3.750000000000000000 ) ) ;
#1524 = AXIS2_PLACEMENT_3D ( 'NONE', #4933, #4499, #5429 ) ;
#1525 = ORIENTED_EDGE ( 'NONE', *, *, #2833, .T. ) ;
#1526 = MANIFOLD_SOLID_BREP ( 'Boss-Extrude3', #3000 ) ;
#1527 = EDGE_CURVE ( 'NONE', #4357, #4089, #2006, .T. ) ;
#1528 = VECTOR ( 'NONE', #4792, 1000.000000000000000 ) ;
#1529 = CARTESIAN_POINT ( 'NONE',  ( 4.607807737440317908, 6.700000000000001066, -1.250000000000000222 ) ) ;
#1530 = ORIENTED_EDGE ( 'NONE', *, *, #2062, .T. ) ;
#1531 = ORIENTED_EDGE ( 'NONE', *, *, #5498, .T. ) ;
#1532 = CARTESIAN_POINT ( 'NONE',  ( 3.000000000000000444, 1.030000000000000027, 1.779999999999999138 ) ) ;
#1533 = DIRECTION ( 'NONE',  ( 0.000000000000000000, 0.000000000000000000, 1.000000000000000000 ) ) ;
#1534 = ORIENTED_EDGE ( 'NONE', *, *, #3756, .T. ) ;
#1535 = EDGE_LOOP ( 'NONE', ( #1777, #3927, #152, #4321 ) ) ;
#1536 = CARTESIAN_POINT ( 'NONE',  ( 2.700000000000000178, 6.900000000000000355, -3.550000000000000266 ) ) ;
#1537 = DIRECTION ( 'NONE',  ( 0.000000000000000000, 0.000000000000000000, 1.000000000000000000 ) ) ;
#1538 = CARTESIAN_POINT ( 'NONE',  ( 2.700000000000000178, 1.200000000000000178, 3.749999999999999112 ) ) ;
#1539 = DIRECTION ( 'NONE',  ( -1.000000000000000000, -0.000000000000000000, -0.000000000000000000 ) ) ;
#1540 = EDGE_CURVE ( 'NONE', #4394, #1718, #3532, .T. ) ;
#1541 = VECTOR ( 'NONE', #4382, 1000.000000000000000 ) ;
#1542 = VERTEX_POINT ( 'NONE', #5544 ) ;
#1543 = DIRECTION ( 'NONE',  ( 1.000000000000000000, 0.000000000000000000, 0.000000000000000000 ) ) ;
#1544 = DIRECTION ( 'NONE',  ( 0.000000000000000000, 0.000000000000000000, 1.000000000000000000 ) ) ;
#1545 = ORIENTED_EDGE ( 'NONE', *, *, #2725, .T. ) ;
#1546 = SURFACE_STYLE_FILL_AREA ( #173 ) ;
#1547 = COLOUR_RGB ( '',0.7921568627450980005, 0.8196078431372548767, 0.9333333333333333481 ) ;
#1548 = DIRECTION ( 'NONE',  ( -1.000000000000000000, -0.000000000000000000, -0.000000000000000000 ) ) ;
#1549 = DIRECTION ( 'NONE',  ( 0.000000000000000000, 0.000000000000000000, 1.000000000000000000 ) ) ;
#1550 = EDGE_CURVE ( 'NONE', #201, #3883, #1821, .T. ) ;
#1551 = DIRECTION ( 'NONE',  ( 1.000000000000000000, 0.000000000000000000, 0.000000000000000000 ) ) ;
#1552 = ORIENTED_EDGE ( 'NONE', *, *, #2893, .F. ) ;
#1553 = DIRECTION ( 'NONE',  ( 1.000000000000000000, 0.000000000000000000, 0.000000000000000000 ) ) ;
#1554 = EDGE_LOOP ( 'NONE', ( #4886, #1118, #5443, #581 ) ) ;
#1555 = DIRECTION ( 'NONE',  ( -1.000000000000000000, 0.000000000000000000, 0.000000000000000000 ) ) ;
#1556 = VERTEX_POINT ( 'NONE', #1373 ) ;
#1557 = ORIENTED_EDGE ( 'NONE', *, *, #148, .F. ) ;
#1558 = DIRECTION ( 'NONE',  ( 0.000000000000000000, -1.000000000000000000, -1.102578480493733066E-16 ) ) ;
#1559 = FILL_AREA_STYLE ('',( #5182 ) ) ;
#1560 = DIRECTION ( 'NONE',  ( 1.000000000000000000, -0.000000000000000000, -0.000000000000000000 ) ) ;
#1561 = DIRECTION ( 'NONE',  ( 1.000000000000000000, -0.000000000000000000, -0.000000000000000000 ) ) ;
#1562 = ADVANCED_FACE ( 'NONE', ( #398 ), #3656, .T. ) ;
#1563 = ORIENTED_EDGE ( 'NONE', *, *, #4639, .T. ) ;
#1564 = VERTEX_POINT ( 'NONE', #5906 ) ;
#1565 = DIRECTION ( 'NONE',  ( 1.000000000000000000, -0.000000000000000000, -0.000000000000000000 ) ) ;
#1566 = CARTESIAN_POINT ( 'NONE',  ( 4.607807737440317908, 1.200000000000000622, -1.250000000000001110 ) ) ;
#1567 = DIRECTION ( 'NONE',  ( 0.000000000000000000, 1.577021341797097314E-16, -1.000000000000000000 ) ) ;
#1568 = FACE_OUTER_BOUND ( 'NONE', #1422, .T. ) ;
#1569 = EDGE_LOOP ( 'NONE', ( #503, #11, #2769, #1395 ) ) ;
#1570 = ORIENTED_EDGE ( 'NONE', *, *, #5473, .T. ) ;
#1571 = CARTESIAN_POINT ( 'NONE',  ( -2.200000000000000622, 1.200000000000000622, 1.249999999999998890 ) ) ;
#1572 = EDGE_LOOP ( 'NONE', ( #3033, #4380, #2459, #654 ) ) ;
#1573 = DIRECTION ( 'NONE',  ( -1.000000000000000000, 0.000000000000000000, 0.000000000000000000 ) ) ;
#1574 = EDGE_CURVE ( 'NONE', #2317, #5813, #907, .T. ) ;
#1575 = CARTESIAN_POINT ( 'NONE',  ( -2.700000000000000178, 1.200000000000000178, -1.450000000000001288 ) ) ;
#1576 = CARTESIAN_POINT ( 'NONE',  ( -2.200000000000000622, 1.200000000000000622, -1.050000000000000711 ) ) ;
#1577 = CARTESIAN_POINT ( 'NONE',  ( -2.700000000000000622, 1.200000000000000178, -3.550000000000001155 ) ) ;
#1578 = ORIENTED_EDGE ( 'NONE', *, *, #69, .T. ) ;
#1579 = LINE ( 'NONE', #702, #1414 ) ;
#1580 = VECTOR ( 'NONE', #3719, 1000.000000000000000 ) ;
#1581 = EDGE_CURVE ( 'NONE', #3194, #567, #911, .T. ) ;
#1582 = ORIENTED_EDGE ( 'NONE', *, *, #1330, .F. ) ;
#1583 = DIRECTION ( 'NONE',  ( -1.000000000000000000, -0.000000000000000000, -0.000000000000000000 ) ) ;
#1584 = VERTEX_POINT ( 'NONE', #5021 ) ;
#1585 = ORIENTED_EDGE ( 'NONE', *, *, #4072, .T. ) ;
#1586 = ADVANCED_FACE ( 'NONE', ( #2646 ), #306, .F. ) ;
#1587 = CARTESIAN_POINT ( 'NONE',  ( 2.200000000000000622, 6.700000000000001066, 1.249999999999999778 ) ) ;
#1588 = AXIS2_PLACEMENT_3D ( 'NONE', #4100, #1792, #337 ) ;
#1589 = CIRCLE ( 'NONE', #5382, 0.1000000000000002554 ) ;
#1590 = DIRECTION ( 'NONE',  ( -1.000000000000000000, -0.000000000000000000, -0.000000000000000000 ) ) ;
#1591 = VECTOR ( 'NONE', #1127, 1000.000000000000000 ) ;
#1592 = AXIS2_PLACEMENT_3D ( 'NONE', #3376, #1967, #5716 ) ;
#1593 = ORIENTED_EDGE ( 'NONE', *, *, #108, .T. ) ;
#1594 = VERTEX_POINT ( 'NONE', #3196 ) ;
#1595 = DIRECTION ( 'NONE',  ( -0.000000000000000000, 1.000000000000000000, -0.000000000000000000 ) ) ;
#1596 = DIRECTION ( 'NONE',  ( -0.000000000000000000, 1.000000000000000000, 3.097720492815727166E-16 ) ) ;
#1597 = FACE_OUTER_BOUND ( 'NONE', #3183, .T. ) ;
#1598 = VECTOR ( 'NONE', #1932, 1000.000000000000000 ) ;
#1599 = CIRCLE ( 'NONE', #3446, 0.2000000000000000944 ) ;
#1600 = EDGE_CURVE ( 'NONE', #72, #3163, #4200, .T. ) ;
#1601 = DIRECTION ( 'NONE',  ( 0.000000000000000000, 1.000000000000000000, -0.000000000000000000 ) ) ;
#1602 = VECTOR ( 'NONE', #1340, 1000.000000000000000 ) ;
#1603 = ORIENTED_EDGE ( 'NONE', *, *, #1133, .T. ) ;
#1604 = ORIENTED_EDGE ( 'NONE', *, *, #1804, .T. ) ;
#1605 = LINE ( 'NONE', #2180, #2889 ) ;
#1606 = ORIENTED_EDGE ( 'NONE', *, *, #571, .T. ) ;
#1607 = SURFACE_STYLE_USAGE ( .BOTH. , #5743 ) ;
#1608 = CARTESIAN_POINT ( 'NONE',  ( 8.529233760890809535, 6.870000000000000995, 1.449999999999999956 ) ) ;
#1609 = VECTOR ( 'NONE', #4647, 1000.000000000000000 ) ;
#1610 = LINE ( 'NONE', #4309, #31 ) ;
#1611 = CYLINDRICAL_SURFACE ( 'NONE', #2676, 0.2000000000000000944 ) ;
#1612 = EDGE_LOOP ( 'NONE', ( #2819, #1771, #5877, #4960 ) ) ;
#1613 = VECTOR ( 'NONE', #1384, 1000.000000000000000 ) ;
#1614 =( NAMED_UNIT ( * ) PLANE_ANGLE_UNIT ( ) SI_UNIT ( $, .RADIAN. ) );
#1615 = CIRCLE ( 'NONE', #1805, 0.2000000000000000944 ) ;
#1616 = ORIENTED_EDGE ( 'NONE', *, *, #3603, .T. ) ;
#1617 = CARTESIAN_POINT ( 'NONE',  ( -3.000000000000000444, 1.130000000000000115, -0.7200000000000009726 ) ) ;
#1618 = ORIENTED_EDGE ( 'NONE', *, *, #1069, .F. ) ;
#1619 = EDGE_LOOP ( 'NONE', ( #1120, #309, #2588 ) ) ;
#1620 = LINE ( 'NONE', #2012, #5240 ) ;
#1621 = AXIS2_PLACEMENT_3D ( 'NONE', #1518, #1484, #1996 ) ;
#1622 = LINE ( 'NONE', #650, #3550 ) ;
#1623 = DIRECTION ( 'NONE',  ( -1.000000000000000000, 0.000000000000000000, 0.000000000000000000 ) ) ;
#1624 = ADVANCED_FACE ( 'NONE', ( #2246 ), #4047, .T. ) ;
#1625 = VECTOR ( 'NONE', #5190, 1000.000000000000000 ) ;
#1626 = DIRECTION ( 'NONE',  ( -0.000000000000000000, -0.000000000000000000, -1.000000000000000000 ) ) ;
#1627 = ORIENTED_EDGE ( 'NONE', *, *, #207, .T. ) ;
#1628 = VERTEX_POINT ( 'NONE', #1284 ) ;
#1629 = CARTESIAN_POINT ( 'NONE',  ( -3.000000000000000444, 2.530000000000000249, -0.8200000000000008393 ) ) ;
#1630 = FACE_OUTER_BOUND ( 'NONE', #1554, .T. ) ;
#1631 = CYLINDRICAL_SURFACE ( 'NONE', #1267, 0.1700000000000000122 ) ;
#1632 = ADVANCED_FACE ( 'NONE', ( #2158 ), #422, .F. ) ;
#1633 = DIRECTION ( 'NONE',  ( 0.000000000000000000, 0.000000000000000000, 1.000000000000000000 ) ) ;
#1634 = EDGE_LOOP ( 'NONE', ( #3047, #2004, #5823, #4877 ) ) ;
#1635 = VERTEX_POINT ( 'NONE', #824 ) ;
#1636 = ADVANCED_FACE ( 'NONE', ( #4134, #4496, #5873, #2681 ), #367, .F. ) ;
#1637 = CARTESIAN_POINT ( 'NONE',  ( 2.700000000000000622, 1.200000000000000178, -1.450000000000001288 ) ) ;
#1638 = ORIENTED_EDGE ( 'NONE', *, *, #2141, .T. ) ;
#1639 = CARTESIAN_POINT ( 'NONE',  ( -2.700000000000000178, 6.700000000000001066, 1.249999999999999778 ) ) ;
#1640 = DIRECTION ( 'NONE',  ( 1.000000000000000000, 0.000000000000000000, 0.000000000000000000 ) ) ;
#1641 = AXIS2_PLACEMENT_3D ( 'NONE', #561, #5130, #2435 ) ;
#1642 = CYLINDRICAL_SURFACE ( 'NONE', #4993, 0.1700000000000000122 ) ;
#1643 = DIRECTION ( 'NONE',  ( 0.000000000000000000, 0.000000000000000000, -1.000000000000000000 ) ) ;
#1644 = ORIENTED_EDGE ( 'NONE', *, *, #4359, .F. ) ;
#1645 = EDGE_CURVE ( 'NONE', #2042, #3414, #1254, .T. ) ;
#1646 = CIRCLE ( 'NONE', #2223, 0.09999999999999982514 ) ;
#1647 =( LENGTH_UNIT ( ) NAMED_UNIT ( * ) SI_UNIT ( .MILLI., .METRE. ) );
#1648 = AXIS2_PLACEMENT_3D ( 'NONE', #3394, #1567, #5673 ) ;
#1649 = ORIENTED_EDGE ( 'NONE', *, *, #5639, .F. ) ;
#1650 = CARTESIAN_POINT ( 'NONE',  ( -2.200000000000000622, 1.030000000000000027, -1.050000000000000933 ) ) ;
#1651 = ORIENTED_EDGE ( 'NONE', *, *, #859, .F. ) ;
#1652 = VERTEX_POINT ( 'NONE', #5932 ) ;
#1653 = DIRECTION ( 'NONE',  ( 0.000000000000000000, -1.000000000000000000, -1.102578480493733066E-16 ) ) ;
#1655 = ADVANCED_FACE ( 'NONE', ( #5052 ), #1763, .F. ) ;
#1654 = CARTESIAN_POINT ( 'NONE',  ( 8.529233760890809535, 6.700000000000001066, 1.449999999999999956 ) ) ;
#1656 = LINE ( 'NONE', #825, #1115 ) ;
#1657 = DIRECTION ( 'NONE',  ( -0.000000000000000000, -0.000000000000000000, -1.000000000000000000 ) ) ;
#1658 = ORIENTED_EDGE ( 'NONE', *, *, #699, .F. ) ;
#1659 = ORIENTED_EDGE ( 'NONE', *, *, #1195, .F. ) ;
#1660 = CARTESIAN_POINT ( 'NONE',  ( 2.850000000000000533, -1.355252715606880543E-16, 3.750000000000000000 ) ) ;
#1661 = CARTESIAN_POINT ( 'NONE',  ( -2.700000000000000622, 1.200000000000000178, 1.449999999999999289 ) ) ;
#1662 = DIRECTION ( 'NONE',  ( 1.000000000000000000, -0.000000000000000000, -0.000000000000000000 ) ) ;
#1663 = EDGE_CURVE ( 'NONE', #3279, #665, #3165, .T. ) ;
#1664 = CARTESIAN_POINT ( 'NONE',  ( 4.607807737440317908, 6.900000000000000355, 1.249999999999999778 ) ) ;
#1665 = ORIENTED_EDGE ( 'NONE', *, *, #2426, .F. ) ;
#1666 = VERTEX_POINT ( 'NONE', #4591 ) ;
#1667 = PLANE ( 'NONE',  #5897 ) ;
#1668 = EDGE_LOOP ( 'NONE', ( #1552, #71, #1134, #4448 ) ) ;
#1669 = DIRECTION ( 'NONE',  ( 1.000000000000000000, 0.000000000000000000, -0.000000000000000000 ) ) ;
#1670 = DIRECTION ( 'NONE',  ( -1.000000000000000000, 0.000000000000000000, 0.000000000000000000 ) ) ;
#1671 = CARTESIAN_POINT ( 'NONE',  ( -2.200000000000000622, 6.900000000000000355, 3.750000000000000000 ) ) ;
#1672 = CARTESIAN_POINT ( 'NONE',  ( -2.200000000000000622, 6.700000000000001066, 3.549999999999999822 ) ) ;
#1673 = EDGE_LOOP ( 'NONE', ( #1180, #2597, #2596, #1189 ) ) ;
#1674 = DIRECTION ( 'NONE',  ( 1.000000000000000000, -0.000000000000000000, -0.000000000000000000 ) ) ;
#1675 = EDGE_CURVE ( 'NONE', #1089, #2377, #1066, .T. ) ;
#1676 = ORIENTED_EDGE ( 'NONE', *, *, #2854, .T. ) ;
#1677 = PLANE ( 'NONE',  #1425 ) ;
#1678 = ORIENTED_EDGE ( 'NONE', *, *, #5076, .T. ) ;
#1679 = VERTEX_POINT ( 'NONE', #483 ) ;
#1680 = DIRECTION ( 'NONE',  ( 0.000000000000000000, 0.000000000000000000, 1.000000000000000000 ) ) ;
#1681 = VECTOR ( 'NONE', #5033, 1000.000000000000000 ) ;
#1682 = DIRECTION ( 'NONE',  ( -0.000000000000000000, -0.000000000000000000, 1.000000000000000000 ) ) ;
#1683 = FILL_AREA_STYLE ('',( #5433 ) ) ;
#1684 = AXIS2_PLACEMENT_3D ( 'NONE', #5842, #3440, #4406 ) ;
#1685 = ORIENTED_EDGE ( 'NONE', *, *, #5969, .F. ) ;
#1686 = AXIS2_PLACEMENT_3D ( 'NONE', #3029, #292, #5344 ) ;
#1687 = EDGE_LOOP ( 'NONE', ( #5341, #107, #4305, #4983 ) ) ;
#1688 = ADVANCED_FACE ( 'NONE', ( #2334 ), #1433, .F. ) ;
#1689 = DIRECTION ( 'NONE',  ( -1.000000000000000000, 0.000000000000000000, 0.000000000000000000 ) ) ;
#1690 = CARTESIAN_POINT ( 'NONE',  ( 2.200000000000000622, 1.200000000000000178, -1.450000000000001288 ) ) ;
#1691 = CARTESIAN_POINT ( 'NONE',  ( 2.200000000000000622, 1.000000000000000000, -1.250000000000001110 ) ) ;
#1692 = VECTOR ( 'NONE', #144, 1000.000000000000000 ) ;
#1693 = CARTESIAN_POINT ( 'NONE',  ( 8.529233760890809535, 6.870000000000000995, -1.050000000000000044 ) ) ;
#1694 = EDGE_LOOP ( 'NONE', ( #929, #1011, #3709, #2450 ) ) ;
#1695 = ORIENTED_EDGE ( 'NONE', *, *, #3813, .F. ) ;
#1696 = DIRECTION ( 'NONE',  ( 0.000000000000000000, 0.000000000000000000, 1.000000000000000000 ) ) ;
#1697 = AXIS2_PLACEMENT_3D ( 'NONE', #1224, #4563, #795 ) ;
#1698 = ORIENTED_EDGE ( 'NONE', *, *, #4964, .F. ) ;
#1699 = CIRCLE ( 'NONE', #1888, 0.2000000000000000944 ) ;
#1700 = CARTESIAN_POINT ( 'NONE',  ( 2.700000000000000622, 6.700000000000001066, -3.550000000000000266 ) ) ;
#1701 = FACE_OUTER_BOUND ( 'NONE', #4929, .T. ) ;
#1702 = CARTESIAN_POINT ( 'NONE',  ( -3.000000000000000444, 2.629999999999999449, 1.779999999999999138 ) ) ;
#1703 = CARTESIAN_POINT ( 'NONE',  ( 2.200000000000000622, 1.030000000000000027, 1.049999999999998934 ) ) ;
#1704 = EDGE_CURVE ( 'NONE', #5657, #755, #5764, .T. ) ;
#1705 = EDGE_LOOP ( 'NONE', ( #4819, #4274, #3413 ) ) ;
#1706 = AXIS2_PLACEMENT_3D ( 'NONE', #3425, #3367, #5229 ) ;
#1707 = ADVANCED_FACE ( 'NONE', ( #2392 ), #5109, .T. ) ;
#1708 = CARTESIAN_POINT ( 'NONE',  ( -3.000000000000000444, 1.030000000000000027, -0.7200000000000009726 ) ) ;
#1709 = DIRECTION ( 'NONE',  ( 1.000000000000000000, -0.000000000000000000, -0.000000000000000000 ) ) ;
#1710 = CARTESIAN_POINT ( 'NONE',  ( -2.700000000000000178, 1.000000000000000000, 1.449999999999999289 ) ) ;
#1711 = VERTEX_POINT ( 'NONE', #540 ) ;
#1712 = ADVANCED_FACE ( 'NONE', ( #5142 ), #5655, .F. ) ;
#1713 = FACE_OUTER_BOUND ( 'NONE', #3971, .T. ) ;
#1714 = VECTOR ( 'NONE', #2837, 1000.000000000000000 ) ;
#1715 = DIRECTION ( 'NONE',  ( 0.000000000000000000, 0.000000000000000000, -1.000000000000000000 ) ) ;
#1716 = DIRECTION ( 'NONE',  ( 0.000000000000000000, 0.000000000000000000, -1.000000000000000000 ) ) ;
#1717 = AXIS2_PLACEMENT_3D ( 'NONE', #4654, #5079, #915 ) ;
#1718 = VERTEX_POINT ( 'NONE', #508 ) ;
#1719 = EDGE_LOOP ( 'NONE', ( #2353, #4320, #1265, #559 ) ) ;
#1720 = CARTESIAN_POINT ( 'NONE',  ( -4.607807737440317908, 6.900000000000000355, 3.750000000000000000 ) ) ;
#1721 = FACE_OUTER_BOUND ( 'NONE', #1572, .T. ) ;
#1722 = FACE_OUTER_BOUND ( 'NONE', #3447, .T. ) ;
#1723 = DIRECTION ( 'NONE',  ( 0.000000000000000000, -0.000000000000000000, -1.000000000000000000 ) ) ;
#1724 = VERTEX_POINT ( 'NONE', #4712 ) ;
#1725 = ORIENTED_EDGE ( 'NONE', *, *, #5131, .F. ) ;
#1726 = DIRECTION ( 'NONE',  ( -0.000000000000000000, 0.000000000000000000, -1.000000000000000000 ) ) ;
#1727 = ORIENTED_EDGE ( 'NONE', *, *, #651, .F. ) ;
#1728 =( NAMED_UNIT ( * ) PLANE_ANGLE_UNIT ( ) SI_UNIT ( $, .RADIAN. ) );
#1729 = CARTESIAN_POINT ( 'NONE',  ( 2.700000000000000178, 6.700000000000001066, 3.750000000000000000 ) ) ;
#1730 = DIRECTION ( 'NONE',  ( 1.000000000000000000, -0.000000000000000000, -0.000000000000000000 ) ) ;
#1731 = EDGE_CURVE ( 'NONE', #97, #5214, #574, .T. ) ;
#1732 = DIRECTION ( 'NONE',  ( 1.000000000000000000, -0.000000000000000000, -0.000000000000000000 ) ) ;
#1733 = EDGE_LOOP ( 'NONE', ( #938, #3665, #5892, #4339 ) ) ;
#1734 = CLOSED_SHELL ( 'NONE', ( #3914, #6024, #3167, #2037, #5990, #5516, #5460, #181, #2327, #2575, #2543, #983, #4884, #1100, #2475, #2939, #3652, #4574 ) ) ;
#1735 = CIRCLE ( 'NONE', #3288, 0.2000000000000000944 ) ;
#1736 = EDGE_CURVE ( 'NONE', #480, #314, #941, .T. ) ;
#1737 = LINE ( 'NONE', #4590, #2181 ) ;
#1738 = CARTESIAN_POINT ( 'NONE',  ( 3.000000000000000444, 2.530000000000000249, 1.679999999999999272 ) ) ;
#1739 = DIRECTION ( 'NONE',  ( 0.000000000000000000, 0.000000000000000000, 1.000000000000000000 ) ) ;
#1740 = EDGE_CURVE ( 'NONE', #4175, #1137, #2554, .T. ) ;
#1741 = AXIS2_PLACEMENT_3D ( 'NONE', #2482, #1573, #487 ) ;
#1742 = ORIENTED_EDGE ( 'NONE', *, *, #5156, .T. ) ;
#1743 = FACE_OUTER_BOUND ( 'NONE', #464, .T. ) ;
#1744 =( NAMED_UNIT ( * ) PLANE_ANGLE_UNIT ( ) SI_UNIT ( $, .RADIAN. ) );
#1745 = MECHANICAL_DESIGN_GEOMETRIC_PRESENTATION_REPRESENTATION (  '', ( #5825 ), #1164 ) ;
#1746 = LINE ( 'NONE', #4023, #3070 ) ;
#1747 = ORIENTED_EDGE ( 'NONE', *, *, #1195, .T. ) ;
#1748 = VERTEX_POINT ( 'NONE', #5687 ) ;
#1749 = AXIS2_PLACEMENT_3D ( 'NONE', #3906, #3517, #4916 ) ;
#1750 = DIRECTION ( 'NONE',  ( 0.000000000000000000, 0.000000000000000000, -1.000000000000000000 ) ) ;
#1751 = EDGE_CURVE ( 'NONE', #1137, #5137, #3802, .T. ) ;
#1752 = DIRECTION ( 'NONE',  ( 1.000000000000000000, 0.000000000000000000, 0.000000000000000000 ) ) ;
#1753 = VERTEX_POINT ( 'NONE', #2309 ) ;
#1754 = ORIENTED_EDGE ( 'NONE', *, *, #4649, .F. ) ;
#1755 = CARTESIAN_POINT ( 'NONE',  ( 8.529233760890809535, 6.700000000000001066, 3.719999999999999751 ) ) ;
#1756 = EDGE_LOOP ( 'NONE', ( #34, #4130, #3896, #322 ) ) ;
#1757 = DIRECTION ( 'NONE',  ( 0.000000000000000000, 0.000000000000000000, 1.000000000000000000 ) ) ;
#1758 = CARTESIAN_POINT ( 'NONE',  ( 2.700000000000000178, 6.900000000000000355, 3.750000000000000000 ) ) ;
#1759 = LINE ( 'NONE', #3161, #1117 ) ;
#1760 = ORIENTED_EDGE ( 'NONE', *, *, #500, .T. ) ;
#1761 = ADVANCED_FACE ( 'NONE', ( #110 ), #1968, .F. ) ;
#1762 = FACE_OUTER_BOUND ( 'NONE', #2189, .T. ) ;
#1763 = PLANE ( 'NONE',  #2166 ) ;
#1764 = DIRECTION ( 'NONE',  ( 1.000000000000000000, -0.000000000000000000, -0.000000000000000000 ) ) ;
#1765 = LINE ( 'NONE', #4222, #3268 ) ;
#1766 = EDGE_LOOP ( 'NONE', ( #3641, #896, #2203, #4062 ) ) ;
#1767 = DIRECTION ( 'NONE',  ( 0.000000000000000000, 0.000000000000000000, -1.000000000000000000 ) ) ;
#1768 = SURFACE_SIDE_STYLE ('',( #1262 ) ) ;
#1769 = FACE_OUTER_BOUND ( 'NONE', #950, .T. ) ;
#1770 = EDGE_CURVE ( 'NONE', #5922, #5047, #1914, .T. ) ;
#1771 = ORIENTED_EDGE ( 'NONE', *, *, #362, .F. ) ;
#1772 = VERTEX_POINT ( 'NONE', #2892 ) ;
#1773 = CARTESIAN_POINT ( 'NONE',  ( -2.900000000000000799, 1.130000000000000115, -3.220000000000001084 ) ) ;
#1774 = DIRECTION ( 'NONE',  ( 1.000000000000000000, -0.000000000000000000, -0.000000000000000000 ) ) ;
#1775 = CARTESIAN_POINT ( 'NONE',  ( 3.000000000000000444, 1.130000000000000115, 1.679999999999998828 ) ) ;
#1776 = AXIS2_PLACEMENT_3D ( 'NONE', #4913, #1595, #749 ) ;
#1777 = ORIENTED_EDGE ( 'NONE', *, *, #210, .T. ) ;
#1778 = ORIENTED_EDGE ( 'NONE', *, *, #3552, .F. ) ;
#1779 = DIRECTION ( 'NONE',  ( -1.000000000000000000, 0.000000000000000000, 0.000000000000000000 ) ) ;
#1780 = PLANE ( 'NONE',  #3678 ) ;
#1781 = EDGE_CURVE ( 'NONE', #2070, #890, #2422, .T. ) ;
#1782 = AXIS2_PLACEMENT_3D ( 'NONE', #3829, #5569, #5207 ) ;
#1783 = VECTOR ( 'NONE', #482, 1000.000000000000000 ) ;
#1784 = LINE ( 'NONE', #3190, #1214 ) ;
#1785 = LINE ( 'NONE', #5509, #2360 ) ;
#1786 = LINE ( 'NONE', #4492, #2774 ) ;
#1787 = CIRCLE ( 'NONE', #4019, 0.1700000000000000122 ) ;
#1788 = ORIENTED_EDGE ( 'NONE', *, *, #1509, .F. ) ;
#1789 = VERTEX_POINT ( 'NONE', #5171 ) ;
#1790 = CARTESIAN_POINT ( 'NONE',  ( 2.900000000000000799, 6.700000000000001066, -1.050000000000000044 ) ) ;
#1791 = AXIS2_PLACEMENT_3D ( 'NONE', #860, #402, #5911 ) ;
#1792 = DIRECTION ( 'NONE',  ( 1.000000000000000000, 0.000000000000000000, -0.000000000000000000 ) ) ;
#1793 = CARTESIAN_POINT ( 'NONE',  ( 2.900000000000000799, 0.1499999999999998557, -3.750000000000000000 ) ) ;
#1794 = PLANE ( 'NONE',  #1717 ) ;
#1795 = AXIS2_PLACEMENT_3D ( 'NONE', #1915, #56, #943 ) ;
#1796 = DIRECTION ( 'NONE',  ( 1.161645184805897749E-16, -1.000000000000000000, 0.000000000000000000 ) ) ;
#1797 = CYLINDRICAL_SURFACE ( 'NONE', #4706, 0.1000000000000002554 ) ;
#1798 = VECTOR ( 'NONE', #2602, 1000.000000000000000 ) ;
#1799 = CARTESIAN_POINT ( 'NONE',  ( -2.200000000000000622, 1.200000000000000622, -1.250000000000000888 ) ) ;
#1800 = ORIENTED_EDGE ( 'NONE', *, *, #909, .T. ) ;
#1801 = ORIENTED_EDGE ( 'NONE', *, *, #1943, .F. ) ;
#1802 = DIRECTION ( 'NONE',  ( 1.000000000000000000, 0.000000000000000000, 0.000000000000000000 ) ) ;
#1803 = FACE_OUTER_BOUND ( 'NONE', #4831, .T. ) ;
#1804 = EDGE_CURVE ( 'NONE', #2035, #2570, #3377, .T. ) ;
#1805 = AXIS2_PLACEMENT_3D ( 'NONE', #5030, #2722, #3715 ) ;
#1806 = CARTESIAN_POINT ( 'NONE',  ( -3.000000000000000444, 2.530000000000000249, -0.8200000000000008393 ) ) ;
#1807 = ORIENTED_EDGE ( 'NONE', *, *, #2809, .F. ) ;
#1808 = ORIENTED_EDGE ( 'NONE', *, *, #577, .T. ) ;
#1809 = ADVANCED_FACE ( 'NONE', ( #999 ), #4624, .F. ) ;
#1810 = FACE_OUTER_BOUND ( 'NONE', #4196, .T. ) ;
#1811 = EDGE_LOOP ( 'NONE', ( #2635, #4176, #2655, #4466 ) ) ;
#1812 = CARTESIAN_POINT ( 'NONE',  ( 2.700000000000000622, 6.700000000000001066, -3.550000000000000266 ) ) ;
#1813 = LINE ( 'NONE', #3676, #5676 ) ;
#1814 = CARTESIAN_POINT ( 'NONE',  ( 2.200000000000000622, 6.700000000000001066, 3.750000000000000000 ) ) ;
#1815 = CARTESIAN_POINT ( 'NONE',  ( 2.700000000000000622, 6.700000000000001066, -1.450000000000000400 ) ) ;
#1816 = CIRCLE ( 'NONE', #5119, 0.2000000000000000944 ) ;
#1817 = ORIENTED_EDGE ( 'NONE', *, *, #5860, .F. ) ;
#1818 = ORIENTED_EDGE ( 'NONE', *, *, #4504, .T. ) ;
#1819 = VECTOR ( 'NONE', #2999, 1000.000000000000000 ) ;
#1820 = CARTESIAN_POINT ( 'NONE',  ( -3.000000000000000444, 2.530000000000000249, -1.679999999999999716 ) ) ;
#1821 = LINE ( 'NONE', #5992, #4988 ) ;
#1822 = DIRECTION ( 'NONE',  ( 0.000000000000000000, -0.000000000000000000, 1.000000000000000000 ) ) ;
#1823 = EDGE_CURVE ( 'NONE', #3884, #4855, #3314, .T. ) ;
#1824 = LINE ( 'NONE', #4534, #2389 ) ;
#1825 = AXIS2_PLACEMENT_3D ( 'NONE', #1956, #4206, #3393 ) ;
#1826 = LINE ( 'NONE', #4052, #2504 ) ;
#1827 = EDGE_CURVE ( 'NONE', #1446, #712, #1854, .T. ) ;
#1828 = EDGE_CURVE ( 'NONE', #1869, #4762, #4793, .T. ) ;
#1829 = VECTOR ( 'NONE', #1351, 1000.000000000000000 ) ;
#1830 = CARTESIAN_POINT ( 'NONE',  ( 8.529233760890809535, 1.030000000000000027, 1.049999999999998934 ) ) ;
#1831 = EDGE_LOOP ( 'NONE', ( #3804, #2914, #4258, #1901 ) ) ;
#1832 = ORIENTED_EDGE ( 'NONE', *, *, #5349, .T. ) ;
#1833 = DIRECTION ( 'NONE',  ( 0.000000000000000000, 0.000000000000000000, 1.000000000000000000 ) ) ;
#1834 = UNCERTAINTY_MEASURE_WITH_UNIT (LENGTH_MEASURE( 1.000000000000000082E-05 ), #3388, 'distance_accuracy_value', 'NONE');
#1835 = ADVANCED_FACE ( 'NONE', ( #4435 ), #3978, .T. ) ;
#1836 = MECHANICAL_DESIGN_GEOMETRIC_PRESENTATION_REPRESENTATION (  '', ( #1933 ), #285 ) ;
#1837 = DIRECTION ( 'NONE',  ( 0.000000000000000000, 0.000000000000000000, 1.000000000000000000 ) ) ;
#1838 =( GEOMETRIC_REPRESENTATION_CONTEXT ( 3 ) GLOBAL_UNCERTAINTY_ASSIGNED_CONTEXT ( ( #5974 ) ) GLOBAL_UNIT_ASSIGNED_CONTEXT ( ( #2931, #4751, #2430 ) ) REPRESENTATION_CONTEXT ( 'NONE', 'WORKASPACE' ) );
#1839 = ORIENTED_EDGE ( 'NONE', *, *, #1033, .T. ) ;
#1840 = EDGE_LOOP ( 'NONE', ( #5364, #2614, #2390, #289 ) ) ;
#1841 = EDGE_CURVE ( 'NONE', #3698, #4842, #2921, .T. ) ;
#1842 = DIRECTION ( 'NONE',  ( 1.000000000000000000, 0.000000000000000000, 0.000000000000000000 ) ) ;
#1843 = CARTESIAN_POINT ( 'NONE',  ( -2.200000000000000622, 1.030000000000000027, 1.449999999999999067 ) ) ;
#1844 = DIRECTION ( 'NONE',  ( 0.000000000000000000, 1.000000000000000000, 0.000000000000000000 ) ) ;
#1845 = EDGE_CURVE ( 'NONE', #4477, #5846, #1610, .T. ) ;
#1846 = CARTESIAN_POINT ( 'NONE',  ( -3.000000000000000444, 2.530000000000000249, 0.7200000000000006395 ) ) ;
#1847 = EDGE_CURVE ( 'NONE', #5127, #5895, #5325, .T. ) ;
#1848 = DIRECTION ( 'NONE',  ( 0.000000000000000000, 2.168404344971007685E-15, -1.000000000000000000 ) ) ;
#1849 = CARTESIAN_POINT ( 'NONE',  ( -2.700000000000000622, 1.200000000000000178, 3.549999999999998934 ) ) ;
#1850 = EDGE_LOOP ( 'NONE', ( #5256, #1965, #5120, #2115 ) ) ;
#1851 = ADVANCED_FACE ( 'NONE', ( #602 ), #238, .T. ) ;
#1852 = ORIENTED_EDGE ( 'NONE', *, *, #1509, .T. ) ;
#1853 = CARTESIAN_POINT ( 'NONE',  ( -2.700000000000000178, 1.200000000000000622, -1.050000000000000711 ) ) ;
#1854 = LINE ( 'NONE', #1671, #718 ) ;
#1855 = CARTESIAN_POINT ( 'NONE',  ( 2.200000000000000622, 6.900000000000000355, 1.049999999999999822 ) ) ;
#1856 = DIRECTION ( 'NONE',  ( -0.000000000000000000, -1.000000000000000000, -1.102578480493733066E-16 ) ) ;
#1857 = CARTESIAN_POINT ( 'NONE',  ( -3.000000000000000444, 1.130000000000000115, 1.779999999999999138 ) ) ;
#1858 = EDGE_CURVE ( 'NONE', #897, #1094, #1787, .T. ) ;
#1859 = CARTESIAN_POINT ( 'NONE',  ( -3.000000000000000444, 1.130000000000000115, -3.220000000000001084 ) ) ;
#1860 = CARTESIAN_POINT ( 'NONE',  ( 2.200000000000000622, 6.700000000000001066, -1.280000000000000249 ) ) ;
#1861 = EDGE_LOOP ( 'NONE', ( #229, #2345, #684, #5 ) ) ;
#1862 = ORIENTED_EDGE ( 'NONE', *, *, #5606, .T. ) ;
#1863 = CARTESIAN_POINT ( 'NONE',  ( -3.000000000000000444, 1.130000000000000115, -1.779999999999999361 ) ) ;
#1864 = CARTESIAN_POINT ( 'NONE',  ( 4.607807737440317908, 6.900000000000000355, 3.750000000000000000 ) ) ;
#1865 = FACE_OUTER_BOUND ( 'NONE', #4856, .T. ) ;
#1866 = ORIENTED_EDGE ( 'NONE', *, *, #5714, .T. ) ;
#1867 = EDGE_LOOP ( 'NONE', ( #2129, #5883, #3021, #3736 ) ) ;
#1868 = CYLINDRICAL_SURFACE ( 'NONE', #3275, 0.2000000000000000944 ) ;
#1869 = VERTEX_POINT ( 'NONE', #1159 ) ;
#1870 = FACE_OUTER_BOUND ( 'NONE', #3079, .T. ) ;
#1871 = AXIS2_PLACEMENT_3D ( 'NONE', #3935, #1238, #4880 ) ;
#1872 = CARTESIAN_POINT ( 'NONE',  ( 8.529233760890809535, 1.200000000000000622, 1.449999999999999289 ) ) ;
#1873 = LINE ( 'NONE', #18, #2190 ) ;
#1874 = ORIENTED_EDGE ( 'NONE', *, *, #4862, .T. ) ;
#1875 = VECTOR ( 'NONE', #4074, 1000.000000000000000 ) ;
#1876 = ORIENTED_EDGE ( 'NONE', *, *, #993, .F. ) ;
#1877 = AXIS2_PLACEMENT_3D ( 'NONE', #2773, #4651, #5205 ) ;
#1878 = DIRECTION ( 'NONE',  ( 0.000000000000000000, 0.000000000000000000, -1.000000000000000000 ) ) ;
#1879 = CARTESIAN_POINT ( 'NONE',  ( 2.700000000000000178, 6.700000000000001066, 1.449999999999999956 ) ) ;
#1880 = EDGE_CURVE ( 'NONE', #1447, #3585, #4502, .T. ) ;
#1881 = VECTOR ( 'NONE', #4006, 1000.000000000000000 ) ;
#1883 = AXIS2_PLACEMENT_3D ( 'NONE', #4005, #5420, #5837 ) ;
#1882 = DIRECTION ( 'NONE',  ( 1.000000000000000000, 0.000000000000000000, 0.000000000000000000 ) ) ;
#1884 = DIRECTION ( 'NONE',  ( -1.000000000000000000, -0.000000000000000000, -0.000000000000000000 ) ) ;
#1885 = ADVANCED_FACE ( 'NONE', ( #5718 ), #2001, .F. ) ;
#1886 = CARTESIAN_POINT ( 'NONE',  ( -1.800000000000000711, 0.1000000000000000056, 3.750000000000000000 ) ) ;
#1887 = VECTOR ( 'NONE', #1511, 1000.000000000000000 ) ;
#1888 = AXIS2_PLACEMENT_3D ( 'NONE', #5848, #1682, #3541 ) ;
#1889 = SURFACE_STYLE_FILL_AREA ( #5212 ) ;
#1890 = CARTESIAN_POINT ( 'NONE',  ( -3.000000000000000444, 1.130000000000000115, 3.220000000000000639 ) ) ;
#1891 = EDGE_CURVE ( 'NONE', #2377, #4790, #1205, .T. ) ;
#1892 = ORIENTED_EDGE ( 'NONE', *, *, #3968, .T. ) ;
#1893 = ORIENTED_EDGE ( 'NONE', *, *, #3996, .F. ) ;
#1894 = CARTESIAN_POINT ( 'NONE',  ( 2.200000000000000622, 1.000000000000000000, -1.050000000000000933 ) ) ;
#1895 = UNCERTAINTY_MEASURE_WITH_UNIT (LENGTH_MEASURE( 1.000000000000000082E-05 ), #5863, 'distance_accuracy_value', 'NONE');
#1896 = VECTOR ( 'NONE', #3551, 1000.000000000000000 ) ;
#1897 = FACE_OUTER_BOUND ( 'NONE', #3625, .T. ) ;
#1898 = EDGE_CURVE ( 'NONE', #5037, #647, #2059, .T. ) ;
#1899 =( GEOMETRIC_REPRESENTATION_CONTEXT ( 3 ) GLOBAL_UNCERTAINTY_ASSIGNED_CONTEXT ( ( #3295 ) ) GLOBAL_UNIT_ASSIGNED_CONTEXT ( ( #3900, #4356, #124 ) ) REPRESENTATION_CONTEXT ( 'NONE', 'WORKASPACE' ) );
#1900 = VERTEX_POINT ( 'NONE', #3406 ) ;
#1901 = ORIENTED_EDGE ( 'NONE', *, *, #5281, .T. ) ;
#1902 = DIRECTION ( 'NONE',  ( 1.000000000000000000, -0.000000000000000000, -0.000000000000000000 ) ) ;
#1903 = CARTESIAN_POINT ( 'NONE',  ( -2.850000000000000533, -1.355252715606880543E-16, 3.750000000000000000 ) ) ;
#1904 = FACE_OUTER_BOUND ( 'NONE', #4642, .T. ) ;
#1905 = AXIS2_PLACEMENT_3D ( 'NONE', #2286, #489, #4141 ) ;
#1906 = FACE_OUTER_BOUND ( 'NONE', #3338, .T. ) ;
#1907 = CYLINDRICAL_SURFACE ( 'NONE', #4618, 0.2000000000000000944 ) ;
#1908 = EDGE_LOOP ( 'NONE', ( #5327, #6020, #2692, #1385, #3083, #435, #3963, #2829 ) ) ;
#1909 = CARTESIAN_POINT ( 'NONE',  ( 2.200000000000000622, 1.200000000000000622, -3.550000000000001155 ) ) ;
#1910 = CARTESIAN_POINT ( 'NONE',  ( -2.700000000000000178, 1.200000000000000178, -3.550000000000001155 ) ) ;
#1911 = VERTEX_POINT ( 'NONE', #5263 ) ;
#1912 = ADVANCED_FACE ( 'NONE', ( #4891 ), #206, .F. ) ;
#1913 = DIRECTION ( 'NONE',  ( 1.000000000000000000, 0.000000000000000000, 0.000000000000000000 ) ) ;
#1914 = LINE ( 'NONE', #5602, #3147 ) ;
#1915 = CARTESIAN_POINT ( 'NONE',  ( -2.900000000000000799, 2.530000000000000249, -3.220000000000001084 ) ) ;
#1916 = CARTESIAN_POINT ( 'NONE',  ( 2.700000000000000622, 6.700000000000001066, 1.049999999999999822 ) ) ;
#1917 = EDGE_CURVE ( 'NONE', #3759, #3452, #2577, .T. ) ;
#1918 = DIRECTION ( 'NONE',  ( -1.000000000000000000, 0.000000000000000000, 0.000000000000000000 ) ) ;
#1919 = CARTESIAN_POINT ( 'NONE',  ( 2.700000000000000178, 1.200000000000000178, 3.749999999999999112 ) ) ;
#1920 = VERTEX_POINT ( 'NONE', #3039 ) ;
#1921 = ORIENTED_EDGE ( 'NONE', *, *, #1823, .F. ) ;
#1922 = DIRECTION ( 'NONE',  ( 1.000000000000000000, -0.000000000000000000, -0.000000000000000000 ) ) ;
#1923 = PRESENTATION_STYLE_ASSIGNMENT (( #1047 ) ) ;
#1924 = SURFACE_STYLE_FILL_AREA ( #70 ) ;
#1925 = ORIENTED_EDGE ( 'NONE', *, *, #5266, .F. ) ;
#1926 = ORIENTED_EDGE ( 'NONE', *, *, #2206, .T. ) ;
#1927 = AXIS2_PLACEMENT_3D ( 'NONE', #5401, #5754, #5333 ) ;
#1928 = DIRECTION ( 'NONE',  ( 1.000000000000000000, 0.000000000000000000, 0.000000000000000000 ) ) ;
#1929 = FACE_OUTER_BOUND ( 'NONE', #3251, .T. ) ;
#1930 = DIRECTION ( 'NONE',  ( 1.000000000000000000, -0.000000000000000000, -0.000000000000000000 ) ) ;
#1931 = EDGE_CURVE ( 'NONE', #12, #3866, #4863, .T. ) ;
#1932 = DIRECTION ( 'NONE',  ( 0.000000000000000000, -1.000000000000000000, 0.000000000000000000 ) ) ;
#1933 = STYLED_ITEM ( 'NONE', ( #2264 ), #5579 ) ;
#1934 = ORIENTED_EDGE ( 'NONE', *, *, #5183, .F. ) ;
#1935 = DIRECTION ( 'NONE',  ( -0.000000000000000000, -1.000000000000000000, -0.000000000000000000 ) ) ;
#1936 = PLANE ( 'NONE',  #1621 ) ;
#1937 = ORIENTED_EDGE ( 'NONE', *, *, #3777, .F. ) ;
#1938 = VECTOR ( 'NONE', #2533, 1000.000000000000000 ) ;
#1939 = LINE ( 'NONE', #2891, #1783 ) ;
#1940 = CARTESIAN_POINT ( 'NONE',  ( -4.607807737440317908, 1.000000000000000000, -1.450000000000001288 ) ) ;
#1941 = DIRECTION ( 'NONE',  ( 1.000000000000000000, 0.000000000000000000, 0.000000000000000000 ) ) ;
#1942 = ORIENTED_EDGE ( 'NONE', *, *, #2179, .T. ) ;
#1943 = EDGE_CURVE ( 'NONE', #3985, #5657, #3916, .T. ) ;
#1944 = DIRECTION ( 'NONE',  ( -0.000000000000000000, -0.000000000000000000, -1.000000000000000000 ) ) ;
#1945 = DIRECTION ( 'NONE',  ( 0.000000000000000000, 0.000000000000000000, 1.000000000000000000 ) ) ;
#1946 = EDGE_LOOP ( 'NONE', ( #2493, #3088, #1934, #5058 ) ) ;
#1947 = ORIENTED_EDGE ( 'NONE', *, *, #3521, .F. ) ;
#1948 = DIRECTION ( 'NONE',  ( 0.000000000000000000, 0.000000000000000000, 1.000000000000000000 ) ) ;
#1949 = ADVANCED_FACE ( 'NONE', ( #4398 ), #1642, .T. ) ;
#1950 = CARTESIAN_POINT ( 'NONE',  ( 2.700000000000000178, 6.900000000000000355, 1.249999999999999778 ) ) ;
#1951 = EDGE_CURVE ( 'NONE', #1519, #4895, #1249, .T. ) ;
#1952 = SURFACE_SIDE_STYLE ('',( #1049 ) ) ;
#1953 = ORIENTED_EDGE ( 'NONE', *, *, #1095, .F. ) ;
#1954 = ORIENTED_EDGE ( 'NONE', *, *, #1489, .F. ) ;
#1955 = DIRECTION ( 'NONE',  ( 0.000000000000000000, 0.000000000000000000, -1.000000000000000000 ) ) ;
#1956 = CARTESIAN_POINT ( 'NONE',  ( 2.850000000000000533, 0.1499999999999998557, -3.750000000000000000 ) ) ;
#1957 = CYLINDRICAL_SURFACE ( 'NONE', #5049, 0.2000000000000000944 ) ;
#1958 = EDGE_CURVE ( 'NONE', #5987, #2089, #3730, .T. ) ;
#1959 = CARTESIAN_POINT ( 'NONE',  ( 2.200000000000000622, 6.870000000000000995, 1.049999999999999822 ) ) ;
#1960 = DIRECTION ( 'NONE',  ( -1.000000000000000000, -0.000000000000000000, -0.000000000000000000 ) ) ;
#1961 = EDGE_LOOP ( 'NONE', ( #4849, #2668, #3653, #296 ) ) ;
#1962 = DIRECTION ( 'NONE',  ( 1.000000000000000000, 0.000000000000000000, 0.000000000000000000 ) ) ;
#1963 = EDGE_CURVE ( 'NONE', #4090, #79, #1107, .T. ) ;
#1964 = CARTESIAN_POINT ( 'NONE',  ( -1.800000000000000711, 6.123233995736781751E-18, -3.750000000000000000 ) ) ;
#1965 = ORIENTED_EDGE ( 'NONE', *, *, #2929, .T. ) ;
#1966 = CIRCLE ( 'NONE', #3137, 0.2000000000000000944 ) ;
#1967 = DIRECTION ( 'NONE',  ( 1.000000000000000000, -0.000000000000000000, -0.000000000000000000 ) ) ;
#1968 = PLANE ( 'NONE',  #5771 ) ;
#1969 = CARTESIAN_POINT ( 'NONE',  ( -3.000000000000000444, 1.130000000000000115, 0.8200000000000003952 ) ) ;
#1970 = MECHANICAL_DESIGN_GEOMETRIC_PRESENTATION_REPRESENTATION (  '', ( #4805 ), #119 ) ;
#1971 = VECTOR ( 'NONE', #2920, 1000.000000000000000 ) ;
#1972 = VECTOR ( 'NONE', #273, 1000.000000000000000 ) ;
#1973 = CIRCLE ( 'NONE', #908, 0.09999999999999961697 ) ;
#1974 = CARTESIAN_POINT ( 'NONE',  ( -2.850000000000000533, 0.1499999999999998557, -3.750000000000000000 ) ) ;
#1975 = CARTESIAN_POINT ( 'NONE',  ( 2.200000000000000622, 6.700000000000001066, -1.220000000000000195 ) ) ;
#1976 = ADVANCED_FACE ( 'NONE', ( #5899 ), #1279, .F. ) ;
#1977 = CIRCLE ( 'NONE', #4800, 0.1000000000000001582 ) ;
#1978 = ORIENTED_EDGE ( 'NONE', *, *, #5600, .F. ) ;
#1979 = VECTOR ( 'NONE', #2626, 1000.000000000000000 ) ;
#1980 = VERTEX_POINT ( 'NONE', #3648 ) ;
#1981 = LINE ( 'NONE', #3321, #4985 ) ;
#1983 = EDGE_CURVE ( 'NONE', #890, #3726, #4927, .T. ) ;
#1982 = LINE ( 'NONE', #4724, #4700 ) ;
#1984 = VECTOR ( 'NONE', #3343, 1000.000000000000000 ) ;
#1985 = MECHANICAL_DESIGN_GEOMETRIC_PRESENTATION_REPRESENTATION (  '', ( #3834 ), #5592 ) ;
#1986 = ORIENTED_EDGE ( 'NONE', *, *, #2357, .T. ) ;
#1987 = ORIENTED_EDGE ( 'NONE', *, *, #2285, .F. ) ;
#1988 = PLANE ( 'NONE',  #363 ) ;
#1989 = DIRECTION ( 'NONE',  ( 0.000000000000000000, 1.000000000000000000, 1.470104640658311001E-16 ) ) ;
#1990 = CARTESIAN_POINT ( 'NONE',  ( -2.200000000000000622, 1.200000000000000622, 3.719999999999998863 ) ) ;
#1991 = EDGE_CURVE ( 'NONE', #3909, #72, #2736, .T. ) ;
#1992 = CIRCLE ( 'NONE', #4225, 0.1000000000000002554 ) ;
#1993 = CARTESIAN_POINT ( 'NONE',  ( 2.700000000000000178, 6.900000000000000355, -1.450000000000000400 ) ) ;
#1994 = VERTEX_POINT ( 'NONE', #5421 ) ;
#1995 = CARTESIAN_POINT ( 'NONE',  ( 1.800000000000000711, 6.123233995736781751E-18, 3.750000000000000000 ) ) ;
#1996 = DIRECTION ( 'NONE',  ( 0.000000000000000000, 1.000000000000000000, 1.577021341797097314E-16 ) ) ;
#1997 = EDGE_LOOP ( 'NONE', ( #852, #1627, #4186, #4313, #1074, #1747, #5799, #5935 ) ) ;
#1998 = CARTESIAN_POINT ( 'NONE',  ( -2.200000000000000622, 1.030000000000000027, -1.450000000000001288 ) ) ;
#1999 = AXIS2_PLACEMENT_3D ( 'NONE', #4442, #5783, #4015 ) ;
#2000 = CARTESIAN_POINT ( 'NONE',  ( -2.200000000000000622, 6.870000000000000995, 1.049999999999999822 ) ) ;
#2001 = CYLINDRICAL_SURFACE ( 'NONE', #4894, 0.1000000000000002554 ) ;
#2002 = DIRECTION ( 'NONE',  ( 0.000000000000000000, 0.000000000000000000, 1.000000000000000000 ) ) ;
#2003 = VECTOR ( 'NONE', #3009, 1000.000000000000000 ) ;
#2004 = ORIENTED_EDGE ( 'NONE', *, *, #5155, .T. ) ;
#2005 = AXIS2_PLACEMENT_3D ( 'NONE', #2055, #5770, #4858 ) ;
#2006 = LINE ( 'NONE', #3865, #630 ) ;
#2007 = EDGE_CURVE ( 'NONE', #298, #4943, #3591, .T. ) ;
#2008 = EDGE_LOOP ( 'NONE', ( #5066, #1954, #2955, #663 ) ) ;
#2009 = DIRECTION ( 'NONE',  ( 0.000000000000000000, 0.000000000000000000, 1.000000000000000000 ) ) ;
#2010 = VERTEX_POINT ( 'NONE', #2185 ) ;
#2011 = ORIENTED_EDGE ( 'NONE', *, *, #5651, .F. ) ;
#2012 = CARTESIAN_POINT ( 'NONE',  ( 2.700000000000000178, 1.000000000000000000, 3.749999999999999112 ) ) ;
#2013 = SPHERICAL_SURFACE ( 'NONE', #3638, 0.2000000000000000111 ) ;
#2014 = LINE ( 'NONE', #2528, #1032 ) ;
#2015 = ORIENTED_EDGE ( 'NONE', *, *, #5907, .F. ) ;
#2016 = VERTEX_POINT ( 'NONE', #2269 ) ;
#2017 = EDGE_CURVE ( 'NONE', #4170, #405, #912, .T. ) ;
#2018 = CARTESIAN_POINT ( 'NONE',  ( 3.000000000000000444, 2.530000000000000249, 1.779999999999999138 ) ) ;
#2019 = FACE_OUTER_BOUND ( 'NONE', #5425, .T. ) ;
#2020 = CARTESIAN_POINT ( 'NONE',  ( -2.200000000000000622, 6.900000000000000355, -1.250000000000000222 ) ) ;
#2021 = DIRECTION ( 'NONE',  ( 0.000000000000000000, 0.000000000000000000, 1.000000000000000000 ) ) ;
#2022 = ADVANCED_FACE ( 'NONE', ( #4981 ), #5928, .F. ) ;
#2023 = VECTOR ( 'NONE', #4832, 1000.000000000000000 ) ;
#2024 = ORIENTED_EDGE ( 'NONE', *, *, #1704, .F. ) ;
#2025 = ORIENTED_EDGE ( 'NONE', *, *, #3812, .T. ) ;
#2026 = DIRECTION ( 'NONE',  ( 1.000000000000000000, 0.000000000000000000, 0.000000000000000000 ) ) ;
#2027 = ORIENTED_EDGE ( 'NONE', *, *, #3185, .T. ) ;
#2028 = DIRECTION ( 'NONE',  ( -0.000000000000000000, 1.000000000000000000, 1.470104640658311001E-16 ) ) ;
#2029 = EDGE_CURVE ( 'NONE', #1154, #4621, #816, .T. ) ;
#2030 = AXIS2_PLACEMENT_3D ( 'NONE', #5012, #2703, #3848 ) ;
#2031 = CARTESIAN_POINT ( 'NONE',  ( -2.900000000000000799, -1.598738796715912039E-16, 1.449999999999999067 ) ) ;
#2032 = CARTESIAN_POINT ( 'NONE',  ( 3.000000000000000444, 0.1499999999999998557, -3.750000000000000000 ) ) ;
#2033 = CARTESIAN_POINT ( 'NONE',  ( 2.700000000000000178, 6.900000000000000355, 3.549999999999999822 ) ) ;
#2034 = EDGE_CURVE ( 'NONE', #4494, #3151, #1217, .T. ) ;
#2035 = VERTEX_POINT ( 'NONE', #5867 ) ;
#2036 = AXIS2_PLACEMENT_3D ( 'NONE', #624, #1114, #5226 ) ;
#2037 = ADVANCED_FACE ( 'NONE', ( #2675 ), #1306, .F. ) ;
#2038 = PRESENTATION_STYLE_ASSIGNMENT (( #1096 ) ) ;
#2039 = ORIENTED_EDGE ( 'NONE', *, *, #3112, .T. ) ;
#2040 = CARTESIAN_POINT ( 'NONE',  ( -2.700000000000000178, 1.200000000000000178, -1.250000000000001110 ) ) ;
#2041 = ORIENTED_EDGE ( 'NONE', *, *, #1517, .F. ) ;
#2042 = VERTEX_POINT ( 'NONE', #4586 ) ;
#2043 = EDGE_CURVE ( 'NONE', #3066, #758, #5475, .T. ) ;
#2044 = LINE ( 'NONE', #3022, #4556 ) ;
#2045 = CARTESIAN_POINT ( 'NONE',  ( 8.529233760890809535, 1.200000000000000622, 1.279999999999998916 ) ) ;
#2046 = DIRECTION ( 'NONE',  ( -0.000000000000000000, -0.000000000000000000, -1.000000000000000000 ) ) ;
#2047 = ORIENTED_EDGE ( 'NONE', *, *, #1770, .F. ) ;
#2048 = ORIENTED_EDGE ( 'NONE', *, *, #4631, .F. ) ;
#2049 = LINE ( 'NONE', #3089, #2848 ) ;
#2050 = DIRECTION ( 'NONE',  ( -0.000000000000000000, 0.000000000000000000, 1.000000000000000000 ) ) ;
#2051 = LINE ( 'NONE', #988, #481 ) ;
#2052 = CARTESIAN_POINT ( 'NONE',  ( 2.700000000000000178, 1.000000000000000000, 1.449999999999999289 ) ) ;
#2053 = ORIENTED_EDGE ( 'NONE', *, *, #4077, .F. ) ;
#2054 = ORIENTED_EDGE ( 'NONE', *, *, #5463, .F. ) ;
#2055 = CARTESIAN_POINT ( 'NONE',  ( 2.200000000000000622, 6.700000000000001066, 1.049999999999999822 ) ) ;
#2056 = ORIENTED_EDGE ( 'NONE', *, *, #590, .F. ) ;
#2057 = CARTESIAN_POINT ( 'NONE',  ( 2.200000000000000622, 6.700000000000001066, -3.720000000000000195 ) ) ;
#2058 = DIRECTION ( 'NONE',  ( 0.000000000000000000, 0.000000000000000000, -1.000000000000000000 ) ) ;
#2059 = LINE ( 'NONE', #2032, #3538 ) ;
#2060 = PLANE ( 'NONE',  #1219 ) ;
#2061 = ORIENTED_EDGE ( 'NONE', *, *, #4185, .T. ) ;
#2062 = EDGE_CURVE ( 'NONE', #5158, #5026, #5016, .T. ) ;
#2063 = FILL_AREA_STYLE_COLOUR ( '', #613 ) ;
#2064 = EDGE_CURVE ( 'NONE', #994, #5215, #4095, .T. ) ;
#2065 = AXIS2_PLACEMENT_3D ( 'NONE', #1863, #4230, #4662 ) ;
#2066 = ORIENTED_EDGE ( 'NONE', *, *, #3220, .T. ) ;
#2067 = CARTESIAN_POINT ( 'NONE',  ( -2.200000000000000622, 1.000000000000000000, 3.549999999999998934 ) ) ;
#2068 = EDGE_CURVE ( 'NONE', #93, #2638, #1785, .T. ) ;
#2069 = VERTEX_POINT ( 'NONE', #4127 ) ;
#2070 = VERTEX_POINT ( 'NONE', #1814 ) ;
#2071 = DIRECTION ( 'NONE',  ( 1.000000000000000000, 0.000000000000000000, 0.000000000000000000 ) ) ;
#2072 = AXIS2_PLACEMENT_3D ( 'NONE', #696, #5744, #4341 ) ;
#2073 = DIRECTION ( 'NONE',  ( 0.000000000000000000, 0.000000000000000000, 1.000000000000000000 ) ) ;
#2074 = CARTESIAN_POINT ( 'NONE',  ( -2.700000000000000178, 1.000000000000000000, 3.749999999999999112 ) ) ;
#2075 = ADVANCED_FACE ( 'NONE', ( #3071 ), #761, .F. ) ;
#2076 = VECTOR ( 'NONE', #3469, 1000.000000000000000 ) ;
#2077 = CIRCLE ( 'NONE', #1109, 0.2000000000000000944 ) ;
#2078 = EDGE_LOOP ( 'NONE', ( #2585, #705, #2254, #5101 ) ) ;
#2079 = ORIENTED_EDGE ( 'NONE', *, *, #2561, .F. ) ;
#2080 = CARTESIAN_POINT ( 'NONE',  ( -4.607807737440317908, 6.700000000000001066, -3.750000000000000444 ) ) ;
#2081 = DIRECTION ( 'NONE',  ( -0.000000000000000000, -1.000000000000000000, -2.168404344971008079E-15 ) ) ;
#2082 = CARTESIAN_POINT ( 'NONE',  ( -3.000000000000000444, 2.530000000000000249, -0.8200000000000008393 ) ) ;
#2083 = AXIS2_PLACEMENT_3D ( 'NONE', #2221, #884, #4592 ) ;
#2084 = AXIS2_PLACEMENT_3D ( 'NONE', #2164, #4845, #217 ) ;
#2085 = EDGE_CURVE ( 'NONE', #979, #4348, #3306, .T. ) ;
#2086 = ADVANCED_BREP_SHAPE_REPRESENTATION ( 'CAA573X7S2A476M640LH', ( #1516, #1472, #1526, #1458, #3458, #5405, #5506, #3571, #5579, #1410, #3395, #5246 ), #4567 ) ;
#2087 = DIRECTION ( 'NONE',  ( 0.000000000000000000, 0.000000000000000000, 1.000000000000000000 ) ) ;
#2088 = VECTOR ( 'NONE', #5545, 1000.000000000000000 ) ;
#2089 = VERTEX_POINT ( 'NONE', #5104 ) ;
#2090 = VERTEX_POINT ( 'NONE', #1959 ) ;
#2091 = FACE_OUTER_BOUND ( 'NONE', #3693, .T. ) ;
#2092 = VERTEX_POINT ( 'NONE', #4701 ) ;
#2093 = CARTESIAN_POINT ( 'NONE',  ( 4.607807737440317908, 6.700000000000001066, 3.549999999999999822 ) ) ;
#2094 = LINE ( 'NONE', #205, #2175 ) ;
#2095 = AXIS2_PLACEMENT_3D ( 'NONE', #4949, #4427, #2146 ) ;
#2096 = CARTESIAN_POINT ( 'NONE',  ( -3.000000000000000444, 1.130000000000000115, -3.220000000000001084 ) ) ;
#2097 = DIRECTION ( 'NONE',  ( 0.000000000000000000, 2.168404344971007685E-15, -1.000000000000000000 ) ) ;
#2098 = ORIENTED_EDGE ( 'NONE', *, *, #5580, .F. ) ;
#2099 = MECHANICAL_DESIGN_GEOMETRIC_PRESENTATION_REPRESENTATION (  '', ( #2580 ), #1899 ) ;
#2100 = ADVANCED_FACE ( 'NONE', ( #3794 ), #4617, .T. ) ;
#2101 = CARTESIAN_POINT ( 'NONE',  ( 3.000000000000000444, 6.900000000000000355, -3.750000000000000000 ) ) ;
#2102 = VECTOR ( 'NONE', #609, 1000.000000000000000 ) ;
#2103 = ORIENTED_EDGE ( 'NONE', *, *, #5083, .F. ) ;
#2104 = DIRECTION ( 'NONE',  ( 0.000000000000000000, 0.000000000000000000, 1.000000000000000000 ) ) ;
#2105 = EDGE_CURVE ( 'NONE', #4348, #2934, #5960, .T. ) ;
#2106 = ORIENTED_EDGE ( 'NONE', *, *, #1847, .F. ) ;
#2107 = ORIENTED_EDGE ( 'NONE', *, *, #1958, .T. ) ;
#2108 = DIRECTION ( 'NONE',  ( 1.000000000000000000, 0.000000000000000000, -0.000000000000000000 ) ) ;
#2109 = AXIS2_PLACEMENT_3D ( 'NONE', #1910, #2418, #3769 ) ;
#2110 = ADVANCED_FACE ( 'NONE', ( #3277 ), #2800, .T. ) ;
#2111 = DIRECTION ( 'NONE',  ( 0.000000000000000000, -0.000000000000000000, -1.000000000000000000 ) ) ;
#2112 = LINE ( 'NONE', #4908, #5776 ) ;
#2113 = DIRECTION ( 'NONE',  ( 0.000000000000000000, 0.000000000000000000, -1.000000000000000000 ) ) ;
#2114 = ORIENTED_EDGE ( 'NONE', *, *, #4560, .T. ) ;
#2115 = ORIENTED_EDGE ( 'NONE', *, *, #176, .F. ) ;
#2116 = DIRECTION ( 'NONE',  ( 0.000000000000000000, 1.470104640658311001E-16, -1.000000000000000000 ) ) ;
#2117 = CARTESIAN_POINT ( 'NONE',  ( 2.900000000000000799, 2.629999999999999449, 3.750000000000000000 ) ) ;
#2118 = FACE_OUTER_BOUND ( 'NONE', #1840, .T. ) ;
#2119 = CYLINDRICAL_SURFACE ( 'NONE', #5499, 0.1499999999999999667 ) ;
#2120 = EDGE_LOOP ( 'NONE', ( #3507, #1379, #1151, #3717, #4411, #3702, #1174, #2686 ) ) ;
#2121 = VERTEX_POINT ( 'NONE', #5564 ) ;
#2122 = CARTESIAN_POINT ( 'NONE',  ( -2.900000000000000799, 1.200000000000000178, -0.000000000000000000 ) ) ;
#2123 = ORIENTED_EDGE ( 'NONE', *, *, #318, .F. ) ;
#2124 = CARTESIAN_POINT ( 'NONE',  ( 3.000000000000000444, 1.130000000000000115, 1.779999999999999138 ) ) ;
#2125 = EDGE_CURVE ( 'NONE', #1635, #840, #332, .T. ) ;
#2126 = CARTESIAN_POINT ( 'NONE',  ( 2.900000000000000799, 1.200000000000000178, -5.000000000000000000 ) ) ;
#2127 = DIRECTION ( 'NONE',  ( 0.000000000000000000, 1.470104640658311001E-16, -1.000000000000000000 ) ) ;
#2128 = DIRECTION ( 'NONE',  ( 0.000000000000000000, 1.000000000000000000, 0.000000000000000000 ) ) ;
#2129 = ORIENTED_EDGE ( 'NONE', *, *, #2790, .F. ) ;
#2130 = CIRCLE ( 'NONE', #3290, 0.1999999999999999833 ) ;
#2131 = ADVANCED_FACE ( 'NONE', ( #5593 ), #5196, .T. ) ;
#2132 = VERTEX_POINT ( 'NONE', #964 ) ;
#2133 = DIRECTION ( 'NONE',  ( 0.000000000000000000, 0.000000000000000000, 1.000000000000000000 ) ) ;
#2134 = ORIENTED_EDGE ( 'NONE', *, *, #2397, .T. ) ;
#2135 = ORIENTED_EDGE ( 'NONE', *, *, #263, .T. ) ;
#2136 = DIRECTION ( 'NONE',  ( -1.161645184805897749E-16, -1.000000000000000000, 0.000000000000000000 ) ) ;
#2137 = DIRECTION ( 'NONE',  ( 1.000000000000000000, -0.000000000000000000, -0.000000000000000000 ) ) ;
#2138 = CARTESIAN_POINT ( 'NONE',  ( -3.000000000000000444, 2.629999999999999449, 0.7200000000000006395 ) ) ;
#2139 = VERTEX_POINT ( 'NONE', #5132 ) ;
#2140 = ORIENTED_EDGE ( 'NONE', *, *, #1841, .F. ) ;
#2141 = EDGE_CURVE ( 'NONE', #1193, #1679, #1977, .T. ) ;
#2142 = FACE_OUTER_BOUND ( 'NONE', #4685, .T. ) ;
#2143 = CARTESIAN_POINT ( 'NONE',  ( -3.000000000000000444, 1.030000000000000027, -0.7200000000000009726 ) ) ;
#2144 = DIRECTION ( 'NONE',  ( 0.000000000000000000, 0.000000000000000000, 1.000000000000000000 ) ) ;
#2145 = EDGE_CURVE ( 'NONE', #2820, #3479, #5294, .T. ) ;
#2146 = DIRECTION ( 'NONE',  ( 0.000000000000000000, -0.000000000000000000, 1.000000000000000000 ) ) ;
#2147 = ORIENTED_EDGE ( 'NONE', *, *, #2426, .T. ) ;
#2148 = ORIENTED_EDGE ( 'NONE', *, *, #1290, .F. ) ;
#2149 = LINE ( 'NONE', #5861, #2983 ) ;
#2150 = VERTEX_POINT ( 'NONE', #501 ) ;
#2151 = DIRECTION ( 'NONE',  ( 0.000000000000000000, 0.000000000000000000, 1.000000000000000000 ) ) ;
#2152 = CARTESIAN_POINT ( 'NONE',  ( -4.607807737440317908, 6.700000000000001066, -1.050000000000000044 ) ) ;
#2153 = CARTESIAN_POINT ( 'NONE',  ( -1.800000000000000711, 6.123233995736781751E-18, 3.750000000000000000 ) ) ;
#2154 = DIRECTION ( 'NONE',  ( 0.000000000000000000, 0.000000000000000000, -1.000000000000000000 ) ) ;
#2155 = ADVANCED_FACE ( 'NONE', ( #1906 ), #2766, .T. ) ;
#2156 = VERTEX_POINT ( 'NONE', #4733 ) ;
#2157 = CARTESIAN_POINT ( 'NONE',  ( -2.200000000000000622, 6.900000000000000355, 1.049999999999999822 ) ) ;
#2158 = FACE_OUTER_BOUND ( 'NONE', #1612, .T. ) ;
#2159 = FACE_OUTER_BOUND ( 'NONE', #2363, .T. ) ;
#2160 = ORIENTED_EDGE ( 'NONE', *, *, #1740, .T. ) ;
#2161 = ORIENTED_EDGE ( 'NONE', *, *, #4862, .F. ) ;
#2162 = CYLINDRICAL_SURFACE ( 'NONE', #472, 0.09999999999999961697 ) ;
#2163 = VECTOR ( 'NONE', #1922, 1000.000000000000000 ) ;
#2164 = CARTESIAN_POINT ( 'NONE',  ( 2.900000000000000355, 2.530000000000000249, -1.779999999999999361 ) ) ;
#2165 = LINE ( 'NONE', #4475, #53 ) ;
#2166 = AXIS2_PLACEMENT_3D ( 'NONE', #5480, #882, #1314 ) ;
#2167 = ORIENTED_EDGE ( 'NONE', *, *, #1600, .F. ) ;
#2168 = AXIS2_PLACEMENT_3D ( 'NONE', #1429, #4301, #5682 ) ;
#2169 = ORIENTED_EDGE ( 'NONE', *, *, #2644, .F. ) ;
#2170 = DIRECTION ( 'NONE',  ( -0.000000000000000000, 1.000000000000000000, 1.102578480493733066E-16 ) ) ;
#2171 = LINE ( 'NONE', #2143, #814 ) ;
#2172 = CARTESIAN_POINT ( 'NONE',  ( -3.000000000000000444, 2.530000000000000249, 3.220000000000000639 ) ) ;
#2173 = EDGE_CURVE ( 'NONE', #1370, #4494, #5490, .T. ) ;
#2174 = VECTOR ( 'NONE', #55, 1000.000000000000000 ) ;
#2175 = VECTOR ( 'NONE', #3948, 1000.000000000000000 ) ;
#2176 = DIRECTION ( 'NONE',  ( 0.000000000000000000, -1.000000000000000000, -1.470104640658311001E-16 ) ) ;
#2177 = ORIENTED_EDGE ( 'NONE', *, *, #4469, .F. ) ;
#2178 = ORIENTED_EDGE ( 'NONE', *, *, #485, .T. ) ;
#2179 = EDGE_CURVE ( 'NONE', #2121, #2355, #2850, .T. ) ;
#2180 = CARTESIAN_POINT ( 'NONE',  ( -3.000000000000000444, 2.530000000000000249, 0.8200000000000003952 ) ) ;
#2181 = VECTOR ( 'NONE', #1283, 1000.000000000000000 ) ;
#2182 = ORIENTED_EDGE ( 'NONE', *, *, #4185, .F. ) ;
#2183 = AXIS2_PLACEMENT_3D ( 'NONE', #1377, #2651, #3113 ) ;
#2184 = CARTESIAN_POINT ( 'NONE',  ( 2.200000000000000622, 6.700000000000001066, -1.050000000000000044 ) ) ;
#2185 = CARTESIAN_POINT ( 'NONE',  ( -2.900000000000000799, 6.700000000000001066, -3.550000000000000266 ) ) ;
#2186 = CIRCLE ( 'NONE', #5396, 0.09999999999999961697 ) ;
#2188 = AXIS2_PLACEMENT_3D ( 'NONE', #2776, #854, #3106 ) ;
#2187 = DIRECTION ( 'NONE',  ( 1.000000000000000000, -1.161645184805897749E-16, 0.000000000000000000 ) ) ;
#2189 = EDGE_LOOP ( 'NONE', ( #4471, #544, #5956 ) ) ;
#2190 = VECTOR ( 'NONE', #3734, 1000.000000000000000 ) ;
#2191 = DIRECTION ( 'NONE',  ( 1.000000000000000000, -0.000000000000000000, -0.000000000000000000 ) ) ;
#2192 = DIRECTION ( 'NONE',  ( 0.000000000000000000, 0.000000000000000000, 1.000000000000000000 ) ) ;
#2193 = MECHANICAL_DESIGN_GEOMETRIC_PRESENTATION_REPRESENTATION (  '', ( #5886 ), #3261 ) ;
#2194 = CARTESIAN_POINT ( 'NONE',  ( 2.200000000000000622, 6.123233995736781751E-18, 1.249999999999999778 ) ) ;
#2195 = ORIENTED_EDGE ( 'NONE', *, *, #1476, .F. ) ;
#2196 = DIRECTION ( 'NONE',  ( -1.000000000000000000, 0.000000000000000000, 0.000000000000000000 ) ) ;
#2197 = ADVANCED_FACE ( 'NONE', ( #1367 ), #4155, .T. ) ;
#2198 = AXIS2_PLACEMENT_3D ( 'NONE', #676, #2104, #5814 ) ;
#2199 = FACE_OUTER_BOUND ( 'NONE', #4392, .T. ) ;
#2200 = LINE ( 'NONE', #2628, #3459 ) ;
#2201 = CIRCLE ( 'NONE', #546, 0.09999999999999961697 ) ;
#2202 = ORIENTED_EDGE ( 'NONE', *, *, #1540, .T. ) ;
#2203 = ORIENTED_EDGE ( 'NONE', *, *, #5174, .F. ) ;
#2204 = DIRECTION ( 'NONE',  ( -1.000000000000000000, 0.000000000000000000, 0.000000000000000000 ) ) ;
#2205 = DIRECTION ( 'NONE',  ( 0.000000000000000000, 1.000000000000000000, 1.102578480493733189E-16 ) ) ;
#2206 = EDGE_CURVE ( 'NONE', #5567, #5987, #4242, .T. ) ;
#2207 = EDGE_LOOP ( 'NONE', ( #4828, #4535, #5097, #1638, #5752, #1213, #1866, #50 ) ) ;
#2208 = ORIENTED_EDGE ( 'NONE', *, *, #1781, .T. ) ;
#2209 = LINE ( 'NONE', #5981, #5802 ) ;
#2210 = DIRECTION ( 'NONE',  ( 0.000000000000000000, 0.000000000000000000, 1.000000000000000000 ) ) ;
#2211 =( NAMED_UNIT ( * ) SI_UNIT ( $, .STERADIAN. ) SOLID_ANGLE_UNIT ( ) );
#2212 = DIRECTION ( 'NONE',  ( -0.000000000000000000, -0.000000000000000000, 1.000000000000000000 ) ) ;
#2213 = DIRECTION ( 'NONE',  ( 0.000000000000000000, 1.000000000000000000, 1.102578480493733066E-16 ) ) ;
#2214 = FACE_OUTER_BOUND ( 'NONE', #703, .T. ) ;
#2215 = ORIENTED_EDGE ( 'NONE', *, *, #176, .T. ) ;
#2216 = EDGE_CURVE ( 'NONE', #410, #2890, #132, .T. ) ;
#2217 = VECTOR ( 'NONE', #4882, 1000.000000000000000 ) ;
#2218 = CARTESIAN_POINT ( 'NONE',  ( -2.200000000000000622, 6.700000000000001066, -1.450000000000000400 ) ) ;
#2219 = CARTESIAN_POINT ( 'NONE',  ( -2.900000000000000799, 1.200000000000000178, -2.500000000000000000 ) ) ;
#2220 = EDGE_CURVE ( 'NONE', #3985, #1386, #2413, .T. ) ;
#2221 = CARTESIAN_POINT ( 'NONE',  ( -2.700000000000000178, 6.900000000000000355, 1.449999999999999956 ) ) ;
#2222 = DIRECTION ( 'NONE',  ( 1.000000000000000000, 0.000000000000000000, 0.000000000000000000 ) ) ;
#2223 = AXIS2_PLACEMENT_3D ( 'NONE', #5847, #2553, #5365 ) ;
#2224 = VERTEX_POINT ( 'NONE', #594 ) ;
#2225 = CARTESIAN_POINT ( 'NONE',  ( 2.200000000000000622, 1.200000000000000622, -3.720000000000001084 ) ) ;
#2226 = PLANE ( 'NONE',  #3157 ) ;
#2227 =( GEOMETRIC_REPRESENTATION_CONTEXT ( 3 ) GLOBAL_UNCERTAINTY_ASSIGNED_CONTEXT ( ( #3416 ) ) GLOBAL_UNIT_ASSIGNED_CONTEXT ( ( #3465, #1155, #27 ) ) REPRESENTATION_CONTEXT ( 'NONE', 'WORKASPACE' ) );
#2228 = CYLINDRICAL_SURFACE ( 'NONE', #5791, 0.09999999999999982514 ) ;
#2229 = EDGE_CURVE ( 'NONE', #621, #3408, #335, .T. ) ;
#2230 = ORIENTED_EDGE ( 'NONE', *, *, #2746, .T. ) ;
#2231 = ORIENTED_EDGE ( 'NONE', *, *, #4443, .T. ) ;
#2232 = COLOUR_RGB ( '',0.7921568627450980005, 0.8196078431372548767, 0.9333333333333333481 ) ;
#2233 = FACE_OUTER_BOUND ( 'NONE', #282, .T. ) ;
#2234 = LINE ( 'NONE', #3608, #1158 ) ;
#2235 = CARTESIAN_POINT ( 'NONE',  ( 2.200000000000000622, 1.030000000000000027, 3.549999999999998934 ) ) ;
#2236 = ORIENTED_EDGE ( 'NONE', *, *, #1255, .F. ) ;
#2237 = ORIENTED_EDGE ( 'NONE', *, *, #5715, .F. ) ;
#2238 = DIRECTION ( 'NONE',  ( 1.000000000000000000, -0.000000000000000000, -0.000000000000000000 ) ) ;
#2239 = LINE ( 'NONE', #15, #3095 ) ;
#2240 = DIRECTION ( 'NONE',  ( 1.000000000000000000, 0.000000000000000000, 0.000000000000000000 ) ) ;
#2241 = CARTESIAN_POINT ( 'NONE',  ( -3.000000000000000444, 0.1499999999999998557, 3.750000000000000000 ) ) ;
#2242 = DIRECTION ( 'NONE',  ( 0.000000000000000000, 0.000000000000000000, 1.000000000000000000 ) ) ;
#2243 = DIRECTION ( 'NONE',  ( -0.000000000000000000, -1.000000000000000000, -1.470104640658311001E-16 ) ) ;
#2244 = ORIENTED_EDGE ( 'NONE', *, *, #5072, .T. ) ;
#2245 = CARTESIAN_POINT ( 'NONE',  ( -2.700000000000000622, 1.200000000000000178, 1.049999999999998934 ) ) ;
#2246 = FACE_OUTER_BOUND ( 'NONE', #1287, .T. ) ;
#2247 = CARTESIAN_POINT ( 'NONE',  ( -2.850000000000000533, 0.1499999999999998557, -3.750000000000000000 ) ) ;
#2248 = FACE_OUTER_BOUND ( 'NONE', #1210, .T. ) ;
#2249 = EDGE_CURVE ( 'NONE', #364, #5485, #2670, .T. ) ;
#2250 = DIRECTION ( 'NONE',  ( -1.000000000000000000, 0.000000000000000000, 0.000000000000000000 ) ) ;
#2251 = DIRECTION ( 'NONE',  ( -1.000000000000000000, 0.000000000000000000, 0.000000000000000000 ) ) ;
#2252 = EDGE_CURVE ( 'NONE', #5987, #1441, #135, .T. ) ;
#2253 = PLANE ( 'NONE',  #2582 ) ;
#2254 = ORIENTED_EDGE ( 'NONE', *, *, #6006, .F. ) ;
#2255 = ORIENTED_EDGE ( 'NONE', *, *, #1161, .F. ) ;
#2256 = FACE_OUTER_BOUND ( 'NONE', #1861, .T. ) ;
#2257 = CARTESIAN_POINT ( 'NONE',  ( -4.607807737440317908, 6.700000000000001066, -3.550000000000000266 ) ) ;
#2258 = CARTESIAN_POINT ( 'NONE',  ( -3.000000000000000444, 1.130000000000000115, 0.7200000000000006395 ) ) ;
#2259 = CIRCLE ( 'NONE', #1776, 0.2000000000000000944 ) ;
#2260 = ORIENTED_EDGE ( 'NONE', *, *, #4853, .T. ) ;
#2261 = EDGE_LOOP ( 'NONE', ( #4549, #1942, #5695, #2134 ) ) ;
#2262 = PLANE ( 'NONE',  #4537 ) ;
#2263 = ORIENTED_EDGE ( 'NONE', *, *, #3928, .T. ) ;
#2264 = PRESENTATION_STYLE_ASSIGNMENT (( #446 ) ) ;
#2265 = VECTOR ( 'NONE', #3889, 1000.000000000000000 ) ;
#2266 = VECTOR ( 'NONE', #3309, 1000.000000000000000 ) ;
#2267 = EDGE_CURVE ( 'NONE', #4318, #2529, #5513, .T. ) ;
#2268 = DIRECTION ( 'NONE',  ( 0.000000000000000000, 0.000000000000000000, -1.000000000000000000 ) ) ;
#2269 = CARTESIAN_POINT ( 'NONE',  ( -2.200000000000000622, 1.200000000000000622, 1.219999999999998863 ) ) ;
#2270 = CARTESIAN_POINT ( 'NONE',  ( -3.000000000000000444, 1.130000000000000115, -0.7200000000000009726 ) ) ;
#2271 = AXIS2_PLACEMENT_3D ( 'NONE', #4847, #1822, #3686 ) ;
#2272 = EDGE_LOOP ( 'NONE', ( #5231, #1098, #193, #2730 ) ) ;
#2273 = VECTOR ( 'NONE', #1048, 1000.000000000000000 ) ;
#2274 = EDGE_LOOP ( 'NONE', ( #1778, #3293, #4634, #2195 ) ) ;
#2275 = DIRECTION ( 'NONE',  ( 1.000000000000000000, 0.000000000000000000, 0.000000000000000000 ) ) ;
#2276 = AXIS2_PLACEMENT_3D ( 'NONE', #4653, #4220, #542 ) ;
#2277 = CIRCLE ( 'NONE', #2084, 0.09999999999999961697 ) ;
#2278 = DIRECTION ( 'NONE',  ( -1.000000000000000000, 1.349033386251665073E-16, 0.000000000000000000 ) ) ;
#2279 = LINE ( 'NONE', #1172, #3735 ) ;
#2280 = CARTESIAN_POINT ( 'NONE',  ( 4.607807737440317908, 6.900000000000000355, 1.249999999999999778 ) ) ;
#2281 = EDGE_CURVE ( 'NONE', #2708, #5581, #1737, .T. ) ;
#2282 = AXIS2_PLACEMENT_3D ( 'NONE', #3941, #5798, #1633 ) ;
#2283 = CARTESIAN_POINT ( 'NONE',  ( -2.200000000000000622, 6.700000000000001066, 1.279999999999999805 ) ) ;
#2284 = VECTOR ( 'NONE', #5404, 1000.000000000000000 ) ;
#2285 = EDGE_CURVE ( 'NONE', #5832, #298, #37, .T. ) ;
#2286 = CARTESIAN_POINT ( 'NONE',  ( -3.000000000000000444, 2.629999999999999449, -0.7200000000000009726 ) ) ;
#2287 = VERTEX_POINT ( 'NONE', #421 ) ;
#2288 = ORIENTED_EDGE ( 'NONE', *, *, #2859, .F. ) ;
#2289 = DIRECTION ( 'NONE',  ( 0.000000000000000000, -1.000000000000000000, -1.182766006347823109E-16 ) ) ;
#2290 = PRODUCT_DEFINITION_SHAPE ( 'NONE', 'NONE',  #311 ) ;
#2291 = CARTESIAN_POINT ( 'NONE',  ( 2.700000000000000178, 1.200000000000000178, 1.449999999999999289 ) ) ;
#2292 = EDGE_CURVE ( 'NONE', #5642, #1679, #5020, .T. ) ;
#2293 = EDGE_CURVE ( 'NONE', #5721, #1441, #1253, .T. ) ;
#2294 = VECTOR ( 'NONE', #704, 1000.000000000000000 ) ;
#2295 = DIRECTION ( 'NONE',  ( 0.000000000000000000, 0.000000000000000000, 1.000000000000000000 ) ) ;
#2296 = ORIENTED_EDGE ( 'NONE', *, *, #4285, .F. ) ;
#2297 = ORIENTED_EDGE ( 'NONE', *, *, #114, .F. ) ;
#2298 = CARTESIAN_POINT ( 'NONE',  ( -3.000000000000000444, 1.130000000000000115, -0.8200000000000012834 ) ) ;
#2299 = ORIENTED_EDGE ( 'NONE', *, *, #4098, .F. ) ;
#2300 = CARTESIAN_POINT ( 'NONE',  ( -4.607807737440317908, 1.000000000000000000, -1.050000000000000933 ) ) ;
#2301 = AXIS2_PLACEMENT_3D ( 'NONE', #5258, #4738, #5741 ) ;
#2302 = FACE_OUTER_BOUND ( 'NONE', #5199, .T. ) ;
#2303 = DIRECTION ( 'NONE',  ( 1.000000000000000000, 0.000000000000000000, 0.000000000000000000 ) ) ;
#2304 = FACE_OUTER_BOUND ( 'NONE', #3464, .T. ) ;
#2305 = VERTEX_POINT ( 'NONE', #1311 ) ;
#2306 = ADVANCED_FACE ( 'NONE', ( #1345 ), #853, .T. ) ;
#2307 = VERTEX_POINT ( 'NONE', #3595 ) ;
#2308 = CARTESIAN_POINT ( 'NONE',  ( 2.700000000000000178, 1.200000000000000178, -1.250000000000001110 ) ) ;
#2309 = CARTESIAN_POINT ( 'NONE',  ( 2.200000000000000622, 1.030000000000000027, 1.449999999999999067 ) ) ;
#2310 = LINE ( 'NONE', #1403, #4128 ) ;
#2311 = VERTEX_POINT ( 'NONE', #2711 ) ;
#2312 = LINE ( 'NONE', #4166, #5797 ) ;
#2313 = CARTESIAN_POINT ( 'NONE',  ( -2.200000000000000622, 6.123233995736781751E-18, -1.250000000000000222 ) ) ;
#2314 = AXIS2_PLACEMENT_3D ( 'NONE', #2380, #4730, #3791 ) ;
#2315 = AXIS2_PLACEMENT_3D ( 'NONE', #3480, #3870, #2524 ) ;
#2316 = CARTESIAN_POINT ( 'NONE',  ( 2.700000000000000622, 1.200000000000000178, -1.050000000000000711 ) ) ;
#2317 = VERTEX_POINT ( 'NONE', #2157 ) ;
#2318 = ORIENTED_EDGE ( 'NONE', *, *, #4720, .F. ) ;
#2319 = CARTESIAN_POINT ( 'NONE',  ( 4.607807737440317908, 1.200000000000000178, 3.549999999999998934 ) ) ;
#2320 = LINE ( 'NONE', #4691, #1520 ) ;
#2321 = STYLED_ITEM ( 'NONE', ( #1923 ), #2086 ) ;
#2322 = VERTEX_POINT ( 'NONE', #881 ) ;
#2323 = VERTEX_POINT ( 'NONE', #3565 ) ;
#2324 = CARTESIAN_POINT ( 'NONE',  ( 2.900000000000000799, 1.200000000000000178, -1.050000000000000711 ) ) ;
#2325 = ORIENTED_EDGE ( 'NONE', *, *, #2772, .F. ) ;
#2326 = DIRECTION ( 'NONE',  ( 1.000000000000000000, -0.000000000000000000, -0.000000000000000000 ) ) ;
#2327 = ADVANCED_FACE ( 'NONE', ( #766 ), #5931, .T. ) ;
#2328 = DIRECTION ( 'NONE',  ( 1.000000000000000000, 0.000000000000000000, 0.000000000000000000 ) ) ;
#2329 = DIRECTION ( 'NONE',  ( 0.000000000000000000, -1.000000000000000000, 0.000000000000000000 ) ) ;
#2330 = ADVANCED_FACE ( 'NONE', ( #3105 ), #2680, .T. ) ;
#2331 = ORIENTED_EDGE ( 'NONE', *, *, #4248, .T. ) ;
#2332 = VERTEX_POINT ( 'NONE', #4986 ) ;
#2333 = CARTESIAN_POINT ( 'NONE',  ( 3.000000000000000444, 1.130000000000000115, -1.679999999999999716 ) ) ;
#2334 = FACE_OUTER_BOUND ( 'NONE', #802, .T. ) ;
#2335 = EDGE_CURVE ( 'NONE', #4228, #970, #5966, .T. ) ;
#2336 = DIRECTION ( 'NONE',  ( 0.000000000000000000, -1.182766006347823109E-16, 1.000000000000000000 ) ) ;
#2337 = FACE_OUTER_BOUND ( 'NONE', #4034, .T. ) ;
#2338 = LINE ( 'NONE', #2510, #5337 ) ;
#2339 = FACE_OUTER_BOUND ( 'NONE', #5884, .T. ) ;
#2340 = LINE ( 'NONE', #1353, #1714 ) ;
#2341 = ORIENTED_EDGE ( 'NONE', *, *, #1770, .T. ) ;
#2342 = ORIENTED_EDGE ( 'NONE', *, *, #4673, .T. ) ;
#2343 = LINE ( 'NONE', #4750, #2163 ) ;
#2344 = CARTESIAN_POINT ( 'NONE',  ( -2.200000000000000622, 6.870000000000000995, -3.550000000000000266 ) ) ;
#2345 = ORIENTED_EDGE ( 'NONE', *, *, #4177, .F. ) ;
#2346 = ORIENTED_EDGE ( 'NONE', *, *, #4695, .F. ) ;
#2347 = ADVANCED_FACE ( 'NONE', ( #1762 ), #397, .T. ) ;
#2348 = DIRECTION ( 'NONE',  ( 1.000000000000000000, 0.000000000000000000, 0.000000000000000000 ) ) ;
#2349 = DIRECTION ( 'NONE',  ( -0.000000000000000000, -0.000000000000000000, -1.000000000000000000 ) ) ;
#2350 = CARTESIAN_POINT ( 'NONE',  ( -2.850000000000000533, 0.1499999999999998557, 3.750000000000000000 ) ) ;
#2351 = CARTESIAN_POINT ( 'NONE',  ( 3.000000000000000444, 1.130000000000000115, -1.779999999999999361 ) ) ;
#2352 = ADVANCED_FACE ( 'NONE', ( #821 ), #4046, .F. ) ;
#2353 = ORIENTED_EDGE ( 'NONE', *, *, #493, .F. ) ;
#2354 = CARTESIAN_POINT ( 'NONE',  ( 2.700000000000000178, 1.000000000000000000, 3.549999999999998934 ) ) ;
#2355 = VERTEX_POINT ( 'NONE', #3530 ) ;
#2356 = VECTOR ( 'NONE', #4740, 1000.000000000000000 ) ;
#2357 = EDGE_CURVE ( 'NONE', #4170, #2935, #3620, .T. ) ;
#2358 = LINE ( 'NONE', #910, #4692 ) ;
#2359 = DIRECTION ( 'NONE',  ( 1.000000000000000000, 0.000000000000000000, 0.000000000000000000 ) ) ;
#2360 = VECTOR ( 'NONE', #416, 1000.000000000000000 ) ;
#2362 = VECTOR ( 'NONE', #4094, 1000.000000000000000 ) ;
#2361 = DIRECTION ( 'NONE',  ( -0.000000000000000000, 1.000000000000000000, 1.102578480493733189E-16 ) ) ;
#2363 = EDGE_LOOP ( 'NONE', ( #646, #2793, #3545, #1162, #1742, #1344, #587, #604 ) ) ;
#2364 = CARTESIAN_POINT ( 'NONE',  ( -3.000000000000000444, 2.530000000000000249, 0.8199999999999999512 ) ) ;
#2365 = AXIS2_PLACEMENT_3D ( 'NONE', #3077, #2618, #4467 ) ;
#2366 = AXIS2_PLACEMENT_3D ( 'NONE', #4539, #2720, #2251 ) ;
#2367 = PRESENTATION_STYLE_ASSIGNMENT (( #2869 ) ) ;
#2368 = AXIS2_PLACEMENT_3D ( 'NONE', #5044, #3650, #2154 ) ;
#2369 = DIRECTION ( 'NONE',  ( 0.000000000000000000, 0.000000000000000000, 1.000000000000000000 ) ) ;
#2370 = ORIENTED_EDGE ( 'NONE', *, *, #4744, .F. ) ;
#2371 = ORIENTED_EDGE ( 'NONE', *, *, #4164, .T. ) ;
#2372 = ADVANCED_FACE ( 'NONE', ( #4010 ), #5392, .T. ) ;
#2373 = PLANE ( 'NONE',  #5478 ) ;
#2374 = CIRCLE ( 'NONE', #1506, 0.09999999999999982514 ) ;
#2375 = DIRECTION ( 'NONE',  ( 0.000000000000000000, 0.000000000000000000, 1.000000000000000000 ) ) ;
#2376 = CIRCLE ( 'NONE', #4426, 0.2000000000000000944 ) ;
#2377 = VERTEX_POINT ( 'NONE', #1790 ) ;
#2378 = ORIENTED_EDGE ( 'NONE', *, *, #4187, .T. ) ;
#2379 = LINE ( 'NONE', #5644, #5227 ) ;
#2380 = CARTESIAN_POINT ( 'NONE',  ( 3.000000000000000444, 2.530000000000000249, -0.7200000000000009726 ) ) ;
#2381 = CARTESIAN_POINT ( 'NONE',  ( -2.700000000000000178, 6.700000000000001066, -3.550000000000000266 ) ) ;
#2382 = CIRCLE ( 'NONE', #5217, 0.2000000000000000944 ) ;
#2383 = CARTESIAN_POINT ( 'NONE',  ( 4.607807737440317908, 1.200000000000000622, -1.050000000000000711 ) ) ;
#2384 = EDGE_CURVE ( 'NONE', #4855, #3926, #218, .T. ) ;
#2385 = DIRECTION ( 'NONE',  ( 1.000000000000000000, 0.000000000000000000, 0.000000000000000000 ) ) ;
#2386 = ORIENTED_EDGE ( 'NONE', *, *, #4223, .F. ) ;
#2387 = FACE_OUTER_BOUND ( 'NONE', #879, .T. ) ;
#2388 = FACE_OUTER_BOUND ( 'NONE', #4263, .T. ) ;
#2389 = VECTOR ( 'NONE', #1884, 1000.000000000000000 ) ;
#2390 = ORIENTED_EDGE ( 'NONE', *, *, #3189, .F. ) ;
#2391 = CARTESIAN_POINT ( 'NONE',  ( 1.800000000000000711, 6.123233995736781751E-18, 3.750000000000000000 ) ) ;
#2392 = FACE_OUTER_BOUND ( 'NONE', #1733, .T. ) ;
#2393 = AXIS2_PLACEMENT_3D ( 'NONE', #3672, #14, #3154 ) ;
#2394 = CARTESIAN_POINT ( 'NONE',  ( 3.000000000000000444, 2.530000000000000249, -3.320000000000000728 ) ) ;
#2395 = ORIENTED_EDGE ( 'NONE', *, *, #1234, .F. ) ;
#2396 = EDGE_CURVE ( 'NONE', #2865, #2478, #2279, .T. ) ;
#2397 = EDGE_CURVE ( 'NONE', #3058, #3176, #2557, .T. ) ;
#2398 = PRESENTATION_STYLE_ASSIGNMENT (( #547 ) ) ;
#2399 = DIRECTION ( 'NONE',  ( 0.000000000000000000, 0.000000000000000000, 1.000000000000000000 ) ) ;
#2400 = EDGE_CURVE ( 'NONE', #3452, #4445, #2112, .T. ) ;
#2401 = ORIENTED_EDGE ( 'NONE', *, *, #5072, .F. ) ;
#2402 = EDGE_LOOP ( 'NONE', ( #1110, #5530, #5135, #3844, #1323, #4528, #5471, #3271 ) ) ;
#2403 = CARTESIAN_POINT ( 'NONE',  ( 3.000000000000000444, 2.530000000000000249, -3.320000000000000728 ) ) ;
#2404 = VECTOR ( 'NONE', #1478, 1000.000000000000000 ) ;
#2405 = CARTESIAN_POINT ( 'NONE',  ( -3.000000000000000444, 1.030000000000000027, -3.220000000000001084 ) ) ;
#2406 = EDGE_CURVE ( 'NONE', #3673, #2121, #3932, .T. ) ;
#2407 = EDGE_LOOP ( 'NONE', ( #4120, #3373, #1676, #1497, #3131, #3453, #2178, #2978 ) ) ;
#2408 = EDGE_LOOP ( 'NONE', ( #4252, #3520, #5318, #1167, #1043, #2530, #640, #4771 ) ) ;
#2409 = AXIS2_PLACEMENT_3D ( 'NONE', #4937, #3050, #2494 ) ;
#2410 = CYLINDRICAL_SURFACE ( 'NONE', #1871, 0.09999999999999961697 ) ;
#2411 = CARTESIAN_POINT ( 'NONE',  ( 2.200000000000000622, 6.870000000000000995, -1.050000000000000044 ) ) ;
#2412 = CARTESIAN_POINT ( 'NONE',  ( -4.607807737440317908, 6.900000000000000355, 1.449999999999999956 ) ) ;
#2413 = LINE ( 'NONE', #4760, #1887 ) ;
#2414 = CIRCLE ( 'NONE', #5542, 0.1000000000000001582 ) ;
#2415 = DIRECTION ( 'NONE',  ( 0.000000000000000000, 0.000000000000000000, 1.000000000000000000 ) ) ;
#2416 = ORIENTED_EDGE ( 'NONE', *, *, #2798, .F. ) ;
#2417 = CARTESIAN_POINT ( 'NONE',  ( 2.200000000000000622, 1.200000000000000622, 1.219999999999998863 ) ) ;
#2418 = DIRECTION ( 'NONE',  ( 0.000000000000000000, 0.000000000000000000, 1.000000000000000000 ) ) ;
#2419 = ORIENTED_EDGE ( 'NONE', *, *, #2664, .F. ) ;
#2420 = DIRECTION ( 'NONE',  ( 0.000000000000000000, -0.000000000000000000, -1.000000000000000000 ) ) ;
#2421 = EDGE_CURVE ( 'NONE', #2287, #3476, #3482, .T. ) ;
#2422 = LINE ( 'NONE', #4276, #5869 ) ;
#2423 = CARTESIAN_POINT ( 'NONE',  ( -3.000000000000000444, 2.530000000000000249, -3.220000000000001084 ) ) ;
#2424 =( NAMED_UNIT ( * ) PLANE_ANGLE_UNIT ( ) SI_UNIT ( $, .RADIAN. ) );
#2425 = CYLINDRICAL_SURFACE ( 'NONE', #352, 0.2000000000000000944 ) ;
#2426 = EDGE_CURVE ( 'NONE', #3359, #4859, #3643, .T. ) ;
#2427 = ORIENTED_EDGE ( 'NONE', *, *, #5748, .F. ) ;
#2428 = ORIENTED_EDGE ( 'NONE', *, *, #5549, .T. ) ;
#2429 = DIRECTION ( 'NONE',  ( -1.000000000000000000, 0.000000000000000000, 0.000000000000000000 ) ) ;
#2430 =( NAMED_UNIT ( * ) SI_UNIT ( $, .STERADIAN. ) SOLID_ANGLE_UNIT ( ) );
#2431 = CARTESIAN_POINT ( 'NONE',  ( -2.200000000000000622, 6.870000000000000995, -1.050000000000000044 ) ) ;
#2432 = ORIENTED_EDGE ( 'NONE', *, *, #236, .F. ) ;
#2433 = ORIENTED_EDGE ( 'NONE', *, *, #5453, .T. ) ;
#2434 = CARTESIAN_POINT ( 'NONE',  ( 2.200000000000000622, 6.700000000000001066, 3.719999999999999751 ) ) ;
#2435 = DIRECTION ( 'NONE',  ( 0.000000000000000000, -0.000000000000000000, -1.000000000000000000 ) ) ;
#2436 = LINE ( 'NONE', #2020, #3398 ) ;
#2437 = DIRECTION ( 'NONE',  ( 0.000000000000000000, -0.000000000000000000, -1.000000000000000000 ) ) ;
#2438 = CYLINDRICAL_SURFACE ( 'NONE', #3747, 0.1999999999999999833 ) ;
#2439 = ORIENTED_EDGE ( 'NONE', *, *, #4253, .F. ) ;
#2440 = PLANE ( 'NONE',  #120 ) ;
#2441 = CYLINDRICAL_SURFACE ( 'NONE', #5316, 0.09999999999999961697 ) ;
#2442 = ORIENTED_EDGE ( 'NONE', *, *, #3486, .T. ) ;
#2443 = CYLINDRICAL_SURFACE ( 'NONE', #1741, 0.1999999999999999833 ) ;
#2444 = EDGE_CURVE ( 'NONE', #2708, #785, #4417, .T. ) ;
#2445 = AXIS2_PLACEMENT_3D ( 'NONE', #3118, #4511, #2787 ) ;
#2446 = DIRECTION ( 'NONE',  ( 0.000000000000000000, -1.000000000000000000, 0.000000000000000000 ) ) ;
#2447 = CARTESIAN_POINT ( 'NONE',  ( 2.700000000000000178, 6.700000000000001066, -1.050000000000000044 ) ) ;
#2448 = FACE_OUTER_BOUND ( 'NONE', #5971, .T. ) ;
#2449 = MECHANICAL_DESIGN_GEOMETRIC_PRESENTATION_REPRESENTATION (  '', ( #3918 ), #5084 ) ;
#2450 = ORIENTED_EDGE ( 'NONE', *, *, #4570, .T. ) ;
#2451 = VECTOR ( 'NONE', #3547, 1000.000000000000000 ) ;
#2452 = VECTOR ( 'NONE', #5042, 1000.000000000000000 ) ;
#2453 = CIRCLE ( 'NONE', #4994, 0.09999999999999961697 ) ;
#2454 = CARTESIAN_POINT ( 'NONE',  ( -2.200000000000000622, 1.000000000000000000, -1.050000000000000933 ) ) ;
#2455 = ADVANCED_FACE ( 'NONE', ( #2713 ), #254, .T. ) ;
#2456 = EDGE_LOOP ( 'NONE', ( #5587, #629, #21, #5239 ) ) ;
#2457 = DIRECTION ( 'NONE',  ( -1.000000000000000000, 0.000000000000000000, 0.000000000000000000 ) ) ;
#2458 = VECTOR ( 'NONE', #2303, 1000.000000000000000 ) ;
#2459 = ORIENTED_EDGE ( 'NONE', *, *, #114, .T. ) ;
#2460 = VECTOR ( 'NONE', #2897, 1000.000000000000000 ) ;
#2461 = ORIENTED_EDGE ( 'NONE', *, *, #3624, .F. ) ;
#2462 = DIRECTION ( 'NONE',  ( 0.000000000000000000, 0.000000000000000000, 1.000000000000000000 ) ) ;
#2463 = FACE_OUTER_BOUND ( 'NONE', #378, .T. ) ;
#2464 = ADVANCED_FACE ( 'NONE', ( #710 ), #1198, .F. ) ;
#2465 = CIRCLE ( 'NONE', #528, 0.2000000000000000944 ) ;
#2466 = AXIS2_PLACEMENT_3D ( 'NONE', #85, #1401, #3283 ) ;
#2467 = CARTESIAN_POINT ( 'NONE',  ( 2.900000000000000799, 1.030000000000000027, 3.750000000000000000 ) ) ;
#2468 = ORIENTED_EDGE ( 'NONE', *, *, #5146, .T. ) ;
#2469 = VERTEX_POINT ( 'NONE', #5820 ) ;
#2470 = EDGE_CURVE ( 'NONE', #3634, #4090, #1656, .T. ) ;
#2471 = CARTESIAN_POINT ( 'NONE',  ( 2.900000000000000799, 2.629999999999999449, 3.750000000000000000 ) ) ;
#2472 = CIRCLE ( 'NONE', #4714, 0.1999999999999999833 ) ;
#2473 = CARTESIAN_POINT ( 'NONE',  ( 8.529233760890809535, 6.700000000000001066, -3.720000000000000195 ) ) ;
#2474 = DIRECTION ( 'NONE',  ( 1.000000000000000000, 0.000000000000000000, 0.000000000000000000 ) ) ;
#2475 = ADVANCED_FACE ( 'NONE', ( #3511 ), #368, .T. ) ;
#2476 = AXIS2_PLACEMENT_3D ( 'NONE', #2258, #524, #2842 ) ;
#2477 = DIRECTION ( 'NONE',  ( -1.000000000000000000, 0.000000000000000000, 0.000000000000000000 ) ) ;
#2478 = VERTEX_POINT ( 'NONE', #4075 ) ;
#2479 = LINE ( 'NONE', #4214, #3633 ) ;
#2480 = LINE ( 'NONE', #3371, #5700 ) ;
#2481 = ORIENTED_EDGE ( 'NONE', *, *, #1827, .T. ) ;
#2482 = CARTESIAN_POINT ( 'NONE',  ( 4.607807737440317908, 6.700000000000001066, -1.050000000000000044 ) ) ;
#2483 = VECTOR ( 'NONE', #2457, 1000.000000000000000 ) ;
#2484 = CARTESIAN_POINT ( 'NONE',  ( -3.000000000000000444, 1.130000000000000115, -1.679999999999999716 ) ) ;
#2485 = CARTESIAN_POINT ( 'NONE',  ( -4.607807737440317908, 6.700000000000001066, 3.549999999999999822 ) ) ;
#2486 = CARTESIAN_POINT ( 'NONE',  ( -3.000000000000000444, 2.530000000000000249, -1.680000000000000160 ) ) ;
#2487 = EDGE_CURVE ( 'NONE', #5558, #5350, #855, .T. ) ;
#2488 = CIRCLE ( 'NONE', #2109, 0.2000000000000000944 ) ;
#2489 = ORIENTED_EDGE ( 'NONE', *, *, #1057, .F. ) ;
#2490 = ORIENTED_EDGE ( 'NONE', *, *, #2971, .T. ) ;
#2491 = FACE_OUTER_BOUND ( 'NONE', #3694, .T. ) ;
#2492 = ORIENTED_EDGE ( 'NONE', *, *, #5640, .F. ) ;
#2493 = ORIENTED_EDGE ( 'NONE', *, *, #5988, .F. ) ;
#2494 = DIRECTION ( 'NONE',  ( 0.000000000000000000, 1.000000000000000000, 3.097720492815727166E-16 ) ) ;
#2495 = DIRECTION ( 'NONE',  ( -0.000000000000000000, -0.000000000000000000, -1.000000000000000000 ) ) ;
#2496 = LINE ( 'NONE', #4418, #2284 ) ;
#2497 = ORIENTED_EDGE ( 'NONE', *, *, #2384, .T. ) ;
#2498 = VERTEX_POINT ( 'NONE', #1793 ) ;
#2499 = PLANE ( 'NONE',  #1003 ) ;
#2500 = PLANE ( 'NONE',  #614 ) ;
#2501 = CIRCLE ( 'NONE', #89, 0.09999999999999993616 ) ;
#2502 = LINE ( 'NONE', #5646, #674 ) ;
#2503 = LINE ( 'NONE', #2534, #532 ) ;
#2504 = VECTOR ( 'NONE', #4992, 1000.000000000000000 ) ;
#2505 = ORIENTED_EDGE ( 'NONE', *, *, #3298, .F. ) ;
#2506 = ORIENTED_EDGE ( 'NONE', *, *, #5879, .T. ) ;
#2507 = EDGE_CURVE ( 'NONE', #1468, #1911, #2866, .T. ) ;
#2508 = DIRECTION ( 'NONE',  ( 0.000000000000000000, 0.000000000000000000, 1.000000000000000000 ) ) ;
#2509 = ORIENTED_EDGE ( 'NONE', *, *, #5202, .F. ) ;
#2510 = CARTESIAN_POINT ( 'NONE',  ( 8.529233760890809535, 1.030000000000000027, -1.450000000000001288 ) ) ;
#2511 = VECTOR ( 'NONE', #4207, 1000.000000000000000 ) ;
#2512 = FACE_OUTER_BOUND ( 'NONE', #5923, .T. ) ;
#2513 = ADVANCED_FACE ( 'NONE', ( #5961 ), #3657, .F. ) ;
#2514 = CARTESIAN_POINT ( 'NONE',  ( 8.529233760890809535, 1.200000000000000622, -1.050000000000000711 ) ) ;
#2515 = DIRECTION ( 'NONE',  ( 0.000000000000000000, 1.000000000000000000, 0.000000000000000000 ) ) ;
#2516 = ORIENTED_EDGE ( 'NONE', *, *, #1105, .F. ) ;
#2517 = AXIS2_PLACEMENT_3D ( 'NONE', #3457, #3967, #351 ) ;
#2518 = EDGE_CURVE ( 'NONE', #2529, #897, #423, .T. ) ;
#2519 = FILL_AREA_STYLE ('',( #2063 ) ) ;
#2520 = ORIENTED_EDGE ( 'NONE', *, *, #1898, .T. ) ;
#2521 = DIRECTION ( 'NONE',  ( 1.000000000000000000, -0.000000000000000000, -0.000000000000000000 ) ) ;
#2522 = ORIENTED_EDGE ( 'NONE', *, *, #5095, .F. ) ;
#2523 = ORIENTED_EDGE ( 'NONE', *, *, #2518, .T. ) ;
#2524 = DIRECTION ( 'NONE',  ( 1.000000000000000000, 0.000000000000000000, 0.000000000000000000 ) ) ;
#2525 = EDGE_CURVE ( 'NONE', #3211, #634, #4116, .T. ) ;
#2526 = CARTESIAN_POINT ( 'NONE',  ( 2.700000000000000178, 6.700000000000001066, 1.249999999999999778 ) ) ;
#2527 = CARTESIAN_POINT ( 'NONE',  ( -2.700000000000000178, 6.900000000000000355, 1.049999999999999822 ) ) ;
#2528 = CARTESIAN_POINT ( 'NONE',  ( 4.607807737440317908, 6.900000000000000355, 3.549999999999999822 ) ) ;
#2529 = VERTEX_POINT ( 'NONE', #1141 ) ;
#2530 = ORIENTED_EDGE ( 'NONE', *, *, #3630, .F. ) ;
#2531 = CYLINDRICAL_SURFACE ( 'NONE', #5181, 0.2000000000000000944 ) ;
#2532 = CARTESIAN_POINT ( 'NONE',  ( 4.607807737440317908, 6.700000000000001066, 3.750000000000000000 ) ) ;
#2533 = DIRECTION ( 'NONE',  ( -0.000000000000000000, -0.000000000000000000, -1.000000000000000000 ) ) ;
#2534 = CARTESIAN_POINT ( 'NONE',  ( 4.607807737440317908, 6.700000000000001066, -3.750000000000000444 ) ) ;
#2535 = ADVANCED_FACE ( 'NONE', ( #2995 ), #5603, .T. ) ;
#2536 = ORIENTED_EDGE ( 'NONE', *, *, #47, .F. ) ;
#2537 = VERTEX_POINT ( 'NONE', #2394 ) ;
#2538 = LINE ( 'NONE', #3463, #1235 ) ;
#2539 = ORIENTED_EDGE ( 'NONE', *, *, #3813, .T. ) ;
#2540 = DIRECTION ( 'NONE',  ( -1.000000000000000000, 0.000000000000000000, 0.000000000000000000 ) ) ;
#2541 = PLANE ( 'NONE',  #227 ) ;
#2542 = DIRECTION ( 'NONE',  ( 0.000000000000000000, 0.000000000000000000, 1.000000000000000000 ) ) ;
#2543 = ADVANCED_FACE ( 'NONE', ( #3712 ), #458, .T. ) ;
#2544 = LINE ( 'NONE', #4399, #1317 ) ;
#2545 = ORIENTED_EDGE ( 'NONE', *, *, #189, .F. ) ;
#2546 = EDGE_CURVE ( 'NONE', #364, #4112, #2310, .T. ) ;
#2547 = CARTESIAN_POINT ( 'NONE',  ( -4.607807737440317908, 6.900000000000000355, -3.550000000000000266 ) ) ;
#2548 = VECTOR ( 'NONE', #2901, 1000.000000000000000 ) ;
#2549 = ORIENTED_EDGE ( 'NONE', *, *, #19, .F. ) ;
#2550 = DIRECTION ( 'NONE',  ( 1.000000000000000000, 0.000000000000000000, -0.000000000000000000 ) ) ;
#2551 = ORIENTED_EDGE ( 'NONE', *, *, #4673, .F. ) ;
#2552 = ORIENTED_EDGE ( 'NONE', *, *, #916, .F. ) ;
#2553 = DIRECTION ( 'NONE',  ( 1.000000000000000000, 0.000000000000000000, -0.000000000000000000 ) ) ;
#2554 = CIRCLE ( 'NONE', #4208, 0.2000000000000000944 ) ;
#2555 = VECTOR ( 'NONE', #2915, 1000.000000000000000 ) ;
#2556 = DIRECTION ( 'NONE',  ( -1.000000000000000000, -0.000000000000000000, -0.000000000000000000 ) ) ;
#2557 = LINE ( 'NONE', #3166, #4022 ) ;
#2558 = AXIS2_PLACEMENT_3D ( 'NONE', #4040, #1730, #3129 ) ;
#2559 = SURFACE_STYLE_USAGE ( .BOTH. , #5913 ) ;
#2560 = AXIS2_PLACEMENT_3D ( 'NONE', #4798, #1640, #2058 ) ;
#2561 = EDGE_CURVE ( 'NONE', #4445, #4755, #4416, .T. ) ;
#2562 = VERTEX_POINT ( 'NONE', #1435 ) ;
#2563 = EDGE_LOOP ( 'NONE', ( #967, #4748, #5046, #5331 ) ) ;
#2564 = CARTESIAN_POINT ( 'NONE',  ( 2.200000000000000622, 1.000000000000000000, 3.549999999999998934 ) ) ;
#2565 = CARTESIAN_POINT ( 'NONE',  ( -3.000000000000000444, 2.629999999999999449, 1.779999999999999138 ) ) ;
#2566 = DIRECTION ( 'NONE',  ( -1.000000000000000000, 0.000000000000000000, 0.000000000000000000 ) ) ;
#2567 = VECTOR ( 'NONE', #2912, 1000.000000000000000 ) ;
#2568 = DIRECTION ( 'NONE',  ( -0.000000000000000000, -0.000000000000000000, 1.000000000000000000 ) ) ;
#2569 = AXIS2_PLACEMENT_3D ( 'NONE', #1523, #3378, #3562 ) ;
#2570 = VERTEX_POINT ( 'NONE', #1855 ) ;
#2571 = VERTEX_POINT ( 'NONE', #4713 ) ;
#2572 = CYLINDRICAL_SURFACE ( 'NONE', #5114, 0.09999999999999993616 ) ;
#2573 = ORIENTED_EDGE ( 'NONE', *, *, #4478, .F. ) ;
#2574 = CARTESIAN_POINT ( 'NONE',  ( 3.000000000000000444, 2.530000000000000249, 3.220000000000000639 ) ) ;
#2575 = ADVANCED_FACE ( 'NONE', ( #4251 ), #3745, .T. ) ;
#2576 = CARTESIAN_POINT ( 'NONE',  ( 2.900000000000000355, 2.530000000000000249, 0.7200000000000006395 ) ) ;
#2577 = LINE ( 'NONE', #3433, #1591 ) ;
#2578 = DIRECTION ( 'NONE',  ( -0.000000000000000000, -1.000000000000000000, -1.470104640658311001E-16 ) ) ;
#2579 = EDGE_LOOP ( 'NONE', ( #2066, #295, #2481, #3919 ) ) ;
#2580 = STYLED_ITEM ( 'NONE', ( #160 ), #3458 ) ;
#2581 = SURFACE_SIDE_STYLE ('',( #4930 ) ) ;
#2582 = AXIS2_PLACEMENT_3D ( 'NONE', #4081, #921, #3203 ) ;
#2583 = EDGE_CURVE ( 'NONE', #5407, #3472, #2805, .T. ) ;
#2584 = EDGE_CURVE ( 'NONE', #4025, #3498, #3649, .T. ) ;
#2585 = ORIENTED_EDGE ( 'NONE', *, *, #3601, .F. ) ;
#2586 = DIRECTION ( 'NONE',  ( 1.000000000000000000, -0.000000000000000000, -0.000000000000000000 ) ) ;
#2587 = VERTEX_POINT ( 'NONE', #484 ) ;
#2588 = ORIENTED_EDGE ( 'NONE', *, *, #3153, .F. ) ;
#2589 = EDGE_CURVE ( 'NONE', #5188, #2890, #3773, .T. ) ;
#2590 = CARTESIAN_POINT ( 'NONE',  ( 3.000000000000000444, 2.629999999999999449, -0.7200000000000009726 ) ) ;
#2591 = CIRCLE ( 'NONE', #3849, 0.2000000000000000944 ) ;
#2592 = LINE ( 'NONE', #253, #523 ) ;
#2593 = ADVANCED_FACE ( 'NONE', ( #3284 ), #5143, .T. ) ;
#2594 = CIRCLE ( 'NONE', #3181, 0.1999999999999999833 ) ;
#2595 = DIRECTION ( 'NONE',  ( 0.000000000000000000, 1.000000000000000000, 3.097720492815727166E-16 ) ) ;
#2596 = ORIENTED_EDGE ( 'NONE', *, *, #3333, .F. ) ;
#2597 = ORIENTED_EDGE ( 'NONE', *, *, #4825, .T. ) ;
#2598 = CARTESIAN_POINT ( 'NONE',  ( -3.000000000000000444, 2.530000000000000249, -0.8200000000000008393 ) ) ;
#2599 = CARTESIAN_POINT ( 'NONE',  ( -2.700000000000000178, 6.900000000000000355, 1.449999999999999956 ) ) ;
#2600 = DIRECTION ( 'NONE',  ( 0.000000000000000000, 2.168404344971007685E-15, -1.000000000000000000 ) ) ;
#2601 = ADVANCED_FACE ( 'NONE', ( #4680 ), #5172, .F. ) ;
#2602 = DIRECTION ( 'NONE',  ( 1.000000000000000000, -0.000000000000000000, -0.000000000000000000 ) ) ;
#2603 = ORIENTED_EDGE ( 'NONE', *, *, #818, .T. ) ;
#2604 = VECTOR ( 'NONE', #2349, 1000.000000000000000 ) ;
#2605 = ORIENTED_EDGE ( 'NONE', *, *, #2145, .F. ) ;
#2606 = DIRECTION ( 'NONE',  ( 0.000000000000000000, -1.000000000000000000, -1.102578480493733066E-16 ) ) ;
#2607 = EDGE_CURVE ( 'NONE', #2469, #985, #5100, .T. ) ;
#2608 = VERTEX_POINT ( 'NONE', #5656 ) ;
#2609 = CARTESIAN_POINT ( 'NONE',  ( -2.200000000000000622, 6.123233995736781751E-18, 3.750000000000000000 ) ) ;
#2610 = LINE ( 'NONE', #5041, #2770 ) ;
#2611 = DIRECTION ( 'NONE',  ( 0.000000000000000000, 0.000000000000000000, 1.000000000000000000 ) ) ;
#2612 = CIRCLE ( 'NONE', #572, 0.2000000000000000944 ) ;
#2613 = DIRECTION ( 'NONE',  ( 0.000000000000000000, -1.000000000000000000, -3.097720492815727166E-16 ) ) ;
#2614 = ORIENTED_EDGE ( 'NONE', *, *, #790, .T. ) ;
#2615 = CIRCLE ( 'NONE', #182, 0.2000000000000000944 ) ;
#2616 = EDGE_CURVE ( 'NONE', #1718, #4790, #1488, .T. ) ;
#2617 = AXIS2_PLACEMENT_3D ( 'NONE', #2797, #2326, #16 ) ;
#2618 = DIRECTION ( 'NONE',  ( 0.000000000000000000, -1.000000000000000000, 0.000000000000000000 ) ) ;
#2619 = DIRECTION ( 'NONE',  ( -0.000000000000000000, 1.000000000000000000, 1.470104640658311001E-16 ) ) ;
#2620 = CIRCLE ( 'NONE', #3586, 0.2000000000000000944 ) ;
#2621 = CARTESIAN_POINT ( 'NONE',  ( 2.200000000000000622, 6.700000000000001066, -3.750000000000000444 ) ) ;
#2622 = EDGE_CURVE ( 'NONE', #5813, #4965, #2895, .T. ) ;
#2623 = ORIENTED_EDGE ( 'NONE', *, *, #948, .T. ) ;
#2624 = ORIENTED_EDGE ( 'NONE', *, *, #5013, .F. ) ;
#2625 = DIRECTION ( 'NONE',  ( 0.000000000000000000, 0.000000000000000000, 1.000000000000000000 ) ) ;
#2626 = DIRECTION ( 'NONE',  ( 1.000000000000000000, -0.000000000000000000, -0.000000000000000000 ) ) ;
#2627 = ADVANCED_FACE ( 'NONE', ( #2777 ), #1374, .F. ) ;
#2628 = CARTESIAN_POINT ( 'NONE',  ( 3.000000000000000444, 1.030000000000000027, -3.220000000000001084 ) ) ;
#2629 = VERTEX_POINT ( 'NONE', #3224 ) ;
#2630 = ORIENTED_EDGE ( 'NONE', *, *, #5249, .T. ) ;
#2631 = CARTESIAN_POINT ( 'NONE',  ( -2.700000000000000178, 1.200000000000000178, 3.549999999999998934 ) ) ;
#2632 = DIRECTION ( 'NONE',  ( 0.000000000000000000, 1.000000000000000000, 0.000000000000000000 ) ) ;
#2633 = CARTESIAN_POINT ( 'NONE',  ( 2.700000000000000622, 1.200000000000000178, -3.550000000000001155 ) ) ;
#2634 = CARTESIAN_POINT ( 'NONE',  ( -2.700000000000000178, 6.900000000000000355, -1.450000000000000400 ) ) ;
#2635 = ORIENTED_EDGE ( 'NONE', *, *, #4514, .F. ) ;
#2636 = ORIENTED_EDGE ( 'NONE', *, *, #3503, .F. ) ;
#2637 = DIRECTION ( 'NONE',  ( -0.000000000000000000, -0.000000000000000000, 1.000000000000000000 ) ) ;
#2638 = VERTEX_POINT ( 'NONE', #5078 ) ;
#2639 = DIRECTION ( 'NONE',  ( 0.000000000000000000, 0.000000000000000000, -1.000000000000000000 ) ) ;
#2640 = LINE ( 'NONE', #2241, #4503 ) ;
#2641 = CARTESIAN_POINT ( 'NONE',  ( -4.607807737440317908, 6.900000000000000355, -1.250000000000000222 ) ) ;
#2642 = LINE ( 'NONE', #3527, #5976 ) ;
#2643 = ORIENTED_EDGE ( 'NONE', *, *, #3981, .F. ) ;
#2644 = EDGE_CURVE ( 'NONE', #4965, #2934, #5298, .T. ) ;
#2645 = DIRECTION ( 'NONE',  ( 1.000000000000000000, 0.000000000000000000, 0.000000000000000000 ) ) ;
#2646 = FACE_OUTER_BOUND ( 'NONE', #3301, .T. ) ;
#2647 = FACE_OUTER_BOUND ( 'NONE', #1222, .T. ) ;
#2648 = ORIENTED_EDGE ( 'NONE', *, *, #3597, .F. ) ;
#2649 = DIRECTION ( 'NONE',  ( 0.000000000000000000, 0.000000000000000000, -1.000000000000000000 ) ) ;
#2650 = VECTOR ( 'NONE', #5001, 1000.000000000000000 ) ;
#2652 = ADVANCED_FACE ( 'NONE', ( #5357 ), #2949, .T. ) ;
#2651 = DIRECTION ( 'NONE',  ( 0.000000000000000000, 1.000000000000000000, 1.102578480493733189E-16 ) ) ;
#2653 = LINE ( 'NONE', #345, #5604 ) ;
#2654 = AXIS2_PLACEMENT_3D ( 'NONE', #3474, #3016, #4345 ) ;
#2655 = ORIENTED_EDGE ( 'NONE', *, *, #2249, .F. ) ;
#2656 = AXIS2_PLACEMENT_3D ( 'NONE', #3282, #6022, #1034 ) ;
#2657 = EDGE_LOOP ( 'NONE', ( #4911, #4942, #2182, #1467 ) ) ;
#2658 = CARTESIAN_POINT ( 'NONE',  ( 8.529233760890809535, 6.700000000000001066, 1.219999999999999751 ) ) ;
#2659 = DIRECTION ( 'NONE',  ( 0.000000000000000000, 0.000000000000000000, 1.000000000000000000 ) ) ;
#2660 = CARTESIAN_POINT ( 'NONE',  ( -2.200000000000000622, 1.030000000000000027, 1.049999999999998934 ) ) ;
#2661 = EDGE_CURVE ( 'NONE', #890, #2794, #2465, .T. ) ;
#2662 = AXIS2_PLACEMENT_3D ( 'NONE', #5647, #4269, #4645 ) ;
#2663 = CIRCLE ( 'NONE', #914, 0.1499999999999999667 ) ;
#2664 = EDGE_CURVE ( 'NONE', #4215, #5152, #1412, .T. ) ;
#2665 = DIRECTION ( 'NONE',  ( 0.000000000000000000, -0.000000000000000000, -1.000000000000000000 ) ) ;
#2666 = EDGE_CURVE ( 'NONE', #3883, #5289, #3350, .T. ) ;
#2667 = ORIENTED_EDGE ( 'NONE', *, *, #3418, .F. ) ;
#2668 = ORIENTED_EDGE ( 'NONE', *, *, #468, .F. ) ;
#2669 = DIRECTION ( 'NONE',  ( 1.000000000000000000, 0.000000000000000000, 0.000000000000000000 ) ) ;
#2670 = CIRCLE ( 'NONE', #239, 0.2000000000000000944 ) ;
#2671 = ORIENTED_EDGE ( 'NONE', *, *, #577, .F. ) ;
#2672 = AXIS2_PLACEMENT_3D ( 'NONE', #4505, #4630, #919 ) ;
#2673 = ADVANCED_FACE ( 'NONE', ( #3407 ), #2060, .F. ) ;
#2674 = CARTESIAN_POINT ( 'NONE',  ( -2.200000000000000622, 6.700000000000001066, -1.220000000000000195 ) ) ;
#2675 = FACE_OUTER_BOUND ( 'NONE', #3217, .T. ) ;
#2676 = AXIS2_PLACEMENT_3D ( 'NONE', #2033, #2578, #2922 ) ;
#2677 = CARTESIAN_POINT ( 'NONE',  ( -2.900000000000000799, 0.1500000000000020484, -3.320000000000001616 ) ) ;
#2678 = EDGE_LOOP ( 'NONE', ( #3504, #3845, #3123, #558 ) ) ;
#2679 = VECTOR ( 'NONE', #2568, 1000.000000000000000 ) ;
#2680 = CYLINDRICAL_SURFACE ( 'NONE', #1697, 0.2000000000000000944 ) ;
#2681 = FACE_OUTER_BOUND ( 'NONE', #3897, .T. ) ;
#2682 = ADVANCED_FACE ( 'NONE', ( #1067 ), #3502, .F. ) ;
#2683 = DIRECTION ( 'NONE',  ( -0.000000000000000000, -0.000000000000000000, -1.000000000000000000 ) ) ;
#2684 = AXIS2_PLACEMENT_3D ( 'NONE', #4201, #3723, #2295 ) ;
#2685 = DIRECTION ( 'NONE',  ( -1.000000000000000000, -0.000000000000000000, -0.000000000000000000 ) ) ;
#2686 = ORIENTED_EDGE ( 'NONE', *, *, #3564, .T. ) ;
#2687 = CARTESIAN_POINT ( 'NONE',  ( 4.607807737440317908, 6.700000000000001066, 1.249999999999999778 ) ) ;
#2688 = AXIS2_PLACEMENT_3D ( 'NONE', #1617, #2586, #248 ) ;
#2689 = DIRECTION ( 'NONE',  ( 0.000000000000000000, 0.000000000000000000, 1.000000000000000000 ) ) ;
#2690 = DIRECTION ( 'NONE',  ( 1.000000000000000000, -0.000000000000000000, -0.000000000000000000 ) ) ;
#2691 = CIRCLE ( 'NONE', #62, 0.1700000000000000122 ) ;
#2692 = ORIENTED_EDGE ( 'NONE', *, *, #790, .F. ) ;
#2693 = ORIENTED_EDGE ( 'NONE', *, *, #1823, .T. ) ;
#2694 = DIRECTION ( 'NONE',  ( 0.000000000000000000, 0.000000000000000000, 1.000000000000000000 ) ) ;
#2695 = UNCERTAINTY_MEASURE_WITH_UNIT (LENGTH_MEASURE( 1.000000000000000082E-05 ), #1647, 'distance_accuracy_value', 'NONE');
#2696 = DIRECTION ( 'NONE',  ( 0.000000000000000000, 0.000000000000000000, -1.000000000000000000 ) ) ;
#2697 = AXIS2_PLACEMENT_3D ( 'NONE', #73, #163, #2880 ) ;
#2698 = LINE ( 'NONE', #5920, #1798 ) ;
#2699 = ORIENTED_EDGE ( 'NONE', *, *, #909, .F. ) ;
#2700 = EDGE_LOOP ( 'NONE', ( #1644, #4736, #2230, #161 ) ) ;
#2701 = FACE_OUTER_BOUND ( 'NONE', #3990, .T. ) ;
#2702 = EDGE_LOOP ( 'NONE', ( #2106, #1331, #2749, #1168 ) ) ;
#2703 = DIRECTION ( 'NONE',  ( 1.000000000000000000, 0.000000000000000000, 0.000000000000000000 ) ) ;
#2704 = DIRECTION ( 'NONE',  ( 0.000000000000000000, -1.000000000000000000, -1.470104640658311001E-16 ) ) ;
#2705 = CARTESIAN_POINT ( 'NONE',  ( -3.000000000000000444, 1.030000000000000027, 1.779999999999999138 ) ) ;
#2706 = LINE ( 'NONE', #5451, #4902 ) ;
#2707 = EDGE_CURVE ( 'NONE', #3505, #20, #3917, .T. ) ;
#2708 = VERTEX_POINT ( 'NONE', #2486 ) ;
#2709 = VECTOR ( 'NONE', #623, 1000.000000000000000 ) ;
#2710 = ADVANCED_FACE ( 'NONE', ( #5777 ), #4343, .F. ) ;
#2711 = CARTESIAN_POINT ( 'NONE',  ( 3.000000000000000444, 2.530000000000000249, -1.680000000000000160 ) ) ;
#2712 = CARTESIAN_POINT ( 'NONE',  ( -2.200000000000000622, 6.700000000000001066, 1.049999999999999822 ) ) ;
#2713 = FACE_OUTER_BOUND ( 'NONE', #1766, .T. ) ;
#2714 = VECTOR ( 'NONE', #4266, 1000.000000000000000 ) ;
#2715 = DIRECTION ( 'NONE',  ( 0.000000000000000000, 0.000000000000000000, -1.000000000000000000 ) ) ;
#2716 = CIRCLE ( 'NONE', #83, 0.2000000000000000944 ) ;
#2717 = ORIENTED_EDGE ( 'NONE', *, *, #170, .F. ) ;
#2718 = ADVANCED_FACE ( 'NONE', ( #5238 ), #1611, .T. ) ;
#2719 = CARTESIAN_POINT ( 'NONE',  ( 2.200000000000000622, 1.200000000000000622, 1.249999999999999112 ) ) ;
#2720 = DIRECTION ( 'NONE',  ( -0.000000000000000000, -0.000000000000000000, -1.000000000000000000 ) ) ;
#2721 = AXIS2_PLACEMENT_3D ( 'NONE', #1700, #5836, #1247 ) ;
#2722 = DIRECTION ( 'NONE',  ( 0.000000000000000000, -0.000000000000000000, 1.000000000000000000 ) ) ;
#2723 = VERTEX_POINT ( 'NONE', #5746 ) ;
#2724 = ORIENTED_EDGE ( 'NONE', *, *, #2141, .F. ) ;
#2725 = EDGE_CURVE ( 'NONE', #1246, #3359, #5206, .T. ) ;
#2726 = VECTOR ( 'NONE', #3091, 1000.000000000000000 ) ;
#2727 = CARTESIAN_POINT ( 'NONE',  ( -2.900000000000000799, -5.218871474337001921E-16, -1.450000000000001288 ) ) ;
#2728 = DIRECTION ( 'NONE',  ( 0.000000000000000000, 0.000000000000000000, -1.000000000000000000 ) ) ;
#2729 = PLANE ( 'NONE',  #3750 ) ;
#2730 = ORIENTED_EDGE ( 'NONE', *, *, #5349, .F. ) ;
#2731 = VERTEX_POINT ( 'NONE', #3434 ) ;
#2732 = DIRECTION ( 'NONE',  ( -1.000000000000000000, 0.000000000000000000, 0.000000000000000000 ) ) ;
#2733 = ORIENTED_EDGE ( 'NONE', *, *, #5891, .F. ) ;
#2734 = FILL_AREA_STYLE ('',( #4614 ) ) ;
#2735 = DIRECTION ( 'NONE',  ( 1.000000000000000000, 0.000000000000000000, 0.000000000000000000 ) ) ;
#2736 = LINE ( 'NONE', #4491, #1881 ) ;
#2737 = ADVANCED_FACE ( 'NONE', ( #5688, #4835, #3470, #5326 ), #1160, .F. ) ;
#2738 = CARTESIAN_POINT ( 'NONE',  ( 3.000000000000000444, 2.530000000000000249, -1.779999999999999361 ) ) ;
#2739 = ORIENTED_EDGE ( 'NONE', *, *, #4797, .F. ) ;
#2740 = ORIENTED_EDGE ( 'NONE', *, *, #1369, .F. ) ;
#2741 = EDGE_CURVE ( 'NONE', #2317, #2629, #2544, .T. ) ;
#2742 = DIRECTION ( 'NONE',  ( 1.000000000000000000, 0.000000000000000000, 0.000000000000000000 ) ) ;
#2743 = DIRECTION ( 'NONE',  ( 1.000000000000000000, -0.000000000000000000, -0.000000000000000000 ) ) ;
#2744 = CARTESIAN_POINT ( 'NONE',  ( -2.700000000000000178, 6.900000000000000355, -1.250000000000000222 ) ) ;
#2745 = LINE ( 'NONE', #3746, #3471 ) ;
#2746 = EDGE_CURVE ( 'NONE', #5684, #3909, #828, .T. ) ;
#2747 = FACE_OUTER_BOUND ( 'NONE', #1293, .T. ) ;
#2748 = DIRECTION ( 'NONE',  ( 0.000000000000000000, -1.000000000000000000, 0.000000000000000000 ) ) ;
#2749 = ORIENTED_EDGE ( 'NONE', *, *, #4462, .T. ) ;
#2750 = EDGE_LOOP ( 'NONE', ( #41, #3270, #2160, #4037 ) ) ;
#2751 = DIRECTION ( 'NONE',  ( -1.000000000000000000, -0.000000000000000000, -0.000000000000000000 ) ) ;
#2752 = AXIS2_PLACEMENT_3D ( 'NONE', #2631, #5312, #3904 ) ;
#2753 = DIRECTION ( 'NONE',  ( -1.000000000000000000, -0.000000000000000000, -0.000000000000000000 ) ) ;
#2754 = ADVANCED_FACE ( 'NONE', ( #2448 ), #4311, .F. ) ;
#2755 = EDGE_CURVE ( 'NONE', #1980, #2608, #243, .T. ) ;
#2756 = EDGE_CURVE ( 'NONE', #2323, #3505, #2642, .T. ) ;
#2757 = FACE_OUTER_BOUND ( 'NONE', #4580, .T. ) ;
#2758 = ORIENTED_EDGE ( 'NONE', *, *, #3740, .F. ) ;
#2759 = ORIENTED_EDGE ( 'NONE', *, *, #651, .T. ) ;
#2760 = CARTESIAN_POINT ( 'NONE',  ( 2.700000000000000178, 1.200000000000000178, 1.049999999999998934 ) ) ;
#2761 = CARTESIAN_POINT ( 'NONE',  ( 4.607807737440317908, 6.900000000000000355, 1.049999999999999822 ) ) ;
#2762 = CARTESIAN_POINT ( 'NONE',  ( 2.700000000000000178, 1.200000000000000178, 1.249999999999998890 ) ) ;
#2763 = AXIS2_PLACEMENT_3D ( 'NONE', #2447, #3861, #1549 ) ;
#2764 = VECTOR ( 'NONE', #4780, 1000.000000000000000 ) ;
#2765 = CARTESIAN_POINT ( 'NONE',  ( 2.200000000000000622, 1.200000000000000622, 1.449999999999999289 ) ) ;
#2766 = CYLINDRICAL_SURFACE ( 'NONE', #2768, 0.2000000000000000944 ) ;
#2767 = FACE_OUTER_BOUND ( 'NONE', #5414, .T. ) ;
#2768 = AXIS2_PLACEMENT_3D ( 'NONE', #2884, #450, #3215 ) ;
#2769 = ORIENTED_EDGE ( 'NONE', *, *, #5266, .T. ) ;
#2770 = VECTOR ( 'NONE', #5866, 1000.000000000000000 ) ;
#2771 = ORIENTED_EDGE ( 'NONE', *, *, #4973, .T. ) ;
#2772 = EDGE_CURVE ( 'NONE', #2069, #3194, #762, .T. ) ;
#2773 = CARTESIAN_POINT ( 'NONE',  ( -3.000000000000000444, 1.030000000000000027, -3.220000000000001084 ) ) ;
#2774 = VECTOR ( 'NONE', #1732, 1000.000000000000000 ) ;
#2775 = STYLED_ITEM ( 'NONE', ( #4106 ), #1410 ) ;
#2776 = CARTESIAN_POINT ( 'NONE',  ( 2.700000000000000178, 6.900000000000000355, 1.049999999999999822 ) ) ;
#2777 = FACE_OUTER_BOUND ( 'NONE', #4644, .T. ) ;
#2778 = CARTESIAN_POINT ( 'NONE',  ( 8.529233760890809535, 1.030000000000000027, 3.549999999999998934 ) ) ;
#2779 = AXIS2_PLACEMENT_3D ( 'NONE', #1849, #1427, #478 ) ;
#2780 = LINE ( 'NONE', #3572, #5722 ) ;
#2781 = CARTESIAN_POINT ( 'NONE',  ( 3.000000000000000444, 1.130000000000000115, -3.320000000000001172 ) ) ;
#2782 = AXIS2_PLACEMENT_3D ( 'NONE', #3055, #5882, #4909 ) ;
#2783 = DIRECTION ( 'NONE',  ( 1.000000000000000000, -0.000000000000000000, -0.000000000000000000 ) ) ;
#2784 = ADVANCED_FACE ( 'NONE', ( #5901 ), #5476, .T. ) ;
#2785 = VERTEX_POINT ( 'NONE', #331 ) ;
#2786 = VERTEX_POINT ( 'NONE', #3618 ) ;
#2787 = DIRECTION ( 'NONE',  ( 0.000000000000000000, 0.000000000000000000, 1.000000000000000000 ) ) ;
#2788 = AXIS2_PLACEMENT_3D ( 'NONE', #2316, #4169, #463 ) ;
#2789 = DIRECTION ( 'NONE',  ( 0.000000000000000000, -1.000000000000000000, 0.000000000000000000 ) ) ;
#2790 = EDGE_CURVE ( 'NONE', #1556, #2900, #5954, .T. ) ;
#2791 = AXIS2_PLACEMENT_3D ( 'NONE', #5894, #2669, #202 ) ;
#2792 = CARTESIAN_POINT ( 'NONE',  ( -2.700000000000000178, 1.200000000000000178, 1.449999999999999289 ) ) ;
#2793 = ORIENTED_EDGE ( 'NONE', *, *, #505, .F. ) ;
#2794 = VERTEX_POINT ( 'NONE', #5423 ) ;
#2795 = DIRECTION ( 'NONE',  ( -1.000000000000000000, -0.000000000000000000, -0.000000000000000000 ) ) ;
#2796 = CARTESIAN_POINT ( 'NONE',  ( 3.000000000000000444, 1.130000000000000115, -0.8200000000000012834 ) ) ;
#2797 = CARTESIAN_POINT ( 'NONE',  ( -2.200000000000000622, 6.700000000000001066, -1.450000000000000400 ) ) ;
#2798 = EDGE_CURVE ( 'NONE', #3533, #242, #4465, .T. ) ;
#2799 = CIRCLE ( 'NONE', #1434, 0.2000000000000000944 ) ;
#2800 = PLANE ( 'NONE',  #2662 ) ;
#2801 = DIRECTION ( 'NONE',  ( -1.000000000000000000, 0.000000000000000000, 0.000000000000000000 ) ) ;
#2802 = EDGE_LOOP ( 'NONE', ( #2123, #2342, #5209, #3264 ) ) ;
#2803 = DIRECTION ( 'NONE',  ( -1.000000000000000000, -0.000000000000000000, -0.000000000000000000 ) ) ;
#2804 = CARTESIAN_POINT ( 'NONE',  ( -4.607807737440317908, 6.700000000000001066, 1.249999999999999778 ) ) ;
#2805 = LINE ( 'NONE', #1969, #1984 ) ;
#2806 = DIRECTION ( 'NONE',  ( 0.000000000000000000, -1.102578480493733066E-16, 1.000000000000000000 ) ) ;
#2807 = DIRECTION ( 'NONE',  ( 0.000000000000000000, 1.577021341797097314E-16, -1.000000000000000000 ) ) ;
#2808 = VECTOR ( 'NONE', #1450, 1000.000000000000000 ) ;
#2809 = EDGE_CURVE ( 'NONE', #1666, #2311, #2186, .T. ) ;
#2810 = CIRCLE ( 'NONE', #1059, 0.1999999999999999833 ) ;
#2811 = DIRECTION ( 'NONE',  ( 0.000000000000000000, -0.000000000000000000, 1.000000000000000000 ) ) ;
#2812 = ORIENTED_EDGE ( 'NONE', *, *, #5272, .T. ) ;
#2813 = ORIENTED_EDGE ( 'NONE', *, *, #3700, .F. ) ;
#2814 = FACE_OUTER_BOUND ( 'NONE', #2700, .T. ) ;
#2815 = AXIS2_PLACEMENT_3D ( 'NONE', #2938, #1479, #4363 ) ;
#2816 = ADVANCED_FACE ( 'NONE', ( #1220 ), #302, .T. ) ;
#2817 = CARTESIAN_POINT ( 'NONE',  ( 8.529233760890809535, 6.700000000000001066, -1.450000000000000400 ) ) ;
#2818 = CIRCLE ( 'NONE', #1749, 0.2000000000000000944 ) ;
#2819 = ORIENTED_EDGE ( 'NONE', *, *, #3561, .F. ) ;
#2820 = VERTEX_POINT ( 'NONE', #793 ) ;
#2821 = EDGE_CURVE ( 'NONE', #4082, #4344, #1786, .T. ) ;
#2822 = CYLINDRICAL_SURFACE ( 'NONE', #269, 0.2000000000000000944 ) ;
#2823 = CARTESIAN_POINT ( 'NONE',  ( -3.000000000000000444, 2.530000000000000249, 1.679999999999999272 ) ) ;
#2824 = CARTESIAN_POINT ( 'NONE',  ( -2.900000000000000799, 2.530000000000000249, -1.680000000000000160 ) ) ;
#2825 = CARTESIAN_POINT ( 'NONE',  ( -2.900000000000000799, 1.130000000000000115, -0.7200000000000009726 ) ) ;
#2826 = CARTESIAN_POINT ( 'NONE',  ( 2.899999999999998579, 2.530000000000000249, -1.680000000000000160 ) ) ;
#2827 = ORIENTED_EDGE ( 'NONE', *, *, #2179, .F. ) ;
#2828 = LINE ( 'NONE', #5629, #4989 ) ;
#2829 = ORIENTED_EDGE ( 'NONE', *, *, #371, .F. ) ;
#2830 = CARTESIAN_POINT ( 'NONE',  ( 2.200000000000000622, 1.200000000000000622, -1.050000000000000711 ) ) ;
#2831 = DIRECTION ( 'NONE',  ( 0.000000000000000000, 0.000000000000000000, 1.000000000000000000 ) ) ;
#2832 = CARTESIAN_POINT ( 'NONE',  ( -2.700000000000000622, 1.200000000000000178, -1.050000000000000711 ) ) ;
#2833 = EDGE_CURVE ( 'NONE', #4870, #3789, #2706, .T. ) ;
#2834 = ORIENTED_EDGE ( 'NONE', *, *, #4639, .F. ) ;
#2835 = DIRECTION ( 'NONE',  ( -0.000000000000000000, -1.000000000000000000, -1.102578480493733066E-16 ) ) ;
#2836 = CARTESIAN_POINT ( 'NONE',  ( 4.607807737440317908, 1.200000000000000622, 1.249999999999998890 ) ) ;
#2837 = DIRECTION ( 'NONE',  ( -1.000000000000000000, 1.349033386251665073E-16, 0.000000000000000000 ) ) ;
#2838 = ORIENTED_EDGE ( 'NONE', *, *, #557, .T. ) ;
#2839 = ORIENTED_EDGE ( 'NONE', *, *, #2064, .T. ) ;
#2840 = CARTESIAN_POINT ( 'NONE',  ( -2.900000000000000799, 2.629999999999999449, -0.7200000000000009726 ) ) ;
#2841 = EDGE_CURVE ( 'NONE', #5558, #712, #920, .T. ) ;
#2842 = DIRECTION ( 'NONE',  ( 0.000000000000000000, 0.000000000000000000, -1.000000000000000000 ) ) ;
#2843 = ORIENTED_EDGE ( 'NONE', *, *, #4720, .T. ) ;
#2844 = ORIENTED_EDGE ( 'NONE', *, *, #4140, .F. ) ;
#2845 = FACE_OUTER_BOUND ( 'NONE', #586, .T. ) ;
#2846 = DIRECTION ( 'NONE',  ( -1.000000000000000000, -0.000000000000000000, -0.000000000000000000 ) ) ;
#2847 = LINE ( 'NONE', #2412, #4658 ) ;
#2848 = VECTOR ( 'NONE', #260, 1000.000000000000000 ) ;
#2849 = EDGE_CURVE ( 'NONE', #5407, #5750, #4711, .T. ) ;
#2850 = LINE ( 'NONE', #531, #2458 ) ;
#2851 = CARTESIAN_POINT ( 'NONE',  ( -3.000000000000000444, 2.530000000000000249, 1.679999999999999272 ) ) ;
#2852 = ORIENTED_EDGE ( 'NONE', *, *, #2661, .T. ) ;
#2853 = DIRECTION ( 'NONE',  ( -1.000000000000000000, -0.000000000000000000, -0.000000000000000000 ) ) ;
#2854 = EDGE_CURVE ( 'NONE', #4755, #3964, #5839, .T. ) ;
#2855 = DIRECTION ( 'NONE',  ( -1.000000000000000000, -0.000000000000000000, -0.000000000000000000 ) ) ;
#2856 = MECHANICAL_DESIGN_GEOMETRIC_PRESENTATION_REPRESENTATION (  '', ( #3236 ), #3255 ) ;
#2857 = ORIENTED_EDGE ( 'NONE', *, *, #4857, .F. ) ;
#2858 = CIRCLE ( 'NONE', #4111, 0.1999999999999999833 ) ;
#2859 = EDGE_CURVE ( 'NONE', #4237, #4509, #628, .T. ) ;
#2860 = DIRECTION ( 'NONE',  ( 0.000000000000000000, 0.000000000000000000, 1.000000000000000000 ) ) ;
#2861 = DIRECTION ( 'NONE',  ( -0.000000000000000000, -0.000000000000000000, -1.000000000000000000 ) ) ;
#2862 = VECTOR ( 'NONE', #2213, 1000.000000000000000 ) ;
#2864 = VECTOR ( 'NONE', #901, 1000.000000000000000 ) ;
#2863 = CARTESIAN_POINT ( 'NONE',  ( -2.700000000000000178, 6.900000000000000355, -3.550000000000000266 ) ) ;
#2865 = VERTEX_POINT ( 'NONE', #4982 ) ;
#2866 = CIRCLE ( 'NONE', #5198, 0.05000000000000012768 ) ;
#2867 = CIRCLE ( 'NONE', #4024, 0.09999999999999982514 ) ;
#2868 = ADVANCED_FACE ( 'NONE', ( #2214 ), #3130, .F. ) ;
#2869 = SURFACE_STYLE_USAGE ( .BOTH. , #4657 ) ;
#2870 = AXIS2_PLACEMENT_3D ( 'NONE', #5295, #1551, #4770 ) ;
#2871 = CARTESIAN_POINT ( 'NONE',  ( -3.000000000000000444, 0.1499999999999998557, 3.750000000000000000 ) ) ;
#2872 = EDGE_LOOP ( 'NONE', ( #2103, #2759, #5559, #215, #1495, #4376, #32, #4352 ) ) ;
#2873 = ORIENTED_EDGE ( 'NONE', *, *, #1931, .T. ) ;
#2874 = DIRECTION ( 'NONE',  ( 1.000000000000000000, 0.000000000000000000, 0.000000000000000000 ) ) ;
#2875 = CARTESIAN_POINT ( 'NONE',  ( -3.000000000000000444, 6.900000000000000355, -3.750000000000000000 ) ) ;
#2876 = CARTESIAN_POINT ( 'NONE',  ( -2.900000000000000799, 1.130000000000000115, 0.8200000000000003952 ) ) ;
#2877 = MECHANICAL_DESIGN_GEOMETRIC_PRESENTATION_REPRESENTATION (  '', ( #3559 ), #3843 ) ;
#2878 = ORIENTED_EDGE ( 'NONE', *, *, #2470, .T. ) ;
#2879 = ORIENTED_EDGE ( 'NONE', *, *, #2007, .T. ) ;
#2880 = DIRECTION ( 'NONE',  ( 0.000000000000000000, 0.000000000000000000, -1.000000000000000000 ) ) ;
#2881 = LINE ( 'NONE', #4239, #2709 ) ;
#2882 = CARTESIAN_POINT ( 'NONE',  ( -3.000000000000000444, 1.030000000000000027, -0.7200000000000009726 ) ) ;
#2883 = CIRCLE ( 'NONE', #1037, 0.2000000000000000944 ) ;
#2884 = CARTESIAN_POINT ( 'NONE',  ( -4.607807737440317908, 6.700000000000001066, 1.049999999999999822 ) ) ;
#2885 = LINE ( 'NONE', #1394, #5881 ) ;
#2886 = VERTEX_POINT ( 'NONE', #361 ) ;
#2887 = DIRECTION ( 'NONE',  ( 0.000000000000000000, -1.000000000000000000, -1.102578480493733066E-16 ) ) ;
#2888 = CARTESIAN_POINT ( 'NONE',  ( 2.900000000000000799, 1.030000000000000027, 3.750000000000000000 ) ) ;
#2889 = VECTOR ( 'NONE', #4001, 1000.000000000000000 ) ;
#2890 = VERTEX_POINT ( 'NONE', #5929 ) ;
#2891 = CARTESIAN_POINT ( 'NONE',  ( -2.700000000000000178, 1.000000000000000000, 1.249999999999998890 ) ) ;
#2892 = CARTESIAN_POINT ( 'NONE',  ( 2.900000000000000799, 2.629999999999999449, 0.7200000000000006395 ) ) ;
#2893 = EDGE_CURVE ( 'NONE', #5277, #5037, #1759, .T. ) ;
#2894 = CIRCLE ( 'NONE', #4439, 0.2000000000000000944 ) ;
#2895 = LINE ( 'NONE', #4742, #4314 ) ;
#2896 = EDGE_CURVE ( 'NONE', #5903, #1251, #4557, .T. ) ;
#2897 = DIRECTION ( 'NONE',  ( 1.000000000000000000, -0.000000000000000000, -0.000000000000000000 ) ) ;
#2898 = CARTESIAN_POINT ( 'NONE',  ( 2.700000000000000622, 6.700000000000001066, -1.450000000000000400 ) ) ;
#2899 = ORIENTED_EDGE ( 'NONE', *, *, #2252, .T. ) ;
#2900 = VERTEX_POINT ( 'NONE', #4183 ) ;
#2901 = DIRECTION ( 'NONE',  ( -1.000000000000000000, 0.000000000000000000, 0.000000000000000000 ) ) ;
#2902 = DIRECTION ( 'NONE',  ( 0.000000000000000000, 0.000000000000000000, 1.000000000000000000 ) ) ;
#2903 = DIRECTION ( 'NONE',  ( 0.000000000000000000, 0.000000000000000000, -1.000000000000000000 ) ) ;
#2904 = STYLED_ITEM ( 'NONE', ( #635 ), #5405 ) ;
#2905 = ADVANCED_FACE ( 'NONE', ( #5622 ), #3307, .T. ) ;
#2906 = ORIENTED_EDGE ( 'NONE', *, *, #2994, .F. ) ;
#2907 = ORIENTED_EDGE ( 'NONE', *, *, #848, .F. ) ;
#2908 = CIRCLE ( 'NONE', #4846, 0.1700000000000000122 ) ;
#2909 = DIRECTION ( 'NONE',  ( 0.000000000000000000, 0.000000000000000000, 1.000000000000000000 ) ) ;
#2910 = PLANE ( 'NONE',  #5139 ) ;
#2911 = LINE ( 'NONE', #591, #4550 ) ;
#2912 = DIRECTION ( 'NONE',  ( 1.000000000000000000, -0.000000000000000000, -0.000000000000000000 ) ) ;
#2913 = CARTESIAN_POINT ( 'NONE',  ( -2.900000000000000799, 1.130000000000000115, -1.779999999999999361 ) ) ;
#2914 = ORIENTED_EDGE ( 'NONE', *, *, #4940, .T. ) ;
#2915 = DIRECTION ( 'NONE',  ( 0.000000000000000000, 1.000000000000000000, -0.000000000000000000 ) ) ;
#2916 = CARTESIAN_POINT ( 'NONE',  ( -3.000000000000000444, 2.629999999999999449, -3.220000000000001084 ) ) ;
#2917 = ORIENTED_EDGE ( 'NONE', *, *, #695, .T. ) ;
#2918 = FACE_OUTER_BOUND ( 'NONE', #1719, .T. ) ;
#2919 = EDGE_CURVE ( 'NONE', #2890, #1137, #1873, .T. ) ;
#2920 = DIRECTION ( 'NONE',  ( 1.000000000000000000, -0.000000000000000000, -0.000000000000000000 ) ) ;
#2921 = LINE ( 'NONE', #638, #2076 ) ;
#2922 = DIRECTION ( 'NONE',  ( 0.000000000000000000, 0.000000000000000000, -1.000000000000000000 ) ) ;
#2923 = ORIENTED_EDGE ( 'NONE', *, *, #768, .T. ) ;
#2924 = EDGE_CURVE ( 'NONE', #537, #5895, #4317, .T. ) ;
#2925 = EDGE_CURVE ( 'NONE', #534, #3726, #48, .T. ) ;
#2926 = DIRECTION ( 'NONE',  ( 0.000000000000000000, 0.000000000000000000, 1.000000000000000000 ) ) ;
#2927 = VERTEX_POINT ( 'NONE', #2826 ) ;
#2928 = ORIENTED_EDGE ( 'NONE', *, *, #811, .T. ) ;
#2929 = EDGE_CURVE ( 'NONE', #5289, #2571, #1368, .T. ) ;
#2930 = CYLINDRICAL_SURFACE ( 'NONE', #4782, 0.1999999999999999833 ) ;
#2931 =( LENGTH_UNIT ( ) NAMED_UNIT ( * ) SI_UNIT ( .MILLI., .METRE. ) );
#2932 = LINE ( 'NONE', #3872, #3344 ) ;
#2933 = CARTESIAN_POINT ( 'NONE',  ( -3.000000000000000444, 1.030000000000000027, 3.220000000000000639 ) ) ;
#2934 = VERTEX_POINT ( 'NONE', #5106 ) ;
#2935 = VERTEX_POINT ( 'NONE', #3766 ) ;
#2936 = CARTESIAN_POINT ( 'NONE',  ( -2.700000000000000178, 6.900000000000000355, 1.249999999999999778 ) ) ;
#2937 = PLANE ( 'NONE',  #3489 ) ;
#2938 = CARTESIAN_POINT ( 'NONE',  ( -2.200000000000000622, 1.200000000000000622, 1.449999999999999289 ) ) ;
#2939 = ADVANCED_FACE ( 'NONE', ( #2304 ), #966, .T. ) ;
#2940 = DIRECTION ( 'NONE',  ( 0.000000000000000000, 1.000000000000000000, 1.102578480493733189E-16 ) ) ;
#2941 = ORIENTED_EDGE ( 'NONE', *, *, #3115, .T. ) ;
#2942 = CARTESIAN_POINT ( 'NONE',  ( 8.529233760890809535, 1.030000000000000027, 1.449999999999999067 ) ) ;
#2943 = PLANE ( 'NONE',  #358 ) ;
#2944 = EDGE_LOOP ( 'NONE', ( #3708, #2054, #980, #1685 ) ) ;
#2945 = DIRECTION ( 'NONE',  ( -1.000000000000000000, -0.000000000000000000, -0.000000000000000000 ) ) ;
#2946 = VECTOR ( 'NONE', #553, 1000.000000000000000 ) ;
#2947 = CARTESIAN_POINT ( 'NONE',  ( -2.900000000000000799, 6.900000000000000355, 3.750000000000000000 ) ) ;
#2948 = DIRECTION ( 'NONE',  ( 0.000000000000000000, 1.000000000000000000, 1.470104640658311001E-16 ) ) ;
#2949 = CYLINDRICAL_SURFACE ( 'NONE', #43, 0.2000000000000000944 ) ;
#2950 = ORIENTED_EDGE ( 'NONE', *, *, #429, .F. ) ;
#2951 = VECTOR ( 'NONE', #3741, 1000.000000000000000 ) ;
#2952 = AXIS2_PLACEMENT_3D ( 'NONE', #1872, #936, #3765 ) ;
#2953 = AXIS2_PLACEMENT_3D ( 'NONE', #4833, #4767, #601 ) ;
#2954 =( LENGTH_UNIT ( ) NAMED_UNIT ( * ) SI_UNIT ( .MILLI., .METRE. ) );
#2955 = ORIENTED_EDGE ( 'NONE', *, *, #4683, .F. ) ;
#2956 = DIRECTION ( 'NONE',  ( 0.000000000000000000, 0.000000000000000000, 1.000000000000000000 ) ) ;
#2957 = VECTOR ( 'NONE', #2191, 1000.000000000000000 ) ;
#2958 = ORIENTED_EDGE ( 'NONE', *, *, #3041, .F. ) ;
#2959 = ORIENTED_EDGE ( 'NONE', *, *, #5371, .F. ) ;
#2960 = CARTESIAN_POINT ( 'NONE',  ( -2.200000000000000622, 1.000000000000000000, 1.049999999999998934 ) ) ;
#2961 = LINE ( 'NONE', #2045, #823 ) ;
#2962 = VECTOR ( 'NONE', #5386, 1000.000000000000000 ) ;
#2963 = EDGE_CURVE ( 'NONE', #2035, #1089, #5594, .T. ) ;
#2964 = LINE ( 'NONE', #192, #1130 ) ;
#2965 = ORIENTED_EDGE ( 'NONE', *, *, #4051, .F. ) ;
#2966 = ORIENTED_EDGE ( 'NONE', *, *, #4853, .F. ) ;
#2967 = DIRECTION ( 'NONE',  ( 0.000000000000000000, 0.000000000000000000, 1.000000000000000000 ) ) ;
#2968 = AXIS2_PLACEMENT_3D ( 'NONE', #1815, #2329, #5197 ) ;
#2969 = DIRECTION ( 'NONE',  ( 0.000000000000000000, 0.000000000000000000, 1.000000000000000000 ) ) ;
#2970 = CARTESIAN_POINT ( 'NONE',  ( 3.000000000000000444, 2.530000000000000249, 0.8199999999999999512 ) ) ;
#2971 = EDGE_CURVE ( 'NONE', #5832, #1236, #4157, .T. ) ;
#2972 = VECTOR ( 'NONE', #3419, 1000.000000000000000 ) ;
#2973 = CARTESIAN_POINT ( 'NONE',  ( 2.700000000000000178, 6.700000000000001066, 1.049999999999999822 ) ) ;
#2974 = ORIENTED_EDGE ( 'NONE', *, *, #4098, .T. ) ;
#2975 = EDGE_LOOP ( 'NONE', ( #4460, #810, #4719, #4336 ) ) ;
#2976 = ADVANCED_FACE ( 'NONE', ( #5648 ), #5565, .F. ) ;
#2977 = LINE ( 'NONE', #3825, #649 ) ;
#2978 = ORIENTED_EDGE ( 'NONE', *, *, #5400, .T. ) ;
#2979 = DIRECTION ( 'NONE',  ( 0.000000000000000000, 0.000000000000000000, 1.000000000000000000 ) ) ;
#2980 = CARTESIAN_POINT ( 'NONE',  ( -2.200000000000000622, 6.700000000000001066, -3.720000000000000195 ) ) ;
#2981 = CARTESIAN_POINT ( 'NONE',  ( -3.000000000000000444, 1.030000000000000027, 1.779999999999999138 ) ) ;
#2982 = DIRECTION ( 'NONE',  ( -0.000000000000000000, -1.000000000000000000, -2.168404344971008079E-15 ) ) ;
#2983 = VECTOR ( 'NONE', #3555, 1000.000000000000000 ) ;
#2984 = EDGE_LOOP ( 'NONE', ( #678, #2509, #3007, #1921 ) ) ;
#2985 = EDGE_CURVE ( 'NONE', #580, #2786, #3455, .T. ) ;
#2986 = AXIS2_PLACEMENT_3D ( 'NONE', #5704, #5617, #5671 ) ;
#2987 = LINE ( 'NONE', #2101, #4516 ) ;
#2988 = ORIENTED_EDGE ( 'NONE', *, *, #3003, .F. ) ;
#2989 = FACE_BOUND ( 'NONE', #596, .T. ) ;
#2990 = ORIENTED_EDGE ( 'NONE', *, *, #2216, .T. ) ;
#2991 = EDGE_LOOP ( 'NONE', ( #5596, #5598, #4603, #5845 ) ) ;
#2992 = LINE ( 'NONE', #4844, #1541 ) ;
#2994 = EDGE_CURVE ( 'NONE', #2089, #3634, #2885, .T. ) ;
#2993 = CARTESIAN_POINT ( 'NONE',  ( -3.000000000000000444, 1.130000000000000115, 3.320000000000000284 ) ) ;
#2995 = FACE_OUTER_BOUND ( 'NONE', #1361, .T. ) ;
#2996 = ORIENTED_EDGE ( 'NONE', *, *, #5606, .F. ) ;
#2997 = EDGE_LOOP ( 'NONE', ( #5793, #4097, #878 ) ) ;
#2998 = DIRECTION ( 'NONE',  ( 0.000000000000000000, 1.000000000000000000, 1.182766006347823109E-16 ) ) ;
#2999 = DIRECTION ( 'NONE',  ( -1.000000000000000000, -0.000000000000000000, -0.000000000000000000 ) ) ;
#3000 = CLOSED_SHELL ( 'NONE', ( #1208, #2976, #5840, #5708, #5045, #3988, #2100, #2601, #1655, #4287 ) ) ;
#3001 = ADVANCED_FACE ( 'NONE', ( #5986 ), #3332, .T. ) ;
#3002 = CARTESIAN_POINT ( 'NONE',  ( 8.529233760890809535, 6.700000000000001066, 3.549999999999999822 ) ) ;
#3003 = EDGE_CURVE ( 'NONE', #1236, #537, #3679, .T. ) ;
#3004 = FACE_OUTER_BOUND ( 'NONE', #2991, .T. ) ;
#3005 = ADVANCED_FACE ( 'NONE', ( #49 ), #1907, .T. ) ;
#3006 = VECTOR ( 'NONE', #401, 1000.000000000000000 ) ;
#3007 = ORIENTED_EDGE ( 'NONE', *, *, #3707, .F. ) ;
#3008 = ORIENTED_EDGE ( 'NONE', *, *, #3793, .T. ) ;
#3009 = DIRECTION ( 'NONE',  ( 1.000000000000000000, -0.000000000000000000, -0.000000000000000000 ) ) ;
#3010 = ORIENTED_EDGE ( 'NONE', *, *, #5914, .F. ) ;
#3011 = AXIS2_PLACEMENT_3D ( 'NONE', #2609, #2540, #4180 ) ;
#3012 = LINE ( 'NONE', #3888, #5871 ) ;
#3013 = DIRECTION ( 'NONE',  ( -1.000000000000000000, -0.000000000000000000, -0.000000000000000000 ) ) ;
#3014 = CARTESIAN_POINT ( 'NONE',  ( 3.000000000000000444, 0.1499999999999998557, 3.750000000000000000 ) ) ;
#3015 = EDGE_LOOP ( 'NONE', ( #2549, #2603, #1852, #2427 ) ) ;
#3016 = DIRECTION ( 'NONE',  ( -1.000000000000000000, -0.000000000000000000, -0.000000000000000000 ) ) ;
#3017 = ADVANCED_FACE ( 'NONE', ( #2767 ), #417, .F. ) ;
#3018 = ORIENTED_EDGE ( 'NONE', *, *, #880, .T. ) ;
#3019 = DIRECTION ( 'NONE',  ( 1.000000000000000000, 0.000000000000000000, -0.000000000000000000 ) ) ;
#3020 = ORIENTED_EDGE ( 'NONE', *, *, #5779, .F. ) ;
#3021 = ORIENTED_EDGE ( 'NONE', *, *, #5860, .T. ) ;
#3022 = CARTESIAN_POINT ( 'NONE',  ( -3.000000000000000444, 2.530000000000000249, -3.320000000000000728 ) ) ;
#3023 = CARTESIAN_POINT ( 'NONE',  ( 2.700000000000000178, 1.200000000000000622, -3.750000000000000888 ) ) ;
#3024 = CARTESIAN_POINT ( 'NONE',  ( 2.200000000000000622, 6.900000000000000355, -1.250000000000000222 ) ) ;
#3025 = ORIENTED_EDGE ( 'NONE', *, *, #122, .F. ) ;
#3026 = ORIENTED_EDGE ( 'NONE', *, *, #2043, .F. ) ;
#3027 = ADVANCED_FACE ( 'NONE', ( #1513 ), #5284, .F. ) ;
#3028 = DIRECTION ( 'NONE',  ( -0.000000000000000000, -0.000000000000000000, -1.000000000000000000 ) ) ;
#3029 = CARTESIAN_POINT ( 'NONE',  ( 2.700000000000000622, 6.700000000000001066, 3.549999999999999822 ) ) ;
#3030 = DIRECTION ( 'NONE',  ( 0.000000000000000000, 0.000000000000000000, -1.000000000000000000 ) ) ;
#3031 = CARTESIAN_POINT ( 'NONE',  ( 2.700000000000000622, 1.200000000000000178, 1.049999999999998934 ) ) ;
#3032 = ORIENTED_EDGE ( 'NONE', *, *, #263, .F. ) ;
#3033 = ORIENTED_EDGE ( 'NONE', *, *, #4187, .F. ) ;
#3034 = DIRECTION ( 'NONE',  ( 1.000000000000000000, 0.000000000000000000, 0.000000000000000000 ) ) ;
#3035 = ORIENTED_EDGE ( 'NONE', *, *, #4695, .T. ) ;
#3036 = SURFACE_SIDE_STYLE ('',( #4461 ) ) ;
#3037 = ADVANCED_FACE ( 'NONE', ( #4789 ), #2438, .T. ) ;
#3038 = DIRECTION ( 'NONE',  ( -1.000000000000000000, -0.000000000000000000, -0.000000000000000000 ) ) ;
#3039 = CARTESIAN_POINT ( 'NONE',  ( 2.850000000000000533, -1.355252715606880543E-16, -3.750000000000000000 ) ) ;
#3040 = CARTESIAN_POINT ( 'NONE',  ( -2.200000000000000622, 1.200000000000000178, 3.549999999999998934 ) ) ;
#3041 = EDGE_CURVE ( 'NONE', #5204, #1144, #2374, .T. ) ;
#3042 = ORIENTED_EDGE ( 'NONE', *, *, #661, .T. ) ;
#3043 = EDGE_CURVE ( 'NONE', #2377, #4394, #1058, .T. ) ;
#3044 = CIRCLE ( 'NONE', #512, 0.2000000000000000944 ) ;
#3045 = ORIENTED_EDGE ( 'NONE', *, *, #5812, .F. ) ;
#3046 = CARTESIAN_POINT ( 'NONE',  ( -3.000000000000000444, 2.629999999999999449, 1.779999999999999138 ) ) ;
#3047 = ORIENTED_EDGE ( 'NONE', *, *, #5829, .F. ) ;
#3048 = ORIENTED_EDGE ( 'NONE', *, *, #2085, .T. ) ;
#3049 = EDGE_CURVE ( 'NONE', #443, #5204, #5317, .T. ) ;
#3050 = DIRECTION ( 'NONE',  ( 0.000000000000000000, 3.097720492815727166E-16, -1.000000000000000000 ) ) ;
#3051 = AXIS2_PLACEMENT_3D ( 'NONE', #4799, #1187, #5775 ) ;
#3052 = AXIS2_PLACEMENT_3D ( 'NONE', #140, #3852, #5710 ) ;
#3053 = CARTESIAN_POINT ( 'NONE',  ( -3.000000000000000444, 1.130000000000000115, 3.320000000000000284 ) ) ;
#3054 = DIRECTION ( 'NONE',  ( 0.000000000000000000, 0.000000000000000000, -1.000000000000000000 ) ) ;
#3055 = CARTESIAN_POINT ( 'NONE',  ( -4.607807737440317908, 6.700000000000001066, 1.449999999999999956 ) ) ;
#3056 = VECTOR ( 'NONE', #1548, 1000.000000000000000 ) ;
#3057 = ORIENTED_EDGE ( 'NONE', *, *, #1550, .T. ) ;
#3058 = VERTEX_POINT ( 'NONE', #1993 ) ;
#3059 = LINE ( 'NONE', #1175, #113 ) ;
#3060 = CYLINDRICAL_SURFACE ( 'NONE', #3436, 0.1000000000000002554 ) ;
#3061 = FACE_OUTER_BOUND ( 'NONE', #1428, .T. ) ;
#3062 = VECTOR ( 'NONE', #1036, 1000.000000000000000 ) ;
#3063 = CIRCLE ( 'NONE', #3543, 0.2000000000000000944 ) ;
#3064 = CARTESIAN_POINT ( 'NONE',  ( 2.899999999999998579, 1.130000000000000115, -1.679999999999999716 ) ) ;
#3065 = ORIENTED_EDGE ( 'NONE', *, *, #365, .F. ) ;
#3066 = VERTEX_POINT ( 'NONE', #2052 ) ;
#3067 = ORIENTED_EDGE ( 'NONE', *, *, #3286, .F. ) ;
#3068 = CARTESIAN_POINT ( 'NONE',  ( 3.000000000000000444, 2.530000000000000249, 3.320000000000000284 ) ) ;
#3069 = DIRECTION ( 'NONE',  ( 0.000000000000000000, -0.000000000000000000, -1.000000000000000000 ) ) ;
#3070 = VECTOR ( 'NONE', #1264, 1000.000000000000000 ) ;
#3071 = FACE_OUTER_BOUND ( 'NONE', #2274, .T. ) ;
#3072 = EDGE_CURVE ( 'NONE', #3210, #2042, #3850, .T. ) ;
#3073 = DIRECTION ( 'NONE',  ( 0.000000000000000000, 0.000000000000000000, -1.000000000000000000 ) ) ;
#3074 = ORIENTED_EDGE ( 'NONE', *, *, #4227, .F. ) ;
#3075 = CIRCLE ( 'NONE', #3266, 0.2000000000000000944 ) ;
#3076 = ADVANCED_FACE ( 'NONE', ( #1116 ), #103, .T. ) ;
#3077 = CARTESIAN_POINT ( 'NONE',  ( 2.700000000000000622, 6.700000000000001066, 1.449999999999999956 ) ) ;
#3078 = AXIS2_PLACEMENT_3D ( 'NONE', #4408, #3108, #3599 ) ;
#3079 = EDGE_LOOP ( 'NONE', ( #223, #3739, #5680 ) ) ;
#3080 = SPHERICAL_SURFACE ( 'NONE', #1524, 0.2000000000000000111 ) ;
#3081 = ADVANCED_FACE ( 'NONE', ( #5707 ), #3492, .T. ) ;
#3082 = ORIENTED_EDGE ( 'NONE', *, *, #2666, .T. ) ;
#3083 = ORIENTED_EDGE ( 'NONE', *, *, #2470, .F. ) ;
#3084 = DIRECTION ( 'NONE',  ( 0.000000000000000000, 0.000000000000000000, -1.000000000000000000 ) ) ;
#3085 = VECTOR ( 'NONE', #1088, 1000.000000000000000 ) ;
#3086 = DIRECTION ( 'NONE',  ( 1.000000000000000000, 0.000000000000000000, 0.000000000000000000 ) ) ;
#3087 = EDGE_LOOP ( 'NONE', ( #221, #58, #1276, #5851, #1926, #2107, #186, #906 ) ) ;
#3088 = ORIENTED_EDGE ( 'NONE', *, *, #3115, .F. ) ;
#3089 = CARTESIAN_POINT ( 'NONE',  ( -2.700000000000000178, 6.900000000000000355, 1.249999999999999778 ) ) ;
#3090 = LINE ( 'NONE', #2117, #3920 ) ;
#3091 = DIRECTION ( 'NONE',  ( -0.000000000000000000, 1.000000000000000000, 3.097720492815727166E-16 ) ) ;
#3092 = EDGE_CURVE ( 'NONE', #770, #2035, #438, .T. ) ;
#3093 = CARTESIAN_POINT ( 'NONE',  ( -2.200000000000000622, 1.200000000000000622, 1.279999999999998916 ) ) ;
#3094 = EDGE_LOOP ( 'NONE', ( #984, #951, #5822, #4264 ) ) ;
#3095 = VECTOR ( 'NONE', #4092, 1000.000000000000000 ) ;
#3096 = ORIENTED_EDGE ( 'NONE', *, *, #447, .F. ) ;
#3097 = CARTESIAN_POINT ( 'NONE',  ( -2.700000000000000178, 6.900000000000000355, 1.049999999999999822 ) ) ;
#3098 = ORIENTED_EDGE ( 'NONE', *, *, #1527, .F. ) ;
#3099 = FACE_OUTER_BOUND ( 'NONE', #771, .T. ) ;
#3100 = DIRECTION ( 'NONE',  ( 0.000000000000000000, 0.000000000000000000, -1.000000000000000000 ) ) ;
#3101 = CARTESIAN_POINT ( 'NONE',  ( 3.000000000000000444, 1.130000000000000115, -0.7200000000000009726 ) ) ;
#3102 = CARTESIAN_POINT ( 'NONE',  ( -3.000000000000000444, 2.629999999999999449, 0.7200000000000006395 ) ) ;
#3103 = VERTEX_POINT ( 'NONE', #5767 ) ;
#3104 = CIRCLE ( 'NONE', #1064, 0.1000000000000002554 ) ;
#3105 = FACE_OUTER_BOUND ( 'NONE', #3578, .T. ) ;
#3106 = DIRECTION ( 'NONE',  ( 0.000000000000000000, 0.000000000000000000, -1.000000000000000000 ) ) ;
#3107 = AXIS2_PLACEMENT_3D ( 'NONE', #4085, #4637, #4605 ) ;
#3108 = DIRECTION ( 'NONE',  ( -0.000000000000000000, -1.000000000000000000, -2.168404344971008079E-15 ) ) ;
#3109 = EDGE_CURVE ( 'NONE', #3175, #5588, #3164, .T. ) ;
#3110 = EDGE_LOOP ( 'NONE', ( #3651, #3263, #2428, #5370 ) ) ;
#3111 = FACE_OUTER_BOUND ( 'NONE', #4420, .T. ) ;
#3112 = EDGE_CURVE ( 'NONE', #5930, #1447, #5255, .T. ) ;
#3113 = DIRECTION ( 'NONE',  ( 0.000000000000000000, 0.000000000000000000, 1.000000000000000000 ) ) ;
#3114 = SURFACE_STYLE_FILL_AREA ( #1683 ) ;
#3115 = EDGE_CURVE ( 'NONE', #2731, #2150, #2503, .T. ) ;
#3116 = ORIENTED_EDGE ( 'NONE', *, *, #4807, .T. ) ;
#3117 = ORIENTED_EDGE ( 'NONE', *, *, #5467, .T. ) ;
#3118 = CARTESIAN_POINT ( 'NONE',  ( -3.000000000000000444, 2.629999999999999449, -3.220000000000001084 ) ) ;
#3119 = DIRECTION ( 'NONE',  ( 0.000000000000000000, 1.000000000000000000, 0.000000000000000000 ) ) ;
#3120 = DIRECTION ( 'NONE',  ( -1.000000000000000000, -0.000000000000000000, -0.000000000000000000 ) ) ;
#3121 = FACE_OUTER_BOUND ( 'NONE', #3980, .T. ) ;
#3122 = ORIENTED_EDGE ( 'NONE', *, *, #2584, .F. ) ;
#3123 = ORIENTED_EDGE ( 'NONE', *, *, #3466, .F. ) ;
#3124 = CARTESIAN_POINT ( 'NONE',  ( -2.850000000000000533, 0.1499999999999998557, 3.750000000000000000 ) ) ;
#3125 = DIRECTION ( 'NONE',  ( 1.000000000000000000, -0.000000000000000000, -0.000000000000000000 ) ) ;
#3126 = FACE_OUTER_BOUND ( 'NONE', #5662, .T. ) ;
#3127 = ADVANCED_FACE ( 'NONE', ( #1568 ), #4365, .F. ) ;
#3128 = LINE ( 'NONE', #5927, #5090 ) ;
#3129 = DIRECTION ( 'NONE',  ( 0.000000000000000000, 0.000000000000000000, 1.000000000000000000 ) ) ;
#3130 = PLANE ( 'NONE',  #4030 ) ;
#3131 = ORIENTED_EDGE ( 'NONE', *, *, #3049, .T. ) ;
#3132 = DIRECTION ( 'NONE',  ( 1.000000000000000000, 0.000000000000000000, 0.000000000000000000 ) ) ;
#3133 = DIRECTION ( 'NONE',  ( 0.000000000000000000, 0.000000000000000000, -1.000000000000000000 ) ) ;
#3134 = FACE_OUTER_BOUND ( 'NONE', #3015, .T. ) ;
#3135 = ORIENTED_EDGE ( 'NONE', *, *, #1731, .T. ) ;
#3136 = CARTESIAN_POINT ( 'NONE',  ( 2.900000000000000799, 6.700000000000001066, -1.450000000000000400 ) ) ;
#3137 = AXIS2_PLACEMENT_3D ( 'NONE', #5343, #4361, #5826 ) ;
#3138 = CARTESIAN_POINT ( 'NONE',  ( -2.200000000000000622, 1.000000000000000000, 3.749999999999999112 ) ) ;
#3139 = CARTESIAN_POINT ( 'NONE',  ( 2.900000000000000355, 1.130000000000000115, -3.220000000000001084 ) ) ;
#3140 = AXIS2_PLACEMENT_3D ( 'NONE', #5577, #1944, #4224 ) ;
#3141 = EDGE_LOOP ( 'NONE', ( #788, #4693, #1986, #1075 ) ) ;
#3142 = CIRCLE ( 'NONE', #2072, 0.2000000000000000944 ) ;
#3143 = EDGE_LOOP ( 'NONE', ( #1063, #2522, #270, #2177 ) ) ;
#3144 = DIRECTION ( 'NONE',  ( -0.000000000000000000, 1.000000000000000000, 1.470104640658311001E-16 ) ) ;
#3145 = PLANE ( 'NONE',  #3598 ) ;
#3146 = ADVANCED_FACE ( 'NONE', ( #3004 ), #228, .T. ) ;
#3147 = VECTOR ( 'NONE', #3341, 1000.000000000000000 ) ;
#3148 = AXIS2_PLACEMENT_3D ( 'NONE', #2152, #3558, #815 ) ;
#3149 = EDGE_CURVE ( 'NONE', #5567, #5721, #5348, .T. ) ;
#3150 = CARTESIAN_POINT ( 'NONE',  ( 2.900000000000000799, 1.200000000000000178, -2.500000000000000000 ) ) ;
#3151 = VERTEX_POINT ( 'NONE', #5678 ) ;
#3152 = EDGE_LOOP ( 'NONE', ( #3584, #3169, #2167, #1292, #3908, #3383, #1228, #5430 ) ) ;
#3153 = EDGE_CURVE ( 'NONE', #5846, #4790, #2472, .T. ) ;
#3154 = DIRECTION ( 'NONE',  ( 0.000000000000000000, 0.000000000000000000, 1.000000000000000000 ) ) ;
#3155 = VECTOR ( 'NONE', #5482, 1000.000000000000000 ) ;
#3156 = SPHERICAL_SURFACE ( 'NONE', #562, 0.2000000000000000111 ) ;
#3157 = AXIS2_PLACEMENT_3D ( 'NONE', #2313, #344, #5998 ) ;
#3158 = CARTESIAN_POINT ( 'NONE',  ( -2.200000000000000622, 6.700000000000001066, -1.280000000000000249 ) ) ;
#3159 = CARTESIAN_POINT ( 'NONE',  ( -2.700000000000000178, 6.900000000000000355, -1.050000000000000044 ) ) ;
#3160 = CARTESIAN_POINT ( 'NONE',  ( 3.000000000000000444, 2.629999999999999449, 1.779999999999999138 ) ) ;
#3161 = CARTESIAN_POINT ( 'NONE',  ( 3.000000000000000444, 6.900000000000000355, 3.750000000000000000 ) ) ;
#3162 = ADVANCED_FACE ( 'NONE', ( #4517 ), #1207, .T. ) ;
#3163 = VERTEX_POINT ( 'NONE', #3093 ) ;
#3164 = CIRCLE ( 'NONE', #1126, 0.09999999999999982514 ) ;
#3165 = LINE ( 'NONE', #5514, #4400 ) ;
#3166 = CARTESIAN_POINT ( 'NONE',  ( -4.607807737440317908, 6.900000000000000355, -1.450000000000000400 ) ) ;
#3167 = ADVANCED_FACE ( 'NONE', ( #5830 ), #3583, .F. ) ;
#3168 = AXIS2_PLACEMENT_3D ( 'NONE', #4817, #556, #585 ) ;
#3169 = ORIENTED_EDGE ( 'NONE', *, *, #4734, .F. ) ;
#3170 = CARTESIAN_POINT ( 'NONE',  ( -2.900000000000000799, 6.700000000000001066, -2.500000000000000000 ) ) ;
#3171 = AXIS2_PLACEMENT_3D ( 'NONE', #3631, #5551, #5491 ) ;
#3172 = DIRECTION ( 'NONE',  ( 0.000000000000000000, 0.000000000000000000, 1.000000000000000000 ) ) ;
#3173 = DIRECTION ( 'NONE',  ( 1.000000000000000000, 0.000000000000000000, 0.000000000000000000 ) ) ;
#3174 = VECTOR ( 'NONE', #2508, 1000.000000000000000 ) ;
#3175 = VERTEX_POINT ( 'NONE', #3064 ) ;
#3176 = VERTEX_POINT ( 'NONE', #3969 ) ;
#3177 = LINE ( 'NONE', #5917, #902 ) ;
#3178 = UNCERTAINTY_MEASURE_WITH_UNIT (LENGTH_MEASURE( 1.000000000000000082E-05 ), #2954, 'distance_accuracy_value', 'NONE');
#3179 = DIRECTION ( 'NONE',  ( 0.000000000000000000, -1.000000000000000000, 0.000000000000000000 ) ) ;
#3180 = ADVANCED_FACE ( 'NONE', ( #3610 ), #265, .T. ) ;
#3181 = AXIS2_PLACEMENT_3D ( 'NONE', #2760, #3186, #872 ) ;
#3182 = SURFACE_STYLE_USAGE ( .BOTH. , #1329 ) ;
#3183 = EDGE_LOOP ( 'NONE', ( #1725, #3240, #5941, #3026 ) ) ;
#3184 = ORIENTED_EDGE ( 'NONE', *, *, #2220, .F. ) ;
#3185 = EDGE_CURVE ( 'NONE', #5588, #2786, #2698, .T. ) ;
#3186 = DIRECTION ( 'NONE',  ( -0.000000000000000000, 1.000000000000000000, -0.000000000000000000 ) ) ;
#3187 = ORIENTED_EDGE ( 'NONE', *, *, #1336, .F. ) ;
#3188 = CARTESIAN_POINT ( 'NONE',  ( 3.000000000000000444, 0.1499999999999998557, 3.750000000000000000 ) ) ;
#3189 = EDGE_CURVE ( 'NONE', #4025, #1900, #5413, .T. ) ;
#3190 = CARTESIAN_POINT ( 'NONE',  ( 4.607807737440317908, 6.900000000000000355, -1.050000000000000044 ) ) ;
#3191 = CARTESIAN_POINT ( 'NONE',  ( 2.900000000000000355, 1.130000000000000115, 0.7200000000000006395 ) ) ;
#3192 = CARTESIAN_POINT ( 'NONE',  ( 3.000000000000000444, 1.130000000000000115, 3.220000000000000639 ) ) ;
#3193 = ORIENTED_EDGE ( 'NONE', *, *, #2583, .F. ) ;
#3194 = VERTEX_POINT ( 'NONE', #1775 ) ;
#3195 = DIRECTION ( 'NONE',  ( 0.000000000000000000, -1.000000000000000000, 0.000000000000000000 ) ) ;
#3196 = CARTESIAN_POINT ( 'NONE',  ( -2.200000000000000622, 1.200000000000000622, 1.249999999999999112 ) ) ;
#3197 = DIRECTION ( 'NONE',  ( 0.000000000000000000, 3.097720492815727166E-16, -1.000000000000000000 ) ) ;
#3198 = DIRECTION ( 'NONE',  ( 1.000000000000000000, 0.000000000000000000, -0.000000000000000000 ) ) ;
#3199 = CIRCLE ( 'NONE', #2315, 0.2000000000000000944 ) ;
#3200 = PLANE ( 'NONE',  #180 ) ;
#3201 = ADVANCED_FACE ( 'NONE', ( #5469 ), #807, .F. ) ;
#3202 = VECTOR ( 'NONE', #6012, 1000.000000000000000 ) ;
#3203 = DIRECTION ( 'NONE',  ( 0.000000000000000000, 0.000000000000000000, 1.000000000000000000 ) ) ;
#3204 = VERTEX_POINT ( 'NONE', #1272 ) ;
#3205 = EDGE_LOOP ( 'NONE', ( #1606, #3334, #323, #4648, #5234, #179, #5758, #3666 ) ) ;
#3206 = DIRECTION ( 'NONE',  ( -1.000000000000000000, 0.000000000000000000, 0.000000000000000000 ) ) ;
#3207 = CARTESIAN_POINT ( 'NONE',  ( -3.000000000000000444, 1.030000000000000027, -3.220000000000001084 ) ) ;
#3208 = FACE_OUTER_BOUND ( 'NONE', #2975, .T. ) ;
#3209 = ADVANCED_FACE ( 'NONE', ( #3121 ), #2119, .T. ) ;
#3210 = VERTEX_POINT ( 'NONE', #3997 ) ;
#3211 = VERTEX_POINT ( 'NONE', #2634 ) ;
#3212 = DIRECTION ( 'NONE',  ( 0.000000000000000000, 0.000000000000000000, 1.000000000000000000 ) ) ;
#3213 = LINE ( 'NONE', #2761, #6004 ) ;
#3214 = SURFACE_SIDE_STYLE ('',( #4584 ) ) ;
#3215 = DIRECTION ( 'NONE',  ( 0.000000000000000000, 0.000000000000000000, 1.000000000000000000 ) ) ;
#3216 = CARTESIAN_POINT ( 'NONE',  ( 2.700000000000000178, 6.700000000000001066, 1.049999999999999822 ) ) ;
#3217 = EDGE_LOOP ( 'NONE', ( #2497, #187, #1237, #2693 ) ) ;
#3218 = ORIENTED_EDGE ( 'NONE', *, *, #5620, .T. ) ;
#3219 = ADVANCED_FACE ( 'NONE', ( #1296 ), #5856, .F. ) ;
#3220 = EDGE_CURVE ( 'NONE', #733, #4827, #4483, .T. ) ;
#3221 = FACE_OUTER_BOUND ( 'NONE', #3403, .T. ) ;
#3222 = DIRECTION ( 'NONE',  ( -0.000000000000000000, 1.000000000000000000, 3.097720492815727166E-16 ) ) ;
#3223 = EDGE_CURVE ( 'NONE', #4394, #1628, #5375, .T. ) ;
#3224 = CARTESIAN_POINT ( 'NONE',  ( -2.200000000000000622, 6.900000000000000355, -1.050000000000000044 ) ) ;
#3225 = CARTESIAN_POINT ( 'NONE',  ( -4.607807737440317908, 6.900000000000000355, 1.249999999999999778 ) ) ;
#3226 = DIRECTION ( 'NONE',  ( 0.000000000000000000, 0.000000000000000000, 1.000000000000000000 ) ) ;
#3227 = CARTESIAN_POINT ( 'NONE',  ( -3.000000000000000444, 1.130000000000000115, -1.779999999999999361 ) ) ;
#3228 = CARTESIAN_POINT ( 'NONE',  ( 2.200000000000000622, 1.200000000000000622, -1.250000000000001110 ) ) ;
#3229 = EDGE_CURVE ( 'NONE', #2090, #3292, #3654, .T. ) ;
#3230 = ORIENTED_EDGE ( 'NONE', *, *, #1499, .F. ) ;
#3231 = ORIENTED_EDGE ( 'NONE', *, *, #2229, .T. ) ;
#3232 = DIRECTION ( 'NONE',  ( -1.000000000000000000, -0.000000000000000000, -0.000000000000000000 ) ) ;
#3233 = UNCERTAINTY_MEASURE_WITH_UNIT (LENGTH_MEASURE( 1.000000000000000082E-05 ), #3243, 'distance_accuracy_value', 'NONE');
#3234 = CIRCLE ( 'NONE', #4199, 0.1700000000000000122 ) ;
#3235 = DIRECTION ( 'NONE',  ( 1.000000000000000000, -0.000000000000000000, -0.000000000000000000 ) ) ;
#3236 = STYLED_ITEM ( 'NONE', ( #2038 ), #1516 ) ;
#3237 = CARTESIAN_POINT ( 'NONE',  ( 4.607807737440317908, 6.900000000000000355, -1.250000000000000222 ) ) ;
#3238 = VECTOR ( 'NONE', #2853, 1000.000000000000000 ) ;
#3239 = ORIENTED_EDGE ( 'NONE', *, *, #3685, .F. ) ;
#3240 = ORIENTED_EDGE ( 'NONE', *, *, #5022, .F. ) ;
#3241 = DIRECTION ( 'NONE',  ( 0.000000000000000000, 0.000000000000000000, 1.000000000000000000 ) ) ;
#3242 = ORIENTED_EDGE ( 'NONE', *, *, #2841, .F. ) ;
#3243 =( LENGTH_UNIT ( ) NAMED_UNIT ( * ) SI_UNIT ( .MILLI., .METRE. ) );
#3244 = AXIS2_PLACEMENT_3D ( 'NONE', #5630, #1463, #456 ) ;
#3245 = VECTOR ( 'NONE', #3038, 1000.000000000000000 ) ;
#3246 = DIRECTION ( 'NONE',  ( -0.000000000000000000, -0.000000000000000000, -1.000000000000000000 ) ) ;
#3247 = DIRECTION ( 'NONE',  ( -0.000000000000000000, 0.000000000000000000, -1.000000000000000000 ) ) ;
#3248 = DIRECTION ( 'NONE',  ( 0.000000000000000000, 0.000000000000000000, 1.000000000000000000 ) ) ;
#3249 = VECTOR ( 'NONE', #5958, 1000.000000000000000 ) ;
#3250 = VERTEX_POINT ( 'NONE', #2235 ) ;
#3251 = EDGE_LOOP ( 'NONE', ( #4519, #2959, #3942, #1651 ) ) ;
#3252 = EDGE_CURVE ( 'NONE', #5948, #3964, #4088, .T. ) ;
#3253 = PLANE ( 'NONE',  #4896 ) ;
#3254 = VECTOR ( 'NONE', #2613, 1000.000000000000000 ) ;
#3255 =( GEOMETRIC_REPRESENTATION_CONTEXT ( 3 ) GLOBAL_UNCERTAINTY_ASSIGNED_CONTEXT ( ( #3178 ) ) GLOBAL_UNIT_ASSIGNED_CONTEXT ( ( #2954, #1614, #3531 ) ) REPRESENTATION_CONTEXT ( 'NONE', 'WORKASPACE' ) );
#3256 = DIRECTION ( 'NONE',  ( -1.000000000000000000, -0.000000000000000000, -0.000000000000000000 ) ) ;
#3257 = CARTESIAN_POINT ( 'NONE',  ( -2.700000000000000622, 6.700000000000001066, 3.549999999999999822 ) ) ;
#3258 = DIRECTION ( 'NONE',  ( 0.000000000000000000, -0.000000000000000000, -1.000000000000000000 ) ) ;
#3259 = ADVANCED_FACE ( 'NONE', ( #4032 ), #720, .T. ) ;
#3260 = CARTESIAN_POINT ( 'NONE',  ( 8.529233760890809535, 6.700000000000001066, -1.220000000000000195 ) ) ;
#3261 =( GEOMETRIC_REPRESENTATION_CONTEXT ( 3 ) GLOBAL_UNCERTAINTY_ASSIGNED_CONTEXT ( ( #1834 ) ) GLOBAL_UNIT_ASSIGNED_CONTEXT ( ( #3388, #5667, #5641 ) ) REPRESENTATION_CONTEXT ( 'NONE', 'WORKASPACE' ) );
#3262 = CARTESIAN_POINT ( 'NONE',  ( 2.200000000000000622, 6.700000000000001066, 3.549999999999999822 ) ) ;
#3263 = ORIENTED_EDGE ( 'NONE', *, *, #468, .T. ) ;
#3264 = ORIENTED_EDGE ( 'NONE', *, *, #5387, .F. ) ;
#3265 = CARTESIAN_POINT ( 'NONE',  ( 2.900000000000000799, 2.629999999999999449, 3.220000000000000639 ) ) ;
#3266 = AXIS2_PLACEMENT_3D ( 'NONE', #4378, #5456, #4963 ) ;
#3267 = FACE_OUTER_BOUND ( 'NONE', #741, .T. ) ;
#3268 = VECTOR ( 'NONE', #2835, 1000.000000000000000 ) ;
#3269 = DIRECTION ( 'NONE',  ( -1.000000000000000000, 0.000000000000000000, 0.000000000000000000 ) ) ;
#3270 = ORIENTED_EDGE ( 'NONE', *, *, #5756, .T. ) ;
#3271 = ORIENTED_EDGE ( 'NONE', *, *, #5674, .T. ) ;
#3272 = DIRECTION ( 'NONE',  ( 0.000000000000000000, 0.000000000000000000, 1.000000000000000000 ) ) ;
#3273 = DIRECTION ( 'NONE',  ( 0.000000000000000000, 0.000000000000000000, -1.000000000000000000 ) ) ;
#3274 = FACE_OUTER_BOUND ( 'NONE', #3143, .T. ) ;
#3275 = AXIS2_PLACEMENT_3D ( 'NONE', #5099, #1423, #3212 ) ;
#3276 = ADVANCED_FACE ( 'NONE', ( #5890 ), #494, .T. ) ;
#3277 = FACE_OUTER_BOUND ( 'NONE', #3205, .T. ) ;
#3278 = DIRECTION ( 'NONE',  ( -0.000000000000000000, -0.000000000000000000, -1.000000000000000000 ) ) ;
#3279 = VERTEX_POINT ( 'NONE', #1806 ) ;
#3280 = CARTESIAN_POINT ( 'NONE',  ( -2.700000000000000178, 6.700000000000001066, 1.449999999999999956 ) ) ;
#3281 = ORIENTED_EDGE ( 'NONE', *, *, #3806, .F. ) ;
#3282 = CARTESIAN_POINT ( 'NONE',  ( -4.607807737440317908, 6.900000000000000355, -3.750000000000000444 ) ) ;
#3283 = DIRECTION ( 'NONE',  ( 1.000000000000000000, 0.000000000000000000, 0.000000000000000000 ) ) ;
#3284 = FACE_OUTER_BOUND ( 'NONE', #5909, .T. ) ;
#3285 = DIRECTION ( 'NONE',  ( 0.000000000000000000, -1.000000000000000000, 0.000000000000000000 ) ) ;
#3286 = EDGE_CURVE ( 'NONE', #5047, #665, #5978, .T. ) ;
#3287 = AXIS2_PLACEMENT_3D ( 'NONE', #899, #932, #5950 ) ;
#3288 = AXIS2_PLACEMENT_3D ( 'NONE', #5093, #2696, #1327 ) ;
#3289 = FILL_AREA_STYLE_COLOUR ( '', #626 ) ;
#3290 = AXIS2_PLACEMENT_3D ( 'NONE', #4103, #2250, #5547 ) ;
#3291 = PLANE ( 'NONE',  #5111 ) ;
#3292 = VERTEX_POINT ( 'NONE', #5035 ) ;
#3293 = ORIENTED_EDGE ( 'NONE', *, *, #2397, .F. ) ;
#3294 = DIRECTION ( 'NONE',  ( -1.000000000000000000, -0.000000000000000000, -0.000000000000000000 ) ) ;
#3295 = UNCERTAINTY_MEASURE_WITH_UNIT (LENGTH_MEASURE( 1.000000000000000082E-05 ), #3900, 'distance_accuracy_value', 'NONE');
#3296 = ADVANCED_FACE ( 'NONE', ( #1897 ), #957, .T. ) ;
#3297 = VECTOR ( 'NONE', #845, 1000.000000000000000 ) ;
#3298 = EDGE_CURVE ( 'NONE', #1244, #1094, #5614, .T. ) ;
#3299 = DIRECTION ( 'NONE',  ( 1.000000000000000000, 0.000000000000000000, 0.000000000000000000 ) ) ;
#3300 = CIRCLE ( 'NONE', #780, 0.2000000000000000944 ) ;
#3301 = EDGE_LOOP ( 'NONE', ( #4848, #2237, #3924, #5329, #442, #1405, #905, #3429 ) ) ;
#3302 = ORIENTED_EDGE ( 'NONE', *, *, #439, .F. ) ;
#3303 = LINE ( 'NONE', #4696, #4632 ) ;
#3304 = CARTESIAN_POINT ( 'NONE',  ( 1.800000000000000711, 0.1000000000000000056, 3.750000000000000000 ) ) ;
#3305 = LINE ( 'NONE', #5163, #955 ) ;
#3306 = LINE ( 'NONE', #4210, #5185 ) ;
#3307 = CYLINDRICAL_SURFACE ( 'NONE', #4808, 0.2000000000000000944 ) ;
#3308 = ORIENTED_EDGE ( 'NONE', *, *, #4045, .T. ) ;
#3309 = DIRECTION ( 'NONE',  ( -0.000000000000000000, -0.000000000000000000, -1.000000000000000000 ) ) ;
#3310 = EDGE_CURVE ( 'NONE', #2785, #5948, #3658, .T. ) ;
#3311 = CARTESIAN_POINT ( 'NONE',  ( -2.200000000000000622, 1.000000000000000000, 1.249999999999998890 ) ) ;
#3312 = ORIENTED_EDGE ( 'NONE', *, *, #5440, .T. ) ;
#3313 = CARTESIAN_POINT ( 'NONE',  ( -2.900000000000000799, 2.530000000000000249, -0.8200000000000008393 ) ) ;
#3314 = LINE ( 'NONE', #4162, #518 ) ;
#3315 = DIRECTION ( 'NONE',  ( 1.000000000000000000, 0.000000000000000000, 0.000000000000000000 ) ) ;
#3316 = ORIENTED_EDGE ( 'NONE', *, *, #1320, .F. ) ;
#3317 = CARTESIAN_POINT ( 'NONE',  ( -2.850000000000000533, 0.09999999999999979738, -3.750000000000000000 ) ) ;
#3318 = CARTESIAN_POINT ( 'NONE',  ( -2.700000000000000178, 1.200000000000000178, 3.549999999999998934 ) ) ;
#3319 = VERTEX_POINT ( 'NONE', #4118 ) ;
#3320 = VERTEX_POINT ( 'NONE', #2344 ) ;
#3321 = CARTESIAN_POINT ( 'NONE',  ( -4.607807737440317908, 1.000000000000000000, 3.549999999999998934 ) ) ;
#3322 = APPLICATION_PROTOCOL_DEFINITION ( 'draft international standard', 'automotive_design', 1998, #593 ) ;
#3323 = CARTESIAN_POINT ( 'NONE',  ( -2.900000000000000799, 2.629999999999999449, -1.779999999999999361 ) ) ;
#3324 = ORIENTED_EDGE ( 'NONE', *, *, #1218, .F. ) ;
#3325 = ORIENTED_EDGE ( 'NONE', *, *, #2707, .T. ) ;
#3326 = FACE_OUTER_BOUND ( 'NONE', #5727, .T. ) ;
#3327 = LINE ( 'NONE', #2411, #2714 ) ;
#3328 = CARTESIAN_POINT ( 'NONE',  ( 2.899999999999998579, 2.530000000000000249, -3.320000000000000728 ) ) ;
#3329 = ADVANCED_FACE ( 'NONE', ( #5586 ), #3668, .F. ) ;
#3330 = VECTOR ( 'NONE', #1498, 1000.000000000000000 ) ;
#3331 = DIRECTION ( 'NONE',  ( 0.000000000000000000, 0.000000000000000000, -1.000000000000000000 ) ) ;
#3332 = SPHERICAL_SURFACE ( 'NONE', #2968, 0.2000000000000000111 ) ;
#3333 = EDGE_CURVE ( 'NONE', #4394, #4868, #2376, .T. ) ;
#3334 = ORIENTED_EDGE ( 'NONE', *, *, #4878, .T. ) ;
#3335 = LINE ( 'NONE', #5167, #2555 ) ;
#3336 = DIRECTION ( 'NONE',  ( 0.000000000000000000, 0.000000000000000000, -1.000000000000000000 ) ) ;
#3337 = AXIS2_PLACEMENT_3D ( 'NONE', #903, #4182, #1024 ) ;
#3338 = EDGE_LOOP ( 'NONE', ( #342, #1229, #3999, #1604 ) ) ;
#3339 = AXIS2_PLACEMENT_3D ( 'NONE', #657, #4423, #5410 ) ;
#3340 = DIRECTION ( 'NONE',  ( -0.000000000000000000, 0.000000000000000000, 1.000000000000000000 ) ) ;
#3341 = DIRECTION ( 'NONE',  ( 1.000000000000000000, -0.000000000000000000, -0.000000000000000000 ) ) ;
#3342 = AXIS2_PLACEMENT_3D ( 'NONE', #1348, #3197, #5053 ) ;
#3344 = VECTOR ( 'NONE', #3246, 1000.000000000000000 ) ;
#3343 = DIRECTION ( 'NONE',  ( 1.000000000000000000, -0.000000000000000000, -0.000000000000000000 ) ) ;
#3345 = ORIENTED_EDGE ( 'NONE', *, *, #286, .F. ) ;
#3346 = VECTOR ( 'NONE', #5789, 1000.000000000000000 ) ;
#3347 = VECTOR ( 'NONE', #488, 1000.000000000000000 ) ;
#3348 =( LENGTH_UNIT ( ) NAMED_UNIT ( * ) SI_UNIT ( .MILLI., .METRE. ) );
#3349 = ADVANCED_FACE ( 'NONE', ( #2757 ), #2729, .F. ) ;
#3350 = CIRCLE ( 'NONE', #2870, 0.1700000000000000122 ) ;
#3351 = DIRECTION ( 'NONE',  ( 0.000000000000000000, 1.000000000000000000, 0.000000000000000000 ) ) ;
#3352 = ORIENTED_EDGE ( 'NONE', *, *, #837, .F. ) ;
#3353 = ORIENTED_EDGE ( 'NONE', *, *, #91, .F. ) ;
#3354 = LINE ( 'NONE', #4283, #169 ) ;
#3355 = AXIS2_PLACEMENT_3D ( 'NONE', #2351, #4129, #992 ) ;
#3356 = DIRECTION ( 'NONE',  ( -0.000000000000000000, -0.000000000000000000, -1.000000000000000000 ) ) ;
#3357 = LINE ( 'NONE', #2467, #2972 ) ;
#3358 = COLOUR_RGB ( '',0.7921568627450980005, 0.8196078431372548767, 0.9333333333333333481 ) ;
#3359 = VERTEX_POINT ( 'NONE', #1359 ) ;
#3360 = ORIENTED_EDGE ( 'NONE', *, *, #1663, .T. ) ;
#3361 = ADVANCED_FACE ( 'NONE', ( #3208 ), #4579, .T. ) ;
#3362 = FACE_OUTER_BOUND ( 'NONE', #5972, .T. ) ;
#3363 = DIRECTION ( 'NONE',  ( -1.000000000000000000, 0.000000000000000000, 0.000000000000000000 ) ) ;
#3364 = DIRECTION ( 'NONE',  ( -0.000000000000000000, -1.000000000000000000, -0.000000000000000000 ) ) ;
#3365 = CIRCLE ( 'NONE', #4924, 0.05000000000000012768 ) ;
#3366 = CARTESIAN_POINT ( 'NONE',  ( -2.700000000000000178, 6.700000000000001066, 1.449999999999999956 ) ) ;
#3367 = DIRECTION ( 'NONE',  ( 1.000000000000000000, 0.000000000000000000, 0.000000000000000000 ) ) ;
#3368 = EDGE_CURVE ( 'NONE', #3945, #3926, #538, .T. ) ;
#3369 = ORIENTED_EDGE ( 'NONE', *, *, #1736, .F. ) ;
#3370 = FACE_OUTER_BOUND ( 'NONE', #5310, .T. ) ;
#3371 = CARTESIAN_POINT ( 'NONE',  ( -3.000000000000000444, 0.1499999999999998557, -3.750000000000000000 ) ) ;
#3372 = CIRCLE ( 'NONE', #3757, 0.2000000000000000944 ) ;
#3373 = ORIENTED_EDGE ( 'NONE', *, *, #2561, .T. ) ;
#3374 = ADVANCED_FACE ( 'NONE', ( #1865 ), #4664, .T. ) ;
#3375 = EDGE_CURVE ( 'NONE', #2224, #3839, #4148, .T. ) ;
#3376 = CARTESIAN_POINT ( 'NONE',  ( -3.000000000000000444, 2.530000000000000249, 1.779999999999999138 ) ) ;
#3377 = LINE ( 'NONE', #5236, #1308 ) ;
#3378 = DIRECTION ( 'NONE',  ( -1.349033386251665073E-16, 1.000000000000000000, 0.000000000000000000 ) ) ;
#3379 = ORIENTED_EDGE ( 'NONE', *, *, #2292, .F. ) ;
#3380 = CYLINDRICAL_SURFACE ( 'NONE', #1221, 0.2000000000000000944 ) ;
#3381 = CARTESIAN_POINT ( 'NONE',  ( -3.000000000000000444, 0.1499999999999998557, 3.750000000000000000 ) ) ;
#3382 = ORIENTED_EDGE ( 'NONE', *, *, #2772, .T. ) ;
#3383 = ORIENTED_EDGE ( 'NONE', *, *, #616, .F. ) ;
#3384 = EDGE_CURVE ( 'NONE', #1652, #4025, #2320, .T. ) ;
#3385 = LINE ( 'NONE', #1046, #2548 ) ;
#3386 = DIRECTION ( 'NONE',  ( 0.000000000000000000, 0.000000000000000000, -1.000000000000000000 ) ) ;
#3387 = AXIS2_PLACEMENT_3D ( 'NONE', #1319, #887, #1767 ) ;
#3388 =( LENGTH_UNIT ( ) NAMED_UNIT ( * ) SI_UNIT ( .MILLI., .METRE. ) );
#3389 = ORIENTED_EDGE ( 'NONE', *, *, #1271, .T. ) ;
#3390 = ORIENTED_EDGE ( 'NONE', *, *, #1439, .T. ) ;
#3391 = AXIS2_PLACEMENT_3D ( 'NONE', #2093, #4955, #2151 ) ;
#3392 = DIRECTION ( 'NONE',  ( -1.000000000000000000, 0.000000000000000000, 0.000000000000000000 ) ) ;
#3393 = DIRECTION ( 'NONE',  ( 1.000000000000000000, 0.000000000000000000, 0.000000000000000000 ) ) ;
#3394 = CARTESIAN_POINT ( 'NONE',  ( 8.529233760890809535, 6.700000000000001066, 3.719999999999999751 ) ) ;
#3395 = MANIFOLD_SOLID_BREP ( 'LPattern1[6]', #4347 ) ;
#3396 = VECTOR ( 'NONE', #1596, 1000.000000000000000 ) ;
#3397 = EDGE_CURVE ( 'NONE', #840, #5158, #3357, .T. ) ;
#3398 = VECTOR ( 'NONE', #165, 1000.000000000000000 ) ;
#3399 = DIRECTION ( 'NONE',  ( -1.000000000000000000, 0.000000000000000000, 0.000000000000000000 ) ) ;
#3400 = ORIENTED_EDGE ( 'NONE', *, *, #4892, .T. ) ;
#3401 = CARTESIAN_POINT ( 'NONE',  ( 2.900000000000000799, 6.700000000000001066, -5.000000000000000000 ) ) ;
#3402 = DIRECTION ( 'NONE',  ( 0.000000000000000000, 0.000000000000000000, -1.000000000000000000 ) ) ;
#3403 = EDGE_LOOP ( 'NONE', ( #4171, #5989, #5670, #303 ) ) ;
#3404 = CARTESIAN_POINT ( 'NONE',  ( 8.529233760890809535, 6.870000000000000995, -3.550000000000000266 ) ) ;
#3405 = LINE ( 'NONE', #3468, #428 ) ;
#3406 = CARTESIAN_POINT ( 'NONE',  ( 3.000000000000000444, 2.530000000000000249, -0.8200000000000008393 ) ) ;
#3407 = FACE_OUTER_BOUND ( 'NONE', #212, .T. ) ;
#3408 = VERTEX_POINT ( 'NONE', #3758 ) ;
#3409 = EDGE_CURVE ( 'NONE', #4112, #5558, #2014, .T. ) ;
#3410 = ORIENTED_EDGE ( 'NONE', *, *, #5912, .T. ) ;
#3411 = CARTESIAN_POINT ( 'NONE',  ( -2.700000000000000178, 6.900000000000000355, -1.250000000000000222 ) ) ;
#3412 = EDGE_CURVE ( 'NONE', #2608, #5026, #618, .T. ) ;
#3413 = ORIENTED_EDGE ( 'NONE', *, *, #4679, .F. ) ;
#3414 = VERTEX_POINT ( 'NONE', #1079 ) ;
#3415 = DIRECTION ( 'NONE',  ( 0.000000000000000000, 0.000000000000000000, -1.000000000000000000 ) ) ;
#3416 = UNCERTAINTY_MEASURE_WITH_UNIT (LENGTH_MEASURE( 1.000000000000000082E-05 ), #3465, 'distance_accuracy_value', 'NONE');
#3417 = CARTESIAN_POINT ( 'NONE',  ( -3.000000000000000444, 2.530000000000000249, 0.7200000000000006395 ) ) ;
#3418 = EDGE_CURVE ( 'NONE', #1679, #3508, #2964, .T. ) ;
#3419 = DIRECTION ( 'NONE',  ( 0.000000000000000000, 0.000000000000000000, -1.000000000000000000 ) ) ;
#3420 = ORIENTED_EDGE ( 'NONE', *, *, #3601, .T. ) ;
#3421 = ORIENTED_EDGE ( 'NONE', *, *, #4004, .F. ) ;
#3422 = CARTESIAN_POINT ( 'NONE',  ( -2.200000000000000622, 6.700000000000001066, 1.449999999999999956 ) ) ;
#3423 = CARTESIAN_POINT ( 'NONE',  ( 8.529233760890809535, 1.200000000000000622, -3.550000000000001155 ) ) ;
#3424 = DIRECTION ( 'NONE',  ( 0.000000000000000000, 1.000000000000000000, -0.000000000000000000 ) ) ;
#3425 = CARTESIAN_POINT ( 'NONE',  ( -2.900000000000000799, 0.000000000000000000, -5.000000000000000000 ) ) ;
#3426 = ORIENTED_EDGE ( 'NONE', *, *, #5999, .T. ) ;
#3427 = ORIENTED_EDGE ( 'NONE', *, *, #1255, .T. ) ;
#3428 = DIRECTION ( 'NONE',  ( 0.000000000000000000, 1.000000000000000000, -0.000000000000000000 ) ) ;
#3429 = ORIENTED_EDGE ( 'NONE', *, *, #5267, .F. ) ;
#3430 = PLANE ( 'NONE',  #1163 ) ;
#3431 = VECTOR ( 'NONE', #4198, 1000.000000000000000 ) ;
#3432 = CARTESIAN_POINT ( 'NONE',  ( 1.800000000000000711, 6.123233995736781751E-18, 3.750000000000000000 ) ) ;
#3433 = CARTESIAN_POINT ( 'NONE',  ( -3.000000000000000444, 2.629999999999999449, -1.779999999999999361 ) ) ;
#3434 = CARTESIAN_POINT ( 'NONE',  ( -2.700000000000000178, 6.700000000000001066, -3.750000000000000444 ) ) ;
#3435 = ORIENTED_EDGE ( 'NONE', *, *, #4268, .T. ) ;
#3436 = AXIS2_PLACEMENT_3D ( 'NONE', #3488, #1176, #5736 ) ;
#3437 = EDGE_CURVE ( 'NONE', #1542, #1468, #219, .T. ) ;
#3438 = AXIS2_PLACEMENT_3D ( 'NONE', #476, #2328, #3331 ) ;
#3439 = VECTOR ( 'NONE', #636, 1000.000000000000000 ) ;
#3440 = DIRECTION ( 'NONE',  ( 1.000000000000000000, 0.000000000000000000, 0.000000000000000000 ) ) ;
#3441 = VERTEX_POINT ( 'NONE', #1473 ) ;
#3442 = CARTESIAN_POINT ( 'NONE',  ( 2.900000000000000799, 0.000000000000000000, -5.000000000000000000 ) ) ;
#3443 = EDGE_CURVE ( 'NONE', #3319, #2794, #1108, .T. ) ;
#3444 = VECTOR ( 'NONE', #3195, 1000.000000000000000 ) ;
#3445 = ORIENTED_EDGE ( 'NONE', *, *, #616, .T. ) ;
#3446 = AXIS2_PLACEMENT_3D ( 'NONE', #3449, #2556, #1197 ) ;
#3447 = EDGE_LOOP ( 'NONE', ( #5270, #308, #1028, #5179 ) ) ;
#3448 = DIRECTION ( 'NONE',  ( 1.000000000000000000, 0.000000000000000000, 0.000000000000000000 ) ) ;
#3449 = CARTESIAN_POINT ( 'NONE',  ( -2.700000000000000178, 1.200000000000000622, 1.449999999999999289 ) ) ;
#3450 = AXIS2_PLACEMENT_3D ( 'NONE', #2423, #4277, #111 ) ;
#3451 = DIRECTION ( 'NONE',  ( -0.000000000000000000, -0.000000000000000000, -1.000000000000000000 ) ) ;
#3452 = VERTEX_POINT ( 'NONE', #3323 ) ;
#3453 = ORIENTED_EDGE ( 'NONE', *, *, #3041, .T. ) ;
#3454 = LINE ( 'NONE', #291, #3529 ) ;
#3455 = CIRCLE ( 'NONE', #3355, 0.09999999999999982514 ) ;
#3456 = DIRECTION ( 'NONE',  ( 0.000000000000000000, -1.182766006347823109E-16, 1.000000000000000000 ) ) ;
#3457 = CARTESIAN_POINT ( 'NONE',  ( -4.607807737440317908, 1.000000000000000000, 3.749999999999999112 ) ) ;
#3458 = MANIFOLD_SOLID_BREP ( 'LPattern1[2]', #5133 ) ;
#3459 = VECTOR ( 'NONE', #1657, 1000.000000000000000 ) ;
#3460 = DIRECTION ( 'NONE',  ( 0.000000000000000000, 0.000000000000000000, 1.000000000000000000 ) ) ;
#3461 = ORIENTED_EDGE ( 'NONE', *, *, #318, .T. ) ;
#3462 = ORIENTED_EDGE ( 'NONE', *, *, #2859, .T. ) ;
#3463 = CARTESIAN_POINT ( 'NONE',  ( -2.900000000000000799, -1.598738796715912039E-16, -3.550000000000001155 ) ) ;
#3464 = EDGE_LOOP ( 'NONE', ( #5311, #813, #3316 ) ) ;
#3465 =( LENGTH_UNIT ( ) NAMED_UNIT ( * ) SI_UNIT ( .MILLI., .METRE. ) );
#3466 = EDGE_CURVE ( 'NONE', #840, #2608, #1016, .T. ) ;
#3467 = AXIS2_PLACEMENT_3D ( 'NONE', #153, #5242, #2399 ) ;
#3468 = CARTESIAN_POINT ( 'NONE',  ( 3.000000000000000444, 2.530000000000000249, -0.8200000000000008393 ) ) ;
#3469 = DIRECTION ( 'NONE',  ( 0.000000000000000000, -1.000000000000000000, -1.577021341797097314E-16 ) ) ;
#3470 = FACE_BOUND ( 'NONE', #5434, .T. ) ;
#3471 = VECTOR ( 'NONE', #5054, 1000.000000000000000 ) ;
#3472 = VERTEX_POINT ( 'NONE', #2876 ) ;
#3473 = AXIS2_PLACEMENT_3D ( 'NONE', #2018, #4329, #986 ) ;
#3474 = CARTESIAN_POINT ( 'NONE',  ( 2.700000000000000178, 6.700000000000001066, -1.450000000000000400 ) ) ;
#3475 = ADVANCED_FACE ( 'NONE', ( #4726 ), #5732, .F. ) ;
#3476 = VERTEX_POINT ( 'NONE', #4262 ) ;
#3477 = CARTESIAN_POINT ( 'NONE',  ( 2.899999999999998579, 2.629999999999999449, 1.779999999999999138 ) ) ;
#3478 = ORIENTED_EDGE ( 'NONE', *, *, #5639, .T. ) ;
#3479 = VERTEX_POINT ( 'NONE', #96 ) ;
#3480 = CARTESIAN_POINT ( 'NONE',  ( 2.700000000000000622, 6.700000000000001066, -1.050000000000000044 ) ) ;
#3481 = DIRECTION ( 'NONE',  ( 1.000000000000000000, -0.000000000000000000, -0.000000000000000000 ) ) ;
#3482 = LINE ( 'NONE', #2744, #3155 ) ;
#3483 = FACE_OUTER_BOUND ( 'NONE', #5611, .T. ) ;
#3484 = VERTEX_POINT ( 'NONE', #653 ) ;
#3485 = ORIENTED_EDGE ( 'NONE', *, *, #4042, .F. ) ;
#3486 = EDGE_CURVE ( 'NONE', #3956, #1154, #2496, .T. ) ;
#3487 = DIRECTION ( 'NONE',  ( -1.000000000000000000, -0.000000000000000000, -0.000000000000000000 ) ) ;
#3488 = CARTESIAN_POINT ( 'NONE',  ( -3.000000000000000444, 1.130000000000000115, 1.779999999999999138 ) ) ;
#3489 = AXIS2_PLACEMENT_3D ( 'NONE', #5672, #3762, #164 ) ;
#3490 = LINE ( 'NONE', #1177, #2217 ) ;
#3491 = EDGE_CURVE ( 'NONE', #242, #5047, #3512, .T. ) ;
#3492 = SPHERICAL_SURFACE ( 'NONE', #1321, 0.2000000000000000111 ) ;
#3493 = VECTOR ( 'NONE', #143, 1000.000000000000000 ) ;
#3494 = ORIENTED_EDGE ( 'NONE', *, *, #2583, .T. ) ;
#3495 = ORIENTED_EDGE ( 'NONE', *, *, #1983, .T. ) ;
#3496 = EDGE_CURVE ( 'NONE', #785, #1144, #2165, .T. ) ;
#3497 = LINE ( 'NONE', #4459, #5608 ) ;
#3498 = VERTEX_POINT ( 'NONE', #256 ) ;
#3499 = CARTESIAN_POINT ( 'NONE',  ( 2.900000000000000355, 1.130000000000000115, 1.779999999999999138 ) ) ;
#3500 = LINE ( 'NONE', #5324, #3056 ) ;
#3501 = CARTESIAN_POINT ( 'NONE',  ( 8.529233760890809535, 1.200000000000000178, -1.450000000000001288 ) ) ;
#3502 = CYLINDRICAL_SURFACE ( 'NONE', #3931, 0.05000000000000012768 ) ;
#3503 = EDGE_CURVE ( 'NONE', #2786, #1251, #2200, .T. ) ;
#3504 = ORIENTED_EDGE ( 'NONE', *, *, #1145, .T. ) ;
#3505 = VERTEX_POINT ( 'NONE', #3604 ) ;
#3506 = LINE ( 'NONE', #1256, #5309 ) ;
#3507 = ORIENTED_EDGE ( 'NONE', *, *, #1943, .T. ) ;
#3508 = VERTEX_POINT ( 'NONE', #4998 ) ;
#3509 = DIRECTION ( 'NONE',  ( 0.000000000000000000, 0.000000000000000000, -1.000000000000000000 ) ) ;
#3510 = CARTESIAN_POINT ( 'NONE',  ( -2.900000000000000799, 2.530000000000000249, 1.679999999999999272 ) ) ;
#3511 = FACE_OUTER_BOUND ( 'NONE', #4008, .T. ) ;
#3512 = LINE ( 'NONE', #1199, #5689 ) ;
#3513 = ORIENTED_EDGE ( 'NONE', *, *, #5879, .F. ) ;
#3514 = EDGE_LOOP ( 'NONE', ( #2624, #2827, #5669, #5363 ) ) ;
#3515 = DIRECTION ( 'NONE',  ( 0.000000000000000000, 1.000000000000000000, 3.097720492815727166E-16 ) ) ;
#3516 = FACE_OUTER_BOUND ( 'NONE', #4777, .T. ) ;
#3517 = DIRECTION ( 'NONE',  ( 1.000000000000000000, 0.000000000000000000, 0.000000000000000000 ) ) ;
#3518 = DIRECTION ( 'NONE',  ( 0.000000000000000000, -1.000000000000000000, 0.000000000000000000 ) ) ;
#3519 = ORIENTED_EDGE ( 'NONE', *, *, #1499, .T. ) ;
#3520 = ORIENTED_EDGE ( 'NONE', *, *, #5076, .F. ) ;
#3521 = EDGE_CURVE ( 'NONE', #2311, #580, #3962, .T. ) ;
#3522 = DIRECTION ( 'NONE',  ( 0.000000000000000000, 0.000000000000000000, -1.000000000000000000 ) ) ;
#3523 = EDGE_LOOP ( 'NONE', ( #3782, #5782, #4119, #4922, #4676, #3461, #3057, #3082 ) ) ;
#3524 = DIRECTION ( 'NONE',  ( -0.000000000000000000, -1.000000000000000000, 0.000000000000000000 ) ) ;
#3525 = CARTESIAN_POINT ( 'NONE',  ( -3.000000000000000444, 1.030000000000000027, 1.779999999999999138 ) ) ;
#3526 = DIRECTION ( 'NONE',  ( 0.000000000000000000, 0.000000000000000000, -1.000000000000000000 ) ) ;
#3527 = CARTESIAN_POINT ( 'NONE',  ( -2.900000000000000799, 0.1499999999999998557, 3.750000000000000000 ) ) ;
#3528 = ORIENTED_EDGE ( 'NONE', *, *, #2929, .F. ) ;
#3529 = VECTOR ( 'NONE', #2170, 1000.000000000000000 ) ;
#3530 = CARTESIAN_POINT ( 'NONE',  ( 2.700000000000000178, 6.700000000000001066, -1.250000000000000222 ) ) ;
#3531 =( NAMED_UNIT ( * ) SI_UNIT ( $, .STERADIAN. ) SOLID_ANGLE_UNIT ( ) );
#3532 = CIRCLE ( 'NONE', #5481, 0.2000000000000000944 ) ;
#3533 = VERTEX_POINT ( 'NONE', #2138 ) ;
#3534 = CARTESIAN_POINT ( 'NONE',  ( 2.900000000000000799, 0.1499999999999998557, 3.750000000000000000 ) ) ;
#3535 = VERTEX_POINT ( 'NONE', #5821 ) ;
#3536 = ORIENTED_EDGE ( 'NONE', *, *, #1181, .F. ) ;
#3537 = LINE ( 'NONE', #4414, #5919 ) ;
#3538 = VECTOR ( 'NONE', #3949, 1000.000000000000000 ) ;
#3539 = AXIS2_PLACEMENT_3D ( 'NONE', #5449, #5474, #1278 ) ;
#3540 = EDGE_CURVE ( 'NONE', #1068, #3698, #441, .T. ) ;
#3541 = DIRECTION ( 'NONE',  ( 1.000000000000000000, 0.000000000000000000, 0.000000000000000000 ) ) ;
#3542 = AXIS2_PLACEMENT_3D ( 'NONE', #3821, #2437, #5228 ) ;
#3543 = AXIS2_PLACEMENT_3D ( 'NONE', #191, #4815, #1715 ) ;
#3544 = ORIENTED_EDGE ( 'NONE', *, *, #2034, .T. ) ;
#3545 = ORIENTED_EDGE ( 'NONE', *, *, #91, .T. ) ;
#3546 = DIRECTION ( 'NONE',  ( 0.000000000000000000, 0.000000000000000000, 1.000000000000000000 ) ) ;
#3547 = DIRECTION ( 'NONE',  ( -1.000000000000000000, -0.000000000000000000, -0.000000000000000000 ) ) ;
#3548 = CARTESIAN_POINT ( 'NONE',  ( -3.000000000000000444, 2.629999999999999449, -0.7200000000000009726 ) ) ;
#3549 = AXIS2_PLACEMENT_3D ( 'NONE', #5808, #670, #178 ) ;
#3550 = VECTOR ( 'NONE', #3481, 1000.000000000000000 ) ;
#3551 = DIRECTION ( 'NONE',  ( 1.000000000000000000, -0.000000000000000000, -0.000000000000000000 ) ) ;
#3552 = EDGE_CURVE ( 'NONE', #3176, #1343, #1746, .T. ) ;
#3553 = ORIENTED_EDGE ( 'NONE', *, *, #3043, .T. ) ;
#3554 = ORIENTED_EDGE ( 'NONE', *, *, #4375, .T. ) ;
#3555 = DIRECTION ( 'NONE',  ( 0.000000000000000000, -0.000000000000000000, -1.000000000000000000 ) ) ;
#3556 = ORIENTED_EDGE ( 'NONE', *, *, #4825, .F. ) ;
#3557 = DIRECTION ( 'NONE',  ( -0.000000000000000000, 1.000000000000000000, 0.000000000000000000 ) ) ;
#3558 = DIRECTION ( 'NONE',  ( 1.000000000000000000, 0.000000000000000000, 0.000000000000000000 ) ) ;
#3559 = STYLED_ITEM ( 'NONE', ( #4540 ), #3571 ) ;
#3560 = DIRECTION ( 'NONE',  ( -1.000000000000000000, -0.000000000000000000, -0.000000000000000000 ) ) ;
#3561 = EDGE_CURVE ( 'NONE', #491, #389, #5849, .T. ) ;
#3562 = DIRECTION ( 'NONE',  ( -1.000000000000000000, -1.349033386251665073E-16, 0.000000000000000000 ) ) ;
#3563 = EDGE_LOOP ( 'NONE', ( #1678, #833, #1874, #551 ) ) ;
#3564 = EDGE_CURVE ( 'NONE', #5903, #3985, #1992, .T. ) ;
#3565 = CARTESIAN_POINT ( 'NONE',  ( -2.900000000000000799, 0.1499999999999998557, 3.750000000000000000 ) ) ;
#3566 = DIRECTION ( 'NONE',  ( 1.000000000000000000, 0.000000000000000000, 0.000000000000000000 ) ) ;
#3567 = ADVANCED_FACE ( 'NONE', ( #5790 ), #5339, .T. ) ;
#3568 = VECTOR ( 'NONE', #5934, 1000.000000000000000 ) ;
#3569 = ADVANCED_FACE ( 'NONE', ( #745 ), #4055, .F. ) ;
#3570 = ORIENTED_EDGE ( 'NONE', *, *, #2029, .T. ) ;
#3571 = MANIFOLD_SOLID_BREP ( 'LPattern2[2]', #765 ) ;
#3572 = CARTESIAN_POINT ( 'NONE',  ( 2.900000000000000799, -5.218871474337001921E-16, 1.049999999999998934 ) ) ;
#3573 = AXIS2_PLACEMENT_3D ( 'NONE', #5533, #2795, #4611 ) ;
#3574 = FACE_OUTER_BOUND ( 'NONE', #4043, .T. ) ;
#3575 = EDGE_CURVE ( 'NONE', #2323, #1911, #2653, .T. ) ;
#3576 = DIRECTION ( 'NONE',  ( 0.000000000000000000, 3.097720492815727166E-16, -1.000000000000000000 ) ) ;
#3577 = ADVANCED_FACE ( 'NONE', ( #3483 ), #1322, .T. ) ;
#3578 = EDGE_LOOP ( 'NONE', ( #5065, #693, #3600, #3799 ) ) ;
#3579 = VERTEX_POINT ( 'NONE', #4107 ) ;
#3580 = DIRECTION ( 'NONE',  ( 0.000000000000000000, 1.000000000000000000, 1.470104640658311001E-16 ) ) ;
#3581 = CARTESIAN_POINT ( 'NONE',  ( 2.200000000000000622, 6.123233995736781751E-18, -1.250000000000000222 ) ) ;
#3582 = LINE ( 'NONE', #262, #4168 ) ;
#3583 = PLANE ( 'NONE',  #4518 ) ;
#3584 = ORIENTED_EDGE ( 'NONE', *, *, #811, .F. ) ;
#3585 = VERTEX_POINT ( 'NONE', #1799 ) ;
#3586 = AXIS2_PLACEMENT_3D ( 'NONE', #893, #381, #5525 ) ;
#3587 = CARTESIAN_POINT ( 'NONE',  ( 2.900000000000000799, 1.030000000000000027, 3.750000000000000000 ) ) ;
#3588 = VERTEX_POINT ( 'NONE', #5057 ) ;
#3589 = CARTESIAN_POINT ( 'NONE',  ( -4.607807737440317908, 6.700000000000001066, 1.249999999999999778 ) ) ;
#3590 = FACE_OUTER_BOUND ( 'NONE', #3141, .T. ) ;
#3591 = LINE ( 'NONE', #1702, #123 ) ;
#3592 = AXIS2_PLACEMENT_3D ( 'NONE', #5082, #4079, #2649 ) ;
#3593 = DIRECTION ( 'NONE',  ( 1.000000000000000000, 0.000000000000000000, 0.000000000000000000 ) ) ;
#3594 = ORIENTED_EDGE ( 'NONE', *, *, #4948, .F. ) ;
#3595 = CARTESIAN_POINT ( 'NONE',  ( -2.900000000000000799, 6.700000000000001066, 3.549999999999999822 ) ) ;
#3596 = DIRECTION ( 'NONE',  ( 0.000000000000000000, 0.000000000000000000, -1.000000000000000000 ) ) ;
#3597 = EDGE_CURVE ( 'NONE', #1920, #1748, #2340, .T. ) ;
#3598 = AXIS2_PLACEMENT_3D ( 'NONE', #3207, #3179, #3721 ) ;
#3599 = DIRECTION ( 'NONE',  ( 0.000000000000000000, 2.168404344971007685E-15, -1.000000000000000000 ) ) ;
#3600 = ORIENTED_EDGE ( 'NONE', *, *, #2925, .T. ) ;
#3601 = EDGE_CURVE ( 'NONE', #4112, #2307, #1615, .T. ) ;
#3602 = CARTESIAN_POINT ( 'NONE',  ( -2.850000000000000533, -1.355252715606880543E-16, -3.750000000000000000 ) ) ;
#3603 = EDGE_CURVE ( 'NONE', #3408, #1179, #5970, .T. ) ;
#3604 = CARTESIAN_POINT ( 'NONE',  ( -2.900000000000000799, 6.900000000000000355, 3.750000000000000000 ) ) ;
#3605 = ORIENTED_EDGE ( 'NONE', *, *, #4964, .T. ) ;
#3606 = ORIENTED_EDGE ( 'NONE', *, *, #5473, .F. ) ;
#3607 = LINE ( 'NONE', #348, #3720 ) ;
#3608 = CARTESIAN_POINT ( 'NONE',  ( -4.607807737440317908, 1.200000000000000622, 1.249999999999998890 ) ) ;
#3609 = ADVANCED_FACE ( 'NONE', ( #4195 ), #2228, .F. ) ;
#3610 = FACE_OUTER_BOUND ( 'NONE', #1038, .T. ) ;
#3611 = ORIENTED_EDGE ( 'NONE', *, *, #934, .T. ) ;
#3612 = ORIENTED_EDGE ( 'NONE', *, *, #740, .T. ) ;
#3613 = FACE_OUTER_BOUND ( 'NONE', #5286, .T. ) ;
#3614 = DIRECTION ( 'NONE',  ( -1.000000000000000000, 0.000000000000000000, 0.000000000000000000 ) ) ;
#3615 = ADVANCED_FACE ( 'NONE', ( #1413 ), #1378, .F. ) ;
#3616 = DIRECTION ( 'NONE',  ( 0.000000000000000000, -1.000000000000000000, -1.577021341797097314E-16 ) ) ;
#3617 = DIRECTION ( 'NONE',  ( 0.000000000000000000, 1.000000000000000000, 1.470104640658311001E-16 ) ) ;
#3618 = CARTESIAN_POINT ( 'NONE',  ( 3.000000000000000444, 1.030000000000000027, -1.779999999999999361 ) ) ;
#3619 = ORIENTED_EDGE ( 'NONE', *, *, #5660, .T. ) ;
#3620 = LINE ( 'NONE', #5479, #3249 ) ;
#3621 = DIRECTION ( 'NONE',  ( 0.000000000000000000, 0.000000000000000000, -1.000000000000000000 ) ) ;
#3622 = DIRECTION ( 'NONE',  ( -1.000000000000000000, -0.000000000000000000, -0.000000000000000000 ) ) ;
#3623 = DIRECTION ( 'NONE',  ( 0.000000000000000000, 0.000000000000000000, 1.000000000000000000 ) ) ;
#3624 = EDGE_CURVE ( 'NONE', #4943, #2562, #4573, .T. ) ;
#3625 = EDGE_LOOP ( 'NONE', ( #4437, #5979, #5169 ) ) ;
#3626 = CARTESIAN_POINT ( 'NONE',  ( -1.800000000000000711, 0.1000000000000000056, 3.750000000000000000 ) ) ;
#3627 = CIRCLE ( 'NONE', #4597, 0.09999999999999961697 ) ;
#3628 = CARTESIAN_POINT ( 'NONE',  ( -2.200000000000000622, 1.200000000000000622, -3.550000000000001155 ) ) ;
#3629 = ADVANCED_FACE ( 'NONE', ( #403 ), #2253, .F. ) ;
#3630 = EDGE_CURVE ( 'NONE', #491, #2070, #4529, .T. ) ;
#3631 = CARTESIAN_POINT ( 'NONE',  ( -2.700000000000000622, 6.700000000000001066, 3.549999999999999822 ) ) ;
#3632 = ORIENTED_EDGE ( 'NONE', *, *, #4504, .F. ) ;
#3633 = VECTOR ( 'NONE', #3768, 1000.000000000000000 ) ;
#3634 = VERTEX_POINT ( 'NONE', #888 ) ;
#3635 = LINE ( 'NONE', #1294, #4009 ) ;
#3636 = PLANE ( 'NONE',  #5926 ) ;
#3637 = VECTOR ( 'NONE', #3560, 1000.000000000000000 ) ;
#3638 = AXIS2_PLACEMENT_3D ( 'NONE', #4324, #448, #5536 ) ;
#3639 = DIRECTION ( 'NONE',  ( 1.000000000000000000, -0.000000000000000000, -0.000000000000000000 ) ) ;
#3640 = ORIENTED_EDGE ( 'NONE', *, *, #1581, .T. ) ;
#3641 = ORIENTED_EDGE ( 'NONE', *, *, #2644, .T. ) ;
#3642 = DIRECTION ( 'NONE',  ( -1.000000000000000000, -0.000000000000000000, -0.000000000000000000 ) ) ;
#3643 = CIRCLE ( 'NONE', #1014, 0.2000000000000000944 ) ;
#3644 = CARTESIAN_POINT ( 'NONE',  ( 2.900000000000000799, -1.598738796715912039E-16, 1.449999999999999067 ) ) ;
#3645 = CIRCLE ( 'NONE', #2366, 0.05000000000000012768 ) ;
#3646 = CARTESIAN_POINT ( 'NONE',  ( 2.700000000000000622, 1.200000000000000178, 3.549999999999998934 ) ) ;
#3647 = CARTESIAN_POINT ( 'NONE',  ( -2.700000000000000178, 1.200000000000000178, 1.049999999999998934 ) ) ;
#3648 = CARTESIAN_POINT ( 'NONE',  ( 3.000000000000000444, 1.130000000000000115, 3.320000000000000284 ) ) ;
#3649 = CIRCLE ( 'NONE', #2276, 0.09999999999999961697 ) ;
#3650 = DIRECTION ( 'NONE',  ( 1.000000000000000000, 0.000000000000000000, 0.000000000000000000 ) ) ;
#3651 = ORIENTED_EDGE ( 'NONE', *, *, #4679, .T. ) ;
#3652 = ADVANCED_FACE ( 'NONE', ( #5940 ), #978, .T. ) ;
#3653 = ORIENTED_EDGE ( 'NONE', *, *, #2064, .F. ) ;
#3654 = CIRCLE ( 'NONE', #4907, 0.1700000000000000122 ) ;
#3655 = DIRECTION ( 'NONE',  ( 0.000000000000000000, 0.000000000000000000, 1.000000000000000000 ) ) ;
#3656 = CYLINDRICAL_SURFACE ( 'NONE', #2188, 0.1999999999999999833 ) ;
#3657 = PLANE ( 'NONE',  #3342 ) ;
#3658 = CIRCLE ( 'NONE', #5692, 0.1000000000000002554 ) ;
#3659 = DIRECTION ( 'NONE',  ( 0.000000000000000000, -1.000000000000000000, 0.000000000000000000 ) ) ;
#3660 = CARTESIAN_POINT ( 'NONE',  ( -2.700000000000000178, 6.700000000000001066, -3.550000000000000266 ) ) ;
#3661 = AXIS2_PLACEMENT_3D ( 'NONE', #2194, #2550, #2133 ) ;
#3662 = ADVANCED_FACE ( 'NONE', ( #5116 ), #3291, .F. ) ;
#3663 = CARTESIAN_POINT ( 'NONE',  ( -3.000000000000000444, 2.629999999999999449, 3.220000000000000639 ) ) ;
#3664 = AXIS2_PLACEMENT_3D ( 'NONE', #5572, #4593, #885 ) ;
#3665 = ORIENTED_EDGE ( 'NONE', *, *, #5050, .F. ) ;
#3666 = ORIENTED_EDGE ( 'NONE', *, *, #673, .T. ) ;
#3667 = CYLINDRICAL_SURFACE ( 'NONE', #1391, 0.2000000000000000944 ) ;
#3668 = CYLINDRICAL_SURFACE ( 'NONE', #2476, 0.09999999999999993616 ) ;
#3669 = ADVANCED_FACE ( 'NONE', ( #5610 ), #5151, .F. ) ;
#3670 = ORIENTED_EDGE ( 'NONE', *, *, #5891, .T. ) ;
#3671 = EDGE_LOOP ( 'NONE', ( #3760, #3670, #4951, #4281 ) ) ;
#3672 = CARTESIAN_POINT ( 'NONE',  ( 3.000000000000000444, 1.130000000000000115, 0.7200000000000006395 ) ) ;
#3673 = VERTEX_POINT ( 'NONE', #3228 ) ;
#3674 = CARTESIAN_POINT ( 'NONE',  ( -3.000000000000000444, 2.530000000000000249, 3.220000000000000639 ) ) ;
#3675 = ADVANCED_FACE ( 'NONE', ( #1769 ), #5087, .F. ) ;
#3676 = CARTESIAN_POINT ( 'NONE',  ( 4.607807737440317908, 6.900000000000000355, -1.450000000000000400 ) ) ;
#3677 = DIRECTION ( 'NONE',  ( 0.000000000000000000, 1.470104640658311001E-16, -1.000000000000000000 ) ) ;
#3678 = AXIS2_PLACEMENT_3D ( 'NONE', #3728, #3614, #1388 ) ;
#3679 = LINE ( 'NONE', #4702, #4914 ) ;
#3680 = ORIENTED_EDGE ( 'NONE', *, *, #5651, .T. ) ;
#3681 = ORIENTED_EDGE ( 'NONE', *, *, #5674, .F. ) ;
#3682 = PRESENTATION_LAYER_ASSIGNMENT (  '', '', ( #2904 ) ) ;
#3683 = CARTESIAN_POINT ( 'NONE',  ( 2.200000000000000622, 6.700000000000001066, 1.219999999999999751 ) ) ;
#3684 = DIRECTION ( 'NONE',  ( -0.000000000000000000, 0.000000000000000000, -1.000000000000000000 ) ) ;
#3685 = EDGE_CURVE ( 'NONE', #733, #2307, #4044, .T. ) ;
#3686 = DIRECTION ( 'NONE',  ( 1.000000000000000000, 0.000000000000000000, 0.000000000000000000 ) ) ;
#3687 = DIRECTION ( 'NONE',  ( -0.000000000000000000, 1.000000000000000000, 0.000000000000000000 ) ) ;
#3688 = VECTOR ( 'NONE', #5103, 1000.000000000000000 ) ;
#3689 = DIRECTION ( 'NONE',  ( 0.000000000000000000, -0.000000000000000000, -1.000000000000000000 ) ) ;
#3690 = LINE ( 'NONE', #3260, #3347 ) ;
#3691 = AXIS2_PLACEMENT_3D ( 'NONE', #3674, #1389, #874 ) ;
#3692 = CARTESIAN_POINT ( 'NONE',  ( -2.700000000000000622, 1.200000000000000178, 1.449999999999999289 ) ) ;
#3693 = EDGE_LOOP ( 'NONE', ( #3308, #1832, #5457, #1396, #3325, #267, #5446, #3544 ) ) ;
#3694 = EDGE_LOOP ( 'NONE', ( #1892, #5615, #841 ) ) ;
#3695 = LINE ( 'NONE', #4577, #2650 ) ;
#3696 =( NAMED_UNIT ( * ) PLANE_ANGLE_UNIT ( ) SI_UNIT ( $, .RADIAN. ) );
#3697 = CARTESIAN_POINT ( 'NONE',  ( -2.900000000000000799, 2.530000000000000249, -0.7200000000000009726 ) ) ;
#3698 = VERTEX_POINT ( 'NONE', #1860 ) ;
#3699 = ORIENTED_EDGE ( 'NONE', *, *, #1381, .F. ) ;
#3700 = EDGE_CURVE ( 'NONE', #1370, #1354, #4256, .T. ) ;
#3701 = CARTESIAN_POINT ( 'NONE',  ( 2.700000000000000622, 1.200000000000000178, 1.049999999999998934 ) ) ;
#3702 = ORIENTED_EDGE ( 'NONE', *, *, #3109, .T. ) ;
#3703 = CARTESIAN_POINT ( 'NONE',  ( -2.200000000000000622, 6.900000000000000355, 3.549999999999999822 ) ) ;
#3704 = LINE ( 'NONE', #4753, #2764 ) ;
#3705 = DIRECTION ( 'NONE',  ( -0.000000000000000000, 1.000000000000000000, 2.168404344971008079E-15 ) ) ;
#3706 = DIRECTION ( 'NONE',  ( -1.000000000000000000, 0.000000000000000000, 0.000000000000000000 ) ) ;
#3707 = EDGE_CURVE ( 'NONE', #4855, #4827, #2382, .T. ) ;
#3708 = ORIENTED_EDGE ( 'NONE', *, *, #4940, .F. ) ;
#3709 = ORIENTED_EDGE ( 'NONE', *, *, #5999, .F. ) ;
#3710 = LINE ( 'NONE', #1432, #1104 ) ;
#3711 = CARTESIAN_POINT ( 'NONE',  ( 2.900000000000000799, 6.700000000000001066, -2.500000000000000000 ) ) ;
#3712 = FACE_OUTER_BOUND ( 'NONE', #5493, .T. ) ;
#3713 = CARTESIAN_POINT ( 'NONE',  ( 2.899999999999998579, 2.530000000000000249, -0.8200000000000008393 ) ) ;
#3714 = PLANE ( 'NONE',  #1360 ) ;
#3715 = DIRECTION ( 'NONE',  ( 1.000000000000000000, 0.000000000000000000, 0.000000000000000000 ) ) ;
#3716 = ORIENTED_EDGE ( 'NONE', *, *, #3996, .T. ) ;
#3717 = ORIENTED_EDGE ( 'NONE', *, *, #1181, .T. ) ;
#3718 = EDGE_CURVE ( 'NONE', #2355, #5215, #2883, .T. ) ;
#3719 = DIRECTION ( 'NONE',  ( -0.000000000000000000, -1.000000000000000000, -1.470104640658311001E-16 ) ) ;
#3720 = VECTOR ( 'NONE', #6003, 1000.000000000000000 ) ;
#3721 = DIRECTION ( 'NONE',  ( 0.000000000000000000, -0.000000000000000000, -1.000000000000000000 ) ) ;
#3722 = AXIS2_PLACEMENT_3D ( 'NONE', #4962, #5959, #3133 ) ;
#3723 = DIRECTION ( 'NONE',  ( -0.000000000000000000, 1.000000000000000000, 1.102578480493733189E-16 ) ) ;
#3724 = AXIS2_PLACEMENT_3D ( 'NONE', #5601, #1913, #940 ) ;
#3725 = ORIENTED_EDGE ( 'NONE', *, *, #3368, .F. ) ;
#3726 = VERTEX_POINT ( 'NONE', #1919 ) ;
#3727 = DIRECTION ( 'NONE',  ( 1.000000000000000000, -0.000000000000000000, -0.000000000000000000 ) ) ;
#3728 = CARTESIAN_POINT ( 'NONE',  ( -1.800000000000000711, 6.123233995736781751E-18, 3.750000000000000000 ) ) ;
#3729 =( NAMED_UNIT ( * ) PLANE_ANGLE_UNIT ( ) SI_UNIT ( $, .RADIAN. ) );
#3730 = CIRCLE ( 'NONE', #5666, 0.09999999999999993616 ) ;
#3731 = CIRCLE ( 'NONE', #5488, 0.2000000000000000944 ) ;
#3732 = CARTESIAN_POINT ( 'NONE',  ( -4.607807737440317908, 6.900000000000000355, -1.250000000000000222 ) ) ;
#3733 = EDGE_CURVE ( 'NONE', #5350, #364, #4774, .T. ) ;
#3734 = DIRECTION ( 'NONE',  ( 0.000000000000000000, 1.000000000000000000, 1.102578480493733066E-16 ) ) ;
#3735 = VECTOR ( 'NONE', #1623, 1000.000000000000000 ) ;
#3736 = ORIENTED_EDGE ( 'NONE', *, *, #69, .F. ) ;
#3737 = VECTOR ( 'NONE', #5880, 1000.000000000000000 ) ;
#3738 = CARTESIAN_POINT ( 'NONE',  ( 2.850000000000000533, 0.1499999999999998557, 3.750000000000000000 ) ) ;
#3739 = ORIENTED_EDGE ( 'NONE', *, *, #5951, .T. ) ;
#3740 = EDGE_CURVE ( 'NONE', #1564, #4428, #4810, .T. ) ;
#3741 = DIRECTION ( 'NONE',  ( 0.000000000000000000, -1.000000000000000000, -1.577021341797097314E-16 ) ) ;
#3742 = AXIS2_PLACEMENT_3D ( 'NONE', #1672, #1280, #5510 ) ;
#3743 = AXIS2_PLACEMENT_3D ( 'NONE', #1974, #516, #1918 ) ;
#3744 = DIRECTION ( 'NONE',  ( -1.000000000000000000, -0.000000000000000000, -0.000000000000000000 ) ) ;
#3745 = SPHERICAL_SURFACE ( 'NONE', #5590, 0.2000000000000000111 ) ;
#3746 = CARTESIAN_POINT ( 'NONE',  ( -1.800000000000000711, 6.123233995736781751E-18, 3.750000000000000000 ) ) ;
#3747 = AXIS2_PLACEMENT_3D ( 'NONE', #4270, #2940, #2087 ) ;
#3748 = DIRECTION ( 'NONE',  ( -1.000000000000000000, 0.000000000000000000, 0.000000000000000000 ) ) ;
#3749 = ADVANCED_FACE ( 'NONE', ( #4349 ), #2425, .T. ) ;
#3750 = AXIS2_PLACEMENT_3D ( 'NONE', #3237, #5126, #5096 ) ;
#3751 = CARTESIAN_POINT ( 'NONE',  ( 8.529233760890809535, 1.030000000000000027, -1.450000000000001288 ) ) ;
#3752 = ORIENTED_EDGE ( 'NONE', *, *, #4570, .F. ) ;
#3753 = ORIENTED_EDGE ( 'NONE', *, *, #3882, .F. ) ;
#3754 = DIRECTION ( 'NONE',  ( 1.000000000000000000, 0.000000000000000000, 0.000000000000000000 ) ) ;
#3755 = AXIS2_PLACEMENT_3D ( 'NONE', #2871, #5269, #1073 ) ;
#3756 = EDGE_CURVE ( 'NONE', #200, #3767, #4722, .T. ) ;
#3757 = AXIS2_PLACEMENT_3D ( 'NONE', #1916, #511, #59 ) ;
#3758 = CARTESIAN_POINT ( 'NONE',  ( 2.700000000000000178, 1.000000000000000000, -3.550000000000001155 ) ) ;
#3759 = VERTEX_POINT ( 'NONE', #115 ) ;
#3760 = ORIENTED_EDGE ( 'NONE', *, *, #3575, .T. ) ;
#3761 = DIRECTION ( 'NONE',  ( 0.000000000000000000, 0.000000000000000000, 1.000000000000000000 ) ) ;
#3762 = DIRECTION ( 'NONE',  ( 0.000000000000000000, -1.000000000000000000, 0.000000000000000000 ) ) ;
#3763 = LINE ( 'NONE', #3158, #3297 ) ;
#3764 = AXIS2_PLACEMENT_3D ( 'NONE', #444, #898, #1387 ) ;
#3765 = DIRECTION ( 'NONE',  ( 0.000000000000000000, 0.000000000000000000, 1.000000000000000000 ) ) ;
#3766 = CARTESIAN_POINT ( 'NONE',  ( -2.200000000000000622, 6.700000000000001066, -1.250000000000000222 ) ) ;
#3767 = VERTEX_POINT ( 'NONE', #2040 ) ;
#3768 = DIRECTION ( 'NONE',  ( 0.000000000000000000, -1.000000000000000000, -3.097720492815727166E-16 ) ) ;
#3769 = DIRECTION ( 'NONE',  ( -1.000000000000000000, 0.000000000000000000, 0.000000000000000000 ) ) ;
#3770 = ORIENTED_EDGE ( 'NONE', *, *, #1731, .F. ) ;
#3771 = PLANE ( 'NONE',  #1877 ) ;
#3772 = DIRECTION ( 'NONE',  ( -1.000000000000000000, -0.000000000000000000, -0.000000000000000000 ) ) ;
#3773 = LINE ( 'NONE', #4163, #2088 ) ;
#3774 = LINE ( 'NONE', #1436, #846 ) ;
#3775 = CLOSED_SHELL ( 'NONE', ( #3800, #2075, #685, #393, #1976, #4996, #3005, #5939, #3939, #3001, #5459, #2816, #3180, #3276, #1347, #4302, #1071, #1393 ) ) ;
#3776 = AXIS2_PLACEMENT_3D ( 'NONE', #2082, #1204, #1240 ) ;
#3777 = EDGE_CURVE ( 'NONE', #733, #4112, #5889, .T. ) ;
#3778 = DIRECTION ( 'NONE',  ( 0.000000000000000000, 0.000000000000000000, -1.000000000000000000 ) ) ;
#3779 = VECTOR ( 'NONE', #3689, 1000.000000000000000 ) ;
#3780 = DIRECTION ( 'NONE',  ( -1.000000000000000000, 0.000000000000000000, 0.000000000000000000 ) ) ;
#3781 = EDGE_CURVE ( 'NONE', #1068, #4228, #185, .T. ) ;
#3782 = ORIENTED_EDGE ( 'NONE', *, *, #549, .T. ) ;
#3783 = VERTEX_POINT ( 'NONE', #4746 ) ;
#3784 = LINE ( 'NONE', #5583, #2946 ) ;
#3785 = CIRCLE ( 'NONE', #5145, 0.2000000000000000944 ) ;
#3786 = ADVANCED_FACE ( 'NONE', ( #3807, #2989, #4226, #5659 ), #5725, .F. ) ;
#3787 = CARTESIAN_POINT ( 'NONE',  ( 8.529233760890809535, 6.870000000000000995, -1.050000000000000044 ) ) ;
#3788 = ORIENTED_EDGE ( 'NONE', *, *, #3049, .F. ) ;
#3789 = VERTEX_POINT ( 'NONE', #1493 ) ;
#3790 = DIRECTION ( 'NONE',  ( 1.000000000000000000, -0.000000000000000000, -0.000000000000000000 ) ) ;
#3791 = DIRECTION ( 'NONE',  ( 0.000000000000000000, 0.000000000000000000, 1.000000000000000000 ) ) ;
#3792 = DIRECTION ( 'NONE',  ( 0.000000000000000000, 0.000000000000000000, -1.000000000000000000 ) ) ;
#3793 = EDGE_CURVE ( 'NONE', #1354, #5244, #454, .T. ) ;
#3794 = FACE_OUTER_BOUND ( 'NONE', #506, .T. ) ;
#3795 = CARTESIAN_POINT ( 'NONE',  ( -3.000000000000000444, 1.030000000000000027, -3.220000000000001084 ) ) ;
#3796 = ORIENTED_EDGE ( 'NONE', *, *, #2105, .F. ) ;
#3797 = LINE ( 'NONE', #504, #1492 ) ;
#3798 = CARTESIAN_POINT ( 'NONE',  ( 2.900000000000000355, 2.530000000000000249, 1.779999999999999138 ) ) ;
#3799 = ORIENTED_EDGE ( 'NONE', *, *, #3981, .T. ) ;
#3800 = ADVANCED_FACE ( 'NONE', ( #4717 ), #548, .F. ) ;
#3801 = CARTESIAN_POINT ( 'NONE',  ( -2.200000000000000622, 6.700000000000001066, 3.719999999999999751 ) ) ;
#3802 = LINE ( 'NONE', #2804, #2174 ) ;
#3803 = DIRECTION ( 'NONE',  ( 0.000000000000000000, 1.000000000000000000, 0.000000000000000000 ) ) ;
#3804 = ORIENTED_EDGE ( 'NONE', *, *, #4086, .F. ) ;
#3805 = LINE ( 'NONE', #5176, #514 ) ;
#3806 = EDGE_CURVE ( 'NONE', #3789, #3892, #3365, .T. ) ;
#3807 = FACE_BOUND ( 'NONE', #4377, .T. ) ;
#3808 = ORIENTED_EDGE ( 'NONE', *, *, #1963, .T. ) ;
#3809 = VERTEX_POINT ( 'NONE', #1975 ) ;
#3810 = DIRECTION ( 'NONE',  ( 0.000000000000000000, 0.000000000000000000, -1.000000000000000000 ) ) ;
#3811 = CARTESIAN_POINT ( 'NONE',  ( 2.900000000000000799, 6.700000000000001066, 1.049999999999999822 ) ) ;
#3812 = EDGE_CURVE ( 'NONE', #12, #1724, #3837, .T. ) ;
#3813 = EDGE_CURVE ( 'NONE', #3476, #3579, #5693, .T. ) ;
#3814 = EDGE_LOOP ( 'NONE', ( #5835, #4026, #5947, #1226 ) ) ;
#3815 = ORIENTED_EDGE ( 'NONE', *, *, #3072, .T. ) ;
#3816 = EDGE_CURVE ( 'NONE', #3103, #3767, #4319, .T. ) ;
#3817 = CARTESIAN_POINT ( 'NONE',  ( 3.000000000000000444, 6.900000000000000355, 3.750000000000000000 ) ) ;
#3818 = LINE ( 'NONE', #1083, #4646 ) ;
#3819 = FACE_OUTER_BOUND ( 'NONE', #5243, .T. ) ;
#3820 = VECTOR ( 'NONE', #2967, 1000.000000000000000 ) ;
#3821 = CARTESIAN_POINT ( 'NONE',  ( 2.700000000000000178, 1.200000000000000178, -3.550000000000001155 ) ) ;
#3822 = DIRECTION ( 'NONE',  ( 1.000000000000000000, 0.000000000000000000, 0.000000000000000000 ) ) ;
#3823 = ORIENTED_EDGE ( 'NONE', *, *, #5557, .F. ) ;
#3824 = DIRECTION ( 'NONE',  ( 0.000000000000000000, 0.000000000000000000, 1.000000000000000000 ) ) ;
#3825 = CARTESIAN_POINT ( 'NONE',  ( -3.000000000000000444, 2.629999999999999449, -3.220000000000001084 ) ) ;
#3826 = ORIENTED_EDGE ( 'NONE', *, *, #2357, .F. ) ;
#3827 = AXIS2_PLACEMENT_3D ( 'NONE', #1995, #4791, #1457 ) ;
#3828 = CARTESIAN_POINT ( 'NONE',  ( 3.000000000000000444, 6.900000000000000355, 3.750000000000000000 ) ) ;
#3829 = CARTESIAN_POINT ( 'NONE',  ( -3.000000000000000444, 1.130000000000000115, -1.779999999999999361 ) ) ;
#3831 = AXIS2_PLACEMENT_3D ( 'NONE', #3417, #415, #2268 ) ;
#3830 = CARTESIAN_POINT ( 'NONE',  ( -2.200000000000000622, 1.200000000000000178, 1.049999999999998934 ) ) ;
#3832 = ADVANCED_FACE ( 'NONE', ( #2491 ), #3080, .T. ) ;
#3833 = AXIS2_PLACEMENT_3D ( 'NONE', #5719, #274, #2002 ) ;
#3834 = STYLED_ITEM ( 'NONE', ( #2367 ), #1458 ) ;
#3835 = LINE ( 'NONE', #2547, #341 ) ;
#3836 = VECTOR ( 'NONE', #6017, 1000.000000000000000 ) ;
#3837 = LINE ( 'NONE', #64, #746 ) ;
#3838 = ORIENTED_EDGE ( 'NONE', *, *, #2085, .F. ) ;
#3839 = VERTEX_POINT ( 'NONE', #1227 ) ;
#3840 = CARTESIAN_POINT ( 'NONE',  ( -3.000000000000000444, 2.629999999999999449, 3.220000000000000639 ) ) ;
#3841 = EDGE_CURVE ( 'NONE', #298, #5702, #767, .T. ) ;
#3842 = CYLINDRICAL_SURFACE ( 'NONE', #726, 0.2000000000000000944 ) ;
#3843 =( GEOMETRIC_REPRESENTATION_CONTEXT ( 3 ) GLOBAL_UNCERTAINTY_ASSIGNED_CONTEXT ( ( #5002 ) ) GLOBAL_UNIT_ASSIGNED_CONTEXT ( ( #1233, #4941, #376 ) ) REPRESENTATION_CONTEXT ( 'NONE', 'WORKASPACE' ) );
#3844 = ORIENTED_EDGE ( 'NONE', *, *, #2841, .T. ) ;
#3845 = ORIENTED_EDGE ( 'NONE', *, *, #2755, .T. ) ;
#3846 = DIRECTION ( 'NONE',  ( -0.000000000000000000, 1.000000000000000000, 1.102578480493733066E-16 ) ) ;
#3847 = LINE ( 'NONE', #2473, #467 ) ;
#3848 = DIRECTION ( 'NONE',  ( 0.000000000000000000, 0.000000000000000000, -1.000000000000000000 ) ) ;
#3849 = AXIS2_PLACEMENT_3D ( 'NONE', #5834, #4921, #787 ) ;
#3850 = LINE ( 'NONE', #4334, #5781 ) ;
#3851 = ORIENTED_EDGE ( 'NONE', *, *, #3756, .F. ) ;
#3852 = DIRECTION ( 'NONE',  ( -0.000000000000000000, -0.000000000000000000, -1.000000000000000000 ) ) ;
#3853 = EDGE_CURVE ( 'NONE', #3934, #1519, #5395, .T. ) ;
#3854 = CARTESIAN_POINT ( 'NONE',  ( -2.200000000000000622, 1.200000000000000622, -1.250000000000001110 ) ) ;
#3855 = VECTOR ( 'NONE', #4829, 1000.000000000000000 ) ;
#3856 = ORIENTED_EDGE ( 'NONE', *, *, #60, .F. ) ;
#3857 = DIRECTION ( 'NONE',  ( 1.000000000000000000, 0.000000000000000000, 0.000000000000000000 ) ) ;
#3858 = ADVANCED_FACE ( 'NONE', ( #2159 ), #339, .F. ) ;
#3859 = CARTESIAN_POINT ( 'NONE',  ( 2.899999999999998579, 2.629999999999999449, -3.220000000000001084 ) ) ;
#3860 = EDGE_CURVE ( 'NONE', #3863, #3956, #3506, .T. ) ;
#3861 = DIRECTION ( 'NONE',  ( 0.000000000000000000, 1.000000000000000000, 0.000000000000000000 ) ) ;
#3862 = CARTESIAN_POINT ( 'NONE',  ( 4.607807737440317908, 1.200000000000000178, -1.450000000000001288 ) ) ;
#3863 = VERTEX_POINT ( 'NONE', #2621 ) ;
#3864 = ADVANCED_FACE ( 'NONE', ( #213 ), #1677, .F. ) ;
#3865 = CARTESIAN_POINT ( 'NONE',  ( 1.800000000000000711, 6.123233995736781751E-18, 3.750000000000000000 ) ) ;
#3866 = VERTEX_POINT ( 'NONE', #5330 ) ;
#3867 = DIRECTION ( 'NONE',  ( -0.000000000000000000, -0.000000000000000000, -1.000000000000000000 ) ) ;
#3868 = EDGE_LOOP ( 'NONE', ( #4843, #1503, #4620, #1659 ) ) ;
#3869 = ORIENTED_EDGE ( 'NONE', *, *, #3229, .F. ) ;
#3870 = DIRECTION ( 'NONE',  ( -0.000000000000000000, -0.000000000000000000, 1.000000000000000000 ) ) ;
#3871 = PRODUCT_DEFINITION_FORMATION_WITH_SPECIFIED_SOURCE ( 'ANY', '', #449, .NOT_KNOWN. ) ;
#3872 = CARTESIAN_POINT ( 'NONE',  ( -1.800000000000000711, 6.123233995736781751E-18, 3.750000000000000000 ) ) ;
#3873 = VECTOR ( 'NONE', #2028, 1000.000000000000000 ) ;
#3874 = DIRECTION ( 'NONE',  ( 1.000000000000000000, -0.000000000000000000, -0.000000000000000000 ) ) ;
#3875 = ORIENTED_EDGE ( 'NONE', *, *, #4268, .F. ) ;
#3876 = EDGE_LOOP ( 'NONE', ( #1545, #2147, #3074 ) ) ;
#3877 = DIRECTION ( 'NONE',  ( 1.000000000000000000, 0.000000000000000000, 0.000000000000000000 ) ) ;
#3878 = CARTESIAN_POINT ( 'NONE',  ( -3.000000000000000444, 1.030000000000000027, 0.7200000000000006395 ) ) ;
#3879 = LINE ( 'NONE', #1508, #1454 ) ;
#3880 = AXIS2_PLACEMENT_3D ( 'NONE', #2633, #4972, #2600 ) ;
#3881 = CARTESIAN_POINT ( 'NONE',  ( 4.607807737440317908, 1.000000000000000000, -1.050000000000000933 ) ) ;
#3882 = EDGE_CURVE ( 'NONE', #2042, #2287, #5697, .T. ) ;
#3883 = VERTEX_POINT ( 'NONE', #5362 ) ;
#3884 = VERTEX_POINT ( 'NONE', #2067 ) ;
#3885 = DIRECTION ( 'NONE',  ( 1.000000000000000000, -0.000000000000000000, -0.000000000000000000 ) ) ;
#3886 = ORIENTED_EDGE ( 'NONE', *, *, #2854, .F. ) ;
#3887 = LINE ( 'NONE', #5260, #2023 ) ;
#3888 = CARTESIAN_POINT ( 'NONE',  ( 1.800000000000000711, 6.123233995736781751E-18, -3.750000000000000000 ) ) ;
#3889 = DIRECTION ( 'NONE',  ( 1.000000000000000000, -0.000000000000000000, -0.000000000000000000 ) ) ;
#3890 = EDGE_CURVE ( 'NONE', #3943, #2794, #3075, .T. ) ;
#3891 = DIRECTION ( 'NONE',  ( -1.000000000000000000, -0.000000000000000000, -0.000000000000000000 ) ) ;
#3892 = VERTEX_POINT ( 'NONE', #3534 ) ;
#3893 = FILL_AREA_STYLE ('',( #4806 ) ) ;
#3894 = ORIENTED_EDGE ( 'NONE', *, *, #1489, .T. ) ;
#3895 = CARTESIAN_POINT ( 'NONE',  ( -2.850000000000000533, 0.1499999999999998557, -3.750000000000000000 ) ) ;
#3896 = ORIENTED_EDGE ( 'NONE', *, *, #4897, .T. ) ;
#3897 = EDGE_LOOP ( 'NONE', ( #5858, #5128, #40, #2255 ) ) ;
#3898 = CARTESIAN_POINT ( 'NONE',  ( 1.800000000000000711, 0.1000000000000000056, 3.750000000000000000 ) ) ;
#3899 = LINE ( 'NONE', #4383, #5398 ) ;
#3900 =( LENGTH_UNIT ( ) NAMED_UNIT ( * ) SI_UNIT ( .MILLI., .METRE. ) );
#3901 = ADVANCED_FACE ( 'NONE', ( #2647 ), #4901, .F. ) ;
#3902 = EDGE_LOOP ( 'NONE', ( #2135, #4576, #3725 ) ) ;
#3903 = ORIENTED_EDGE ( 'NONE', *, *, #3718, .F. ) ;
#3904 = DIRECTION ( 'NONE',  ( 0.000000000000000000, 0.000000000000000000, -1.000000000000000000 ) ) ;
#3905 = LINE ( 'NONE', #2532, #773 ) ;
#3906 = CARTESIAN_POINT ( 'NONE',  ( 2.200000000000000622, 1.200000000000000178, -1.450000000000001288 ) ) ;
#3907 = DIRECTION ( 'NONE',  ( 0.000000000000000000, 0.000000000000000000, 1.000000000000000000 ) ) ;
#3908 = ORIENTED_EDGE ( 'NONE', *, *, #2746, .F. ) ;
#3909 = VERTEX_POINT ( 'NONE', #739 ) ;
#3910 = LINE ( 'NONE', #1245, #2003 ) ;
#3911 = ORIENTED_EDGE ( 'NONE', *, *, #2068, .F. ) ;
#3912 = CARTESIAN_POINT ( 'NONE',  ( -2.900000000000000799, -5.218871474337001921E-16, 1.049999999999998934 ) ) ;
#3913 = AXIS2_PLACEMENT_3D ( 'NONE', #834, #3232, #1356 ) ;
#3914 = ADVANCED_FACE ( 'NONE', ( #307 ), #3925, .F. ) ;
#3915 = CARTESIAN_POINT ( 'NONE',  ( 2.200000000000000622, 1.000000000000000000, 1.449999999999999067 ) ) ;
#3916 = LINE ( 'NONE', #5807, #1972 ) ;
#3917 = LINE ( 'NONE', #639, #431 ) ;
#3918 = STYLED_ITEM ( 'NONE', ( #2398 ), #1472 ) ;
#3919 = ORIENTED_EDGE ( 'NONE', *, *, #276, .T. ) ;
#3920 = VECTOR ( 'NONE', #2050, 1000.000000000000000 ) ;
#3921 = AXIS2_PLACEMENT_3D ( 'NONE', #2485, #5838, #4373 ) ;
#3922 = AXIS2_PLACEMENT_3D ( 'NONE', #4926, #2704, #391 ) ;
#3923 = EDGE_CURVE ( 'NONE', #1094, #798, #5874, .T. ) ;
#3924 = ORIENTED_EDGE ( 'NONE', *, *, #5360, .F. ) ;
#3925 = PLANE ( 'NONE',  #1999 ) ;
#3926 = VERTEX_POINT ( 'NONE', #1710 ) ;
#3927 = ORIENTED_EDGE ( 'NONE', *, *, #4538, .T. ) ;
#3928 = EDGE_CURVE ( 'NONE', #3210, #3476, #5412, .T. ) ;
#3929 = DIRECTION ( 'NONE',  ( 0.000000000000000000, 1.000000000000000000, 3.097720492815727166E-16 ) ) ;
#3930 = LINE ( 'NONE', #5335, #336 ) ;
#3931 = AXIS2_PLACEMENT_3D ( 'NONE', #1188, #4801, #1128 ) ;
#3932 = LINE ( 'NONE', #3024, #3346 ) ;
#3933 = ORIENTED_EDGE ( 'NONE', *, *, #3409, .F. ) ;
#3934 = VERTEX_POINT ( 'NONE', #3477 ) ;
#3935 = CARTESIAN_POINT ( 'NONE',  ( -3.000000000000000444, 2.530000000000000249, -0.7200000000000009726 ) ) ;
#3936 = AXIS2_PLACEMENT_3D ( 'NONE', #2973, #1539, #2021 ) ;
#3937 = DIRECTION ( 'NONE',  ( 0.000000000000000000, 2.168404344971007685E-15, -1.000000000000000000 ) ) ;
#3938 = LINE ( 'NONE', #5854, #4364 ) ;
#3939 = ADVANCED_FACE ( 'NONE', ( #1166 ), #4869, .T. ) ;
#3940 = PRESENTATION_LAYER_ASSIGNMENT (  '', '', ( #5886 ) ) ;
#3941 = CARTESIAN_POINT ( 'NONE',  ( -4.607807737440317908, 1.200000000000000178, 1.049999999999998934 ) ) ;
#3942 = ORIENTED_EDGE ( 'NONE', *, *, #4227, .T. ) ;
#3943 = VERTEX_POINT ( 'NONE', #3983 ) ;
#3944 = DIRECTION ( 'NONE',  ( 1.000000000000000000, -0.000000000000000000, -0.000000000000000000 ) ) ;
#3945 = VERTEX_POINT ( 'NONE', #5844 ) ;
#3946 = DIRECTION ( 'NONE',  ( 0.000000000000000000, 0.000000000000000000, 1.000000000000000000 ) ) ;
#3947 = AXIS2_PLACEMENT_3D ( 'NONE', #3895, #2926, #1555 ) ;
#3948 = DIRECTION ( 'NONE',  ( 0.000000000000000000, 0.000000000000000000, 1.000000000000000000 ) ) ;
#3949 = DIRECTION ( 'NONE',  ( 0.000000000000000000, -1.000000000000000000, -0.000000000000000000 ) ) ;
#3950 = DIRECTION ( 'NONE',  ( -1.000000000000000000, 0.000000000000000000, 0.000000000000000000 ) ) ;
#3951 = VECTOR ( 'NONE', #5626, 1000.000000000000000 ) ;
#3952 = VERTEX_POINT ( 'NONE', #1650 ) ;
#3953 = VECTOR ( 'NONE', #1020, 1000.000000000000000 ) ;
#3954 = ORIENTED_EDGE ( 'NONE', *, *, #2421, .F. ) ;
#3955 = DIRECTION ( 'NONE',  ( 0.000000000000000000, 0.000000000000000000, 1.000000000000000000 ) ) ;
#3956 = VERTEX_POINT ( 'NONE', #1191 ) ;
#3957 = EDGE_LOOP ( 'NONE', ( #778, #2208, #2114, #4159 ) ) ;
#3958 = FACE_OUTER_BOUND ( 'NONE', #4229, .T. ) ;
#3959 = CARTESIAN_POINT ( 'NONE',  ( -3.000000000000000444, 2.629999999999999449, 3.220000000000000639 ) ) ;
#3960 = DIRECTION ( 'NONE',  ( 0.000000000000000000, 0.000000000000000000, -1.000000000000000000 ) ) ;
#3961 = ADVANCED_FACE ( 'NONE', ( #856 ), #1375, .F. ) ;
#3962 = LINE ( 'NONE', #4876, #835 ) ;
#3963 = ORIENTED_EDGE ( 'NONE', *, *, #2293, .F. ) ;
#3964 = VERTEX_POINT ( 'NONE', #5546 ) ;
#3965 = CARTESIAN_POINT ( 'NONE',  ( 2.700000000000000178, 6.700000000000001066, -1.250000000000000222 ) ) ;
#3966 = CARTESIAN_POINT ( 'NONE',  ( 2.200000000000000622, 6.900000000000000355, 1.449999999999999956 ) ) ;
#3967 = DIRECTION ( 'NONE',  ( 0.000000000000000000, 1.000000000000000000, 0.000000000000000000 ) ) ;
#3968 = EDGE_CURVE ( 'NONE', #3210, #979, #4231, .T. ) ;
#3969 = CARTESIAN_POINT ( 'NONE',  ( 2.200000000000000622, 6.900000000000000355, -1.450000000000000400 ) ) ;
#3970 = AXIS2_PLACEMENT_3D ( 'NONE', #648, #2071, #2625 ) ;
#3971 = EDGE_LOOP ( 'NONE', ( #104, #520, #4149, #4991 ) ) ;
#3972 = VERTEX_POINT ( 'NONE', #5963 ) ;
#3973 = DIRECTION ( 'NONE',  ( -1.000000000000000000, 0.000000000000000000, 0.000000000000000000 ) ) ;
#3974 = EDGE_LOOP ( 'NONE', ( #2346, #5529, #2378, #2648 ) ) ;
#3975 = CARTESIAN_POINT ( 'NONE',  ( 4.607807737440317908, 1.000000000000000000, -1.250000000000001110 ) ) ;
#3976 = CIRCLE ( 'NONE', #576, 0.09999999999999939493 ) ;
#3977 = PLANE ( 'NONE',  #133 ) ;
#3978 = CYLINDRICAL_SURFACE ( 'NONE', #617, 0.1700000000000002343 ) ;
#3979 = DIRECTION ( 'NONE',  ( -0.000000000000000000, -1.000000000000000000, -1.102578480493733066E-16 ) ) ;
#3980 = EDGE_LOOP ( 'NONE', ( #2489, #5800, #3035, #3025 ) ) ;
#3981 = EDGE_CURVE ( 'NONE', #3726, #1869, #1824, .T. ) ;
#3982 = ORIENTED_EDGE ( 'NONE', *, *, #3841, .T. ) ;
#3983 = CARTESIAN_POINT ( 'NONE',  ( 2.700000000000000178, 6.900000000000000355, 3.549999999999999822 ) ) ;
#3984 = ORIENTED_EDGE ( 'NONE', *, *, #4042, .T. ) ;
#3985 = VERTEX_POINT ( 'NONE', #4568 ) ;
#3986 = CARTESIAN_POINT ( 'NONE',  ( -2.200000000000000622, 6.700000000000001066, 1.219999999999999751 ) ) ;
#3988 = ADVANCED_FACE ( 'NONE', ( #4191 ), #4627, .F. ) ;
#3987 = DIRECTION ( 'NONE',  ( 0.000000000000000000, 0.000000000000000000, -1.000000000000000000 ) ) ;
#3989 = CARTESIAN_POINT ( 'NONE',  ( 2.200000000000000622, 6.700000000000001066, -1.450000000000000400 ) ) ;
#3990 = EDGE_LOOP ( 'NONE', ( #1582, #5627, #1665, #2996 ) ) ;
#3991 = ORIENTED_EDGE ( 'NONE', *, *, #4140, .T. ) ;
#3992 = LINE ( 'NONE', #1112, #3820 ) ;
#3993 = FACE_OUTER_BOUND ( 'NONE', #6007, .T. ) ;
#3994 = LINE ( 'NONE', #1691, #1170 ) ;
#3995 = ADVANCED_FACE ( 'NONE', ( #2337 ), #1794, .F. ) ;
#3996 = EDGE_CURVE ( 'NONE', #314, #994, #4725, .T. ) ;
#3997 = CARTESIAN_POINT ( 'NONE',  ( -2.900000000000000799, 6.700000000000001066, -1.050000000000000044 ) ) ;
#3998 = ADVANCED_FACE ( 'NONE', ( #2248 ), #460, .T. ) ;
#3999 = ORIENTED_EDGE ( 'NONE', *, *, #3092, .T. ) ;
#4000 = ORIENTED_EDGE ( 'NONE', *, *, #2741, .T. ) ;
#4001 = DIRECTION ( 'NONE',  ( 0.000000000000000000, -1.000000000000000000, 0.000000000000000000 ) ) ;
#4002 = ORIENTED_EDGE ( 'NONE', *, *, #2963, .T. ) ;
#4003 = SURFACE_STYLE_USAGE ( .BOTH. , #3036 ) ;
#4004 = EDGE_CURVE ( 'NONE', #1474, #2886, #2312, .T. ) ;
#4005 = CARTESIAN_POINT ( 'NONE',  ( -2.200000000000000622, 6.700000000000001066, 3.549999999999999822 ) ) ;
#4006 = DIRECTION ( 'NONE',  ( 0.000000000000000000, 0.000000000000000000, -1.000000000000000000 ) ) ;
#4007 = DIRECTION ( 'NONE',  ( 0.000000000000000000, 0.000000000000000000, -1.000000000000000000 ) ) ;
#4008 = EDGE_LOOP ( 'NONE', ( #5769, #333, #3032, #4386 ) ) ;
#4009 = VECTOR ( 'NONE', #1750, 1000.000000000000000 ) ;
#4010 = FACE_OUTER_BOUND ( 'NONE', #4064, .T. ) ;
#4011 = CARTESIAN_POINT ( 'NONE',  ( -2.700000000000000622, 1.200000000000000178, -1.450000000000001288 ) ) ;
#4012 = EDGE_CURVE ( 'NONE', #798, #5074, #2691, .T. ) ;
#4013 = VECTOR ( 'NONE', #3222, 1000.000000000000000 ) ;
#4014 = VECTOR ( 'NONE', #5232, 1000.000000000000000 ) ;
#4015 = DIRECTION ( 'NONE',  ( 0.000000000000000000, 0.000000000000000000, -1.000000000000000000 ) ) ;
#4016 = ORIENTED_EDGE ( 'NONE', *, *, #2034, .F. ) ;
#4017 = EDGE_LOOP ( 'NONE', ( #167, #4035, #2260, #5541 ) ) ;
#4018 = CARTESIAN_POINT ( 'NONE',  ( -2.900000000000000799, 1.030000000000000027, -1.779999999999999361 ) ) ;
#4019 = AXIS2_PLACEMENT_3D ( 'NONE', #146, #4769, #4342 ) ;
#4020 = AXIS2_PLACEMENT_3D ( 'NONE', #2765, #2735, #2903 ) ;
#4021 = LINE ( 'NONE', #3053, #5492 ) ;
#4022 = VECTOR ( 'NONE', #3622, 1000.000000000000000 ) ;
#4023 = CARTESIAN_POINT ( 'NONE',  ( 2.200000000000000622, 6.900000000000000355, -1.250000000000000222 ) ) ;
#4024 = AXIS2_PLACEMENT_3D ( 'NONE', #3227, #5489, #2689 ) ;
#4025 = VERTEX_POINT ( 'NONE', #3713 ) ;
#4026 = ORIENTED_EDGE ( 'NONE', *, *, #5426, .T. ) ;
#4027 = DIRECTION ( 'NONE',  ( 1.000000000000000000, 0.000000000000000000, 0.000000000000000000 ) ) ;
#4028 = CARTESIAN_POINT ( 'NONE',  ( 2.900000000000000799, 1.200000000000000178, 1.449999999999999289 ) ) ;
#4029 = CARTESIAN_POINT ( 'NONE',  ( 2.200000000000000622, 1.030000000000000027, 3.549999999999998934 ) ) ;
#4030 = AXIS2_PLACEMENT_3D ( 'NONE', #817, #4587, #3979 ) ;
#4031 = AXIS2_PLACEMENT_3D ( 'NONE', #2712, #1709, #2192 ) ;
#4032 = FACE_OUTER_BOUND ( 'NONE', #1332, .T. ) ;
#4033 = AXIS2_PLACEMENT_3D ( 'NONE', #3216, #3278, #3706 ) ;
#4034 = EDGE_LOOP ( 'NONE', ( #2461, #5841, #3982, #4472 ) ) ;
#4035 = ORIENTED_EDGE ( 'NONE', *, *, #5371, .T. ) ;
#4036 = FACE_OUTER_BOUND ( 'NONE', #4327, .T. ) ;
#4037 = ORIENTED_EDGE ( 'NONE', *, *, #1751, .T. ) ;
#4038 = LINE ( 'NONE', #2126, #5967 ) ;
#4039 = VECTOR ( 'NONE', #3451, 1000.000000000000000 ) ;
#4040 = CARTESIAN_POINT ( 'NONE',  ( -2.200000000000000622, 1.200000000000000178, -1.450000000000001288 ) ) ;
#4041 = DIRECTION ( 'NONE',  ( 0.000000000000000000, 1.000000000000000000, 0.000000000000000000 ) ) ;
#4042 = EDGE_CURVE ( 'NONE', #3279, #5922, #1039, .T. ) ;
#4043 = EDGE_LOOP ( 'NONE', ( #5223, #3135, #2928, #3352 ) ) ;
#4044 = CIRCLE ( 'NONE', #3171, 0.2000000000000000944 ) ;
#4045 = EDGE_CURVE ( 'NONE', #3151, #1564, #2745, .T. ) ;
#4046 = CYLINDRICAL_SURFACE ( 'NONE', #5675, 0.05000000000000012768 ) ;
#4047 = SPHERICAL_SURFACE ( 'NONE', #4787, 0.2000000000000000111 ) ;
#4048 = VECTOR ( 'NONE', #5352, 1000.000000000000000 ) ;
#4049 = CARTESIAN_POINT ( 'NONE',  ( -3.000000000000000444, 2.629999999999999449, 1.779999999999999138 ) ) ;
#4050 = ORIENTED_EDGE ( 'NONE', *, *, #1123, .T. ) ;
#4051 = EDGE_CURVE ( 'NONE', #979, #3476, #457, .T. ) ;
#4052 = CARTESIAN_POINT ( 'NONE',  ( 4.607807737440317908, 1.200000000000000622, 3.749999999999999112 ) ) ;
#4053 = CIRCLE ( 'NONE', #2986, 0.2000000000000000944 ) ;
#4054 = FACE_OUTER_BOUND ( 'NONE', #4885, .T. ) ;
#4055 = PLANE ( 'NONE',  #5508 ) ;
#4056 = ORIENTED_EDGE ( 'NONE', *, *, #189, .T. ) ;
#4057 = ORIENTED_EDGE ( 'NONE', *, *, #4332, .F. ) ;
#4058 = ADVANCED_FACE ( 'NONE', ( #425 ), #1406, .F. ) ;
#4059 = DIRECTION ( 'NONE',  ( 0.000000000000000000, 0.000000000000000000, 1.000000000000000000 ) ) ;
#4060 = DIRECTION ( 'NONE',  ( 0.000000000000000000, 0.000000000000000000, 1.000000000000000000 ) ) ;
#4061 = VERTEX_POINT ( 'NONE', #5112 ) ;
#4062 = ORIENTED_EDGE ( 'NONE', *, *, #4745, .F. ) ;
#4063 = CARTESIAN_POINT ( 'NONE',  ( -2.900000000000000799, 2.530000000000000249, 3.220000000000000639 ) ) ;
#4064 = EDGE_LOOP ( 'NONE', ( #2148, #2843, #209 ) ) ;
#4065 = DIRECTION ( 'NONE',  ( 1.000000000000000000, 0.000000000000000000, 0.000000000000000000 ) ) ;
#4066 = CARTESIAN_POINT ( 'NONE',  ( 2.200000000000000622, 1.200000000000000622, 1.279999999999998916 ) ) ;
#4067 = CARTESIAN_POINT ( 'NONE',  ( -4.607807737440317908, 1.000000000000000000, 1.449999999999999067 ) ) ;
#4068 = ADVANCED_FACE ( 'NONE', ( #3134 ), #4990, .T. ) ;
#4069 = AXIS2_PLACEMENT_3D ( 'NONE', #3898, #2136, #1230 ) ;
#4070 = ORIENTED_EDGE ( 'NONE', *, *, #3882, .T. ) ;
#4071 = VECTOR ( 'NONE', #4824, 1000.000000000000000 ) ;
#4072 = EDGE_CURVE ( 'NONE', #871, #537, #5995, .T. ) ;
#4073 = CARTESIAN_POINT ( 'NONE',  ( -2.700000000000000178, 6.700000000000001066, 3.750000000000000000 ) ) ;
#4074 = DIRECTION ( 'NONE',  ( -0.000000000000000000, -0.000000000000000000, 1.000000000000000000 ) ) ;
#4075 = CARTESIAN_POINT ( 'NONE',  ( -2.700000000000000178, 6.900000000000000355, -3.550000000000000266 ) ) ;
#4076 = CARTESIAN_POINT ( 'NONE',  ( -3.000000000000000444, 1.130000000000000115, 1.679999999999998828 ) ) ;
#4077 = EDGE_CURVE ( 'NONE', #5816, #1994, #1765, .T. ) ;
#4078 = ORIENTED_EDGE ( 'NONE', *, *, #4747, .T. ) ;
#4079 = DIRECTION ( 'NONE',  ( -1.000000000000000000, 0.000000000000000000, 0.000000000000000000 ) ) ;
#4080 = DIRECTION ( 'NONE',  ( 0.000000000000000000, 0.000000000000000000, 1.000000000000000000 ) ) ;
#4081 = CARTESIAN_POINT ( 'NONE',  ( 2.200000000000000622, 6.123233995736781751E-18, 3.750000000000000000 ) ) ;
#4082 = VERTEX_POINT ( 'NONE', #2364 ) ;
#4083 = VERTEX_POINT ( 'NONE', #4682 ) ;
#4084 = CARTESIAN_POINT ( 'NONE',  ( 2.200000000000000622, 6.700000000000001066, -1.050000000000000044 ) ) ;
#4085 = CARTESIAN_POINT ( 'NONE',  ( -2.200000000000000622, 6.700000000000001066, -3.550000000000000266 ) ) ;
#4086 = EDGE_CURVE ( 'NONE', #770, #1089, #3372, .T. ) ;
#4087 = EDGE_CURVE ( 'NONE', #2224, #1635, #3774, .T. ) ;
#4088 = LINE ( 'NONE', #5946, #1025 ) ;
#4089 = VERTEX_POINT ( 'NONE', #5144 ) ;
#4090 = VERTEX_POINT ( 'NONE', #975 ) ;
#4091 = CYLINDRICAL_SURFACE ( 'NONE', #3573, 0.1700000000000000122 ) ;
#4092 = DIRECTION ( 'NONE',  ( -1.000000000000000000, -1.161645184805897749E-16, 0.000000000000000000 ) ) ;
#4093 = CARTESIAN_POINT ( 'NONE',  ( 8.529233760890809535, 6.870000000000000995, -3.550000000000000266 ) ) ;
#4094 = DIRECTION ( 'NONE',  ( -1.000000000000000000, -0.000000000000000000, -0.000000000000000000 ) ) ;
#4095 = LINE ( 'NONE', #876, #1491 ) ;
#4096 = CARTESIAN_POINT ( 'NONE',  ( -3.000000000000000444, 1.130000000000000115, 1.679999999999998828 ) ) ;
#4097 = ORIENTED_EDGE ( 'NONE', *, *, #2525, .T. ) ;
#4098 = EDGE_CURVE ( 'NONE', #755, #3204, #664, .T. ) ;
#4099 = DIRECTION ( 'NONE',  ( -0.000000000000000000, -0.000000000000000000, -1.000000000000000000 ) ) ;
#4100 = CARTESIAN_POINT ( 'NONE',  ( 2.900000000000000799, 0.1499999999999998557, 3.750000000000000000 ) ) ;
#4101 = DIRECTION ( 'NONE',  ( -0.000000000000000000, -0.000000000000000000, -1.000000000000000000 ) ) ;
#4102 = CARTESIAN_POINT ( 'NONE',  ( 2.700000000000000622, 1.200000000000000178, 1.449999999999999289 ) ) ;
#4103 = CARTESIAN_POINT ( 'NONE',  ( 2.700000000000000178, 1.200000000000000622, -1.050000000000000711 ) ) ;
#4104 = VECTOR ( 'NONE', #1202, 1000.000000000000000 ) ;
#4105 = EDGE_CURVE ( 'NONE', #1447, #5152, #598, .T. ) ;
#4106 = PRESENTATION_STYLE_ASSIGNMENT (( #4139 ) ) ;
#4107 = CARTESIAN_POINT ( 'NONE',  ( -2.200000000000000622, 6.700000000000001066, -1.250000000000000222 ) ) ;
#4108 = ADVANCED_FACE ( 'NONE', ( #4303 ), #2441, .F. ) ;
#4109 = AXIS2_PLACEMENT_3D ( 'NONE', #392, #5985, #301 ) ;
#4110 = ORIENTED_EDGE ( 'NONE', *, *, #571, .F. ) ;
#4111 = AXIS2_PLACEMENT_3D ( 'NONE', #597, #4707, #535 ) ;
#4112 = VERTEX_POINT ( 'NONE', #81 ) ;
#4113 = CARTESIAN_POINT ( 'NONE',  ( -2.700000000000000178, 1.200000000000000178, 3.749999999999999112 ) ) ;
#4114 = FACE_OUTER_BOUND ( 'NONE', #5694, .T. ) ;
#4115 = ADVANCED_FACE ( 'NONE', ( #2388 ), #2943, .F. ) ;
#4116 = CIRCLE ( 'NONE', #2271, 0.2000000000000000944 ) ;
#4117 = CIRCLE ( 'NONE', #125, 0.1700000000000002343 ) ;
#4118 = CARTESIAN_POINT ( 'NONE',  ( 2.900000000000000799, 1.200000000000000178, 3.549999999999998934 ) ) ;
#4119 = ORIENTED_EDGE ( 'NONE', *, *, #493, .T. ) ;
#4120 = ORIENTED_EDGE ( 'NONE', *, *, #2400, .T. ) ;
#4121 = DIRECTION ( 'NONE',  ( 1.000000000000000000, 0.000000000000000000, 0.000000000000000000 ) ) ;
#4122 = AXIS2_PLACEMENT_3D ( 'NONE', #2863, #2361, #5631 ) ;
#4123 = LINE ( 'NONE', #3644, #4156 ) ;
#4124 = VECTOR ( 'NONE', #4773, 1000.000000000000000 ) ;
#4125 = EDGE_CURVE ( 'NONE', #5244, #4811, #5683, .T. ) ;
#4126 = CARTESIAN_POINT ( 'NONE',  ( 2.900000000000000799, 1.200000000000000178, -1.450000000000001288 ) ) ;
#4127 = CARTESIAN_POINT ( 'NONE',  ( 2.899999999999998579, 1.130000000000000115, 1.679999999999998828 ) ) ;
#4128 = VECTOR ( 'NONE', #4625, 1000.000000000000000 ) ;
#4129 = DIRECTION ( 'NONE',  ( 1.000000000000000000, 0.000000000000000000, -0.000000000000000000 ) ) ;
#4130 = ORIENTED_EDGE ( 'NONE', *, *, #837, .T. ) ;
#4131 = ORIENTED_EDGE ( 'NONE', *, *, #5805, .F. ) ;
#4132 = AXIS2_PLACEMENT_3D ( 'NONE', #1455, #2801, #3248 ) ;
#4133 = CARTESIAN_POINT ( 'NONE',  ( -3.000000000000000444, 2.530000000000000249, 1.779999999999999138 ) ) ;
#4134 = FACE_BOUND ( 'NONE', #2120, .T. ) ;
#4135 = CARTESIAN_POINT ( 'NONE',  ( -2.200000000000000622, 6.900000000000000355, 3.750000000000000000 ) ) ;
#4136 = DIRECTION ( 'NONE',  ( 0.000000000000000000, -1.000000000000000000, 0.000000000000000000 ) ) ;
#4137 = LINE ( 'NONE', #4571, #3006 ) ;
#4138 = VECTOR ( 'NONE', #1099, 1000.000000000000000 ) ;
#4139 = SURFACE_STYLE_USAGE ( .BOTH. , #1768 ) ;
#4140 = EDGE_CURVE ( 'NONE', #1009, #1354, #2480, .T. ) ;
#4141 = DIRECTION ( 'NONE',  ( 0.000000000000000000, 0.000000000000000000, 1.000000000000000000 ) ) ;
#4142 = AXIS2_PLACEMENT_3D ( 'NONE', #2280, #4136, #3258 ) ;
#4143 = ORIENTED_EDGE ( 'NONE', *, *, #2017, .F. ) ;
#4144 = ORIENTED_EDGE ( 'NONE', *, *, #4375, .F. ) ;
#4145 = CYLINDRICAL_SURFACE ( 'NONE', #2065, 0.09999999999999982514 ) ;
#4146 =( LENGTH_UNIT ( ) NAMED_UNIT ( * ) SI_UNIT ( .MILLI., .METRE. ) );
#4147 = ADVANCED_FACE ( 'NONE', ( #4764 ), #1936, .F. ) ;
#4148 = LINE ( 'NONE', #469, #150 ) ;
#4149 = ORIENTED_EDGE ( 'NONE', *, *, #848, .T. ) ;
#4150 = ORIENTED_EDGE ( 'NONE', *, *, #1645, .F. ) ;
#4151 = CARTESIAN_POINT ( 'NONE',  ( -3.000000000000000444, 1.130000000000000115, -0.8200000000000012834 ) ) ;
#4152 = DIRECTION ( 'NONE',  ( -0.000000000000000000, -1.000000000000000000, -1.102578480493733066E-16 ) ) ;
#4153 = LINE ( 'NONE', #2300, #3688 ) ;
#4154 = CARTESIAN_POINT ( 'NONE',  ( -2.200000000000000622, 1.200000000000000622, -1.050000000000000711 ) ) ;
#4155 = CYLINDRICAL_SURFACE ( 'NONE', #1494, 0.1999999999999999833 ) ;
#4156 = VECTOR ( 'NONE', #4152, 1000.000000000000000 ) ;
#4157 = LINE ( 'NONE', #2851, #3836 ) ;
#4158 = ORIENTED_EDGE ( 'NONE', *, *, #1858, .F. ) ;
#4159 = ORIENTED_EDGE ( 'NONE', *, *, #362, .T. ) ;
#4160 = AXIS2_PLACEMENT_3D ( 'NONE', #252, #3448, #3084 ) ;
#4161 = CARTESIAN_POINT ( 'NONE',  ( 2.850000000000000533, 0.1499999999999998557, -3.750000000000000000 ) ) ;
#4162 = CARTESIAN_POINT ( 'NONE',  ( 4.607807737440317908, 1.000000000000000000, 3.549999999999998934 ) ) ;
#4163 = CARTESIAN_POINT ( 'NONE',  ( -4.607807737440317908, 1.200000000000000622, 1.249999999999999112 ) ) ;
#4164 = EDGE_CURVE ( 'NONE', #1789, #3934, #2201, .T. ) ;
#4165 = ORIENTED_EDGE ( 'NONE', *, *, #3409, .T. ) ;
#4166 = CARTESIAN_POINT ( 'NONE',  ( -4.607807737440317908, 1.000000000000000000, 1.049999999999998934 ) ) ;
#4167 = FILL_AREA_STYLE ('',( #430 ) ) ;
#4168 = VECTOR ( 'NONE', #1662, 1000.000000000000000 ) ;
#4169 = DIRECTION ( 'NONE',  ( 0.000000000000000000, -1.000000000000000000, 0.000000000000000000 ) ) ;
#4170 = VERTEX_POINT ( 'NONE', #3854 ) ;
#4171 = ORIENTED_EDGE ( 'NONE', *, *, #2029, .F. ) ;
#4172 = CARTESIAN_POINT ( 'NONE',  ( 3.000000000000000444, 2.629999999999999449, 3.220000000000000639 ) ) ;
#4173 = DIRECTION ( 'NONE',  ( 0.000000000000000000, 1.470104640658311001E-16, -1.000000000000000000 ) ) ;
#4174 = PRODUCT_RELATED_PRODUCT_CATEGORY ( 'part', '', ( #449 ) ) ;
#4175 = VERTEX_POINT ( 'NONE', #5711 ) ;
#4176 = ORIENTED_EDGE ( 'NONE', *, *, #5272, .F. ) ;
#4177 = EDGE_CURVE ( 'NONE', #3479, #3759, #2977, .T. ) ;
#4178 = DIRECTION ( 'NONE',  ( 0.000000000000000000, 0.000000000000000000, 1.000000000000000000 ) ) ;
#4179 = ORIENTED_EDGE ( 'NONE', *, *, #5904, .F. ) ;
#4180 = DIRECTION ( 'NONE',  ( 0.000000000000000000, 0.000000000000000000, 1.000000000000000000 ) ) ;
#4181 = ADVANCED_FACE ( 'NONE', ( #5233 ), #536, .T. ) ;
#4182 = DIRECTION ( 'NONE',  ( 0.000000000000000000, -0.000000000000000000, 1.000000000000000000 ) ) ;
#4183 = CARTESIAN_POINT ( 'NONE',  ( 2.200000000000000622, 1.030000000000000027, -1.050000000000000933 ) ) ;
#4184 = ORIENTED_EDGE ( 'NONE', *, *, #4403, .T. ) ;
#4185 = EDGE_CURVE ( 'NONE', #20, #1009, #1459, .T. ) ;
#4186 = ORIENTED_EDGE ( 'NONE', *, *, #3003, .T. ) ;
#4187 = EDGE_CURVE ( 'NONE', #4089, #1748, #633, .T. ) ;
#4188 = LINE ( 'NONE', #2391, #2356 ) ;
#4189 = CARTESIAN_POINT ( 'NONE',  ( 8.529233760890809535, 6.700000000000001066, 1.279999999999999805 ) ) ;
#4190 = CARTESIAN_POINT ( 'NONE',  ( -2.700000000000000622, 6.700000000000001066, 1.449999999999999956 ) ) ;
#4191 = FACE_OUTER_BOUND ( 'NONE', #1634, .T. ) ;
#4192 = DIRECTION ( 'NONE',  ( 0.000000000000000000, 0.000000000000000000, 1.000000000000000000 ) ) ;
#4193 = ADVANCED_FACE ( 'NONE', ( #4338 ), #171, .T. ) ;
#4194 = DIRECTION ( 'NONE',  ( 1.000000000000000000, 0.000000000000000000, 0.000000000000000000 ) ) ;
#4195 = FACE_OUTER_BOUND ( 'NONE', #3868, .T. ) ;
#4196 = EDGE_LOOP ( 'NONE', ( #519, #474, #172, #2505 ) ) ;
#4197 = EDGE_LOOP ( 'NONE', ( #4000, #1050, #3048, #4601 ) ) ;
#4198 = DIRECTION ( 'NONE',  ( -0.000000000000000000, -1.000000000000000000, -1.470104640658311001E-16 ) ) ;
#4199 = AXIS2_PLACEMENT_3D ( 'NONE', #4084, #1802, #466 ) ;
#4200 = CIRCLE ( 'NONE', #3722, 0.1700000000000002343 ) ;
#4201 = CARTESIAN_POINT ( 'NONE',  ( -2.700000000000000178, 6.900000000000000355, -1.050000000000000044 ) ) ;
#4202 = AXIS2_PLACEMENT_3D ( 'NONE', #3280, #1935, #1087 ) ;
#4203 = ORIENTED_EDGE ( 'NONE', *, *, #934, .F. ) ;
#4204 = ORIENTED_EDGE ( 'NONE', *, *, #2985, .F. ) ;
#4205 = CARTESIAN_POINT ( 'NONE',  ( -2.700000000000000178, 1.200000000000000178, -1.050000000000000711 ) ) ;
#4206 = DIRECTION ( 'NONE',  ( -0.000000000000000000, -0.000000000000000000, -1.000000000000000000 ) ) ;
#4207 = DIRECTION ( 'NONE',  ( -1.000000000000000000, 0.000000000000000000, 0.000000000000000000 ) ) ;
#4208 = AXIS2_PLACEMENT_3D ( 'NONE', #1879, #3744, #4741 ) ;
#4209 = VECTOR ( 'NONE', #5070, 1000.000000000000000 ) ;
#4210 = CARTESIAN_POINT ( 'NONE',  ( -2.700000000000000178, 6.900000000000000355, 1.249999999999999778 ) ) ;
#4211 = AXIS2_PLACEMENT_3D ( 'NONE', #2350, #1453, #991 ) ;
#4212 = ORIENTED_EDGE ( 'NONE', *, *, #396, .F. ) ;
#4213 = VECTOR ( 'NONE', #461, 1000.000000000000000 ) ;
#4214 = CARTESIAN_POINT ( 'NONE',  ( -2.900000000000000799, 0.1500000000000012712, -0.8200000000000021716 ) ) ;
#4215 = VERTEX_POINT ( 'NONE', #1571 ) ;
#4216 = DIRECTION ( 'NONE',  ( 0.000000000000000000, 0.000000000000000000, 1.000000000000000000 ) ) ;
#4217 = AXIS2_PLACEMENT_3D ( 'NONE', #3192, #5868, #1250 ) ;
#4218 = DIRECTION ( 'NONE',  ( 1.000000000000000000, 0.000000000000000000, 0.000000000000000000 ) ) ;
#4219 = EDGE_CURVE ( 'NONE', #5470, #5684, #5287, .T. ) ;
#4220 = DIRECTION ( 'NONE',  ( 1.000000000000000000, 0.000000000000000000, 0.000000000000000000 ) ) ;
#4221 = ORIENTED_EDGE ( 'NONE', *, *, #1336, .T. ) ;
#4222 = CARTESIAN_POINT ( 'NONE',  ( 2.200000000000000622, 6.900000000000000355, -1.250000000000000222 ) ) ;
#4223 = EDGE_CURVE ( 'NONE', #2089, #2587, #1121, .T. ) ;
#4224 = DIRECTION ( 'NONE',  ( -1.000000000000000000, 0.000000000000000000, 0.000000000000000000 ) ) ;
#4225 = AXIS2_PLACEMENT_3D ( 'NONE', #3139, #5462, #5368 ) ;
#4226 = FACE_BOUND ( 'NONE', #5534, .T. ) ;
#4227 = EDGE_CURVE ( 'NONE', #1246, #4859, #2488, .T. ) ;
#4228 = VERTEX_POINT ( 'NONE', #996 ) ;
#4229 = EDGE_LOOP ( 'NONE', ( #525, #2015, #1585, #2988 ) ) ;
#4230 = DIRECTION ( 'NONE',  ( 1.000000000000000000, -0.000000000000000000, -0.000000000000000000 ) ) ;
#4231 = CIRCLE ( 'NONE', #4532, 0.2000000000000000944 ) ;
#4232 = CARTESIAN_POINT ( 'NONE',  ( 0.000000000000000000, 0.000000000000000000, 0.000000000000000000 ) ) ;
#4233 = AXIS2_PLACEMENT_3D ( 'NONE', #2778, #3687, #400 ) ;
#4234 = FILL_AREA_STYLE_COLOUR ( '', #641 ) ;
#4235 = ADVANCED_FACE ( 'NONE', ( #4273 ), #812, .T. ) ;
#4236 = ORIENTED_EDGE ( 'NONE', *, *, #286, .T. ) ;
#4237 = VERTEX_POINT ( 'NONE', #1275 ) ;
#4238 = LINE ( 'NONE', #2936, #5322 ) ;
#4239 = CARTESIAN_POINT ( 'NONE',  ( -4.607807737440317908, 1.200000000000000622, -1.250000000000001110 ) ) ;
#4240 = CARTESIAN_POINT ( 'NONE',  ( 8.529233760890809535, 1.030000000000000027, 1.049999999999998934 ) ) ;
#4241 = AXIS2_PLACEMENT_3D ( 'NONE', #3817, #4784, #4265 ) ;
#4242 = LINE ( 'NONE', #76, #1598 ) ;
#4243 = DIRECTION ( 'NONE',  ( 0.000000000000000000, 0.000000000000000000, 1.000000000000000000 ) ) ;
#4244 = EDGE_LOOP ( 'NONE', ( #2432, #5893, #1324, #2699 ) ) ;
#4245 = PLANE ( 'NONE',  #1005 ) ;
#4246 = CARTESIAN_POINT ( 'NONE',  ( -3.000000000000000444, 2.629999999999999449, 1.779999999999999138 ) ) ;
#4247 = ORIENTED_EDGE ( 'NONE', *, *, #207, .F. ) ;
#4248 = EDGE_CURVE ( 'NONE', #4082, #5407, #1605, .T. ) ;
#4249 = LINE ( 'NONE', #3683, #2951 ) ;
#4250 = CARTESIAN_POINT ( 'NONE',  ( -2.200000000000000622, 6.700000000000001066, -1.050000000000000044 ) ) ;
#4251 = FACE_OUTER_BOUND ( 'NONE', #66, .T. ) ;
#4252 = ORIENTED_EDGE ( 'NONE', *, *, #5812, .T. ) ;
#4253 = EDGE_CURVE ( 'NONE', #3204, #1666, #4430, .T. ) ;
#4254 = CIRCLE ( 'NONE', #2314, 0.09999999999999961697 ) ;
#4255 = AXIS2_PLACEMENT_3D ( 'NONE', #5773, #3748, #2979 ) ;
#4256 = LINE ( 'NONE', #3381, #543 ) ;
#4257 = ORIENTED_EDGE ( 'NONE', *, *, #5083, .T. ) ;
#4258 = ORIENTED_EDGE ( 'NONE', *, *, #4478, .T. ) ;
#4259 = DIRECTION ( 'NONE',  ( 0.000000000000000000, 1.000000000000000000, 1.470104640658311001E-16 ) ) ;
#4260 = UNCERTAINTY_MEASURE_WITH_UNIT (LENGTH_MEASURE( 1.000000000000000082E-05 ), #4146, 'distance_accuracy_value', 'NONE');
#4261 = CARTESIAN_POINT ( 'NONE',  ( 2.200000000000000622, 6.870000000000000995, -1.450000000000000400 ) ) ;
#4262 = CARTESIAN_POINT ( 'NONE',  ( -2.700000000000000178, 6.700000000000001066, -1.250000000000000222 ) ) ;
#4263 = EDGE_LOOP ( 'NONE', ( #4728, #82, #5323, #1649 ) ) ;
#4264 = ORIENTED_EDGE ( 'NONE', *, *, #1027, .T. ) ;
#4265 = DIRECTION ( 'NONE',  ( -0.000000000000000000, 0.000000000000000000, -1.000000000000000000 ) ) ;
#4266 = DIRECTION ( 'NONE',  ( -0.000000000000000000, 0.000000000000000000, 1.000000000000000000 ) ) ;
#4267 = LINE ( 'NONE', #658, #6016 ) ;
#4268 = EDGE_CURVE ( 'NONE', #3945, #4839, #1211, .T. ) ;
#4269 = DIRECTION ( 'NONE',  ( 1.000000000000000000, 0.000000000000000000, -0.000000000000000000 ) ) ;
#4270 = CARTESIAN_POINT ( 'NONE',  ( 2.700000000000000178, 6.900000000000000355, -1.050000000000000044 ) ) ;
#4271 = ORIENTED_EDGE ( 'NONE', *, *, #2125, .T. ) ;
#4272 = DIRECTION ( 'NONE',  ( -0.000000000000000000, 0.000000000000000000, 1.000000000000000000 ) ) ;
#4273 = FACE_OUTER_BOUND ( 'NONE', #386, .T. ) ;
#4274 = ORIENTED_EDGE ( 'NONE', *, *, #3718, .T. ) ;
#4275 = DIRECTION ( 'NONE',  ( -1.000000000000000000, 0.000000000000000000, 0.000000000000000000 ) ) ;
#4276 = CARTESIAN_POINT ( 'NONE',  ( -4.607807737440317908, 6.700000000000001066, 3.750000000000000000 ) ) ;
#4277 = DIRECTION ( 'NONE',  ( 1.000000000000000000, -0.000000000000000000, -0.000000000000000000 ) ) ;
#4278 = ADVANCED_FACE ( 'NONE', ( #2091 ), #5321, .F. ) ;
#4279 = CARTESIAN_POINT ( 'NONE',  ( -2.900000000000000799, 0.1499999999999998557, 3.320000000000000284 ) ) ;
#4280 = DIRECTION ( 'NONE',  ( -1.000000000000000000, 0.000000000000000000, 0.000000000000000000 ) ) ;
#4281 = ORIENTED_EDGE ( 'NONE', *, *, #2756, .F. ) ;
#4282 = EDGE_LOOP ( 'NONE', ( #1002, #3369, #3010, #1421 ) ) ;
#4283 = CARTESIAN_POINT ( 'NONE',  ( -2.200000000000000622, 6.900000000000000355, 1.249999999999999778 ) ) ;
#4284 = ADVANCED_FACE ( 'NONE', ( #757 ), #2572, .F. ) ;
#4285 = EDGE_CURVE ( 'NONE', #5588, #5903, #268, .T. ) ;
#4286 = LINE ( 'NONE', #1950, #2273 ) ;
#4287 = ADVANCED_FACE ( 'NONE', ( #4036 ), #1667, .T. ) ;
#4288 = DIRECTION ( 'NONE',  ( 0.000000000000000000, 1.000000000000000000, 1.470104640658311001E-16 ) ) ;
#4289 = ORIENTED_EDGE ( 'NONE', *, *, #1418, .T. ) ;
#4290 = VECTOR ( 'NONE', #195, 1000.000000000000000 ) ;
#4291 = ORIENTED_EDGE ( 'NONE', *, *, #4560, .F. ) ;
#4292 = PLANE ( 'NONE',  #4241 ) ;
#4293 = CARTESIAN_POINT ( 'NONE',  ( 4.607807737440317908, 6.900000000000000355, 1.249999999999999778 ) ) ;
#4294 = CARTESIAN_POINT ( 'NONE',  ( -2.900000000000000799, 2.629999999999999449, 1.779999999999999138 ) ) ;
#4295 = EDGE_CURVE ( 'NONE', #1994, #1718, #3497, .T. ) ;
#4296 = PRESENTATION_LAYER_ASSIGNMENT (  '', '', ( #3918 ) ) ;
#4297 = AXIS2_PLACEMENT_3D ( 'NONE', #1909, #1543, #995 ) ;
#4298 = DIRECTION ( 'NONE',  ( 0.000000000000000000, 0.000000000000000000, 1.000000000000000000 ) ) ;
#4299 = CARTESIAN_POINT ( 'NONE',  ( -2.900000000000000799, 1.030000000000000027, 3.750000000000000000 ) ) ;
#4300 = EDGE_LOOP ( 'NONE', ( #3815, #288, #4456, #2630 ) ) ;
#4301 = DIRECTION ( 'NONE',  ( -1.000000000000000000, 0.000000000000000000, 0.000000000000000000 ) ) ;
#4302 = ADVANCED_FACE ( 'NONE', ( #231 ), #1182, .T. ) ;
#4303 = FACE_OUTER_BOUND ( 'NONE', #1535, .T. ) ;
#4304 = AXIS2_PLACEMENT_3D ( 'NONE', #1092, #2127, #2948 ) ;
#4305 = ORIENTED_EDGE ( 'NONE', *, *, #592, .F. ) ;
#4306 = CIRCLE ( 'NONE', #2560, 0.1700000000000000122 ) ;
#4307 = DIRECTION ( 'NONE',  ( 1.000000000000000000, -0.000000000000000000, -0.000000000000000000 ) ) ;
#4308 = DIRECTION ( 'NONE',  ( 1.349033386251665073E-16, 1.000000000000000000, 0.000000000000000000 ) ) ;
#4309 = CARTESIAN_POINT ( 'NONE',  ( -4.607807737440317908, 6.900000000000000355, -1.050000000000000044 ) ) ;
#4310 = AXIS2_PLACEMENT_3D ( 'NONE', #4133, #5991, #3655 ) ;
#4312 = AXIS2_PLACEMENT_3D ( 'NONE', #1654, #1590, #775 ) ;
#4311 = PLANE ( 'NONE',  #2569 ) ;
#4313 = ORIENTED_EDGE ( 'NONE', *, *, #2924, .T. ) ;
#4314 = VECTOR ( 'NONE', #575, 1000.000000000000000 ) ;
#4315 = AXIS2_PLACEMENT_3D ( 'NONE', #23, #2359, #4678 ) ;
#4316 = SURFACE_STYLE_FILL_AREA ( #4715 ) ;
#4317 = CIRCLE ( 'NONE', #4132, 0.1000000000000002554 ) ;
#4318 = VERTEX_POINT ( 'NONE', #723 ) ;
#4319 = LINE ( 'NONE', #3411, #4138 ) ;
#4320 = ORIENTED_EDGE ( 'NONE', *, *, #5526, .T. ) ;
#4321 = ORIENTED_EDGE ( 'NONE', *, *, #4164, .F. ) ;
#4322 = DIRECTION ( 'NONE',  ( -0.000000000000000000, 1.000000000000000000, 3.097720492815727166E-16 ) ) ;
#4323 = PRESENTATION_LAYER_ASSIGNMENT (  '', '', ( #2580 ) ) ;
#4325 = EDGE_CURVE ( 'NONE', #3103, #3211, #2591, .T. ) ;
#4324 = CARTESIAN_POINT ( 'NONE',  ( 2.700000000000000622, 1.200000000000000178, -3.550000000000001155 ) ) ;
#4326 = VECTOR ( 'NONE', #30, 1000.000000000000000 ) ;
#4327 = EDGE_LOOP ( 'NONE', ( #4056, #471, #2771, #3462, #4776, #4367, #5435, #4542 ) ) ;
#4328 = ORIENTED_EDGE ( 'NONE', *, *, #5855, .T. ) ;
#4329 = DIRECTION ( 'NONE',  ( 1.000000000000000000, 0.000000000000000000, -0.000000000000000000 ) ) ;
#4330 = CYLINDRICAL_SURFACE ( 'NONE', #1252, 0.2000000000000000944 ) ;
#4331 = PLANE ( 'NONE',  #1648 ) ;
#4332 = EDGE_CURVE ( 'NONE', #2010, #1246, #2538, .T. ) ;
#4333 = VECTOR ( 'NONE', #3522, 1000.000000000000000 ) ;
#4334 = CARTESIAN_POINT ( 'NONE',  ( -2.900000000000000799, -1.598738796715912039E-16, -1.050000000000000933 ) ) ;
#4335 = EDGE_CURVE ( 'NONE', #2307, #2305, #2149, .T. ) ;
#4336 = ORIENTED_EDGE ( 'NONE', *, *, #701, .F. ) ;
#4337 = CARTESIAN_POINT ( 'NONE',  ( 2.200000000000000622, 6.900000000000000355, 3.549999999999999822 ) ) ;
#4338 = FACE_OUTER_BOUND ( 'NONE', #1946, .T. ) ;
#4339 = ORIENTED_EDGE ( 'NONE', *, *, #1259, .F. ) ;
#4340 = CARTESIAN_POINT ( 'NONE',  ( -2.200000000000000622, 1.200000000000000622, -3.550000000000001155 ) ) ;
#4341 = DIRECTION ( 'NONE',  ( 0.000000000000000000, 0.000000000000000000, 1.000000000000000000 ) ) ;
#4342 = DIRECTION ( 'NONE',  ( 0.000000000000000000, 0.000000000000000000, -1.000000000000000000 ) ) ;
#4343 = PLANE ( 'NONE',  #3549 ) ;
#4344 = VERTEX_POINT ( 'NONE', #4487 ) ;
#4345 = DIRECTION ( 'NONE',  ( 0.000000000000000000, 0.000000000000000000, 1.000000000000000000 ) ) ;
#4346 = EDGE_CURVE ( 'NONE', #4500, #1193, #3910, .T. ) ;
#4347 = CLOSED_SHELL ( 'NONE', ( #3076, #5328, #3361, #4147, #1949, #3615, #321, #4910, #1586, #408 ) ) ;
#4348 = VERTEX_POINT ( 'NONE', #3097 ) ;
#4349 = FACE_OUTER_BOUND ( 'NONE', #5175, .T. ) ;
#4350 = VECTOR ( 'NONE', #3030, 1000.000000000000000 ) ;
#4351 = ORIENTED_EDGE ( 'NONE', *, *, #4346, .F. ) ;
#4352 = ORIENTED_EDGE ( 'NONE', *, *, #1880, .T. ) ;
#4353 = LINE ( 'NONE', #188, #672 ) ;
#4354 = DIRECTION ( 'NONE',  ( 0.000000000000000000, 1.000000000000000000, 0.000000000000000000 ) ) ;
#4355 = AXIS2_PLACEMENT_3D ( 'NONE', #5113, #2807, #4370 ) ;
#4356 =( NAMED_UNIT ( * ) PLANE_ANGLE_UNIT ( ) SI_UNIT ( $, .RADIAN. ) );
#4357 = VERTEX_POINT ( 'NONE', #4953 ) ;
#4358 = ORIENTED_EDGE ( 'NONE', *, *, #3443, .F. ) ;
#4359 = EDGE_CURVE ( 'NONE', #5470, #3250, #5419, .T. ) ;
#4360 = AXIS2_PLACEMENT_3D ( 'NONE', #3499, #5381, #2639 ) ;
#4361 = DIRECTION ( 'NONE',  ( -0.000000000000000000, -0.000000000000000000, -1.000000000000000000 ) ) ;
#4362 = CARTESIAN_POINT ( 'NONE',  ( -4.607807737440317908, 1.000000000000000000, -1.250000000000001110 ) ) ;
#4363 = DIRECTION ( 'NONE',  ( 0.000000000000000000, 0.000000000000000000, 1.000000000000000000 ) ) ;
#4364 = VECTOR ( 'NONE', #5314, 1000.000000000000000 ) ;
#4365 = PLANE ( 'NONE',  #927 ) ;
#4366 = ORIENTED_EDGE ( 'NONE', *, *, #2145, .T. ) ;
#4367 = ORIENTED_EDGE ( 'NONE', *, *, #4359, .T. ) ;
#4368 = CARTESIAN_POINT ( 'NONE',  ( -3.000000000000000444, 6.900000000000000355, 3.750000000000000000 ) ) ;
#4369 = ORIENTED_EDGE ( 'NONE', *, *, #2229, .F. ) ;
#4370 = DIRECTION ( 'NONE',  ( 0.000000000000000000, 1.000000000000000000, 1.577021341797097314E-16 ) ) ;
#4371 = EDGE_CURVE ( 'NONE', #2570, #510, #157, .T. ) ;
#4372 = DIRECTION ( 'NONE',  ( 0.000000000000000000, 0.000000000000000000, -1.000000000000000000 ) ) ;
#4373 = DIRECTION ( 'NONE',  ( 0.000000000000000000, 0.000000000000000000, 1.000000000000000000 ) ) ;
#4374 = CARTESIAN_POINT ( 'NONE',  ( 2.700000000000000622, 6.700000000000001066, 3.549999999999999822 ) ) ;
#4375 = EDGE_CURVE ( 'NONE', #4509, #3441, #692, .T. ) ;
#4376 = ORIENTED_EDGE ( 'NONE', *, *, #2664, .T. ) ;
#4377 = EDGE_LOOP ( 'NONE', ( #4236, #4366, #924, #3390, #4674, #214, #2506, #1201 ) ) ;
#4378 = CARTESIAN_POINT ( 'NONE',  ( 2.700000000000000178, 6.700000000000001066, 3.549999999999999822 ) ) ;
#4379 = ORIENTED_EDGE ( 'NONE', *, *, #5766, .F. ) ;
#4380 = ORIENTED_EDGE ( 'NONE', *, *, #590, .T. ) ;
#4381 = EDGE_CURVE ( 'NONE', #1652, #79, #473, .T. ) ;
#4382 = DIRECTION ( 'NONE',  ( 0.000000000000000000, 1.000000000000000000, 1.470104640658311001E-16 ) ) ;
#4383 = CARTESIAN_POINT ( 'NONE',  ( 2.900000000000000799, 0.1499999999999998557, -3.750000000000000000 ) ) ;
#4384 = DIRECTION ( 'NONE',  ( -1.000000000000000000, 0.000000000000000000, 0.000000000000000000 ) ) ;
#4385 = DIRECTION ( 'NONE',  ( 0.000000000000000000, 0.000000000000000000, 1.000000000000000000 ) ) ;
#4386 = ORIENTED_EDGE ( 'NONE', *, *, #826, .F. ) ;
#4387 = ORIENTED_EDGE ( 'NONE', *, *, #4538, .F. ) ;
#4388 = CARTESIAN_POINT ( 'NONE',  ( -2.900000000000000799, 2.530000000000000249, -3.320000000000000728 ) ) ;
#4389 = DIRECTION ( 'NONE',  ( 0.000000000000000000, 0.000000000000000000, 1.000000000000000000 ) ) ;
#4390 = CARTESIAN_POINT ( 'NONE',  ( -4.607807737440317908, 6.900000000000000355, 1.249999999999999778 ) ) ;
#4391 = EDGE_LOOP ( 'NONE', ( #3193, #4739, #1298, #233 ) ) ;
#4392 = EDGE_LOOP ( 'NONE', ( #1893, #4975, #4369, #4783 ) ) ;
#4393 = DIRECTION ( 'NONE',  ( -1.000000000000000000, 0.000000000000000000, 0.000000000000000000 ) ) ;
#4394 = VERTEX_POINT ( 'NONE', #2324 ) ;
#4395 = DIRECTION ( 'NONE',  ( 0.000000000000000000, -0.000000000000000000, 1.000000000000000000 ) ) ;
#4396 = AXIS2_PLACEMENT_3D ( 'NONE', #1720, #2116, #3580 ) ;
#4397 = CARTESIAN_POINT ( 'NONE',  ( 2.700000000000000178, 6.700000000000001066, 1.249999999999999778 ) ) ;
#4398 = FACE_OUTER_BOUND ( 'NONE', #2802, .T. ) ;
#4399 = CARTESIAN_POINT ( 'NONE',  ( -2.200000000000000622, 6.900000000000000355, 1.249999999999999778 ) ) ;
#4400 = VECTOR ( 'NONE', #2743, 1000.000000000000000 ) ;
#4401 = ORIENTED_EDGE ( 'NONE', *, *, #1341, .T. ) ;
#4402 = VECTOR ( 'NONE', #972, 1000.000000000000000 ) ;
#4403 = EDGE_CURVE ( 'NONE', #4952, #2224, #652, .T. ) ;
#4404 = AXIS2_PLACEMENT_3D ( 'NONE', #3732, #1392, #3247 ) ;
#4405 = CIRCLE ( 'NONE', #1404, 0.2000000000000000944 ) ;
#4406 = DIRECTION ( 'NONE',  ( 0.000000000000000000, 0.000000000000000000, -1.000000000000000000 ) ) ;
#4407 = ORIENTED_EDGE ( 'NONE', *, *, #2267, .T. ) ;
#4408 = CARTESIAN_POINT ( 'NONE',  ( -2.700000000000000622, 1.200000000000000178, -1.050000000000000711 ) ) ;
#4409 = EDGE_CURVE ( 'NONE', #2886, #1628, #2799, .T. ) ;
#4410 = VECTOR ( 'NONE', #5367, 1000.000000000000000 ) ;
#4411 = ORIENTED_EDGE ( 'NONE', *, *, #4816, .T. ) ;
#4412 = AXIS2_PLACEMENT_3D ( 'NONE', #4906, #4938, #2073 ) ;
#4413 = ORIENTED_EDGE ( 'NONE', *, *, #3521, .T. ) ;
#4414 = CARTESIAN_POINT ( 'NONE',  ( -2.200000000000000622, 6.900000000000000355, -1.250000000000000222 ) ) ;
#4415 = CARTESIAN_POINT ( 'NONE',  ( 3.000000000000000444, 1.030000000000000027, -3.220000000000001084 ) ) ;
#4416 = CIRCLE ( 'NONE', #1795, 0.09999999999999982514 ) ;
#4417 = LINE ( 'NONE', #4566, #4410 ) ;
#4418 = CARTESIAN_POINT ( 'NONE',  ( -4.607807737440317908, 1.200000000000000622, -3.750000000000000888 ) ) ;
#4419 = ORIENTED_EDGE ( 'NONE', *, *, #4561, .T. ) ;
#4420 = EDGE_LOOP ( 'NONE', ( #3619, #4865, #1514, #4444 ) ) ;
#4421 = CARTESIAN_POINT ( 'NONE',  ( 2.700000000000000178, 1.200000000000000178, 1.249999999999998890 ) ) ;
#4422 = AXIS2_PLACEMENT_3D ( 'NONE', #3031, #3518, #1445 ) ;
#4423 = DIRECTION ( 'NONE',  ( 1.000000000000000000, 0.000000000000000000, 0.000000000000000000 ) ) ;
#4424 = DIRECTION ( 'NONE',  ( 0.000000000000000000, -1.000000000000000000, -0.000000000000000000 ) ) ;
#4425 = ADVANCED_FACE ( 'NONE', ( #3613 ), #412, .T. ) ;
#4426 = AXIS2_PLACEMENT_3D ( 'NONE', #440, #5528, #3299 ) ;
#4427 = DIRECTION ( 'NONE',  ( -0.000000000000000000, 1.000000000000000000, 0.000000000000000000 ) ) ;
#4428 = VERTEX_POINT ( 'NONE', #5038 ) ;
#4429 = ORIENTED_EDGE ( 'NONE', *, *, #2173, .F. ) ;
#4430 = LINE ( 'NONE', #1153, #4048 ) ;
#4431 = ORIENTED_EDGE ( 'NONE', *, *, #2062, .F. ) ;
#4432 = CARTESIAN_POINT ( 'NONE',  ( 2.200000000000000622, 1.200000000000000622, 3.719999999999998863 ) ) ;
#4433 = AXIS2_PLACEMENT_3D ( 'NONE', #3692, #4599, #3173 ) ;
#4434 = DIRECTION ( 'NONE',  ( 0.000000000000000000, 1.000000000000000000, 0.000000000000000000 ) ) ;
#4435 = FACE_OUTER_BOUND ( 'NONE', #4441, .T. ) ;
#4436 = DIRECTION ( 'NONE',  ( 1.000000000000000000, 0.000000000000000000, 0.000000000000000000 ) ) ;
#4437 = ORIENTED_EDGE ( 'NONE', *, *, #3092, .F. ) ;
#4438 = ADVANCED_FACE ( 'NONE', ( #5560 ), #5503, .F. ) ;
#4439 = AXIS2_PLACEMENT_3D ( 'NONE', #4205, #3761, #5161 ) ;
#4440 = SURFACE_STYLE_FILL_AREA ( #3893 ) ;
#4441 = EDGE_LOOP ( 'NONE', ( #5465, #1578, #4485, #5098 ) ) ;
#4442 = CARTESIAN_POINT ( 'NONE',  ( -2.900000000000000799, 0.000000000000000000, 0.000000000000000000 ) ) ;
#4443 = EDGE_CURVE ( 'NONE', #1441, #3634, #65, .T. ) ;
#4444 = ORIENTED_EDGE ( 'NONE', *, *, #764, .F. ) ;
#4445 = VERTEX_POINT ( 'NONE', #5010 ) ;
#4446 = CARTESIAN_POINT ( 'NONE',  ( -2.200000000000000622, 6.700000000000001066, -3.550000000000000266 ) ) ;
#4447 = CYLINDRICAL_SURFACE ( 'NONE', #1409, 0.09999999999999961697 ) ;
#4448 = ORIENTED_EDGE ( 'NONE', *, *, #1898, .F. ) ;
#4449 = ORIENTED_EDGE ( 'NONE', *, *, #1123, .F. ) ;
#4450 = DIRECTION ( 'NONE',  ( -0.000000000000000000, 1.000000000000000000, 3.097720492815727166E-16 ) ) ;
#4451 = LINE ( 'NONE', #4915, #2451 ) ;
#4452 = PLANE ( 'NONE',  #3776 ) ;
#4453 = CIRCLE ( 'NONE', #6009, 0.2000000000000000944 ) ;
#4454 = DIRECTION ( 'NONE',  ( 0.000000000000000000, 0.000000000000000000, 1.000000000000000000 ) ) ;
#4455 = AXIS2_PLACEMENT_3D ( 'NONE', #414, #1844, #2240 ) ;
#4456 = ORIENTED_EDGE ( 'NONE', *, *, #5336, .T. ) ;
#4457 = ADVANCED_FACE ( 'NONE', ( #2701 ), #1868, .T. ) ;
#4458 = ORIENTED_EDGE ( 'NONE', *, *, #3443, .T. ) ;
#4459 = CARTESIAN_POINT ( 'NONE',  ( -4.607807737440317908, 1.200000000000000622, -1.250000000000000888 ) ) ;
#4460 = ORIENTED_EDGE ( 'NONE', *, *, #3540, .F. ) ;
#4461 = SURFACE_STYLE_FILL_AREA ( #1184 ) ;
#4462 = EDGE_CURVE ( 'NONE', #3783, #5452, #2209, .T. ) ;
#4463 = DIRECTION ( 'NONE',  ( 0.000000000000000000, 0.000000000000000000, 1.000000000000000000 ) ) ;
#4464 = DIRECTION ( 'NONE',  ( -0.000000000000000000, -1.000000000000000000, -1.470104640658311001E-16 ) ) ;
#4465 = LINE ( 'NONE', #3102, #2962 ) ;
#4466 = ORIENTED_EDGE ( 'NONE', *, *, #3733, .F. ) ;
#4467 = DIRECTION ( 'NONE',  ( -1.000000000000000000, 0.000000000000000000, 0.000000000000000000 ) ) ;
#4468 = SURFACE_SIDE_STYLE ('',( #4440 ) ) ;
#4469 = EDGE_CURVE ( 'NONE', #1724, #2562, #1042, .T. ) ;
#4470 = CARTESIAN_POINT ( 'NONE',  ( -3.000000000000000444, 2.530000000000000249, -1.679999999999999716 ) ) ;
#4471 = ORIENTED_EDGE ( 'NONE', *, *, #916, .T. ) ;
#4472 = ORIENTED_EDGE ( 'NONE', *, *, #5230, .F. ) ;
#4473 = CARTESIAN_POINT ( 'NONE',  ( -3.000000000000000444, 1.030000000000000027, 1.779999999999999138 ) ) ;
#4474 = DIRECTION ( 'NONE',  ( -1.000000000000000000, -0.000000000000000000, -0.000000000000000000 ) ) ;
#4475 = CARTESIAN_POINT ( 'NONE',  ( -3.000000000000000444, 1.130000000000000115, -1.679999999999999716 ) ) ;
#4476 = ORIENTED_EDGE ( 'NONE', *, *, #5502, .F. ) ;
#4477 = VERTEX_POINT ( 'NONE', #1333 ) ;
#4478 = EDGE_CURVE ( 'NONE', #5553, #1628, #2594, .T. ) ;
#4479 = DIRECTION ( 'NONE',  ( 0.000000000000000000, 3.097720492815727166E-16, -1.000000000000000000 ) ) ;
#4480 = LINE ( 'NONE', #1147, #1819 ) ;
#4481 = CYLINDRICAL_SURFACE ( 'NONE', #5730, 0.09999999999999939493 ) ;
#4482 = ADVANCED_FACE ( 'NONE', ( #5924, #843, #5067, #931 ), #2262, .F. ) ;
#4483 = LINE ( 'NONE', #319, #246 ) ;
#4484 = EDGE_LOOP ( 'NONE', ( #315, #404, #411, #3122 ) ) ;
#4485 = ORIENTED_EDGE ( 'NONE', *, *, #1105, .T. ) ;
#4486 = ADVANCED_FACE ( 'NONE', ( #962 ), #4582, .T. ) ;
#4487 = CARTESIAN_POINT ( 'NONE',  ( -2.900000000000000799, 2.530000000000000249, 0.8199999999999999512 ) ) ;
#4488 = ORIENTED_EDGE ( 'NONE', *, *, #3496, .F. ) ;
#4489 = FILL_AREA_STYLE_COLOUR ( '', #4752 ) ;
#4490 = DIRECTION ( 'NONE',  ( 1.000000000000000000, 0.000000000000000000, 0.000000000000000000 ) ) ;
#4491 = CARTESIAN_POINT ( 'NONE',  ( -2.200000000000000622, 1.030000000000000027, 3.549999999999998934 ) ) ;
#4492 = CARTESIAN_POINT ( 'NONE',  ( -3.000000000000000444, 2.530000000000000249, 0.8199999999999999512 ) ) ;
#4493 = ADVANCED_FACE ( 'NONE', ( #1810 ), #4091, .T. ) ;
#4494 = VERTEX_POINT ( 'NONE', #5949 ) ;
#4495 = DIRECTION ( 'NONE',  ( 0.000000000000000000, 0.000000000000000000, -1.000000000000000000 ) ) ;
#4496 = FACE_BOUND ( 'NONE', #3087, .T. ) ;
#4497 = COLOUR_RGB ( '',0.7921568627450980005, 0.8196078431372548767, 0.9333333333333333481 ) ;
#4498 = AXIS2_PLACEMENT_3D ( 'NONE', #4161, #3340, #54 ) ;
#4499 = DIRECTION ( 'NONE',  ( 0.000000000000000000, 1.000000000000000000, 0.000000000000000000 ) ) ;
#4500 = VERTEX_POINT ( 'NONE', #2298 ) ;
#4501 = CARTESIAN_POINT ( 'NONE',  ( -2.700000000000000178, 1.200000000000000178, 1.049999999999998934 ) ) ;
#4502 = CIRCLE ( 'NONE', #1402, 0.1999999999999999833 ) ;
#4503 = VECTOR ( 'NONE', #4525, 1000.000000000000000 ) ;
#4504 = EDGE_CURVE ( 'NONE', #2927, #2311, #4522, .T. ) ;
#4505 = CARTESIAN_POINT ( 'NONE',  ( 2.700000000000000178, 6.700000000000001066, -3.550000000000000266 ) ) ;
#4506 = AXIS2_PLACEMENT_3D ( 'NONE', #2527, #5933, #5338 ) ;
#4507 = DIRECTION ( 'NONE',  ( 0.000000000000000000, -1.000000000000000000, 0.000000000000000000 ) ) ;
#4508 = CIRCLE ( 'NONE', #1791, 0.2000000000000000944 ) ;
#4509 = VERTEX_POINT ( 'NONE', #2434 ) ;
#4510 = ORIENTED_EDGE ( 'NONE', *, *, #1444, .F. ) ;
#4511 = DIRECTION ( 'NONE',  ( 0.000000000000000000, 1.000000000000000000, -0.000000000000000000 ) ) ;
#4512 = CARTESIAN_POINT ( 'NONE',  ( -2.200000000000000622, 1.000000000000000000, -1.450000000000001288 ) ) ;
#4513 = CARTESIAN_POINT ( 'NONE',  ( -3.000000000000000444, 1.030000000000000027, -3.220000000000001084 ) ) ;
#4514 = EDGE_CURVE ( 'NONE', #2332, #5350, #1816, .T. ) ;
#4515 = AXIS2_PLACEMENT_3D ( 'NONE', #3040, #4436, #731 ) ;
#4516 = VECTOR ( 'NONE', #1674, 1000.000000000000000 ) ;
#4517 = FACE_OUTER_BOUND ( 'NONE', #4610, .T. ) ;
#4518 = AXIS2_PLACEMENT_3D ( 'NONE', #1664, #5005, #353 ) ;
#4519 = ORIENTED_EDGE ( 'NONE', *, *, #1149, .T. ) ;
#4520 = EDGE_LOOP ( 'NONE', ( #4110, #4407, #2523, #5250 ) ) ;
#4521 = EDGE_CURVE ( 'NONE', #5399, #1584, #5902, .T. ) ;
#4522 = LINE ( 'NONE', #356, #5519 ) ;
#4523 = ORIENTED_EDGE ( 'NONE', *, *, #842, .T. ) ;
#4524 = DIRECTION ( 'NONE',  ( 0.000000000000000000, 0.000000000000000000, 1.000000000000000000 ) ) ;
#4525 = DIRECTION ( 'NONE',  ( -0.000000000000000000, -1.000000000000000000, -0.000000000000000000 ) ) ;
#4526 = CARTESIAN_POINT ( 'NONE',  ( 4.607807737440317908, 1.000000000000000000, 3.749999999999999112 ) ) ;
#4527 = CARTESIAN_POINT ( 'NONE',  ( -2.700000000000000622, 6.700000000000001066, -1.450000000000000400 ) ) ;
#4528 = ORIENTED_EDGE ( 'NONE', *, *, #5391, .T. ) ;
#4529 = CIRCLE ( 'NONE', #1231, 0.2000000000000000944 ) ;
#4530 = CARTESIAN_POINT ( 'NONE',  ( -2.850000000000000533, 0.1499999999999998557, 3.750000000000000000 ) ) ;
#4531 = DIRECTION ( 'NONE',  ( 0.000000000000000000, 1.000000000000000000, 0.000000000000000000 ) ) ;
#4532 = AXIS2_PLACEMENT_3D ( 'NONE', #5025, #2715, #944 ) ;
#4533 = DIRECTION ( 'NONE',  ( -1.000000000000000000, -0.000000000000000000, -0.000000000000000000 ) ) ;
#4534 = CARTESIAN_POINT ( 'NONE',  ( -4.607807737440317908, 1.200000000000000622, 3.749999999999999112 ) ) ;
#4535 = ORIENTED_EDGE ( 'NONE', *, *, #3286, .T. ) ;
#4536 = CARTESIAN_POINT ( 'NONE',  ( 3.000000000000000444, 6.900000000000000355, 3.750000000000000000 ) ) ;
#4537 = AXIS2_PLACEMENT_3D ( 'NONE', #4551, #5472, #5129 ) ;
#4538 = EDGE_CURVE ( 'NONE', #567, #1519, #942, .T. ) ;
#4539 = CARTESIAN_POINT ( 'NONE',  ( -2.850000000000000533, 0.1499999999999998557, 3.750000000000000000 ) ) ;
#4540 = PRESENTATION_STYLE_ASSIGNMENT (( #2559 ) ) ;
#4541 = ORIENTED_EDGE ( 'NONE', *, *, #148, .T. ) ;
#4542 = ORIENTED_EDGE ( 'NONE', *, *, #1069, .T. ) ;
#4543 = FACE_OUTER_BOUND ( 'NONE', #2984, .T. ) ;
#4544 = DIRECTION ( 'NONE',  ( -1.000000000000000000, 0.000000000000000000, 0.000000000000000000 ) ) ;
#4545 = DIRECTION ( 'NONE',  ( 1.000000000000000000, 0.000000000000000000, 0.000000000000000000 ) ) ;
#4546 = EDGE_CURVE ( 'NONE', #3479, #4445, #1505, .T. ) ;
#4547 = ORIENTED_EDGE ( 'NONE', *, *, #5855, .F. ) ;
#4548 = CLOSED_SHELL ( 'NONE', ( #5237, #1632, #3961, #5900, #4775, #3629, #1851, #3567, #2905, #327, #2372, #2718, #2330, #4486, #3162, #5531, #3998, #5703 ) ) ;
#4549 = ORIENTED_EDGE ( 'NONE', *, *, #699, .T. ) ;
#4550 = VECTOR ( 'NONE', #4698, 1000.000000000000000 ) ;
#4551 = CARTESIAN_POINT ( 'NONE',  ( -2.900000000000000799, 0.1499999999999998557, 3.750000000000000000 ) ) ;
#4552 = ORIENTED_EDGE ( 'NONE', *, *, #3437, .T. ) ;
#4553 = DIRECTION ( 'NONE',  ( -1.000000000000000000, 0.000000000000000000, 0.000000000000000000 ) ) ;
#4554 = DIRECTION ( 'NONE',  ( 0.000000000000000000, 0.000000000000000000, 1.000000000000000000 ) ) ;
#4555 = DIRECTION ( 'NONE',  ( 1.000000000000000000, -0.000000000000000000, -0.000000000000000000 ) ) ;
#4556 = VECTOR ( 'NONE', #1138, 1000.000000000000000 ) ;
#4557 = LINE ( 'NONE', #3795, #5780 ) ;
#4558 = EDGE_LOOP ( 'NONE', ( #3796, #3838, #1209, #5643 ) ) ;
#4559 = APPLICATION_CONTEXT ( 'automotive_design' ) ;
#4560 = EDGE_CURVE ( 'NONE', #890, #3943, #4053, .T. ) ;
#4561 = EDGE_CURVE ( 'NONE', #67, #5204, #3303, .T. ) ;
#4562 = CIRCLE ( 'NONE', #2030, 0.1000000000000001582 ) ;
#4563 = DIRECTION ( 'NONE',  ( 1.000000000000000000, 0.000000000000000000, 0.000000000000000000 ) ) ;
#4564 = CARTESIAN_POINT ( 'NONE',  ( -2.200000000000000622, 6.700000000000001066, -3.550000000000000266 ) ) ;
#4565 = ADVANCED_FACE ( 'NONE', ( #3362 ), #1988, .T. ) ;
#4566 = CARTESIAN_POINT ( 'NONE',  ( -3.000000000000000444, 2.530000000000000249, -1.679999999999999716 ) ) ;
#4567 =( GEOMETRIC_REPRESENTATION_CONTEXT ( 3 ) GLOBAL_UNCERTAINTY_ASSIGNED_CONTEXT ( ( #4260 ) ) GLOBAL_UNIT_ASSIGNED_CONTEXT ( ( #4146, #3696, #9 ) ) REPRESENTATION_CONTEXT ( 'NONE', 'WORKASPACE' ) );
#4568 = CARTESIAN_POINT ( 'NONE',  ( 2.899999999999998579, 1.130000000000000115, -3.320000000000001172 ) ) ;
#4569 = VERTEX_POINT ( 'NONE', #1536 ) ;
#4570 = EDGE_CURVE ( 'NONE', #410, #3319, #1082, .T. ) ;
#4571 = CARTESIAN_POINT ( 'NONE',  ( -2.900000000000000799, 2.629999999999999449, 3.750000000000000000 ) ) ;
#4572 = DIRECTION ( 'NONE',  ( 1.000000000000000000, 0.000000000000000000, 0.000000000000000000 ) ) ;
#4573 = LINE ( 'NONE', #3663, #5019 ) ;
#4574 = ADVANCED_FACE ( 'NONE', ( #42 ), #5278, .T. ) ;
#4575 = ORIENTED_EDGE ( 'NONE', *, *, #4932, .F. ) ;
#4576 = ORIENTED_EDGE ( 'NONE', *, *, #1225, .T. ) ;
#4577 = CARTESIAN_POINT ( 'NONE',  ( 4.607807737440317908, 1.000000000000000000, 1.449999999999999067 ) ) ;
#4578 = CARTESIAN_POINT ( 'NONE',  ( -3.000000000000000444, 1.130000000000000115, -3.320000000000001172 ) ) ;
#4579 = CYLINDRICAL_SURFACE ( 'NONE', #4814, 0.1700000000000000122 ) ;
#4580 = EDGE_LOOP ( 'NONE', ( #1362, #756, #4812, #1603 ) ) ;
#4581 = ORIENTED_EDGE ( 'NONE', *, *, #5006, .F. ) ;
#4582 = CYLINDRICAL_SURFACE ( 'NONE', #5028, 0.2000000000000000944 ) ;
#4583 = DIRECTION ( 'NONE',  ( 1.000000000000000000, 0.000000000000000000, 0.000000000000000000 ) ) ;
#4584 = SURFACE_STYLE_FILL_AREA ( #2734 ) ;
#4585 = DIRECTION ( 'NONE',  ( 1.000000000000000000, 0.000000000000000000, 0.000000000000000000 ) ) ;
#4586 = CARTESIAN_POINT ( 'NONE',  ( -2.900000000000000799, 1.200000000000000178, -1.050000000000000711 ) ) ;
#4587 = DIRECTION ( 'NONE',  ( 0.000000000000000000, -1.102578480493733066E-16, 1.000000000000000000 ) ) ;
#4588 = ORIENTED_EDGE ( 'NONE', *, *, #4772, .F. ) ;
#4589 = ORIENTED_EDGE ( 'NONE', *, *, #1320, .T. ) ;
#4590 = CARTESIAN_POINT ( 'NONE',  ( -3.000000000000000444, 2.530000000000000249, -1.680000000000000160 ) ) ;
#4591 = CARTESIAN_POINT ( 'NONE',  ( 3.000000000000000444, 2.629999999999999449, -1.779999999999999361 ) ) ;
#4592 = DIRECTION ( 'NONE',  ( 0.000000000000000000, 0.000000000000000000, 1.000000000000000000 ) ) ;
#4593 = DIRECTION ( 'NONE',  ( -1.000000000000000000, 0.000000000000000000, 0.000000000000000000 ) ) ;
#4594 = VECTOR ( 'NONE', #2751, 1000.000000000000000 ) ;
#4595 = EDGE_CURVE ( 'NONE', #5406, #5485, #4238, .T. ) ;
#4596 = CARTESIAN_POINT ( 'NONE',  ( -3.000000000000000444, 2.530000000000000249, -3.320000000000000728 ) ) ;
#4597 = AXIS2_PLACEMENT_3D ( 'NONE', #5245, #2429, #2462 ) ;
#4598 = CARTESIAN_POINT ( 'NONE',  ( -3.000000000000000444, 0.1499999999999998557, 3.750000000000000000 ) ) ;
#4599 = DIRECTION ( 'NONE',  ( 0.000000000000000000, 1.000000000000000000, 0.000000000000000000 ) ) ;
#4600 = VECTOR ( 'NONE', #4218, 1000.000000000000000 ) ;
#4601 = ORIENTED_EDGE ( 'NONE', *, *, #47, .T. ) ;
#4602 = CIRCLE ( 'NONE', #5483, 0.2000000000000000944 ) ;
#4603 = ORIENTED_EDGE ( 'NONE', *, *, #735, .T. ) ;
#4604 = CARTESIAN_POINT ( 'NONE',  ( -2.700000000000000178, 1.000000000000000000, 3.549999999999998934 ) ) ;
#4605 = DIRECTION ( 'NONE',  ( 0.000000000000000000, 0.000000000000000000, 1.000000000000000000 ) ) ;
#4606 = AXIS2_PLACEMENT_3D ( 'NONE', #102, #5537, #1480 ) ;
#4607 = CIRCLE ( 'NONE', #1010, 0.2000000000000000944 ) ;
#4608 = DIRECTION ( 'NONE',  ( 0.000000000000000000, 0.000000000000000000, 1.000000000000000000 ) ) ;
#4609 = EDGE_LOOP ( 'NONE', ( #3903, #5552, #5259, #2839 ) ) ;
#4610 = EDGE_LOOP ( 'NONE', ( #2318, #526, #2990, #4888 ) ) ;
#4611 = DIRECTION ( 'NONE',  ( 0.000000000000000000, 0.000000000000000000, 1.000000000000000000 ) ) ;
#4612 = LINE ( 'NONE', #5982, #5527 ) ;
#4613 = PRESENTATION_LAYER_ASSIGNMENT (  '', '', ( #3834 ) ) ;
#4614 = FILL_AREA_STYLE_COLOUR ( '', #1547 ) ;
#4615 = ADVANCED_FACE ( 'NONE', ( #3326 ), #622, .F. ) ;
#4616 = CARTESIAN_POINT ( 'NONE',  ( -2.200000000000000622, 6.900000000000000355, 1.249999999999999778 ) ) ;
#4617 = CYLINDRICAL_SURFACE ( 'NONE', #2952, 0.1700000000000002343 ) ;
#4618 = AXIS2_PLACEMENT_3D ( 'NONE', #5539, #2385, #4243 ) ;
#4619 = DIRECTION ( 'NONE',  ( 0.000000000000000000, 0.000000000000000000, 1.000000000000000000 ) ) ;
#4620 = ORIENTED_EDGE ( 'NONE', *, *, #1282, .T. ) ;
#4621 = VERTEX_POINT ( 'NONE', #5252 ) ;
#4622 = VECTOR ( 'NONE', #313, 1000.000000000000000 ) ;
#4623 = CARTESIAN_POINT ( 'NONE',  ( 4.607807737440317908, 1.000000000000000000, -1.450000000000001288 ) ) ;
#4624 = PLANE ( 'NONE',  #3244 ) ;
#4625 = DIRECTION ( 'NONE',  ( -0.000000000000000000, 0.000000000000000000, 1.000000000000000000 ) ) ;
#4626 = VECTOR ( 'NONE', #3867, 1000.000000000000000 ) ;
#4627 = PLANE ( 'NONE',  #4233 ) ;
#4628 = ADVANCED_FACE ( 'NONE', ( #2845 ), #4292, .F. ) ;
#4629 = AXIS2_PLACEMENT_3D ( 'NONE', #4102, #3659, #5605 ) ;
#4630 = DIRECTION ( 'NONE',  ( -1.000000000000000000, -0.000000000000000000, -0.000000000000000000 ) ) ;
#4631 = EDGE_CURVE ( 'NONE', #3498, #1772, #560, .T. ) ;
#4632 = VECTOR ( 'NONE', #1902, 1000.000000000000000 ) ;
#4633 = ORIENTED_EDGE ( 'NONE', *, *, #2546, .T. ) ;
#4634 = ORIENTED_EDGE ( 'NONE', *, *, #806, .F. ) ;
#4635 = CARTESIAN_POINT ( 'NONE',  ( 2.700000000000000178, 1.200000000000000622, 1.449999999999999289 ) ) ;
#4636 = PRODUCT_DEFINITION_CONTEXT ( 'detailed design', #593, 'design' ) ;
#4637 = DIRECTION ( 'NONE',  ( 1.000000000000000000, -0.000000000000000000, -0.000000000000000000 ) ) ;
#4638 = ADVANCED_FACE ( 'NONE', ( #5735 ), #2822, .T. ) ;
#4639 = EDGE_CURVE ( 'NONE', #2042, #5930, #2894, .T. ) ;
#4640 = DIRECTION ( 'NONE',  ( -1.000000000000000000, 0.000000000000000000, 0.000000000000000000 ) ) ;
#4641 = ORIENTED_EDGE ( 'NONE', *, *, #1751, .F. ) ;
#4642 = EDGE_LOOP ( 'NONE', ( #5008, #738, #5361 ) ) ;
#4643 = CARTESIAN_POINT ( 'NONE',  ( -4.607807737440317908, 1.200000000000000622, 1.449999999999999289 ) ) ;
#4644 = EDGE_LOOP ( 'NONE', ( #142, #2605, #2468, #2079 ) ) ;
#4645 = DIRECTION ( 'NONE',  ( 0.000000000000000000, 0.000000000000000000, 1.000000000000000000 ) ) ;
#4646 = VECTOR ( 'NONE', #5162, 1000.000000000000000 ) ;
#4647 = DIRECTION ( 'NONE',  ( -1.000000000000000000, -0.000000000000000000, -0.000000000000000000 ) ) ;
#4648 = ORIENTED_EDGE ( 'NONE', *, *, #3229, .T. ) ;
#4649 = EDGE_CURVE ( 'NONE', #2150, #347, #2379, .T. ) ;
#4650 = CIRCLE ( 'NONE', #769, 0.1700000000000000122 ) ;
#4651 = DIRECTION ( 'NONE',  ( 0.000000000000000000, -1.000000000000000000, 0.000000000000000000 ) ) ;
#4652 = DIRECTION ( 'NONE',  ( 1.000000000000000000, 0.000000000000000000, 0.000000000000000000 ) ) ;
#4653 = CARTESIAN_POINT ( 'NONE',  ( 2.900000000000000355, 2.530000000000000249, -0.7200000000000009726 ) ) ;
#4654 = CARTESIAN_POINT ( 'NONE',  ( -3.000000000000000444, 2.629999999999999449, 1.779999999999999138 ) ) ;
#4655 = CIRCLE ( 'NONE', #290, 0.2000000000000000944 ) ;
#4656 = FACE_OUTER_BOUND ( 'NONE', #470, .T. ) ;
#4657 = SURFACE_SIDE_STYLE ('',( #1889 ) ) ;
#4658 = VECTOR ( 'NONE', #2474, 1000.000000000000000 ) ;
#4659 = DIRECTION ( 'NONE',  ( 0.000000000000000000, -0.000000000000000000, 1.000000000000000000 ) ) ;
#4660 = EDGE_LOOP ( 'NONE', ( #116, #2039, #671, #3519 ) ) ;
#4661 = ORIENTED_EDGE ( 'NONE', *, *, #2893, .T. ) ;
#4662 = DIRECTION ( 'NONE',  ( 0.000000000000000000, 0.000000000000000000, -1.000000000000000000 ) ) ;
#4663 = DIRECTION ( 'NONE',  ( 0.000000000000000000, 0.000000000000000000, 1.000000000000000000 ) ) ;
#4664 = CYLINDRICAL_SURFACE ( 'NONE', #2684, 0.1999999999999999833 ) ;
#4665 = EDGE_LOOP ( 'NONE', ( #4143, #5251, #3851, #2671 ) ) ;
#4666 = ORIENTED_EDGE ( 'NONE', *, *, #3466, .T. ) ;
#4667 = DIRECTION ( 'NONE',  ( -0.000000000000000000, 0.000000000000000000, 1.000000000000000000 ) ) ;
#4668 = CARTESIAN_POINT ( 'NONE',  ( 2.900000000000000799, 6.900000000000000355, 3.750000000000000000 ) ) ;
#4669 = LINE ( 'NONE', #499, #2511 ) ;
#4670 = ADVANCED_FACE ( 'NONE', ( #4729 ), #2410, .F. ) ;
#4671 = DIRECTION ( 'NONE',  ( -1.000000000000000000, 0.000000000000000000, 0.000000000000000000 ) ) ;
#4672 = DIRECTION ( 'NONE',  ( 0.000000000000000000, -1.000000000000000000, 0.000000000000000000 ) ) ;
#4673 = EDGE_CURVE ( 'NONE', #4842, #2469, #5372, .T. ) ;
#4674 = ORIENTED_EDGE ( 'NONE', *, *, #2444, .T. ) ;
#4675 = CARTESIAN_POINT ( 'NONE',  ( 2.200000000000000622, 6.700000000000001066, 1.249999999999999778 ) ) ;
#4676 = ORIENTED_EDGE ( 'NONE', *, *, #1841, .T. ) ;
#4677 = CARTESIAN_POINT ( 'NONE',  ( 2.900000000000000799, 1.200000000000000178, -3.550000000000001155 ) ) ;
#4678 = DIRECTION ( 'NONE',  ( 0.000000000000000000, 0.000000000000000000, -1.000000000000000000 ) ) ;
#4679 = EDGE_CURVE ( 'NONE', #3058, #5215, #1966, .T. ) ;
#4680 = FACE_OUTER_BOUND ( 'NONE', #5785, .T. ) ;
#4681 = ORIENTED_EDGE ( 'NONE', *, *, #379, .F. ) ;
#4682 = CARTESIAN_POINT ( 'NONE',  ( -2.200000000000000622, 1.000000000000000000, 1.449999999999999067 ) ) ;
#4683 = EDGE_CURVE ( 'NONE', #4827, #4839, #5664, .T. ) ;
#4684 = CARTESIAN_POINT ( 'NONE',  ( -4.607807737440317908, 1.000000000000000000, -3.550000000000001155 ) ) ;
#4685 = EDGE_LOOP ( 'NONE', ( #138, #5815, #5582, #2643 ) ) ;
#4686 = ORIENTED_EDGE ( 'NONE', *, *, #5150, .T. ) ;
#4687 = FACE_OUTER_BOUND ( 'NONE', #4300, .T. ) ;
#4688 = UNCERTAINTY_MEASURE_WITH_UNIT (LENGTH_MEASURE( 1.000000000000000082E-05 ), #3348, 'distance_accuracy_value', 'NONE');
#4689 = CIRCLE ( 'NONE', #5276, 0.1000000000000002554 ) ;
#4690 = PRESENTATION_LAYER_ASSIGNMENT (  '', '', ( #4805 ) ) ;
#4691 = CARTESIAN_POINT ( 'NONE',  ( 2.900000000000000799, 0.1500000000000012712, -0.8200000000000021716 ) ) ;
#4692 = VECTOR ( 'NONE', #2420, 1000.000000000000000 ) ;
#4693 = ORIENTED_EDGE ( 'NONE', *, *, #279, .T. ) ;
#4694 = VERTEX_POINT ( 'NONE', #1146 ) ;
#4695 = EDGE_CURVE ( 'NONE', #4357, #1920, #4822, .T. ) ;
#4696 = CARTESIAN_POINT ( 'NONE',  ( -3.000000000000000444, 1.030000000000000027, -1.779999999999999361 ) ) ;
#4697 = CARTESIAN_POINT ( 'NONE',  ( 2.200000000000000622, 6.700000000000001066, 1.279999999999999805 ) ) ;
#4698 = DIRECTION ( 'NONE',  ( 0.000000000000000000, 1.000000000000000000, 0.000000000000000000 ) ) ;
#4699 = VECTOR ( 'NONE', #4834, 1000.000000000000000 ) ;
#4700 = VECTOR ( 'NONE', #1077, 1000.000000000000000 ) ;
#4701 = CARTESIAN_POINT ( 'NONE',  ( -2.200000000000000622, 6.870000000000000995, 3.549999999999999822 ) ) ;
#4702 = CARTESIAN_POINT ( 'NONE',  ( -2.900000000000000799, 0.1500000000000004940, 1.679999999999998384 ) ) ;
#4703 = ADVANCED_FACE ( 'NONE', ( #5794 ), #2499, .F. ) ;
#4704 = VECTOR ( 'NONE', #399, 1000.000000000000000 ) ;
#4705 = ORIENTED_EDGE ( 'NONE', *, *, #1951, .F. ) ;
#4706 = AXIS2_PLACEMENT_3D ( 'NONE', #1859, #5432, #5550 ) ;
#4707 = DIRECTION ( 'NONE',  ( 1.000000000000000000, 0.000000000000000000, 0.000000000000000000 ) ) ;
#4708 = CARTESIAN_POINT ( 'NONE',  ( -3.000000000000000444, 2.530000000000000249, 1.779999999999999138 ) ) ;
#4709 = ORIENTED_EDGE ( 'NONE', *, *, #5600, .T. ) ;
#4710 = CARTESIAN_POINT ( 'NONE',  ( 3.000000000000000444, 0.1499999999999998557, -3.750000000000000000 ) ) ;
#4711 = CIRCLE ( 'NONE', #5875, 0.09999999999999993616 ) ;
#4712 = CARTESIAN_POINT ( 'NONE',  ( -2.900000000000000799, 2.530000000000000249, 3.319999999999999840 ) ) ;
#4713 = CARTESIAN_POINT ( 'NONE',  ( -2.200000000000000622, 1.200000000000000622, -3.720000000000001084 ) ) ;
#4714 = AXIS2_PLACEMENT_3D ( 'NONE', #566, #1242, #4918 ) ;
#4715 = FILL_AREA_STYLE ('',( #5658 ) ) ;
#4716 = PRESENTATION_LAYER_ASSIGNMENT (  '', '', ( #3559 ) ) ;
#4717 = FACE_OUTER_BOUND ( 'NONE', #1961, .T. ) ;
#4718 = ORIENTED_EDGE ( 'NONE', *, *, #3860, .T. ) ;
#4719 = ORIENTED_EDGE ( 'NONE', *, *, #2335, .T. ) ;
#4720 = EDGE_CURVE ( 'NONE', #1111, #1137, #5857, .T. ) ;
#4721 = CARTESIAN_POINT ( 'NONE',  ( 2.200000000000000622, 6.123233995736781751E-18, -1.250000000000000222 ) ) ;
#4722 = CIRCLE ( 'NONE', #3467, 0.2000000000000000944 ) ;
#4723 = SHAPE_DEFINITION_REPRESENTATION ( #2290, #2086 ) ;
#4724 = CARTESIAN_POINT ( 'NONE',  ( 2.700000000000000178, 6.900000000000000355, 3.750000000000000000 ) ) ;
#4725 = CIRCLE ( 'NONE', #5993, 0.2000000000000000944 ) ;
#4726 = FACE_OUTER_BOUND ( 'NONE', #5540, .T. ) ;
#4727 = ORIENTED_EDGE ( 'NONE', *, *, #3412, .T. ) ;
#4728 = ORIENTED_EDGE ( 'NONE', *, *, #3853, .T. ) ;
#4729 = FACE_OUTER_BOUND ( 'NONE', #4484, .T. ) ;
#4730 = DIRECTION ( 'NONE',  ( 1.000000000000000000, 0.000000000000000000, -0.000000000000000000 ) ) ;
#4731 = DIRECTION ( 'NONE',  ( 0.000000000000000000, 1.000000000000000000, 1.182766006347823109E-16 ) ) ;
#4732 = AXIS2_PLACEMENT_3D ( 'NONE', #588, #1955, #3392 ) ;
#4733 = CARTESIAN_POINT ( 'NONE',  ( -2.200000000000000622, 6.870000000000000995, 1.449999999999999956 ) ) ;
#4734 = EDGE_CURVE ( 'NONE', #3163, #5214, #3059, .T. ) ;
#4735 = DIRECTION ( 'NONE',  ( 1.000000000000000000, -0.000000000000000000, -0.000000000000000000 ) ) ;
#4736 = ORIENTED_EDGE ( 'NONE', *, *, #4219, .T. ) ;
#4737 = CARTESIAN_POINT ( 'NONE',  ( -2.900000000000000799, 1.130000000000000115, 1.679999999999998828 ) ) ;
#4738 = DIRECTION ( 'NONE',  ( 0.000000000000000000, 0.000000000000000000, -1.000000000000000000 ) ) ;
#4739 = ORIENTED_EDGE ( 'NONE', *, *, #4248, .F. ) ;
#4740 = DIRECTION ( 'NONE',  ( 0.000000000000000000, 1.000000000000000000, 0.000000000000000000 ) ) ;
#4741 = DIRECTION ( 'NONE',  ( 0.000000000000000000, 0.000000000000000000, 1.000000000000000000 ) ) ;
#4742 = CARTESIAN_POINT ( 'NONE',  ( 4.607807737440317908, 6.700000000000001066, 1.249999999999999778 ) ) ;
#4743 = EDGE_CURVE ( 'NONE', #3726, #3319, #2259, .T. ) ;
#4744 = EDGE_CURVE ( 'NONE', #4500, #3279, #4944, .T. ) ;
#4745 = EDGE_CURVE ( 'NONE', #4965, #325, #2049, .T. ) ;
#4746 = CARTESIAN_POINT ( 'NONE',  ( -3.000000000000000444, 1.030000000000000027, 3.220000000000000639 ) ) ;
#4747 = EDGE_CURVE ( 'NONE', #3359, #2731, #3454, .T. ) ;
#4748 = ORIENTED_EDGE ( 'NONE', *, *, #2293, .T. ) ;
#4749 = ORIENTED_EDGE ( 'NONE', *, *, #4821, .T. ) ;
#4750 = CARTESIAN_POINT ( 'NONE',  ( 4.607807737440317908, 1.000000000000000000, -3.550000000000001155 ) ) ;
#4751 =( NAMED_UNIT ( * ) PLANE_ANGLE_UNIT ( ) SI_UNIT ( $, .RADIAN. ) );
#4752 = COLOUR_RGB ( '',0.7921568627450980005, 0.8196078431372548767, 0.9333333333333333481 ) ;
#4753 = CARTESIAN_POINT ( 'NONE',  ( 4.607807737440317908, 6.700000000000001066, -1.250000000000000222 ) ) ;
#4754 = ADVANCED_FACE ( 'NONE', ( #686 ), #2531, .T. ) ;
#4755 = VERTEX_POINT ( 'NONE', #4388 ) ;
#4756 = EDGE_LOOP ( 'NONE', ( #3382, #3640, #5107, #5712 ) ) ;
#4757 = DIRECTION ( 'NONE',  ( 0.000000000000000000, 0.000000000000000000, -1.000000000000000000 ) ) ;
#4758 = FACE_OUTER_BOUND ( 'NONE', #1299, .T. ) ;
#4759 = FACE_OUTER_BOUND ( 'NONE', #1694, .T. ) ;
#4760 = CARTESIAN_POINT ( 'NONE',  ( -3.000000000000000444, 1.130000000000000115, -3.320000000000001172 ) ) ;
#4761 = DIRECTION ( 'NONE',  ( 0.000000000000000000, 0.000000000000000000, 1.000000000000000000 ) ) ;
#4762 = VERTEX_POINT ( 'NONE', #2564 ) ;
#4763 = LINE ( 'NONE', #2942, #3238 ) ;
#4764 = FACE_OUTER_BOUND ( 'NONE', #786, .T. ) ;
#4765 = ORIENTED_EDGE ( 'NONE', *, *, #2220, .T. ) ;
#4766 = DIRECTION ( 'NONE',  ( 0.000000000000000000, -0.000000000000000000, -1.000000000000000000 ) ) ;
#4767 = DIRECTION ( 'NONE',  ( 1.000000000000000000, -0.000000000000000000, -0.000000000000000000 ) ) ;
#4768 = EDGE_CURVE ( 'NONE', #4621, #3863, #224, .T. ) ;
#4769 = DIRECTION ( 'NONE',  ( 1.000000000000000000, 0.000000000000000000, 0.000000000000000000 ) ) ;
#4770 = DIRECTION ( 'NONE',  ( 0.000000000000000000, 0.000000000000000000, -1.000000000000000000 ) ) ;
#4771 = ORIENTED_EDGE ( 'NONE', *, *, #5964, .F. ) ;
#4772 = EDGE_CURVE ( 'NONE', #2794, #1111, #5885, .T. ) ;
#4773 = DIRECTION ( 'NONE',  ( 0.000000000000000000, 1.000000000000000000, -0.000000000000000000 ) ) ;
#4774 = LINE ( 'NONE', #579, #2483 ) ;
#4775 = ADVANCED_FACE ( 'NONE', ( #2142 ), #715, .F. ) ;
#4776 = ORIENTED_EDGE ( 'NONE', *, *, #969, .T. ) ;
#4777 = EDGE_LOOP ( 'NONE', ( #4291, #2852, #725 ) ) ;
#4778 = DIRECTION ( 'NONE',  ( 1.000000000000000000, 0.000000000000000000, 0.000000000000000000 ) ) ;
#4779 = EDGE_CURVE ( 'NONE', #5895, #5452, #3992, .T. ) ;
#4780 = DIRECTION ( 'NONE',  ( -1.000000000000000000, 0.000000000000000000, 0.000000000000000000 ) ) ;
#4781 = ORIENTED_EDGE ( 'NONE', *, *, #3575, .F. ) ;
#4782 = AXIS2_PLACEMENT_3D ( 'NONE', #521, #4778, #492 ) ;
#4783 = ORIENTED_EDGE ( 'NONE', *, *, #954, .T. ) ;
#4784 = DIRECTION ( 'NONE',  ( 0.000000000000000000, -1.000000000000000000, -0.000000000000000000 ) ) ;
#4785 = FACE_OUTER_BOUND ( 'NONE', #1811, .T. ) ;
#4786 = LINE ( 'NONE', #5254, #190 ) ;
#4787 = AXIS2_PLACEMENT_3D ( 'NONE', #4011, #4531, #3566 ) ;
#4788 = VECTOR ( 'NONE', #168, 1000.000000000000000 ) ;
#4789 = FACE_OUTER_BOUND ( 'NONE', #1192, .T. ) ;
#4790 = VERTEX_POINT ( 'NONE', #3965 ) ;
#4791 = DIRECTION ( 'NONE',  ( 1.000000000000000000, 0.000000000000000000, -0.000000000000000000 ) ) ;
#4792 = DIRECTION ( 'NONE',  ( 1.000000000000000000, 1.349033386251665073E-16, -0.000000000000000000 ) ) ;
#4793 = CIRCLE ( 'NONE', #3051, 0.2000000000000000944 ) ;
#4794 = ORIENTED_EDGE ( 'NONE', *, *, #2105, .T. ) ;
#4795 = AXIS2_PLACEMENT_3D ( 'NONE', #359, #4957, #4463 ) ;
#4796 = FILL_AREA_STYLE_COLOUR ( '', #5532 ) ;
#4797 = EDGE_CURVE ( 'NONE', #4965, #4348, #3044, .T. ) ;
#4798 = CARTESIAN_POINT ( 'NONE',  ( -2.200000000000000622, 6.700000000000001066, 1.449999999999999956 ) ) ;
#4799 = CARTESIAN_POINT ( 'NONE',  ( 2.200000000000000622, 1.200000000000000178, 3.549999999999998934 ) ) ;
#4800 = AXIS2_PLACEMENT_3D ( 'NONE', #2825, #4671, #46 ) ;
#4802 = CIRCLE ( 'NONE', #2672, 0.2000000000000000944 ) ;
#4801 = DIRECTION ( 'NONE',  ( 0.000000000000000000, -0.000000000000000000, -1.000000000000000000 ) ) ;
#4803 = ORIENTED_EDGE ( 'NONE', *, *, #1007, .T. ) ;
#4804 = VECTOR ( 'NONE', #4959, 1000.000000000000000 ) ;
#4805 = STYLED_ITEM ( 'NONE', ( #244 ), #1526 ) ;
#4806 = FILL_AREA_STYLE_COLOUR ( '', #28 ) ;
#4807 = EDGE_CURVE ( 'NONE', #3585, #2287, #3177, .T. ) ;
#4808 = AXIS2_PLACEMENT_3D ( 'NONE', #904, #4619, #78 ) ;
#4809 = ORIENTED_EDGE ( 'NONE', *, *, #3806, .T. ) ;
#4810 = LINE ( 'NONE', #5751, #4626 ) ;
#4811 = VERTEX_POINT ( 'NONE', #1268 ) ;
#4812 = ORIENTED_EDGE ( 'NONE', *, *, #5050, .T. ) ;
#4813 = CARTESIAN_POINT ( 'NONE',  ( -3.000000000000000444, 2.530000000000000249, -3.320000000000000728 ) ) ;
#4814 = AXIS2_PLACEMENT_3D ( 'NONE', #2817, #928, #5977 ) ;
#4815 = DIRECTION ( 'NONE',  ( -0.000000000000000000, 1.000000000000000000, -0.000000000000000000 ) ) ;
#4816 = EDGE_CURVE ( 'NONE', #2927, #3175, #5554, .T. ) ;
#4817 = CARTESIAN_POINT ( 'NONE',  ( -3.000000000000000444, 2.530000000000000249, -1.779999999999999361 ) ) ;
#4818 = AXIS2_PLACEMENT_3D ( 'NONE', #1285, #4840, #278 ) ;
#4819 = ORIENTED_EDGE ( 'NONE', *, *, #1510, .F. ) ;
#4820 = ORIENTED_EDGE ( 'NONE', *, *, #3185, .F. ) ;
#4821 = EDGE_CURVE ( 'NONE', #5922, #3533, #3607, .T. ) ;
#4822 = LINE ( 'NONE', #1660, #4290 ) ;
#4823 = DIRECTION ( 'NONE',  ( -1.000000000000000000, 0.000000000000000000, 0.000000000000000000 ) ) ;
#4824 = DIRECTION ( 'NONE',  ( 1.000000000000000000, -0.000000000000000000, -0.000000000000000000 ) ) ;
#4825 = EDGE_CURVE ( 'NONE', #2886, #4868, #3635, .T. ) ;
#4826 = DIRECTION ( 'NONE',  ( -0.000000000000000000, -1.000000000000000000, -1.102578480493733066E-16 ) ) ;
#4827 = VERTEX_POINT ( 'NONE', #4113 ) ;
#4828 = ORIENTED_EDGE ( 'NONE', *, *, #3491, .T. ) ;
#4829 = DIRECTION ( 'NONE',  ( 0.000000000000000000, 0.000000000000000000, -1.000000000000000000 ) ) ;
#4830 = VECTOR ( 'NONE', #2238, 1000.000000000000000 ) ;
#4831 = EDGE_LOOP ( 'NONE', ( #387, #5511, #4633, #4165 ) ) ;
#4832 = DIRECTION ( 'NONE',  ( -0.000000000000000000, -0.000000000000000000, 1.000000000000000000 ) ) ;
#4833 = CARTESIAN_POINT ( 'NONE',  ( -3.000000000000000444, 1.130000000000000115, 3.220000000000000639 ) ) ;
#4834 = DIRECTION ( 'NONE',  ( 0.000000000000000000, -1.000000000000000000, 0.000000000000000000 ) ) ;
#4835 = FACE_BOUND ( 'NONE', #1908, .T. ) ;
#4836 = EDGE_CURVE ( 'NONE', #3964, #443, #4689, .T. ) ;
#4837 = ORIENTED_EDGE ( 'NONE', *, *, #5720, .T. ) ;
#4838 = CARTESIAN_POINT ( 'NONE',  ( 3.000000000000000444, 2.629999999999999449, 1.779999999999999138 ) ) ;
#4839 = VERTEX_POINT ( 'NONE', #864 ) ;
#4840 = DIRECTION ( 'NONE',  ( -0.000000000000000000, -1.000000000000000000, -0.000000000000000000 ) ) ;
#4841 = CIRCLE ( 'NONE', #5149, 0.2000000000000000944 ) ;
#4842 = VERTEX_POINT ( 'NONE', #1325 ) ;
#4843 = ORIENTED_EDGE ( 'NONE', *, *, #4462, .F. ) ;
#4844 = CARTESIAN_POINT ( 'NONE',  ( 2.200000000000000622, 6.900000000000000355, 1.249999999999999778 ) ) ;
#4845 = DIRECTION ( 'NONE',  ( 1.000000000000000000, 0.000000000000000000, 0.000000000000000000 ) ) ;
#4846 = AXIS2_PLACEMENT_3D ( 'NONE', #4340, #3857, #5291 ) ;
#4847 = CARTESIAN_POINT ( 'NONE',  ( -2.700000000000000178, 6.700000000000001066, -1.450000000000000400 ) ) ;
#4848 = ORIENTED_EDGE ( 'NONE', *, *, #5138, .F. ) ;
#4849 = ORIENTED_EDGE ( 'NONE', *, *, #880, .F. ) ;
#4850 = DIRECTION ( 'NONE',  ( 0.000000000000000000, 0.000000000000000000, 1.000000000000000000 ) ) ;
#4851 = LINE ( 'NONE', #1239, #3396 ) ;
#4852 = LINE ( 'NONE', #2660, #4350 ) ;
#4853 = EDGE_CURVE ( 'NONE', #4694, #634, #5495, .T. ) ;
#4854 = DIRECTION ( 'NONE',  ( 0.000000000000000000, -1.000000000000000000, -1.102578480493733066E-16 ) ) ;
#4855 = VERTEX_POINT ( 'NONE', #4604 ) ;
#4856 = EDGE_LOOP ( 'NONE', ( #2263, #3954, #3753, #1309 ) ) ;
#4857 = EDGE_CURVE ( 'NONE', #3926, #4083, #3695, .T. ) ;
#4858 = DIRECTION ( 'NONE',  ( 0.000000000000000000, 0.000000000000000000, 1.000000000000000000 ) ) ;
#4859 = VERTEX_POINT ( 'NONE', #1382 ) ;
#4860 = FACE_OUTER_BOUND ( 'NONE', #2402, .T. ) ;
#4861 = LINE ( 'NONE', #1608, #3245 ) ;
#4862 = EDGE_CURVE ( 'NONE', #2890, #3066, #1097, .T. ) ;
#4863 = LINE ( 'NONE', #5293, #4699 ) ;
#4864 = DIRECTION ( 'NONE',  ( 0.000000000000000000, 0.000000000000000000, 1.000000000000000000 ) ) ;
#4865 = ORIENTED_EDGE ( 'NONE', *, *, #371, .T. ) ;
#4866 = EDGE_CURVE ( 'NONE', #3292, #5074, #406, .T. ) ;
#4867 =( NAMED_UNIT ( * ) PLANE_ANGLE_UNIT ( ) SI_UNIT ( $, .RADIAN. ) );
#4868 = VERTEX_POINT ( 'NONE', #5524 ) ;
#4869 = CYLINDRICAL_SURFACE ( 'NONE', #2198, 0.2000000000000000944 ) ;
#4870 = VERTEX_POINT ( 'NONE', #925 ) ;
#4871 = ORIENTED_EDGE ( 'NONE', *, *, #1574, .F. ) ;
#4872 = DIRECTION ( 'NONE',  ( 0.000000000000000000, 3.097720492815727166E-16, -1.000000000000000000 ) ) ;
#4873 = ADVANCED_FACE ( 'NONE', ( #2256 ), #4970, .F. ) ;
#4874 = CARTESIAN_POINT ( 'NONE',  ( 2.200000000000000622, 1.000000000000000000, -3.550000000000001155 ) ) ;
#4875 = CARTESIAN_POINT ( 'NONE',  ( -2.700000000000000178, 1.200000000000000622, -3.550000000000001155 ) ) ;
#4876 = CARTESIAN_POINT ( 'NONE',  ( 3.000000000000000444, 2.530000000000000249, -1.679999999999999716 ) ) ;
#4877 = ORIENTED_EDGE ( 'NONE', *, *, #500, .F. ) ;
#4878 = EDGE_CURVE ( 'NONE', #3809, #1244, #3234, .T. ) ;
#4879 = EDGE_LOOP ( 'NONE', ( #4131, #3231, #1953 ) ) ;
#4880 = DIRECTION ( 'NONE',  ( 0.000000000000000000, 0.000000000000000000, -1.000000000000000000 ) ) ;
#4881 = CARTESIAN_POINT ( 'NONE',  ( -2.200000000000000622, 1.200000000000000622, -3.750000000000000888 ) ) ;
#4882 = DIRECTION ( 'NONE',  ( 0.000000000000000000, 1.000000000000000000, 0.000000000000000000 ) ) ;
#4883 = CARTESIAN_POINT ( 'NONE',  ( -4.607807737440317908, 1.200000000000000178, -1.450000000000001288 ) ) ;
#4884 = ADVANCED_FACE ( 'NONE', ( #4543 ), #3667, .T. ) ;
#4885 = EDGE_LOOP ( 'NONE', ( #1754, #4976, #3020, #4709, #3826, #1355, #3324, #5724 ) ) ;
#4886 = ORIENTED_EDGE ( 'NONE', *, *, #4072, .F. ) ;
#4887 = DIRECTION ( 'NONE',  ( -1.000000000000000000, 0.000000000000000000, 0.000000000000000000 ) ) ;
#4888 = ORIENTED_EDGE ( 'NONE', *, *, #2919, .T. ) ;
#4889 = CARTESIAN_POINT ( 'NONE',  ( 2.850000000000000533, 0.09999999999999979738, 3.750000000000000000 ) ) ;
#4890 = CYLINDRICAL_SURFACE ( 'NONE', #1592, 0.09999999999999961697 ) ;
#4891 = FACE_OUTER_BOUND ( 'NONE', #2944, .T. ) ;
#4892 = EDGE_CURVE ( 'NONE', #314, #610, #713, .T. ) ;
#4893 = DIRECTION ( 'NONE',  ( 0.000000000000000000, 1.000000000000000000, 0.000000000000000000 ) ) ;
#4894 = AXIS2_PLACEMENT_3D ( 'NONE', #2096, #177, #3526 ) ;
#4895 = VERTEX_POINT ( 'NONE', #4172 ) ;
#4896 = AXIS2_PLACEMENT_3D ( 'NONE', #1820, #4216, #22 ) ;
#4897 = EDGE_CURVE ( 'NONE', #2156, #2092, #5061, .T. ) ;
#4898 = AXIS2_PLACEMENT_3D ( 'NONE', #2218, #2645, #4495 ) ;
#4899 =( NAMED_UNIT ( * ) SI_UNIT ( $, .STERADIAN. ) SOLID_ANGLE_UNIT ( ) );
#4900 = VERTEX_POINT ( 'NONE', #7 ) ;
#4901 = CYLINDRICAL_SURFACE ( 'NONE', #2688, 0.1000000000000001582 ) ;
#4902 = VECTOR ( 'NONE', #2187, 1000.000000000000000 ) ;
#4903 = EDGE_LOOP ( 'NONE', ( #465, #5091, #3184, #86 ) ) ;
#4904 = ORIENTED_EDGE ( 'NONE', *, *, #5173, .F. ) ;
#4905 = PLANE ( 'NONE',  #5043 ) ;
#4906 = CARTESIAN_POINT ( 'NONE',  ( -2.900000000000000799, 1.130000000000000115, 3.220000000000000639 ) ) ;
#4907 = AXIS2_PLACEMENT_3D ( 'NONE', #839, #4545, #384 ) ;
#4908 = CARTESIAN_POINT ( 'NONE',  ( -2.900000000000000799, 2.629999999999999449, 3.750000000000000000 ) ) ;
#4909 = DIRECTION ( 'NONE',  ( 0.000000000000000000, 0.000000000000000000, 1.000000000000000000 ) ) ;
#4910 = ADVANCED_FACE ( 'NONE', ( #5092 ), #892, .F. ) ;
#4911 = ORIENTED_EDGE ( 'NONE', *, *, #868, .T. ) ;
#4912 = ORIENTED_EDGE ( 'NONE', *, *, #1600, .T. ) ;
#4913 = CARTESIAN_POINT ( 'NONE',  ( 2.700000000000000178, 1.200000000000000178, 3.549999999999998934 ) ) ;
#4914 = VECTOR ( 'NONE', #937, 1000.000000000000000 ) ;
#4915 = CARTESIAN_POINT ( 'NONE',  ( -4.607807737440317908, 6.900000000000000355, 3.549999999999999822 ) ) ;
#4916 = DIRECTION ( 'NONE',  ( 0.000000000000000000, 0.000000000000000000, 1.000000000000000000 ) ) ;
#4917 = VECTOR ( 'NONE', #2046, 1000.000000000000000 ) ;
#4918 = DIRECTION ( 'NONE',  ( 0.000000000000000000, 0.000000000000000000, 1.000000000000000000 ) ) ;
#4919 = EDGE_LOOP ( 'NONE', ( #5018, #1122, #3045, #4641 ) ) ;
#4920 = ORIENTED_EDGE ( 'NONE', *, *, #4747, .F. ) ;
#4921 = DIRECTION ( 'NONE',  ( -1.000000000000000000, 0.000000000000000000, 0.000000000000000000 ) ) ;
#4922 = ORIENTED_EDGE ( 'NONE', *, *, #3540, .T. ) ;
#4923 = CYLINDRICAL_SURFACE ( 'NONE', #3391, 0.2000000000000000944 ) ;
#4924 = AXIS2_PLACEMENT_3D ( 'NONE', #5635, #1041, #517 ) ;
#4925 = ADVANCED_FACE ( 'NONE', ( #2233 ), #4145, .F. ) ;
#4926 = CARTESIAN_POINT ( 'NONE',  ( -2.700000000000000178, 6.900000000000000355, 3.549999999999999822 ) ) ;
#4927 = LINE ( 'NONE', #1758, #5388 ) ;
#4928 = CARTESIAN_POINT ( 'NONE',  ( 2.700000000000000178, 6.900000000000000355, -1.450000000000000400 ) ) ;
#4929 = EDGE_LOOP ( 'NONE', ( #2623, #490, #117, #4968 ) ) ;
#4930 = SURFACE_STYLE_FILL_AREA ( #2519 ) ;
#4931 = CIRCLE ( 'NONE', #5997, 0.1700000000000000122 ) ;
#4932 = EDGE_CURVE ( 'NONE', #1594, #5406, #3385, .T. ) ;
#4933 = CARTESIAN_POINT ( 'NONE',  ( -2.700000000000000622, 6.700000000000001066, -1.050000000000000044 ) ) ;
#4934 = ORIENTED_EDGE ( 'NONE', *, *, #5660, .F. ) ;
#4935 = ORIENTED_EDGE ( 'NONE', *, *, #3368, .T. ) ;
#4936 = ADVANCED_FACE ( 'NONE', ( #5180 ), #2930, .T. ) ;
#4937 = CARTESIAN_POINT ( 'NONE',  ( -3.000000000000000444, 2.530000000000000249, 1.679999999999999272 ) ) ;
#4938 = DIRECTION ( 'NONE',  ( -1.000000000000000000, 0.000000000000000000, 0.000000000000000000 ) ) ;
#4939 = CLOSED_SHELL ( 'NONE', ( #3027, #3349, #513, #5422, #956, #1399, #3749, #4193, #1707, #2784, #5548, #1019, #2652, #4457, #2535, #1624, #2306, #199 ) ) ;
#4940 = EDGE_CURVE ( 'NONE', #770, #5553, #612, .T. ) ;
#4941 =( NAMED_UNIT ( * ) PLANE_ANGLE_UNIT ( ) SI_UNIT ( $, .RADIAN. ) );
#4942 = ORIENTED_EDGE ( 'NONE', *, *, #429, .T. ) ;
#4943 = VERTEX_POINT ( 'NONE', #3840 ) ;
#4944 = LINE ( 'NONE', #2598, #1490 ) ;
#4945 = FACE_OUTER_BOUND ( 'NONE', #4282, .T. ) ;
#4946 = FACE_OUTER_BOUND ( 'NONE', #742, .T. ) ;
#4947 = CIRCLE ( 'NONE', #4160, 0.09999999999999939493 ) ;
#4948 = EDGE_CURVE ( 'NONE', #4344, #242, #3627, .T. ) ;
#4949 = CARTESIAN_POINT ( 'NONE',  ( 4.607807737440317908, 1.000000000000000000, 1.249999999999998890 ) ) ;
#4950 = MECHANICAL_DESIGN_GEOMETRIC_PRESENTATION_REPRESENTATION (  '', ( #2904 ), #2227 ) ;
#4951 = ORIENTED_EDGE ( 'NONE', *, *, #868, .F. ) ;
#4952 = VERTEX_POINT ( 'NONE', #3265 ) ;
#4953 = CARTESIAN_POINT ( 'NONE',  ( 2.850000000000000533, -1.355252715606880543E-16, 3.750000000000000000 ) ) ;
#4954 = ORIENTED_EDGE ( 'NONE', *, *, #6006, .T. ) ;
#4955 = DIRECTION ( 'NONE',  ( -1.000000000000000000, 0.000000000000000000, 0.000000000000000000 ) ) ;
#4956 = VECTOR ( 'NONE', #5918, 1000.000000000000000 ) ;
#4957 = DIRECTION ( 'NONE',  ( 1.000000000000000000, 0.000000000000000000, -0.000000000000000000 ) ) ;
#4958 = DIRECTION ( 'NONE',  ( 0.000000000000000000, 0.000000000000000000, -1.000000000000000000 ) ) ;
#4959 = DIRECTION ( 'NONE',  ( 1.000000000000000000, -0.000000000000000000, -0.000000000000000000 ) ) ;
#4960 = ORIENTED_EDGE ( 'NONE', *, *, #5756, .F. ) ;
#4961 = DIRECTION ( 'NONE',  ( -0.000000000000000000, 0.000000000000000000, 1.000000000000000000 ) ) ;
#4962 = CARTESIAN_POINT ( 'NONE',  ( -2.200000000000000622, 1.200000000000000622, 1.449999999999999289 ) ) ;
#4963 = DIRECTION ( 'NONE',  ( -1.000000000000000000, 0.000000000000000000, 0.000000000000000000 ) ) ;
#4964 = EDGE_CURVE ( 'NONE', #1386, #2537, #952, .T. ) ;
#4965 = VERTEX_POINT ( 'NONE', #118 ) ;
#4966 = DIRECTION ( 'NONE',  ( 0.000000000000000000, 0.000000000000000000, -1.000000000000000000 ) ) ;
#4967 = EDGE_CURVE ( 'NONE', #4859, #154, #2343, .T. ) ;
#4968 = ORIENTED_EDGE ( 'NONE', *, *, #5640, .T. ) ;
#4969 = EDGE_LOOP ( 'NONE', ( #2439, #2401, #1698, #3096, #2636, #4204, #1947, #1807 ) ) ;
#4970 = PLANE ( 'NONE',  #2445 ) ;
#4971 = LINE ( 'NONE', #5437, #5283 ) ;
#4972 = DIRECTION ( 'NONE',  ( -0.000000000000000000, 1.000000000000000000, 2.168404344971008079E-15 ) ) ;
#4973 = EDGE_CURVE ( 'NONE', #5166, #4237, #3784, .T. ) ;
#4974 = CARTESIAN_POINT ( 'NONE',  ( 2.850000000000000533, 0.1499999999999998557, 3.750000000000000000 ) ) ;
#4975 = ORIENTED_EDGE ( 'NONE', *, *, #5691, .T. ) ;
#4976 = ORIENTED_EDGE ( 'NONE', *, *, #5988, .T. ) ;
#4977 = DIRECTION ( 'NONE',  ( 0.000000000000000000, -1.000000000000000000, 0.000000000000000000 ) ) ;
#4978 = LINE ( 'NONE', #357, #1157 ) ;
#4979 = CARTESIAN_POINT ( 'NONE',  ( -2.900000000000000799, 1.030000000000000027, 3.220000000000000639 ) ) ;
#4980 = CARTESIAN_POINT ( 'NONE',  ( -3.000000000000000444, 1.130000000000000115, 1.679999999999998828 ) ) ;
#4981 = FACE_OUTER_BOUND ( 'NONE', #2657, .T. ) ;
#4982 = CARTESIAN_POINT ( 'NONE',  ( -2.200000000000000622, 6.900000000000000355, -3.550000000000000266 ) ) ;
#4983 = ORIENTED_EDGE ( 'NONE', *, *, #4807, .F. ) ;
#4984 = EDGE_CURVE ( 'NONE', #1869, #2070, #1442, .T. ) ;
#4985 = VECTOR ( 'NONE', #3754, 1000.000000000000000 ) ;
#4986 = CARTESIAN_POINT ( 'NONE',  ( -2.200000000000000622, 6.700000000000001066, 1.249999999999999778 ) ) ;
#4987 = DIRECTION ( 'NONE',  ( 0.000000000000000000, -1.000000000000000000, -0.000000000000000000 ) ) ;
#4988 = VECTOR ( 'NONE', #3621, 1000.000000000000000 ) ;
#4989 = VECTOR ( 'NONE', #5568, 1000.000000000000000 ) ;
#4990 = CYLINDRICAL_SURFACE ( 'NONE', #752, 0.1700000000000000122 ) ;
#4991 = ORIENTED_EDGE ( 'NONE', *, *, #818, .F. ) ;
#4992 = DIRECTION ( 'NONE',  ( 1.000000000000000000, -0.000000000000000000, -0.000000000000000000 ) ) ;
#4993 = AXIS2_PLACEMENT_3D ( 'NONE', #3501, #5356, #729 ) ;
#4994 = AXIS2_PLACEMENT_3D ( 'NONE', #1846, #5983, #5219 ) ;
#4996 = ADVANCED_FACE ( 'NONE', ( #1076 ), #5696, .F. ) ;
#4995 = CARTESIAN_POINT ( 'NONE',  ( 2.200000000000000622, 6.900000000000000355, -3.550000000000000266 ) ) ;
#4997 = VECTOR ( 'NONE', #305, 1000.000000000000000 ) ;
#4998 = CARTESIAN_POINT ( 'NONE',  ( -2.900000000000000799, 1.030000000000000027, 0.7200000000000006395 ) ) ;
#4999 = ORIENTED_EDGE ( 'NONE', *, *, #4821, .F. ) ;
#5000 = VERTEX_POINT ( 'NONE', #1894 ) ;
#5001 = DIRECTION ( 'NONE',  ( 1.000000000000000000, -0.000000000000000000, -0.000000000000000000 ) ) ;
#5002 = UNCERTAINTY_MEASURE_WITH_UNIT (LENGTH_MEASURE( 1.000000000000000082E-05 ), #1233, 'distance_accuracy_value', 'NONE');
#5003 = FACE_OUTER_BOUND ( 'NONE', #2579, .T. ) ;
#5004 = AXIS2_PLACEMENT_3D ( 'NONE', #4928, #2243, #3073 ) ;
#5005 = DIRECTION ( 'NONE',  ( 0.000000000000000000, -1.102578480493733066E-16, 1.000000000000000000 ) ) ;
#5006 = EDGE_CURVE ( 'NONE', #3883, #3484, #68, .T. ) ;
#5007 = AXIS2_PLACEMENT_3D ( 'NONE', #533, #4672, #1026 ) ;
#5008 = ORIENTED_EDGE ( 'NONE', *, *, #883, .T. ) ;
#5009 = ORIENTED_EDGE ( 'NONE', *, *, #5526, .F. ) ;
#5010 = CARTESIAN_POINT ( 'NONE',  ( -2.900000000000000799, 2.629999999999999449, -3.220000000000001528 ) ) ;
#5011 = EDGE_LOOP ( 'NONE', ( #1557, #184, #3494, #4179 ) ) ;
#5012 = CARTESIAN_POINT ( 'NONE',  ( 2.900000000000000355, 1.130000000000000115, -0.7200000000000009726 ) ) ;
#5013 = EDGE_CURVE ( 'NONE', #2355, #610, #1469, .T. ) ;
#5014 = FACE_OUTER_BOUND ( 'NONE', #2008, .T. ) ;
#5015 = AXIS2_PLACEMENT_3D ( 'NONE', #2792, #4608, #4640 ) ;
#5016 = LINE ( 'NONE', #2705, #5288 ) ;
#5017 = DIRECTION ( 'NONE',  ( 0.000000000000000000, 0.000000000000000000, 1.000000000000000000 ) ) ;
#5018 = ORIENTED_EDGE ( 'NONE', *, *, #2919, .F. ) ;
#5019 = VECTOR ( 'NONE', #1438, 1000.000000000000000 ) ;
#5020 = LINE ( 'NONE', #1708, #2957 ) ;
#5021 = CARTESIAN_POINT ( 'NONE',  ( 2.200000000000000622, 6.870000000000000995, -3.550000000000000266 ) ) ;
#5022 = EDGE_CURVE ( 'NONE', #4762, #534, #1981, .T. ) ;
#5023 = AXIS2_PLACEMENT_3D ( 'NONE', #5652, #5203, #5168 ) ;
#5024 = CARTESIAN_POINT ( 'NONE',  ( -3.000000000000000444, 2.530000000000000249, -3.220000000000001084 ) ) ;
#5025 = CARTESIAN_POINT ( 'NONE',  ( -2.700000000000000622, 6.700000000000001066, -1.050000000000000044 ) ) ;
#5026 = VERTEX_POINT ( 'NONE', #1532 ) ;
#5027 = DIRECTION ( 'NONE',  ( 0.000000000000000000, 0.000000000000000000, -1.000000000000000000 ) ) ;
#5028 = AXIS2_PLACEMENT_3D ( 'NONE', #4643, #4121, #388 ) ;
#5029 = CYLINDRICAL_SURFACE ( 'NONE', #5200, 0.2000000000000000944 ) ;
#5030 = CARTESIAN_POINT ( 'NONE',  ( -2.700000000000000178, 6.700000000000001066, 3.549999999999999822 ) ) ;
#5031 = ORIENTED_EDGE ( 'NONE', *, *, #5173, .T. ) ;
#5032 = ORIENTED_EDGE ( 'NONE', *, *, #2994, .T. ) ;
#5033 = DIRECTION ( 'NONE',  ( 0.000000000000000000, -1.000000000000000000, 0.000000000000000000 ) ) ;
#5034 = CARTESIAN_POINT ( 'NONE',  ( 2.900000000000000799, 0.1500000000000004940, 1.679999999999998384 ) ) ;
#5035 = CARTESIAN_POINT ( 'NONE',  ( 2.200000000000000622, 6.700000000000001066, 1.219999999999999751 ) ) ;
#5036 = ORIENTED_EDGE ( 'NONE', *, *, #5912, .F. ) ;
#5037 = VERTEX_POINT ( 'NONE', #981 ) ;
#5038 = CARTESIAN_POINT ( 'NONE',  ( -1.800000000000000711, 0.1000000000000000056, -3.750000000000000000 ) ) ;
#5039 = CARTESIAN_POINT ( 'NONE',  ( -3.000000000000000444, 6.900000000000000355, 3.750000000000000000 ) ) ;
#5040 = SPHERICAL_SURFACE ( 'NONE', #4455, 0.2000000000000000111 ) ;
#5041 = CARTESIAN_POINT ( 'NONE',  ( 2.900000000000000799, -1.598738796715912039E-16, -3.550000000000001155 ) ) ;
#5042 = DIRECTION ( 'NONE',  ( 1.000000000000000000, 1.349033386251665073E-16, -0.000000000000000000 ) ) ;
#5043 = AXIS2_PLACEMENT_3D ( 'NONE', #4813, #4872, #3929 ) ;
#5044 = CARTESIAN_POINT ( 'NONE',  ( 2.200000000000000622, 6.700000000000001066, 3.549999999999999822 ) ) ;
#5045 = ADVANCED_FACE ( 'NONE', ( #2814 ), #582, .T. ) ;
#5046 = ORIENTED_EDGE ( 'NONE', *, *, #2252, .F. ) ;
#5047 = VERTEX_POINT ( 'NONE', #2840 ) ;
#5048 = ADVANCED_FACE ( 'NONE', ( #4687 ), #2373, .F. ) ;
#5049 = AXIS2_PLACEMENT_3D ( 'NONE', #1538, #101, #5192 ) ;
#5050 = EDGE_CURVE ( 'NONE', #2478, #3211, #5216, .T. ) ;
#5051 = CARTESIAN_POINT ( 'NONE',  ( -2.700000000000000622, 1.200000000000000178, -3.550000000000001155 ) ) ;
#5052 = FACE_OUTER_BOUND ( 'NONE', #3152, .T. ) ;
#5053 = DIRECTION ( 'NONE',  ( 0.000000000000000000, 1.000000000000000000, 3.097720492815727166E-16 ) ) ;
#5054 = DIRECTION ( 'NONE',  ( 0.000000000000000000, 1.000000000000000000, 0.000000000000000000 ) ) ;
#5055 = DIRECTION ( 'NONE',  ( 1.000000000000000000, -0.000000000000000000, -0.000000000000000000 ) ) ;
#5056 =( NAMED_UNIT ( * ) SI_UNIT ( $, .STERADIAN. ) SOLID_ANGLE_UNIT ( ) );
#5057 = CARTESIAN_POINT ( 'NONE',  ( 2.200000000000000622, 1.200000000000000622, 1.249999999999998890 ) ) ;
#5058 = ORIENTED_EDGE ( 'NONE', *, *, #2396, .F. ) ;
#5059 = ORIENTED_EDGE ( 'NONE', *, *, #1931, .F. ) ;
#5060 = EDGE_CURVE ( 'NONE', #2332, #1594, #3354, .T. ) ;
#5061 = LINE ( 'NONE', #803, #26 ) ;
#5062 = UNCERTAINTY_MEASURE_WITH_UNIT (LENGTH_MEASURE( 1.000000000000000082E-05 ), #1352, 'distance_accuracy_value', 'NONE');
#5063 = DIRECTION ( 'NONE',  ( 0.000000000000000000, 0.000000000000000000, 1.000000000000000000 ) ) ;
#5064 = DIRECTION ( 'NONE',  ( 0.000000000000000000, -1.000000000000000000, 0.000000000000000000 ) ) ;
#5065 = ORIENTED_EDGE ( 'NONE', *, *, #1828, .T. ) ;
#5066 = ORIENTED_EDGE ( 'NONE', *, *, #3685, .T. ) ;
#5067 = FACE_BOUND ( 'NONE', #1997, .T. ) ;
#5068 = CARTESIAN_POINT ( 'NONE',  ( -3.000000000000000444, 2.530000000000000249, 3.319999999999999840 ) ) ;
#5069 = CARTESIAN_POINT ( 'NONE',  ( 2.899999999999998579, 2.530000000000000249, 0.8199999999999999512 ) ) ;
#5070 = DIRECTION ( 'NONE',  ( 0.000000000000000000, 1.000000000000000000, 1.470104640658311001E-16 ) ) ;
#5071 = DIRECTION ( 'NONE',  ( -1.000000000000000000, 0.000000000000000000, 0.000000000000000000 ) ) ;
#5072 = EDGE_CURVE ( 'NONE', #2537, #3204, #1646, .T. ) ;
#5073 = DIRECTION ( 'NONE',  ( 1.000000000000000000, -0.000000000000000000, -0.000000000000000000 ) ) ;
#5074 = VERTEX_POINT ( 'NONE', #3986 ) ;
#5075 = EDGE_LOOP ( 'NONE', ( #748, #3345, #5268, #3886 ) ) ;
#5076 = EDGE_CURVE ( 'NONE', #758, #5188, #2612, .T. ) ;
#5077 = LINE ( 'NONE', #3801, #4402 ) ;
#5078 = CARTESIAN_POINT ( 'NONE',  ( 2.900000000000000799, 6.900000000000000355, -3.750000000000000000 ) ) ;
#5079 = DIRECTION ( 'NONE',  ( 0.000000000000000000, 1.000000000000000000, -0.000000000000000000 ) ) ;
#5080 = AXIS2_PLACEMENT_3D ( 'NONE', #4635, #2204, #1833 ) ;
#5081 = ADVANCED_FACE ( 'NONE', ( #772 ), #4905, .F. ) ;
#5082 = CARTESIAN_POINT ( 'NONE',  ( 2.900000000000000799, 0.000000000000000000, -0.000000000000000000 ) ) ;
#5083 = EDGE_CURVE ( 'NONE', #3579, #3585, #3537, .T. ) ;
#5084 =( GEOMETRIC_REPRESENTATION_CONTEXT ( 3 ) GLOBAL_UNCERTAINTY_ASSIGNED_CONTEXT ( ( #4688 ) ) GLOBAL_UNIT_ASSIGNED_CONTEXT ( ( #3348, #2424, #5749 ) ) REPRESENTATION_CONTEXT ( 'NONE', 'WORKASPACE' ) );
#5085 = CIRCLE ( 'NONE', #3052, 0.2000000000000000944 ) ;
#5086 = CARTESIAN_POINT ( 'NONE',  ( -3.000000000000000444, 0.1499999999999998557, -3.750000000000000000 ) ) ;
#5087 = PLANE ( 'NONE',  #1905 ) ;
#5088 = VECTOR ( 'NONE', #2611, 1000.000000000000000 ) ;
#5089 = EDGE_LOOP ( 'NONE', ( #1060, #3716, #1173 ) ) ;
#5090 = VECTOR ( 'NONE', #3616, 1000.000000000000000 ) ;
#5091 = ORIENTED_EDGE ( 'NONE', *, *, #447, .T. ) ;
#5092 = FACE_OUTER_BOUND ( 'NONE', #1850, .T. ) ;
#5093 = CARTESIAN_POINT ( 'NONE',  ( -2.700000000000000622, 6.700000000000001066, 1.449999999999999956 ) ) ;
#5094 = VECTOR ( 'NONE', #4080, 1000.000000000000000 ) ;
#5095 = EDGE_CURVE ( 'NONE', #4943, #12, #4947, .T. ) ;
#5096 = DIRECTION ( 'NONE',  ( 0.000000000000000000, -0.000000000000000000, -1.000000000000000000 ) ) ;
#5097 = ORIENTED_EDGE ( 'NONE', *, *, #462, .T. ) ;
#5098 = ORIENTED_EDGE ( 'NONE', *, *, #2267, .F. ) ;
#5099 = CARTESIAN_POINT ( 'NONE',  ( 4.607807737440317908, 1.200000000000000622, -3.550000000000001155 ) ) ;
#5100 = CIRCLE ( 'NONE', #734, 0.1700000000000000122 ) ;
#5101 = ORIENTED_EDGE ( 'NONE', *, *, #4335, .F. ) ;
#5102 = AXIS2_PLACEMENT_3D ( 'NONE', #973, #2831, #1035 ) ;
#5103 = DIRECTION ( 'NONE',  ( -1.000000000000000000, -0.000000000000000000, -0.000000000000000000 ) ) ;
#5104 = CARTESIAN_POINT ( 'NONE',  ( 2.899999999999998579, 1.030000000000000027, 0.7200000000000006395 ) ) ;
#5105 = AXIS2_PLACEMENT_3D ( 'NONE', #784, #2205, #4060 ) ;
#5106 = CARTESIAN_POINT ( 'NONE',  ( -2.900000000000000799, 6.700000000000001066, 1.049999999999999822 ) ) ;
#5107 = ORIENTED_EDGE ( 'NONE', *, *, #210, .F. ) ;
#5108 = DIRECTION ( 'NONE',  ( 0.000000000000000000, 0.000000000000000000, 1.000000000000000000 ) ) ;
#5109 = CYLINDRICAL_SURFACE ( 'NONE', #2466, 0.2000000000000000944 ) ;
#5110 = DIRECTION ( 'NONE',  ( 0.000000000000000000, 1.000000000000000000, 0.000000000000000000 ) ) ;
#5111 = AXIS2_PLACEMENT_3D ( 'NONE', #6000, #2748, #432 ) ;
#5112 = CARTESIAN_POINT ( 'NONE',  ( -2.700000000000000178, 1.000000000000000000, 1.049999999999998934 ) ) ;
#5113 = CARTESIAN_POINT ( 'NONE',  ( 8.529233760890809535, 6.700000000000001066, 1.219999999999999751 ) ) ;
#5114 = AXIS2_PLACEMENT_3D ( 'NONE', #297, #3944, #5416 ) ;
#5115 = EDGE_CURVE ( 'NONE', #3863, #1343, #5819, .T. ) ;
#5116 = FACE_OUTER_BOUND ( 'NONE', #655, .T. ) ;
#5117 = ADVANCED_FACE ( 'NONE', ( #1169 ), #1194, .F. ) ;
#5118 = ADVANCED_FACE ( 'NONE', ( #5273 ), #5729, .F. ) ;
#5119 = AXIS2_PLACEMENT_3D ( 'NONE', #3422, #3790, #2909 ) ;
#5120 = ORIENTED_EDGE ( 'NONE', *, *, #5715, .T. ) ;
#5121 = ORIENTED_EDGE ( 'NONE', *, *, #5095, .T. ) ;
#5122 = CARTESIAN_POINT ( 'NONE',  ( 2.700000000000000178, 6.900000000000000355, 1.249999999999999778 ) ) ;
#5123 = ADVANCED_FACE ( 'NONE', ( #3958 ), #5304, .F. ) ;
#5124 = CARTESIAN_POINT ( 'NONE',  ( -3.000000000000000444, 2.530000000000000249, -0.7200000000000009726 ) ) ;
#5125 = EDGE_CURVE ( 'NONE', #3588, #1474, #5439, .T. ) ;
#5126 = DIRECTION ( 'NONE',  ( 0.000000000000000000, -1.000000000000000000, 0.000000000000000000 ) ) ;
#5127 = VERTEX_POINT ( 'NONE', #4473 ) ;
#5128 = ORIENTED_EDGE ( 'NONE', *, *, #5766, .T. ) ;
#5129 = DIRECTION ( 'NONE',  ( 0.000000000000000000, 0.000000000000000000, 1.000000000000000000 ) ) ;
#5130 = DIRECTION ( 'NONE',  ( 0.000000000000000000, -1.000000000000000000, 0.000000000000000000 ) ) ;
#5131 = EDGE_CURVE ( 'NONE', #534, #3066, #1620, .T. ) ;
#5132 = CARTESIAN_POINT ( 'NONE',  ( 2.850000000000000533, 0.09999999999999979738, -3.750000000000000000 ) ) ;
#5133 = CLOSED_SHELL ( 'NONE', ( #5048, #4058, #1809, #3201, #245, #545, #1452, #5346, #4638, #61, #3832, #2455, #4425, #2197, #3374, #2347, #2593, #4181 ) ) ;
#5134 = DIRECTION ( 'NONE',  ( 1.000000000000000000, -0.000000000000000000, -0.000000000000000000 ) ) ;
#5135 = ORIENTED_EDGE ( 'NONE', *, *, #2487, .F. ) ;
#5136 = LINE ( 'NONE', #1515, #4014 ) ;
#5137 = VERTEX_POINT ( 'NONE', #1587 ) ;
#5138 = EDGE_CURVE ( 'NONE', #863, #3320, #4650, .T. ) ;
#5139 = AXIS2_PLACEMENT_3D ( 'NONE', #4293, #130, #1989 ) ;
#5140 = CIRCLE ( 'NONE', #1257, 0.1000000000000002554 ) ;
#5141 = CARTESIAN_POINT ( 'NONE',  ( -2.200000000000000622, 6.700000000000001066, 3.750000000000000000 ) ) ;
#5142 = FACE_OUTER_BOUND ( 'NONE', #4391, .T. ) ;
#5143 = SPHERICAL_SURFACE ( 'NONE', #5679, 0.2000000000000000111 ) ;
#5144 = CARTESIAN_POINT ( 'NONE',  ( 1.800000000000000711, 6.123233995736781751E-18, 3.750000000000000000 ) ) ;
#5145 = AXIS2_PLACEMENT_3D ( 'NONE', #1812, #5505, #1302 ) ;
#5146 = EDGE_CURVE ( 'NONE', #2820, #4755, #2044, .T. ) ;
#5147 = CARTESIAN_POINT ( 'NONE',  ( -2.700000000000000178, 1.200000000000000622, 1.249999999999999112 ) ) ;
#5148 = CYLINDRICAL_SURFACE ( 'NONE', #3140, 0.1499999999999999667 ) ;
#5149 = AXIS2_PLACEMENT_3D ( 'NONE', #407, #4663, #4544 ) ;
#5150 = EDGE_CURVE ( 'NONE', #2377, #5846, #3199, .T. ) ;
#5151 = PLANE ( 'NONE',  #151 ) ;
#5152 = VERTEX_POINT ( 'NONE', #2960 ) ;
#5153 = ORIENTED_EDGE ( 'NONE', *, *, #3397, .T. ) ;
#5154 = DIRECTION ( 'NONE',  ( -1.000000000000000000, -0.000000000000000000, -0.000000000000000000 ) ) ;
#5155 = EDGE_CURVE ( 'NONE', #3250, #3909, #4353, .T. ) ;
#5156 = EDGE_CURVE ( 'NONE', #3588, #510, #2992, .T. ) ;
#5157 = CARTESIAN_POINT ( 'NONE',  ( 2.700000000000000622, 6.700000000000001066, 1.049999999999999822 ) ) ;
#5158 = VERTEX_POINT ( 'NONE', #679 ) ;
#5159 = ORIENTED_EDGE ( 'NONE', *, *, #2616, .F. ) ;
#5160 = EDGE_CURVE ( 'NONE', #4900, #2132, #5817, .T. ) ;
#5161 = DIRECTION ( 'NONE',  ( -1.000000000000000000, 0.000000000000000000, 0.000000000000000000 ) ) ;
#5162 = DIRECTION ( 'NONE',  ( -0.000000000000000000, 1.000000000000000000, 1.182766006347823109E-16 ) ) ;
#5163 = CARTESIAN_POINT ( 'NONE',  ( -3.000000000000000444, 2.629999999999999449, -0.7200000000000009726 ) ) ;
#5164 = DIRECTION ( 'NONE',  ( -0.000000000000000000, 0.000000000000000000, 1.000000000000000000 ) ) ;
#5165 = DIRECTION ( 'NONE',  ( 0.000000000000000000, 0.000000000000000000, 1.000000000000000000 ) ) ;
#5166 = VERTEX_POINT ( 'NONE', #426 ) ;
#5167 = CARTESIAN_POINT ( 'NONE',  ( -2.900000000000000799, 0.1499999999999998557, -1.679999999999999272 ) ) ;
#5168 = DIRECTION ( 'NONE',  ( 0.000000000000000000, 0.000000000000000000, 1.000000000000000000 ) ) ;
#5169 = ORIENTED_EDGE ( 'NONE', *, *, #2963, .F. ) ;
#5170 = CARTESIAN_POINT ( 'NONE',  ( -2.700000000000000178, 6.700000000000001066, 3.750000000000000000 ) ) ;
#5171 = CARTESIAN_POINT ( 'NONE',  ( 2.899999999999998579, 2.530000000000000249, 1.679999999999999272 ) ) ;
#5172 = PLANE ( 'NONE',  #5497 ) ;
#5173 = EDGE_CURVE ( 'NONE', #5657, #2537, #1376, .T. ) ;
#5174 = EDGE_CURVE ( 'NONE', #325, #3414, #2810, .T. ) ;
#5175 = EDGE_LOOP ( 'NONE', ( #1978, #1101, #98, #891 ) ) ;
#5176 = CARTESIAN_POINT ( 'NONE',  ( 1.800000000000000711, 0.1000000000000000056, -3.750000000000000000 ) ) ;
#5177 = CARTESIAN_POINT ( 'NONE',  ( 4.607807737440317908, 6.700000000000001066, -1.450000000000000400 ) ) ;
#5178 = ORIENTED_EDGE ( 'NONE', *, *, #5383, .T. ) ;
#5179 = ORIENTED_EDGE ( 'NONE', *, *, #1845, .F. ) ;
#5180 = FACE_OUTER_BOUND ( 'NONE', #1569, .T. ) ;
#5181 = AXIS2_PLACEMENT_3D ( 'NONE', #4421, #5408, #4027 ) ;
#5182 = FILL_AREA_STYLE_COLOUR ( '', #2232 ) ;
#5183 = EDGE_CURVE ( 'NONE', #2478, #2731, #4453, .T. ) ;
#5184 = CARTESIAN_POINT ( 'NONE',  ( 3.000000000000000444, 0.1499999999999998557, 3.750000000000000000 ) ) ;
#5185 = VECTOR ( 'NONE', #5164, 1000.000000000000000 ) ;
#5186 = FILL_AREA_STYLE ('',( #5221 ) ) ;
#5187 = VECTOR ( 'NONE', #1878, 1000.000000000000000 ) ;
#5188 = VERTEX_POINT ( 'NONE', #2719 ) ;
#5189 = ORIENTED_EDGE ( 'NONE', *, *, #1471, .T. ) ;
#5190 = DIRECTION ( 'NONE',  ( -0.000000000000000000, 0.000000000000000000, 1.000000000000000000 ) ) ;
#5191 = LINE ( 'NONE', #3304, #77 ) ;
#5192 = DIRECTION ( 'NONE',  ( 1.000000000000000000, 0.000000000000000000, 0.000000000000000000 ) ) ;
#5193 = AXIS2_PLACEMENT_3D ( 'NONE', #2641, #3677, #3617 ) ;
#5194 = VECTOR ( 'NONE', #5685, 1000.000000000000000 ) ;
#5195 = ADVANCED_FACE ( 'NONE', ( #1743 ), #3200, .F. ) ;
#5196 = CYLINDRICAL_SURFACE ( 'NONE', #427, 0.1700000000000000122 ) ;
#5197 = DIRECTION ( 'NONE',  ( -1.000000000000000000, 0.000000000000000000, 0.000000000000000000 ) ) ;
#5198 = AXIS2_PLACEMENT_3D ( 'NONE', #2247, #4101, #4384 ) ;
#5199 = EDGE_LOOP ( 'NONE', ( #3681, #2857, #1431, #4575 ) ) ;
#5200 = AXIS2_PLACEMENT_3D ( 'NONE', #5520, #373, #4572 ) ;
#5201 = DIRECTION ( 'NONE',  ( 0.000000000000000000, -1.102578480493733066E-16, 1.000000000000000000 ) ) ;
#5202 = EDGE_CURVE ( 'NONE', #4827, #1446, #1826, .T. ) ;
#5203 = DIRECTION ( 'NONE',  ( -1.000000000000000000, 0.000000000000000000, 0.000000000000000000 ) ) ;
#5204 = VERTEX_POINT ( 'NONE', #4018 ) ;
#5205 = DIRECTION ( 'NONE',  ( 0.000000000000000000, -0.000000000000000000, -1.000000000000000000 ) ) ;
#5206 = CIRCLE ( 'NONE', #1021, 0.2000000000000000944 ) ;
#5207 = DIRECTION ( 'NONE',  ( 0.000000000000000000, 0.000000000000000000, -1.000000000000000000 ) ) ;
#5208 = CARTESIAN_POINT ( 'NONE',  ( 2.700000000000000178, 6.900000000000000355, -1.250000000000000222 ) ) ;
#5209 = ORIENTED_EDGE ( 'NONE', *, *, #2607, .T. ) ;
#5210 = AXIS2_PLACEMENT_3D ( 'NONE', #2270, #5073, #136 ) ;
#5211 = EDGE_CURVE ( 'NONE', #97, #5166, #382, .T. ) ;
#5212 = FILL_AREA_STYLE ('',( #3289 ) ) ;
#5213 = DIRECTION ( 'NONE',  ( -1.000000000000000000, 0.000000000000000000, 0.000000000000000000 ) ) ;
#5214 = VERTEX_POINT ( 'NONE', #2283 ) ;
#5215 = VERTEX_POINT ( 'NONE', #3136 ) ;
#5216 = LINE ( 'NONE', #5663, #3330 ) ;
#5217 = AXIS2_PLACEMENT_3D ( 'NONE', #3318, #1008, #2009 ) ;
#5218 = SURFACE_STYLE_FILL_AREA ( #1559 ) ;
#5219 = DIRECTION ( 'NONE',  ( 0.000000000000000000, 0.000000000000000000, -1.000000000000000000 ) ) ;
#5220 = AXIS2_PLACEMENT_3D ( 'NONE', #1637, #4977, #4887 ) ;
#5221 = FILL_AREA_STYLE_COLOUR ( '', #3358 ) ;
#5222 = ORIENTED_EDGE ( 'NONE', *, *, #4797, .T. ) ;
#5223 = ORIENTED_EDGE ( 'NONE', *, *, #5211, .F. ) ;
#5224 = CARTESIAN_POINT ( 'NONE',  ( 2.850000000000000533, 0.1499999999999998557, -3.750000000000000000 ) ) ;
#5225 = CARTESIAN_POINT ( 'NONE',  ( -2.900000000000000799, 2.629999999999999449, 0.7200000000000006395 ) ) ;
#5226 = DIRECTION ( 'NONE',  ( 1.000000000000000000, 0.000000000000000000, -0.000000000000000000 ) ) ;
#5227 = VECTOR ( 'NONE', #99, 1000.000000000000000 ) ;
#5228 = DIRECTION ( 'NONE',  ( 1.000000000000000000, 0.000000000000000000, 0.000000000000000000 ) ) ;
#5229 = DIRECTION ( 'NONE',  ( 0.000000000000000000, 0.000000000000000000, -1.000000000000000000 ) ) ;
#5230 = EDGE_CURVE ( 'NONE', #2562, #5702, #4137, .T. ) ;
#5231 = ORIENTED_EDGE ( 'NONE', *, *, #3740, .T. ) ;
#5232 = DIRECTION ( 'NONE',  ( -0.000000000000000000, 1.000000000000000000, 1.182766006347823109E-16 ) ) ;
#5233 = FACE_OUTER_BOUND ( 'NONE', #5523, .T. ) ;
#5234 = ORIENTED_EDGE ( 'NONE', *, *, #659, .T. ) ;
#5235 = LINE ( 'NONE', #5292, #334 ) ;
#5236 = CARTESIAN_POINT ( 'NONE',  ( -4.607807737440317908, 6.900000000000000355, 1.049999999999999822 ) ) ;
#5237 = ADVANCED_FACE ( 'NONE', ( #2747 ), #5910, .F. ) ;
#5238 = FACE_OUTER_BOUND ( 'NONE', #1475, .T. ) ;
#5239 = ORIENTED_EDGE ( 'NONE', *, *, #5400, .F. ) ;
#5240 = VECTOR ( 'NONE', #3415, 1000.000000000000000 ) ;
#5241 = CARTESIAN_POINT ( 'NONE',  ( 4.607807737440317908, 6.700000000000001066, 1.049999999999999822 ) ) ;
#5242 = DIRECTION ( 'NONE',  ( -1.000000000000000000, 0.000000000000000000, 0.000000000000000000 ) ) ;
#5243 = EDGE_LOOP ( 'NONE', ( #5850, #3554, #3445, #5772 ) ) ;
#5244 = VERTEX_POINT ( 'NONE', #3602 ) ;
#5245 = CARTESIAN_POINT ( 'NONE',  ( -2.900000000000000799, 2.530000000000000249, 0.7200000000000006395 ) ) ;
#5246 = AXIS2_PLACEMENT_3D ( 'NONE', #4232, #2902, #5698 ) ;
#5247 = FACE_OUTER_BOUND ( 'NONE', #4879, .T. ) ;
#5248 = CARTESIAN_POINT ( 'NONE',  ( 3.000000000000000444, 1.030000000000000027, 1.779999999999999138 ) ) ;
#5249 = EDGE_CURVE ( 'NONE', #2934, #3210, #5458, .T. ) ;
#5250 = ORIENTED_EDGE ( 'NONE', *, *, #1411, .F. ) ;
#5251 = ORIENTED_EDGE ( 'NONE', *, *, #279, .F. ) ;
#5252 = CARTESIAN_POINT ( 'NONE',  ( 2.700000000000000178, 6.700000000000001066, -3.750000000000000444 ) ) ;
#5253 = CARTESIAN_POINT ( 'NONE',  ( -2.900000000000000799, 2.530000000000000249, 1.779999999999999138 ) ) ;
#5254 = CARTESIAN_POINT ( 'NONE',  ( -2.900000000000000799, 0.1499999999999998557, 0.8200000000000003952 ) ) ;
#5255 = LINE ( 'NONE', #3881, #5403 ) ;
#5256 = ORIENTED_EDGE ( 'NONE', *, *, #549, .F. ) ;
#5257 = DIRECTION ( 'NONE',  ( 0.000000000000000000, 0.000000000000000000, -1.000000000000000000 ) ) ;
#5258 = CARTESIAN_POINT ( 'NONE',  ( -2.700000000000000178, 1.200000000000000178, 1.249999999999998890 ) ) ;
#5259 = ORIENTED_EDGE ( 'NONE', *, *, #1186, .T. ) ;
#5260 = CARTESIAN_POINT ( 'NONE',  ( -2.900000000000000799, 1.200000000000000178, -5.000000000000000000 ) ) ;
#5261 = ADVANCED_FACE ( 'NONE', ( #917 ), #1260, .F. ) ;
#5262 = LINE ( 'NONE', #728, #5194 ) ;
#5263 = CARTESIAN_POINT ( 'NONE',  ( -2.900000000000000799, 0.1499999999999998557, -3.750000000000000000 ) ) ;
#5264 = DIRECTION ( 'NONE',  ( 0.000000000000000000, 0.000000000000000000, 1.000000000000000000 ) ) ;
#5265 = ORIENTED_EDGE ( 'NONE', *, *, #304, .T. ) ;
#5266 = EDGE_CURVE ( 'NONE', #1718, #4868, #2130, .T. ) ;
#5267 = EDGE_CURVE ( 'NONE', #3320, #4228, #1288, .T. ) ;
#5268 = ORIENTED_EDGE ( 'NONE', *, *, #3252, .T. ) ;
#5269 = DIRECTION ( 'NONE',  ( 1.000000000000000000, 0.000000000000000000, 0.000000000000000000 ) ) ;
#5270 = ORIENTED_EDGE ( 'NONE', *, *, #632, .F. ) ;
#5271 = EDGE_LOOP ( 'NONE', ( #570, #5059, #2025, #4510 ) ) ;
#5272 = EDGE_CURVE ( 'NONE', #5485, #2332, #5965, .T. ) ;
#5273 = FACE_OUTER_BOUND ( 'NONE', #5271, .T. ) ;
#5274 = DIRECTION ( 'NONE',  ( 0.000000000000000000, 0.000000000000000000, 1.000000000000000000 ) ) ;
#5275 = ORIENTED_EDGE ( 'NONE', *, *, #4045, .F. ) ;
#5276 = AXIS2_PLACEMENT_3D ( 'NONE', #1773, #5466, #5436 ) ;
#5277 = VERTEX_POINT ( 'NONE', #4536 ) ;
#5278 = CYLINDRICAL_SURFACE ( 'NONE', #4732, 0.2000000000000000944 ) ;
#5279 = CYLINDRICAL_SURFACE ( 'NONE', #29, 0.1700000000000000122 ) ;
#5280 = DIRECTION ( 'NONE',  ( 0.000000000000000000, 0.000000000000000000, 1.000000000000000000 ) ) ;
#5281 = EDGE_CURVE ( 'NONE', #1628, #1089, #2780, .T. ) ;
#5282 = CIRCLE ( 'NONE', #1684, 0.1700000000000000122 ) ;
#5283 = VECTOR ( 'NONE', #3119, 1000.000000000000000 ) ;
#5284 = PLANE ( 'NONE',  #1706 ) ;
#5285 = ORIENTED_EDGE ( 'NONE', *, *, #1045, .F. ) ;
#5286 = EDGE_LOOP ( 'NONE', ( #2419, #5612, #2552, #3230 ) ) ;
#5287 = LINE ( 'NONE', #1030, #1337 ) ;
#5288 = VECTOR ( 'NONE', #4555, 1000.000000000000000 ) ;
#5289 = VERTEX_POINT ( 'NONE', #2225 ) ;
#5290 = CIRCLE ( 'NONE', #5393, 0.1999999999999999833 ) ;
#5291 = DIRECTION ( 'NONE',  ( 0.000000000000000000, 0.000000000000000000, -1.000000000000000000 ) ) ;
#5292 = CARTESIAN_POINT ( 'NONE',  ( -2.700000000000000178, 1.000000000000000000, -1.250000000000001110 ) ) ;
#5293 = CARTESIAN_POINT ( 'NONE',  ( -3.000000000000000444, 2.530000000000000249, 3.320000000000000284 ) ) ;
#5294 = CIRCLE ( 'NONE', #4606, 0.09999999999999982514 ) ;
#5296 = AXIS2_PLACEMENT_3D ( 'NONE', #3628, #5461, #3172 ) ;
#5295 = CARTESIAN_POINT ( 'NONE',  ( 2.200000000000000622, 1.200000000000000622, -3.550000000000001155 ) ) ;
#5297 = ORIENTED_EDGE ( 'NONE', *, *, #3412, .F. ) ;
#5298 = CIRCLE ( 'NONE', #3833, 0.2000000000000000944 ) ;
#5299 = AXIS2_PLACEMENT_3D ( 'NONE', #4883, #754, #4454 ) ;
#5300 = ORIENTED_EDGE ( 'NONE', *, *, #3923, .F. ) ;
#5301 = CARTESIAN_POINT ( 'NONE',  ( -2.700000000000000178, 6.700000000000001066, 3.549999999999999822 ) ) ;
#5302 = ORIENTED_EDGE ( 'NONE', *, *, #5426, .F. ) ;
#5303 = ORIENTED_EDGE ( 'NONE', *, *, #5006, .T. ) ;
#5304 = PLANE ( 'NONE',  #2409 ) ;
#5305 = VECTOR ( 'NONE', #4288, 1000.000000000000000 ) ;
#5306 = CARTESIAN_POINT ( 'NONE',  ( -2.900000000000000799, 6.900000000000000355, -3.750000000000000000 ) ) ;
#5307 = ADVANCED_FACE ( 'NONE', ( #3111 ), #2162, .F. ) ;
#5308 = SURFACE_STYLE_USAGE ( .BOTH. , #1952 ) ;
#5309 = VECTOR ( 'NONE', #5908, 1000.000000000000000 ) ;
#5310 = EDGE_LOOP ( 'NONE', ( #2056, #3098, #1876, #3823, #5319, #4379, #3281, #5786 ) ) ;
#5311 = ORIENTED_EDGE ( 'NONE', *, *, #3707, .T. ) ;
#5312 = DIRECTION ( 'NONE',  ( 0.000000000000000000, -1.000000000000000000, 0.000000000000000000 ) ) ;
#5313 = LINE ( 'NONE', #5853, #1261 ) ;
#5314 = DIRECTION ( 'NONE',  ( -0.000000000000000000, -1.000000000000000000, -1.102578480493733066E-16 ) ) ;
#5315 = ADVANCED_FACE ( 'NONE', ( #1713 ), #5431, .F. ) ;
#5316 = AXIS2_PLACEMENT_3D ( 'NONE', #4708, #3885, #3402 ) ;
#5317 = LINE ( 'NONE', #4299, #737 ) ;
#5318 = ORIENTED_EDGE ( 'NONE', *, *, #255, .T. ) ;
#5319 = ORIENTED_EDGE ( 'NONE', *, *, #768, .F. ) ;
#5320 = EDGE_CURVE ( 'NONE', #985, #3484, #5574, .T. ) ;
#5321 = PLANE ( 'NONE',  #264 ) ;
#5322 = VECTOR ( 'NONE', #3846, 1000.000000000000000 ) ;
#5323 = ORIENTED_EDGE ( 'NONE', *, *, #1271, .F. ) ;
#5324 = CARTESIAN_POINT ( 'NONE',  ( 8.529233760890809535, 1.200000000000000622, 1.219999999999998863 ) ) ;
#5325 = LINE ( 'NONE', #2981, #2265 ) ;
#5326 = FACE_OUTER_BOUND ( 'NONE', #1668, .T. ) ;
#5327 = ORIENTED_EDGE ( 'NONE', *, *, #5160, .F. ) ;
#5328 = ADVANCED_FACE ( 'NONE', ( #2918 ), #3430, .F. ) ;
#5329 = ORIENTED_EDGE ( 'NONE', *, *, #5320, .F. ) ;
#5330 = CARTESIAN_POINT ( 'NONE',  ( -3.000000000000000444, 1.130000000000000115, 3.320000000000000284 ) ) ;
#5331 = ORIENTED_EDGE ( 'NONE', *, *, #2206, .F. ) ;
#5332 = ORIENTED_EDGE ( 'NONE', *, *, #1000, .T. ) ;
#5333 = DIRECTION ( 'NONE',  ( 0.000000000000000000, 0.000000000000000000, 1.000000000000000000 ) ) ;
#5334 = AXIS2_PLACEMENT_3D ( 'NONE', #5253, #44, #1537 ) ;
#5336 = EDGE_CURVE ( 'NONE', #3414, #2934, #946, .T. ) ;
#5335 = CARTESIAN_POINT ( 'NONE',  ( -2.200000000000000622, 1.000000000000000000, -1.250000000000001110 ) ) ;
#5337 = VECTOR ( 'NONE', #2945, 1000.000000000000000 ) ;
#5338 = DIRECTION ( 'NONE',  ( 0.000000000000000000, 0.000000000000000000, -1.000000000000000000 ) ) ;
#5339 = CYLINDRICAL_SURFACE ( 'NONE', #2782, 0.2000000000000000944 ) ;
#5340 = ORIENTED_EDGE ( 'NONE', *, *, #5387, .T. ) ;
#5341 = ORIENTED_EDGE ( 'NONE', *, *, #1880, .F. ) ;
#5342 = VECTOR ( 'NONE', #727, 1000.000000000000000 ) ;
#5343 = CARTESIAN_POINT ( 'NONE',  ( 2.700000000000000178, 6.700000000000001066, -1.450000000000000400 ) ) ;
#5344 = DIRECTION ( 'NONE',  ( -1.000000000000000000, 0.000000000000000000, 0.000000000000000000 ) ) ;
#5345 = CARTESIAN_POINT ( 'NONE',  ( -2.900000000000000799, 1.030000000000000027, 1.779999999999999138 ) ) ;
#5346 = ADVANCED_FACE ( 'NONE', ( #4656 ), #2443, .T. ) ;
#5347 = VECTOR ( 'NONE', #1055, 1000.000000000000000 ) ;
#5348 = LINE ( 'NONE', #1178, #637 ) ;
#5349 = EDGE_CURVE ( 'NONE', #1564, #1542, #1408, .T. ) ;
#5350 = VERTEX_POINT ( 'NONE', #2 ) ;
#5351 = ORIENTED_EDGE ( 'NONE', *, *, #5467, .F. ) ;
#5352 = DIRECTION ( 'NONE',  ( 0.000000000000000000, 0.000000000000000000, 1.000000000000000000 ) ) ;
#5353 = ORIENTED_EDGE ( 'NONE', *, *, #3503, .T. ) ;
#5354 = DIRECTION ( 'NONE',  ( 0.000000000000000000, -0.000000000000000000, -1.000000000000000000 ) ) ;
#5355 = DIRECTION ( 'NONE',  ( 0.000000000000000000, 0.000000000000000000, -1.000000000000000000 ) ) ;
#5356 = DIRECTION ( 'NONE',  ( -1.000000000000000000, -0.000000000000000000, -0.000000000000000000 ) ) ;
#5357 = FACE_OUTER_BOUND ( 'NONE', #4665, .T. ) ;
#5358 = ORIENTED_EDGE ( 'NONE', *, *, #13, .F. ) ;
#5359 = LINE ( 'NONE', #1131, #5864 ) ;
#5360 = EDGE_CURVE ( 'NONE', #3484, #2571, #2908, .T. ) ;
#5361 = ORIENTED_EDGE ( 'NONE', *, *, #5720, .F. ) ;
#5362 = CARTESIAN_POINT ( 'NONE',  ( 2.200000000000000622, 1.030000000000000027, -3.550000000000001155 ) ) ;
#5363 = ORIENTED_EDGE ( 'NONE', *, *, #108, .F. ) ;
#5364 = ORIENTED_EDGE ( 'NONE', *, *, #4381, .T. ) ;
#5365 = DIRECTION ( 'NONE',  ( 0.000000000000000000, 0.000000000000000000, 1.000000000000000000 ) ) ;
#5366 = CARTESIAN_POINT ( 'NONE',  ( -2.900000000000000799, 1.200000000000000178, -3.550000000000001155 ) ) ;
#5367 = DIRECTION ( 'NONE',  ( 0.000000000000000000, -1.000000000000000000, 0.000000000000000000 ) ) ;
#5368 = DIRECTION ( 'NONE',  ( 0.000000000000000000, 0.000000000000000000, -1.000000000000000000 ) ) ;
#5369 = ORIENTED_EDGE ( 'NONE', *, *, #4743, .T. ) ;
#5370 = ORIENTED_EDGE ( 'NONE', *, *, #806, .T. ) ;
#5371 = EDGE_CURVE ( 'NONE', #1246, #4694, #3887, .T. ) ;
#5372 = LINE ( 'NONE', #5761, #4104 ) ;
#5373 = DIRECTION ( 'NONE',  ( 0.000000000000000000, 0.000000000000000000, -1.000000000000000000 ) ) ;
#5374 = CARTESIAN_POINT ( 'NONE',  ( -3.000000000000000444, 2.530000000000000249, 1.679999999999999272 ) ) ;
#5375 = LINE ( 'NONE', #3150, #2679 ) ;
#5376 = AXIS2_PLACEMENT_3D ( 'NONE', #4721, #36, #156 ) ;
#5377 = VERTEX_POINT ( 'NONE', #600 ) ;
#5378 = ORIENTED_EDGE ( 'NONE', *, *, #2661, .F. ) ;
#5379 = DIRECTION ( 'NONE',  ( 1.000000000000000000, 0.000000000000000000, -0.000000000000000000 ) ) ;
#5380 = ORIENTED_EDGE ( 'NONE', *, *, #3552, .T. ) ;
#5381 = DIRECTION ( 'NONE',  ( 1.000000000000000000, 0.000000000000000000, 0.000000000000000000 ) ) ;
#5382 = AXIS2_PLACEMENT_3D ( 'NONE', #1061, #568, #3824 ) ;
#5383 = EDGE_CURVE ( 'NONE', #5127, #871, #5140, .T. ) ;
#5384 = CARTESIAN_POINT ( 'NONE',  ( -2.700000000000000622, 6.700000000000001066, -3.550000000000000266 ) ) ;
#5385 = DIRECTION ( 'NONE',  ( 0.000000000000000000, 0.000000000000000000, 1.000000000000000000 ) ) ;
#5386 = DIRECTION ( 'NONE',  ( 1.000000000000000000, -0.000000000000000000, -0.000000000000000000 ) ) ;
#5387 = EDGE_CURVE ( 'NONE', #201, #985, #2338, .T. ) ;
#5388 = VECTOR ( 'NONE', #4464, 1000.000000000000000 ) ;
#5389 = EDGE_LOOP ( 'NONE', ( #4488, #662, #1044, #5649 ) ) ;
#5390 = CIRCLE ( 'NONE', #4297, 0.2000000000000000944 ) ;
#5391 = EDGE_CURVE ( 'NONE', #1446, #3884, #2716, .T. ) ;
#5392 = SPHERICAL_SURFACE ( 'NONE', #2365, 0.2000000000000000111 ) ;
#5393 = AXIS2_PLACEMENT_3D ( 'NONE', #2184, #4490, #1757 ) ;
#5394 = ORIENTED_EDGE ( 'NONE', *, *, #735, .F. ) ;
#5395 = LINE ( 'NONE', #4049, #2294 ) ;
#5396 = AXIS2_PLACEMENT_3D ( 'NONE', #2738, #3593, #4007 ) ;
#5397 = ORIENTED_EDGE ( 'NONE', *, *, #3252, .F. ) ;
#5398 = VECTOR ( 'NONE', #4354, 1000.000000000000000 ) ;
#5399 = VERTEX_POINT ( 'NONE', #2057 ) ;
#5400 = EDGE_CURVE ( 'NONE', #5581, #3452, #866, .T. ) ;
#5401 = CARTESIAN_POINT ( 'NONE',  ( 2.200000000000000622, 6.700000000000001066, -3.550000000000000266 ) ) ;
#5402 = LINE ( 'NONE', #3138, #5094 ) ;
#5403 = VECTOR ( 'NONE', #1085, 1000.000000000000000 ) ;
#5404 = DIRECTION ( 'NONE',  ( 1.000000000000000000, 0.000000000000000000, 0.000000000000000000 ) ) ;
#5405 = MANIFOLD_SOLID_BREP ( 'LPattern1[3]', #1054 ) ;
#5406 = VERTEX_POINT ( 'NONE', #5147 ) ;
#5407 = VERTEX_POINT ( 'NONE', #976 ) ;
#5408 = DIRECTION ( 'NONE',  ( 0.000000000000000000, 0.000000000000000000, -1.000000000000000000 ) ) ;
#5409 = COLOUR_RGB ( '',0.7921568627450980005, 0.8196078431372548767, 0.9333333333333333481 ) ;
#5410 = DIRECTION ( 'NONE',  ( 0.000000000000000000, 0.000000000000000000, -1.000000000000000000 ) ) ;
#5411 = CARTESIAN_POINT ( 'NONE',  ( -2.700000000000000178, 1.000000000000000000, -1.050000000000000711 ) ) ;
#5412 = CIRCLE ( 'NONE', #4818, 0.1999999999999999833 ) ;
#5413 = LINE ( 'NONE', #294, #1896 ) ;
#5414 = EDGE_LOOP ( 'NONE', ( #3680, #3808, #247, #5464 ) ) ;
#5415 = ORIENTED_EDGE ( 'NONE', *, *, #4346, .T. ) ;
#5416 = DIRECTION ( 'NONE',  ( 0.000000000000000000, 0.000000000000000000, -1.000000000000000000 ) ) ;
#5417 = EDGE_LOOP ( 'NONE', ( #1136, #2539, #4257, #3116 ) ) ;
#5418 = DIRECTION ( 'NONE',  ( 1.000000000000000000, 0.000000000000000000, -0.000000000000000000 ) ) ;
#5419 = CIRCLE ( 'NONE', #2791, 0.1700000000000000122 ) ;
#5420 = DIRECTION ( 'NONE',  ( 1.000000000000000000, 0.000000000000000000, 0.000000000000000000 ) ) ;
#5421 = CARTESIAN_POINT ( 'NONE',  ( 2.200000000000000622, 1.200000000000000622, -1.250000000000000888 ) ) ;
#5422 = ADVANCED_FACE ( 'NONE', ( #3126 ), #3714, .F. ) ;
#5423 = CARTESIAN_POINT ( 'NONE',  ( 2.900000000000000799, 6.700000000000001066, 3.549999999999999822 ) ) ;
#5424 = VECTOR ( 'NONE', #3642, 1000.000000000000000 ) ;
#5425 = EDGE_LOOP ( 'NONE', ( #3379, #3065, #4541, #2667 ) ) ;
#5426 = EDGE_CURVE ( 'NONE', #3839, #1980, #235, .T. ) ;
#5427 = CARTESIAN_POINT ( 'NONE',  ( 8.529233760890809535, 1.200000000000000622, -1.220000000000001084 ) ) ;
#5428 = CARTESIAN_POINT ( 'NONE',  ( -4.607807737440317908, 6.900000000000000355, 3.750000000000000000 ) ) ;
#5429 = DIRECTION ( 'NONE',  ( 1.000000000000000000, 0.000000000000000000, 0.000000000000000000 ) ) ;
#5430 = ORIENTED_EDGE ( 'NONE', *, *, #4897, .F. ) ;
#5431 = PLANE ( 'NONE',  #4355 ) ;
#5432 = DIRECTION ( 'NONE',  ( 1.000000000000000000, -0.000000000000000000, -0.000000000000000000 ) ) ;
#5433 = FILL_AREA_STYLE_COLOUR ( '', #5409 ) ;
#5434 = EDGE_LOOP ( 'NONE', ( #4705, #4387, #5831, #5566, #5297, #5915, #5302, #3606 ) ) ;
#5435 = ORIENTED_EDGE ( 'NONE', *, *, #5829, .T. ) ;
#5436 = DIRECTION ( 'NONE',  ( 0.000000000000000000, 0.000000000000000000, 1.000000000000000000 ) ) ;
#5437 = CARTESIAN_POINT ( 'NONE',  ( -1.800000000000000711, 6.123233995736781751E-18, -3.750000000000000000 ) ) ;
#5438 = DIRECTION ( 'NONE',  ( 0.000000000000000000, 0.000000000000000000, 1.000000000000000000 ) ) ;
#5439 = CIRCLE ( 'NONE', #3970, 0.2000000000000000944 ) ;
#5440 = EDGE_CURVE ( 'NONE', #5026, #3194, #3104, .T. ) ;
#5441 = DIRECTION ( 'NONE',  ( 0.000000000000000000, -1.000000000000000000, 0.000000000000000000 ) ) ;
#5442 = CIRCLE ( 'NONE', #2815, 0.2000000000000000944 ) ;
#5443 = ORIENTED_EDGE ( 'NONE', *, *, #1847, .T. ) ;
#5444 = ORIENTED_EDGE ( 'NONE', *, *, #439, .T. ) ;
#5445 = DIRECTION ( 'NONE',  ( 0.000000000000000000, 0.000000000000000000, 1.000000000000000000 ) ) ;
#5446 = ORIENTED_EDGE ( 'NONE', *, *, #2173, .T. ) ;
#5447 = SPHERICAL_SURFACE ( 'NONE', #2721, 0.2000000000000000111 ) ;
#5448 = VECTOR ( 'NONE', #751, 1000.000000000000000 ) ;
#5449 = CARTESIAN_POINT ( 'NONE',  ( 4.607807737440317908, 6.900000000000000355, -1.250000000000000222 ) ) ;
#5450 = DIRECTION ( 'NONE',  ( 1.000000000000000000, 0.000000000000000000, 0.000000000000000000 ) ) ;
#5451 = CARTESIAN_POINT ( 'NONE',  ( 1.800000000000000711, 0.1000000000000000056, 3.750000000000000000 ) ) ;
#5452 = VERTEX_POINT ( 'NONE', #4979 ) ;
#5453 = EDGE_CURVE ( 'NONE', #3789, #2139, #1215, .T. ) ;
#5454 = DIRECTION ( 'NONE',  ( 0.000000000000000000, 1.000000000000000000, 0.000000000000000000 ) ) ;
#5455 = DIRECTION ( 'NONE',  ( 1.000000000000000000, 0.000000000000000000, 0.000000000000000000 ) ) ;
#5456 = DIRECTION ( 'NONE',  ( -0.000000000000000000, -0.000000000000000000, -1.000000000000000000 ) ) ;
#5457 = ORIENTED_EDGE ( 'NONE', *, *, #1381, .T. ) ;
#5458 = LINE ( 'NONE', #3170, #3779 ) ;
#5459 = ADVANCED_FACE ( 'NONE', ( #789 ), #5447, .T. ) ;
#5460 = ADVANCED_FACE ( 'NONE', ( #3099 ), #4923, .T. ) ;
#5461 = DIRECTION ( 'NONE',  ( 1.000000000000000000, -0.000000000000000000, -0.000000000000000000 ) ) ;
#5462 = DIRECTION ( 'NONE',  ( 1.000000000000000000, 0.000000000000000000, 0.000000000000000000 ) ) ;
#5463 = EDGE_CURVE ( 'NONE', #510, #770, #326, .T. ) ;
#5464 = ORIENTED_EDGE ( 'NONE', *, *, #5632, .F. ) ;
#5465 = ORIENTED_EDGE ( 'NONE', *, *, #673, .F. ) ;
#5466 = DIRECTION ( 'NONE',  ( -1.000000000000000000, 0.000000000000000000, 0.000000000000000000 ) ) ;
#5467 = EDGE_CURVE ( 'NONE', #5642, #4500, #2414, .T. ) ;
#5468 = DIRECTION ( 'NONE',  ( 0.000000000000000000, -0.000000000000000000, -1.000000000000000000 ) ) ;
#5469 = FACE_OUTER_BOUND ( 'NONE', #4660, .T. ) ;
#5470 = VERTEX_POINT ( 'NONE', #4432 ) ;
#5471 = ORIENTED_EDGE ( 'NONE', *, *, #1310, .F. ) ;
#5472 = DIRECTION ( 'NONE',  ( -1.000000000000000000, 0.000000000000000000, 0.000000000000000000 ) ) ;
#5473 = EDGE_CURVE ( 'NONE', #4895, #3839, #3976, .T. ) ;
#5474 = DIRECTION ( 'NONE',  ( 0.000000000000000000, 1.470104640658311001E-16, -1.000000000000000000 ) ) ;
#5475 = LINE ( 'NONE', #4067, #3637 ) ;
#5476 = SPHERICAL_SURFACE ( 'NONE', #730, 0.2000000000000000111 ) ;
#5477 = ORIENTED_EDGE ( 'NONE', *, *, #2821, .F. ) ;
#5478 = AXIS2_PLACEMENT_3D ( 'NONE', #1012, #2874, #3810 ) ;
#5479 = CARTESIAN_POINT ( 'NONE',  ( -2.200000000000000622, 6.900000000000000355, -1.250000000000000222 ) ) ;
#5480 = CARTESIAN_POINT ( 'NONE',  ( -2.200000000000000622, 6.700000000000001066, 1.449999999999999956 ) ) ;
#5481 = AXIS2_PLACEMENT_3D ( 'NONE', #642, #1346, #796 ) ;
#5483 = AXIS2_PLACEMENT_3D ( 'NONE', #1575, #2446, #5355 ) ;
#5482 = DIRECTION ( 'NONE',  ( -0.000000000000000000, 1.000000000000000000, 1.102578480493733066E-16 ) ) ;
#5484 = CARTESIAN_POINT ( 'NONE',  ( -2.200000000000000622, 6.700000000000001066, 1.049999999999999822 ) ) ;
#5485 = VERTEX_POINT ( 'NONE', #1639 ) ;
#5486 = DIRECTION ( 'NONE',  ( 1.000000000000000000, -0.000000000000000000, -0.000000000000000000 ) ) ;
#5487 = AXIS2_PLACEMENT_3D ( 'NONE', #3101, #792, #2242 ) ;
#5488 = AXIS2_PLACEMENT_3D ( 'NONE', #3647, #791, #1338 ) ;
#5489 = DIRECTION ( 'NONE',  ( 1.000000000000000000, 0.000000000000000000, -0.000000000000000000 ) ) ;
#5490 = CIRCLE ( 'NONE', #4211, 0.1499999999999999667 ) ;
#5491 = DIRECTION ( 'NONE',  ( 0.000000000000000000, 0.000000000000000000, 1.000000000000000000 ) ) ;
#5492 = VECTOR ( 'NONE', #5818, 1000.000000000000000 ) ;
#5493 = EDGE_LOOP ( 'NONE', ( #4954, #194, #552 ) ) ;
#5494 = ORIENTED_EDGE ( 'NONE', *, *, #1471, .F. ) ;
#5495 = LINE ( 'NONE', #2727, #320 ) ;
#5496 = DIRECTION ( 'NONE',  ( 1.000000000000000000, 0.000000000000000000, 0.000000000000000000 ) ) ;
#5497 = AXIS2_PLACEMENT_3D ( 'NONE', #5571, #2336, #1001 ) ;
#5498 = EDGE_CURVE ( 'NONE', #3103, #634, #4655, .T. ) ;
#5499 = AXIS2_PLACEMENT_3D ( 'NONE', #4974, #2665, #1752 ) ;
#5500 = ORIENTED_EDGE ( 'NONE', *, *, #3223, .F. ) ;
#5501 = ORIENTED_EDGE ( 'NONE', *, *, #1958, .F. ) ;
#5502 = EDGE_CURVE ( 'NONE', #5158, #2069, #183, .T. ) ;
#5503 = PLANE ( 'NONE',  #3764 ) ;
#5504 = ORIENTED_EDGE ( 'NONE', *, *, #5453, .F. ) ;
#5505 = DIRECTION ( 'NONE',  ( -0.000000000000000000, -0.000000000000000000, 1.000000000000000000 ) ) ;
#5506 = MANIFOLD_SOLID_BREP ( 'LPattern2[1]', #374 ) ;
#5507 = CYLINDRICAL_SURFACE ( 'NONE', #3148, 0.1999999999999999833 ) ;
#5508 = AXIS2_PLACEMENT_3D ( 'NONE', #287, #3576, #2595 ) ;
#5509 = CARTESIAN_POINT ( 'NONE',  ( 2.900000000000000799, 6.900000000000000355, 3.750000000000000000 ) ) ;
#5510 = DIRECTION ( 'NONE',  ( 0.000000000000000000, 0.000000000000000000, 1.000000000000000000 ) ) ;
#5511 = ORIENTED_EDGE ( 'NONE', *, *, #3733, .T. ) ;
#5512 = EDGE_LOOP ( 'NONE', ( #611, #2215, #6001, #5009 ) ) ;
#5513 = LINE ( 'NONE', #5427, #4997 ) ;
#5514 = CARTESIAN_POINT ( 'NONE',  ( -3.000000000000000444, 2.530000000000000249, -0.8200000000000008393 ) ) ;
#5515 = DIRECTION ( 'NONE',  ( 0.000000000000000000, 0.000000000000000000, 1.000000000000000000 ) ) ;
#5516 = ADVANCED_FACE ( 'NONE', ( #4860 ), #694, .F. ) ;
#5517 = CARTESIAN_POINT ( 'NONE',  ( -3.000000000000000444, 2.530000000000000249, -0.7200000000000009726 ) ) ;
#5518 = DIRECTION ( 'NONE',  ( 1.000000000000000000, 1.161645184805897749E-16, 0.000000000000000000 ) ) ;
#5519 = VECTOR ( 'NONE', #1565, 1000.000000000000000 ) ;
#5520 = CARTESIAN_POINT ( 'NONE',  ( 2.700000000000000178, 1.200000000000000178, -1.250000000000001110 ) ) ;
#5521 = DIRECTION ( 'NONE',  ( 1.000000000000000000, 0.000000000000000000, 0.000000000000000000 ) ) ;
#5522 = ORIENTED_EDGE ( 'NONE', *, *, #4012, .F. ) ;
#5523 = EDGE_LOOP ( 'NONE', ( #2838, #4150, #1563, #599 ) ) ;
#5524 = CARTESIAN_POINT ( 'NONE',  ( 2.700000000000000178, 1.000000000000000000, -1.050000000000000711 ) ) ;
#5525 = DIRECTION ( 'NONE',  ( 0.000000000000000000, 0.000000000000000000, 1.000000000000000000 ) ) ;
#5526 = EDGE_CURVE ( 'NONE', #1584, #3320, #5535, .T. ) ;
#5527 = VECTOR ( 'NONE', #445, 1000.000000000000000 ) ;
#5528 = DIRECTION ( 'NONE',  ( 0.000000000000000000, -0.000000000000000000, -1.000000000000000000 ) ) ;
#5529 = ORIENTED_EDGE ( 'NONE', *, *, #1527, .T. ) ;
#5530 = ORIENTED_EDGE ( 'NONE', *, *, #4514, .T. ) ;
#5531 = ADVANCED_FACE ( 'NONE', ( #1870 ), #5562, .T. ) ;
#5532 = COLOUR_RGB ( '',0.4862745098039215619, 0.2352941176470588203, 0.01568627450980392135 ) ;
#5533 = CARTESIAN_POINT ( 'NONE',  ( 8.529233760890809535, 6.700000000000001066, -1.050000000000000044 ) ) ;
#5534 = EDGE_LOOP ( 'NONE', ( #690, #870, #2879, #5121, #2873, #5942, #4401, #5178 ) ) ;
#5535 = LINE ( 'NONE', #4093, #3202 ) ;
#5536 = DIRECTION ( 'NONE',  ( -1.000000000000000000, 0.000000000000000000, 0.000000000000000000 ) ) ;
#5537 = DIRECTION ( 'NONE',  ( 1.000000000000000000, 0.000000000000000000, -0.000000000000000000 ) ) ;
#5538 = VECTOR ( 'NONE', #5607, 1000.000000000000000 ) ;
#5539 = CARTESIAN_POINT ( 'NONE',  ( -4.607807737440317908, 6.700000000000001066, -1.450000000000000400 ) ) ;
#5540 = EDGE_LOOP ( 'NONE', ( #3427, #5760, #3632, #3536 ) ) ;
#5541 = ORIENTED_EDGE ( 'NONE', *, *, #1259, .T. ) ;
#5542 = AXIS2_PLACEMENT_3D ( 'NONE', #5804, #1669, #4524 ) ;
#5543 = CARTESIAN_POINT ( 'NONE',  ( -2.200000000000000622, 6.700000000000001066, -1.050000000000000044 ) ) ;
#5544 = CARTESIAN_POINT ( 'NONE',  ( -2.850000000000000533, 0.09999999999999979738, 3.750000000000000000 ) ) ;
#5545 = DIRECTION ( 'NONE',  ( 1.000000000000000000, 0.000000000000000000, 0.000000000000000000 ) ) ;
#5546 = CARTESIAN_POINT ( 'NONE',  ( -2.900000000000000799, 1.130000000000000115, -3.320000000000001172 ) ) ;
#5547 = DIRECTION ( 'NONE',  ( 0.000000000000000000, 0.000000000000000000, 1.000000000000000000 ) ) ;
#5548 = ADVANCED_FACE ( 'NONE', ( #1904 ), #5040, .T. ) ;
#5549 = EDGE_CURVE ( 'NONE', #2322, #4569, #3785, .T. ) ;
#5550 = DIRECTION ( 'NONE',  ( 0.000000000000000000, 0.000000000000000000, -1.000000000000000000 ) ) ;
#5551 = DIRECTION ( 'NONE',  ( -0.000000000000000000, -1.000000000000000000, 0.000000000000000000 ) ) ;
#5552 = ORIENTED_EDGE ( 'NONE', *, *, #5013, .T. ) ;
#5553 = VERTEX_POINT ( 'NONE', #2762 ) ;
#5554 = LINE ( 'NONE', #5943, #1681 ) ;
#5555 = DIRECTION ( 'NONE',  ( 1.000000000000000000, 0.000000000000000000, 0.000000000000000000 ) ) ;
#5556 = DIRECTION ( 'NONE',  ( 1.000000000000000000, 0.000000000000000000, -0.000000000000000000 ) ) ;
#5557 = EDGE_CURVE ( 'NONE', #5277, #5377, #1365, .T. ) ;
#5558 = VERTEX_POINT ( 'NONE', #3703 ) ;
#5559 = ORIENTED_EDGE ( 'NONE', *, *, #2741, .F. ) ;
#5560 = FACE_OUTER_BOUND ( 'NONE', #3814, .T. ) ;
#5561 = EDGE_LOOP ( 'NONE', ( #5397, #700, #4050, #1380 ) ) ;
#5562 = SPHERICAL_SURFACE ( 'NONE', #385, 0.2000000000000000111 ) ;
#5563 = CARTESIAN_POINT ( 'NONE',  ( 4.607807737440317908, 1.200000000000000622, 1.449999999999999289 ) ) ;
#5564 = CARTESIAN_POINT ( 'NONE',  ( 2.200000000000000622, 6.700000000000001066, -1.250000000000000222 ) ) ;
#5565 = PLANE ( 'NONE',  #5007 ) ;
#5566 = ORIENTED_EDGE ( 'NONE', *, *, #5440, .F. ) ;
#5567 = VERTEX_POINT ( 'NONE', #5069 ) ;
#5568 = DIRECTION ( 'NONE',  ( -0.000000000000000000, 1.000000000000000000, 1.182766006347823109E-16 ) ) ;
#5569 = DIRECTION ( 'NONE',  ( 1.000000000000000000, -0.000000000000000000, -0.000000000000000000 ) ) ;
#5570 = ADVANCED_FACE ( 'NONE', ( #3274 ), #475, .F. ) ;
#5571 = CARTESIAN_POINT ( 'NONE',  ( 8.529233760890809535, 1.200000000000000622, 1.279999999999999138 ) ) ;
#5572 = CARTESIAN_POINT ( 'NONE',  ( -2.700000000000000178, 6.700000000000001066, -1.050000000000000044 ) ) ;
#5573 = VECTOR ( 'NONE', #4322, 1000.000000000000000 ) ;
#5574 = LINE ( 'NONE', #1998, #3493 ) ;
#5575 = VECTOR ( 'NONE', #2861, 1000.000000000000000 ) ;
#5576 = AXIS2_PLACEMENT_3D ( 'NONE', #5543, #998, #5108 ) ;
#5577 = CARTESIAN_POINT ( 'NONE',  ( -2.850000000000000533, 0.1499999999999998557, 3.750000000000000000 ) ) ;
#5578 = DIRECTION ( 'NONE',  ( 0.000000000000000000, 0.000000000000000000, -1.000000000000000000 ) ) ;
#5579 = MANIFOLD_SOLID_BREP ( 'LPattern1[4]', #3775 ) ;
#5580 = EDGE_CURVE ( 'NONE', #4868, #5000, #4153, .T. ) ;
#5581 = VERTEX_POINT ( 'NONE', #2824 ) ;
#5582 = ORIENTED_EDGE ( 'NONE', *, *, #4984, .F. ) ;
#5583 = CARTESIAN_POINT ( 'NONE',  ( 2.200000000000000622, 6.870000000000000995, 1.449999999999999956 ) ) ;
#5584 = AXIS2_PLACEMENT_3D ( 'NONE', #5051, #5454, #2275 ) ;
#5585 = CIRCLE ( 'NONE', #1015, 0.2000000000000000944 ) ;
#5586 = FACE_OUTER_BOUND ( 'NONE', #5011, .T. ) ;
#5587 = ORIENTED_EDGE ( 'NONE', *, *, #2281, .F. ) ;
#5588 = VERTEX_POINT ( 'NONE', #933 ) ;
#5589 = CARTESIAN_POINT ( 'NONE',  ( 2.900000000000000355, 2.530000000000000249, 3.220000000000000639 ) ) ;
#5590 = AXIS2_PLACEMENT_3D ( 'NONE', #3257, #5110, #913 ) ;
#5591 = ORIENTED_EDGE ( 'NONE', *, *, #2725, .F. ) ;
#5592 =( GEOMETRIC_REPRESENTATION_CONTEXT ( 3 ) GLOBAL_UNCERTAINTY_ASSIGNED_CONTEXT ( ( #8 ) ) GLOBAL_UNIT_ASSIGNED_CONTEXT ( ( #5633, #5690, #977 ) ) REPRESENTATION_CONTEXT ( 'NONE', 'WORKASPACE' ) );
#5593 = FACE_OUTER_BOUND ( 'NONE', #1243, .T. ) ;
#5594 = CIRCLE ( 'NONE', #4033, 0.2000000000000000944 ) ;
#5595 = DIRECTION ( 'NONE',  ( -1.000000000000000000, -0.000000000000000000, -0.000000000000000000 ) ) ;
#5596 = ORIENTED_EDGE ( 'NONE', *, *, #5125, .T. ) ;
#5597 = FACE_OUTER_BOUND ( 'NONE', #2872, .T. ) ;
#5598 = ORIENTED_EDGE ( 'NONE', *, *, #4004, .T. ) ;
#5599 = AXIS2_PLACEMENT_3D ( 'NONE', #5157, #5064, #10 ) ;
#5600 = EDGE_CURVE ( 'NONE', #2723, #2935, #5921, .T. ) ;
#5601 = CARTESIAN_POINT ( 'NONE',  ( 2.200000000000000622, 6.700000000000001066, -1.450000000000000400 ) ) ;
#5602 = CARTESIAN_POINT ( 'NONE',  ( -3.000000000000000444, 2.629999999999999449, -0.7200000000000009726 ) ) ;
#5603 = CYLINDRICAL_SURFACE ( 'NONE', #4122, 0.2000000000000000944 ) ;
#5604 = VECTOR ( 'NONE', #1626, 1000.000000000000000 ) ;
#5605 = DIRECTION ( 'NONE',  ( -1.000000000000000000, 0.000000000000000000, 0.000000000000000000 ) ) ;
#5606 = EDGE_CURVE ( 'NONE', #347, #3359, #4669, .T. ) ;
#5607 = DIRECTION ( 'NONE',  ( -1.000000000000000000, -1.161645184805897749E-16, 0.000000000000000000 ) ) ;
#5608 = VECTOR ( 'NONE', #3034, 1000.000000000000000 ) ;
#5609 = PLANE ( 'NONE',  #3743 ) ;
#5610 = FACE_OUTER_BOUND ( 'NONE', #1867, .T. ) ;
#5611 = EDGE_LOOP ( 'NONE', ( #832, #5636, #1925 ) ) ;
#5612 = ORIENTED_EDGE ( 'NONE', *, *, #1418, .F. ) ;
#5613 = CARTESIAN_POINT ( 'NONE',  ( 8.529233760890809535, 1.200000000000000178, 3.549999999999998934 ) ) ;
#5614 = LINE ( 'NONE', #3787, #1613 ) ;
#5615 = ORIENTED_EDGE ( 'NONE', *, *, #4051, .T. ) ;
#5616 = EDGE_LOOP ( 'NONE', ( #2297, #1525, #2433, #5494 ) ) ;
#5617 = DIRECTION ( 'NONE',  ( -1.000000000000000000, -0.000000000000000000, -0.000000000000000000 ) ) ;
#5618 = CARTESIAN_POINT ( 'NONE',  ( -2.700000000000000178, 1.000000000000000000, -1.450000000000001288 ) ) ;
#5619 = PLANE ( 'NONE',  #2036 ) ;
#5620 = EDGE_CURVE ( 'NONE', #970, #2469, #3763, .T. ) ;
#5621 = CARTESIAN_POINT ( 'NONE',  ( 8.529233760890809535, 6.700000000000001066, 1.049999999999999822 ) ) ;
#5622 = FACE_OUTER_BOUND ( 'NONE', #3094, .T. ) ;
#5623 = AXIS2_PLACEMENT_3D ( 'NONE', #2381, #3364, #5280 ) ;
#5624 = EDGE_LOOP ( 'NONE', ( #5504, #4809, #2917, #155 ) ) ;
#5625 = CARTESIAN_POINT ( 'NONE',  ( -3.000000000000000444, 6.900000000000000355, -3.750000000000000000 ) ) ;
#5626 = DIRECTION ( 'NONE',  ( 0.000000000000000000, -0.000000000000000000, -1.000000000000000000 ) ) ;
#5627 = ORIENTED_EDGE ( 'NONE', *, *, #4967, .F. ) ;
#5628 = VECTOR ( 'NONE', #858, 1000.000000000000000 ) ;
#5629 = CARTESIAN_POINT ( 'NONE',  ( 2.200000000000000622, 1.200000000000000622, -1.220000000000000862 ) ) ;
#5630 = CARTESIAN_POINT ( 'NONE',  ( 4.607807737440317908, 6.900000000000000355, -1.250000000000000222 ) ) ;
#5631 = DIRECTION ( 'NONE',  ( 0.000000000000000000, 0.000000000000000000, 1.000000000000000000 ) ) ;
#5632 = EDGE_CURVE ( 'NONE', #2587, #1652, #4562, .T. ) ;
#5633 =( LENGTH_UNIT ( ) NAMED_UNIT ( * ) SI_UNIT ( .MILLI., .METRE. ) );
#5634 = PRESENTATION_LAYER_ASSIGNMENT (  '', '', ( #2321 ) ) ;
#5635 = CARTESIAN_POINT ( 'NONE',  ( 2.850000000000000533, 0.1499999999999998557, 3.750000000000000000 ) ) ;
#5636 = ORIENTED_EDGE ( 'NONE', *, *, #3333, .T. ) ;
#5637 = ORIENTED_EDGE ( 'NONE', *, *, #2666, .F. ) ;
#5638 = CARTESIAN_POINT ( 'NONE',  ( 8.529233760890809535, 1.030000000000000027, -3.550000000000001155 ) ) ;
#5639 = EDGE_CURVE ( 'NONE', #3934, #4952, #4267, .T. ) ;
#5640 = EDGE_CURVE ( 'NONE', #4790, #5816, #2502, .T. ) ;
#5641 =( NAMED_UNIT ( * ) SI_UNIT ( $, .STERADIAN. ) SOLID_ANGLE_UNIT ( ) );
#5642 = VERTEX_POINT ( 'NONE', #1023 ) ;
#5643 = ORIENTED_EDGE ( 'NONE', *, *, #5249, .F. ) ;
#5644 = CARTESIAN_POINT ( 'NONE',  ( -2.200000000000000622, 6.900000000000000355, -3.750000000000000444 ) ) ;
#5645 = CYLINDRICAL_SURFACE ( 'NONE', #565, 0.2000000000000000944 ) ;
#5646 = CARTESIAN_POINT ( 'NONE',  ( -4.607807737440317908, 6.700000000000001066, -1.250000000000000222 ) ) ;
#5647 = CARTESIAN_POINT ( 'NONE',  ( 2.200000000000000622, 6.123233995736781751E-18, 1.249999999999999778 ) ) ;
#5648 = FACE_OUTER_BOUND ( 'NONE', #1756, .T. ) ;
#5649 = ORIENTED_EDGE ( 'NONE', *, *, #485, .F. ) ;
#5650 = CARTESIAN_POINT ( 'NONE',  ( 4.607807737440317908, 6.900000000000000355, -3.750000000000000444 ) ) ;
#5651 = EDGE_CURVE ( 'NONE', #2587, #4090, #197, .T. ) ;
#5652 = CARTESIAN_POINT ( 'NONE',  ( 4.607807737440317908, 6.700000000000001066, -3.550000000000000266 ) ) ;
#5653 = EDGE_LOOP ( 'NONE', ( #5477, #496, #1274, #3594 ) ) ;
#5654 = LINE ( 'NONE', #573, #5187 ) ;
#5655 = PLANE ( 'NONE',  #5102 ) ;
#5656 = CARTESIAN_POINT ( 'NONE',  ( 3.000000000000000444, 1.030000000000000027, 3.220000000000000639 ) ) ;
#5657 = VERTEX_POINT ( 'NONE', #3328 ) ;
#5658 = FILL_AREA_STYLE_COLOUR ( '', #4497 ) ;
#5659 = FACE_OUTER_BOUND ( 'NONE', #249, .T. ) ;
#5660 = EDGE_CURVE ( 'NONE', #1772, #2132, #3879, .T. ) ;
#5661 = ORIENTED_EDGE ( 'NONE', *, *, #1891, .F. ) ;
#5662 = EDGE_LOOP ( 'NONE', ( #5870, #862, #259, #1808 ) ) ;
#5663 = CARTESIAN_POINT ( 'NONE',  ( -2.700000000000000178, 6.900000000000000355, -1.250000000000000222 ) ) ;
#5664 = CIRCLE ( 'NONE', #2752, 0.2000000000000000944 ) ;
#5665 = CYLINDRICAL_SURFACE ( 'NONE', #619, 0.2000000000000000944 ) ;
#5666 = AXIS2_PLACEMENT_3D ( 'NONE', #3191, #5450, #4958 ) ;
#5667 =( NAMED_UNIT ( * ) PLANE_ANGLE_UNIT ( ) SI_UNIT ( $, .RADIAN. ) );
#5668 = AXIS2_PLACEMENT_3D ( 'NONE', #1853, #1400, #2860 ) ;
#5669 = ORIENTED_EDGE ( 'NONE', *, *, #2406, .F. ) ;
#5670 = ORIENTED_EDGE ( 'NONE', *, *, #3860, .F. ) ;
#5671 = DIRECTION ( 'NONE',  ( 0.000000000000000000, 0.000000000000000000, 1.000000000000000000 ) ) ;
#5672 = CARTESIAN_POINT ( 'NONE',  ( -3.000000000000000444, 1.030000000000000027, -0.7200000000000009726 ) ) ;
#5673 = DIRECTION ( 'NONE',  ( 0.000000000000000000, 1.000000000000000000, 1.577021341797097314E-16 ) ) ;
#5674 = EDGE_CURVE ( 'NONE', #4083, #1594, #5442, .T. ) ;
#5675 = AXIS2_PLACEMENT_3D ( 'NONE', #4530, #4099, #366 ) ;
#5676 = VECTOR ( 'NONE', #681, 1000.000000000000000 ) ;
#5677 = CARTESIAN_POINT ( 'NONE',  ( -3.000000000000000444, 1.130000000000000115, 0.8200000000000003952 ) ) ;
#5678 = CARTESIAN_POINT ( 'NONE',  ( -1.800000000000000711, 6.123233995736781751E-18, 3.750000000000000000 ) ) ;
#5679 = AXIS2_PLACEMENT_3D ( 'NONE', #2832, #3803, #3315 ) ;
#5680 = ORIENTED_EDGE ( 'NONE', *, *, #4743, .F. ) ;
#5681 = PRESENTATION_LAYER_ASSIGNMENT (  '', '', ( #2775 ) ) ;
#5682 = DIRECTION ( 'NONE',  ( 0.000000000000000000, 0.000000000000000000, 1.000000000000000000 ) ) ;
#5683 = LINE ( 'NONE', #1964, #1528 ) ;
#5684 = VERTEX_POINT ( 'NONE', #1990 ) ;
#5685 = DIRECTION ( 'NONE',  ( 0.000000000000000000, -1.000000000000000000, -1.577021341797097314E-16 ) ) ;
#5686 = AXIS2_PLACEMENT_3D ( 'NONE', #1693, #5441, #1723 ) ;
#5687 = CARTESIAN_POINT ( 'NONE',  ( 1.800000000000000711, 6.123233995736781751E-18, -3.750000000000000000 ) ) ;
#5688 = FACE_BOUND ( 'NONE', #4969, .T. ) ;
#5689 = VECTOR ( 'NONE', #2113, 1000.000000000000000 ) ;
#5690 =( NAMED_UNIT ( * ) PLANE_ANGLE_UNIT ( ) SI_UNIT ( $, .RADIAN. ) );
#5691 = EDGE_CURVE ( 'NONE', #314, #3408, #5706, .T. ) ;
#5692 = AXIS2_PLACEMENT_3D ( 'NONE', #409, #5556, #895 ) ;
#5693 = LINE ( 'NONE', #1529, #2102 ) ;
#5694 = EDGE_LOOP ( 'NONE', ( #2027, #5353, #819, #2296 ) ) ;
#5695 = ORIENTED_EDGE ( 'NONE', *, *, #1510, .T. ) ;
#5696 = PLANE ( 'NONE',  #5376 ) ;
#5697 = CIRCLE ( 'NONE', #3078, 0.2000000000000000944 ) ;
#5698 = DIRECTION ( 'NONE',  ( 1.000000000000000000, 0.000000000000000000, 0.000000000000000000 ) ) ;
#5699 = LINE ( 'NONE', #5184, #2864 ) ;
#5700 = VECTOR ( 'NONE', #106, 1000.000000000000000 ) ;
#5701 = ORIENTED_EDGE ( 'NONE', *, *, #4816, .F. ) ;
#5702 = VERTEX_POINT ( 'NONE', #4294 ) ;
#5703 = ADVANCED_FACE ( 'NONE', ( #4759 ), #1957, .T. ) ;
#5704 = CARTESIAN_POINT ( 'NONE',  ( 2.700000000000000178, 6.700000000000001066, 3.549999999999999822 ) ) ;
#5705 = LINE ( 'NONE', #3878, #2404 ) ;
#5706 = LINE ( 'NONE', #5737, #869 ) ;
#5707 = FACE_OUTER_BOUND ( 'NONE', #1619, .T. ) ;
#5708 = ADVANCED_FACE ( 'NONE', ( #3819 ), #4331, .F. ) ;
#5709 = EDGE_LOOP ( 'NONE', ( #4871, #2536, #2739, #1051 ) ) ;
#5710 = DIRECTION ( 'NONE',  ( 1.000000000000000000, 0.000000000000000000, 0.000000000000000000 ) ) ;
#5711 = CARTESIAN_POINT ( 'NONE',  ( 2.700000000000000178, 6.900000000000000355, 1.449999999999999956 ) ) ;
#5712 = ORIENTED_EDGE ( 'NONE', *, *, #6013, .F. ) ;
#5713 = DIRECTION ( 'NONE',  ( 0.000000000000000000, 0.000000000000000000, 1.000000000000000000 ) ) ;
#5714 = EDGE_CURVE ( 'NONE', #3472, #4344, #4786, .T. ) ;
#5715 = EDGE_CURVE ( 'NONE', #2571, #863, #2051, .T. ) ;
#5716 = DIRECTION ( 'NONE',  ( 0.000000000000000000, 0.000000000000000000, -1.000000000000000000 ) ) ;
#5717 = CIRCLE ( 'NONE', #3287, 0.1700000000000000122 ) ;
#5718 = FACE_OUTER_BOUND ( 'NONE', #5561, .T. ) ;
#5719 = CARTESIAN_POINT ( 'NONE',  ( -2.700000000000000622, 6.700000000000001066, 1.049999999999999822 ) ) ;
#5720 = EDGE_CURVE ( 'NONE', #2010, #2731, #971, .T. ) ;
#5721 = VERTEX_POINT ( 'NONE', #2970 ) ;
#5722 = VECTOR ( 'NONE', #372, 1000.000000000000000 ) ;
#5723 = CARTESIAN_POINT ( 'NONE',  ( 2.200000000000000622, 1.000000000000000000, 1.049999999999998934 ) ) ;
#5724 = ORIENTED_EDGE ( 'NONE', *, *, #1330, .T. ) ;
#5725 = PLANE ( 'NONE',  #3755 ) ;
#5726 = ORIENTED_EDGE ( 'NONE', *, *, #2292, .T. ) ;
#5727 = EDGE_LOOP ( 'NONE', ( #1530, #3312, #2325, #4476 ) ) ;
#5728 = ADVANCED_FACE ( 'NONE', ( #563 ), #5619, .F. ) ;
#5729 = PLANE ( 'NONE',  #1448 ) ;
#5730 = AXIS2_PLACEMENT_3D ( 'NONE', #2172, #1774, #437 ) ;
#5731 = CARTESIAN_POINT ( 'NONE',  ( 2.900000000000000799, 6.700000000000001066, 1.449999999999999956 ) ) ;
#5732 = CYLINDRICAL_SURFACE ( 'NONE', #3168, 0.09999999999999961697 ) ;
#5733 = ORIENTED_EDGE ( 'NONE', *, *, #4595, .T. ) ;
#5734 = ORIENTED_EDGE ( 'NONE', *, *, #2616, .T. ) ;
#5735 = FACE_OUTER_BOUND ( 'NONE', #4558, .T. ) ;
#5736 = DIRECTION ( 'NONE',  ( 0.000000000000000000, 0.000000000000000000, -1.000000000000000000 ) ) ;
#5737 = CARTESIAN_POINT ( 'NONE',  ( 2.700000000000000178, 1.000000000000000000, -1.250000000000001110 ) ) ;
#5738 = DIRECTION ( 'NONE',  ( 1.000000000000000000, -0.000000000000000000, -0.000000000000000000 ) ) ;
#5739 = EDGE_LOOP ( 'NONE', ( #5222, #4794, #2169 ) ) ;
#5740 = EDGE_LOOP ( 'NONE', ( #4158, #1266, #2516, #1817, #1788, #2907, #5522, #5300 ) ) ;
#5741 = DIRECTION ( 'NONE',  ( -1.000000000000000000, 0.000000000000000000, 0.000000000000000000 ) ) ;
#5742 = EDGE_LOOP ( 'NONE', ( #5444, #2442, #5809, #1616 ) ) ;
#5743 = SURFACE_SIDE_STYLE ('',( #1546 ) ) ;
#5744 = DIRECTION ( 'NONE',  ( -1.000000000000000000, -0.000000000000000000, -0.000000000000000000 ) ) ;
#5745 = DIRECTION ( 'NONE',  ( 1.000000000000000000, -0.000000000000000000, -0.000000000000000000 ) ) ;
#5746 = CARTESIAN_POINT ( 'NONE',  ( -2.200000000000000622, 6.900000000000000355, -1.450000000000000400 ) ) ;
#5747 = ORIENTED_EDGE ( 'NONE', *, *, #945, .F. ) ;
#5748 = EDGE_CURVE ( 'NONE', #1556, #3972, #1084, .T. ) ;
#5749 =( NAMED_UNIT ( * ) SI_UNIT ( $, .STERADIAN. ) SOLID_ANGLE_UNIT ( ) );
#5750 = VERTEX_POINT ( 'NONE', #1451 ) ;
#5751 = CARTESIAN_POINT ( 'NONE',  ( -1.800000000000000711, 0.1000000000000000056, 3.750000000000000000 ) ) ;
#5752 = ORIENTED_EDGE ( 'NONE', *, *, #3418, .T. ) ;
#5753 = EDGE_LOOP ( 'NONE', ( #1818, #4413, #4547, #5701 ) ) ;
#5754 = DIRECTION ( 'NONE',  ( 1.000000000000000000, 0.000000000000000000, 0.000000000000000000 ) ) ;
#5755 = CARTESIAN_POINT ( 'NONE',  ( -2.900000000000000799, 1.130000000000000115, -0.8200000000000012834 ) ) ;
#5756 = EDGE_CURVE ( 'NONE', #389, #4175, #2847, .T. ) ;
#5757 = CARTESIAN_POINT ( 'NONE',  ( -2.850000000000000533, 0.09999999999999979738, 3.750000000000000000 ) ) ;
#5758 = ORIENTED_EDGE ( 'NONE', *, *, #2790, .T. ) ;
#5759 = VECTOR ( 'NONE', #3028, 1000.000000000000000 ) ;
#5760 = ORIENTED_EDGE ( 'NONE', *, *, #2809, .T. ) ;
#5761 = CARTESIAN_POINT ( 'NONE',  ( 8.529233760890809535, 1.200000000000000622, -1.280000000000001137 ) ) ;
#5762 = CARTESIAN_POINT ( 'NONE',  ( 8.529233760890809535, 1.200000000000000622, -1.220000000000000862 ) ) ;
#5763 = DIRECTION ( 'NONE',  ( 0.000000000000000000, 0.000000000000000000, 1.000000000000000000 ) ) ;
#5764 = CIRCLE ( 'NONE', #4315, 0.09999999999999982514 ) ;
#5765 = CIRCLE ( 'NONE', #5576, 0.1999999999999999833 ) ;
#5766 = EDGE_CURVE ( 'NONE', #3892, #93, #2911, .T. ) ;
#5767 = CARTESIAN_POINT ( 'NONE',  ( -2.700000000000000178, 6.700000000000001066, -1.250000000000000222 ) ) ;
#5768 = ORIENTED_EDGE ( 'NONE', *, *, #2985, .T. ) ;
#5769 = ORIENTED_EDGE ( 'NONE', *, *, #433, .T. ) ;
#5770 = DIRECTION ( 'NONE',  ( 1.000000000000000000, 0.000000000000000000, 0.000000000000000000 ) ) ;
#5771 = AXIS2_PLACEMENT_3D ( 'NONE', #4250, #4652, #1487 ) ;
#5772 = ORIENTED_EDGE ( 'NONE', *, *, #4219, .F. ) ;
#5773 = CARTESIAN_POINT ( 'NONE',  ( -2.900000000000000799, 2.530000000000000249, -1.779999999999999361 ) ) ;
#5774 = LINE ( 'NONE', #2031, #1692 ) ;
#5775 = DIRECTION ( 'NONE',  ( 0.000000000000000000, 0.000000000000000000, 1.000000000000000000 ) ) ;
#5776 = VECTOR ( 'NONE', #3054, 1000.000000000000000 ) ;
#5777 = FACE_OUTER_BOUND ( 'NONE', #714, .T. ) ;
#5778 = ORIENTED_EDGE ( 'NONE', *, *, #1517, .T. ) ;
#5779 = EDGE_CURVE ( 'NONE', #2723, #2865, #2436, .T. ) ;
#5780 = VECTOR ( 'NONE', #5134, 1000.000000000000000 ) ;
#5781 = VECTOR ( 'NONE', #4854, 1000.000000000000000 ) ;
#5782 = ORIENTED_EDGE ( 'NONE', *, *, #4521, .T. ) ;
#5783 = DIRECTION ( 'NONE',  ( 1.000000000000000000, 0.000000000000000000, 0.000000000000000000 ) ) ;
#5784 = EDGE_CURVE ( 'NONE', #3498, #4900, #3305, .T. ) ;
#5785 = EDGE_LOOP ( 'NONE', ( #2545, #377, #355, #3770 ) ) ;
#5786 = ORIENTED_EDGE ( 'NONE', *, *, #2833, .F. ) ;
#5787 = DIRECTION ( 'NONE',  ( 1.000000000000000000, 0.000000000000000000, 0.000000000000000000 ) ) ;
#5788 = CARTESIAN_POINT ( 'NONE',  ( 2.200000000000000622, 6.870000000000000995, -1.050000000000000044 ) ) ;
#5789 = DIRECTION ( 'NONE',  ( 0.000000000000000000, 1.000000000000000000, 1.470104640658311001E-16 ) ) ;
#5790 = FACE_OUTER_BOUND ( 'NONE', #2750, .T. ) ;
#5791 = AXIS2_PLACEMENT_3D ( 'NONE', #1890, #2783, #5578 ) ;
#5792 = EDGE_LOOP ( 'NONE', ( #4765, #3605, #4904, #1801 ) ) ;
#5793 = ORIENTED_EDGE ( 'NONE', *, *, #4325, .T. ) ;
#5794 = FACE_OUTER_BOUND ( 'NONE', #127, .T. ) ;
#5795 = CARTESIAN_POINT ( 'NONE',  ( -2.700000000000000178, 1.200000000000000178, 1.249999999999998890 ) ) ;
#5796 = DIRECTION ( 'NONE',  ( -0.000000000000000000, 0.000000000000000000, -1.000000000000000000 ) ) ;
#5797 = VECTOR ( 'NONE', #1349, 1000.000000000000000 ) ;
#5798 = DIRECTION ( 'NONE',  ( 1.000000000000000000, 0.000000000000000000, 0.000000000000000000 ) ) ;
#5799 = ORIENTED_EDGE ( 'NONE', *, *, #1444, .T. ) ;
#5800 = ORIENTED_EDGE ( 'NONE', *, *, #993, .T. ) ;
#5801 = CARTESIAN_POINT ( 'NONE',  ( 2.200000000000000622, 6.123233995736781751E-18, 3.750000000000000000 ) ) ;
#5802 = VECTOR ( 'NONE', #3727, 1000.000000000000000 ) ;
#5803 = ORIENTED_EDGE ( 'NONE', *, *, #1675, .F. ) ;
#5804 = CARTESIAN_POINT ( 'NONE',  ( -3.000000000000000444, 1.130000000000000115, -0.7200000000000009726 ) ) ;
#5805 = EDGE_CURVE ( 'NONE', #621, #1154, #1443, .T. ) ;
#5806 = DIRECTION ( 'NONE',  ( 1.000000000000000000, 0.000000000000000000, 0.000000000000000000 ) ) ;
#5807 = CARTESIAN_POINT ( 'NONE',  ( 2.900000000000000799, 0.1500000000000020484, -3.320000000000001616 ) ) ;
#5808 = CARTESIAN_POINT ( 'NONE',  ( 2.900000000000000799, 0.000000000000000000, -2.500000000000000000 ) ) ;
#5809 = ORIENTED_EDGE ( 'NONE', *, *, #1095, .T. ) ;
#5810 = CIRCLE ( 'NONE', #1825, 0.1499999999999999667 ) ;
#5811 = SURFACE_STYLE_USAGE ( .BOTH. , #2581 ) ;
#5812 = EDGE_CURVE ( 'NONE', #5137, #5188, #3938, .T. ) ;
#5813 = VERTEX_POINT ( 'NONE', #688 ) ;
#5814 = DIRECTION ( 'NONE',  ( -1.000000000000000000, 0.000000000000000000, 0.000000000000000000 ) ) ;
#5815 = ORIENTED_EDGE ( 'NONE', *, *, #1781, .F. ) ;
#5816 = VERTEX_POINT ( 'NONE', #226 ) ;
#5817 = LINE ( 'NONE', #2590, #5628 ) ;
#5818 = DIRECTION ( 'NONE',  ( 1.000000000000000000, -0.000000000000000000, -0.000000000000000000 ) ) ;
#5819 = CIRCLE ( 'NONE', #1927, 0.2000000000000000944 ) ;
#5820 = CARTESIAN_POINT ( 'NONE',  ( -2.200000000000000622, 1.200000000000000622, -1.280000000000001137 ) ) ;
#5821 = CARTESIAN_POINT ( 'NONE',  ( 1.800000000000000711, 0.1000000000000000056, -3.750000000000000000 ) ) ;
#5822 = ORIENTED_EDGE ( 'NONE', *, *, #1290, .T. ) ;
#5823 = ORIENTED_EDGE ( 'NONE', *, *, #1991, .T. ) ;
#5824 = ADVANCED_FACE ( 'NONE', ( #2118 ), #4452, .F. ) ;
#5825 = STYLED_ITEM ( 'NONE', ( #5896 ), #5506 ) ;
#5826 = DIRECTION ( 'NONE',  ( -1.000000000000000000, 0.000000000000000000, 0.000000000000000000 ) ) ;
#5827 = DIRECTION ( 'NONE',  ( 1.000000000000000000, -0.000000000000000000, -0.000000000000000000 ) ) ;
#5828 = LINE ( 'NONE', #5374, #2726 ) ;
#5829 = EDGE_CURVE ( 'NONE', #3250, #1753, #783, .T. ) ;
#5830 = FACE_OUTER_BOUND ( 'NONE', #266, .T. ) ;
#5831 = ORIENTED_EDGE ( 'NONE', *, *, #1581, .F. ) ;
#5832 = VERTEX_POINT ( 'NONE', #5888 ) ;
#5833 = ADVANCED_FACE ( 'NONE', ( #1722 ), #317, .F. ) ;
#5834 = CARTESIAN_POINT ( 'NONE',  ( -2.700000000000000178, 6.700000000000001066, -1.450000000000000400 ) ) ;
#5835 = ORIENTED_EDGE ( 'NONE', *, *, #3375, .T. ) ;
#5836 = DIRECTION ( 'NONE',  ( 0.000000000000000000, -1.000000000000000000, 0.000000000000000000 ) ) ;
#5837 = DIRECTION ( 'NONE',  ( 0.000000000000000000, 0.000000000000000000, -1.000000000000000000 ) ) ;
#5838 = DIRECTION ( 'NONE',  ( 1.000000000000000000, 0.000000000000000000, 0.000000000000000000 ) ) ;
#5839 = LINE ( 'NONE', #2677, #3254 ) ;
#5840 = ADVANCED_FACE ( 'NONE', ( #3061 ), #1631, .T. ) ;
#5841 = ORIENTED_EDGE ( 'NONE', *, *, #2007, .F. ) ;
#5842 = CARTESIAN_POINT ( 'NONE',  ( -2.200000000000000622, 1.200000000000000178, 1.049999999999998934 ) ) ;
#5843 = ORIENTED_EDGE ( 'NONE', *, *, #5784, .T. ) ;
#5844 = CARTESIAN_POINT ( 'NONE',  ( -2.900000000000000799, 1.200000000000000178, 1.449999999999999289 ) ) ;
#5845 = ORIENTED_EDGE ( 'NONE', *, *, #5969, .T. ) ;
#5846 = VERTEX_POINT ( 'NONE', #1148 ) ;
#5847 = CARTESIAN_POINT ( 'NONE',  ( 3.000000000000000444, 2.530000000000000249, -3.220000000000001084 ) ) ;
#5848 = CARTESIAN_POINT ( 'NONE',  ( 2.700000000000000622, 6.700000000000001066, 1.449999999999999956 ) ) ;
#5849 = LINE ( 'NONE', #711, #4622 ) ;
#5850 = ORIENTED_EDGE ( 'NONE', *, *, #969, .F. ) ;
#5851 = ORIENTED_EDGE ( 'NONE', *, *, #764, .T. ) ;
#5852 = CARTESIAN_POINT ( 'NONE',  ( 2.900000000000000799, 6.700000000000001066, 0.000000000000000000 ) ) ;
#5853 = CARTESIAN_POINT ( 'NONE',  ( 2.200000000000000622, 1.000000000000000000, 3.749999999999999112 ) ) ;
#5854 = CARTESIAN_POINT ( 'NONE',  ( 2.200000000000000622, 6.900000000000000355, 1.249999999999999778 ) ) ;
#5855 = EDGE_CURVE ( 'NONE', #3175, #580, #3582, .T. ) ;
#5856 = PLANE ( 'NONE',  #5686 ) ;
#5857 = CIRCLE ( 'NONE', #607, 0.2000000000000000944 ) ;
#5858 = ORIENTED_EDGE ( 'NONE', *, *, #695, .F. ) ;
#5859 = ORIENTED_EDGE ( 'NONE', *, *, #3397, .F. ) ;
#5860 = EDGE_CURVE ( 'NONE', #3972, #3952, #4852, .T. ) ;
#5861 = CARTESIAN_POINT ( 'NONE',  ( -2.900000000000000799, 6.700000000000001066, -0.000000000000000000 ) ) ;
#5862 = ORIENTED_EDGE ( 'NONE', *, *, #2849, .T. ) ;
#5863 =( LENGTH_UNIT ( ) NAMED_UNIT ( * ) SI_UNIT ( .MILLI., .METRE. ) );
#5864 = VECTOR ( 'NONE', #211, 1000.000000000000000 ) ;
#5865 = AXIS2_PLACEMENT_3D ( 'NONE', #3581, #804, #350 ) ;
#5866 = DIRECTION ( 'NONE',  ( -0.000000000000000000, -1.000000000000000000, -1.102578480493733066E-16 ) ) ;
#5867 = CARTESIAN_POINT ( 'NONE',  ( 2.700000000000000178, 6.900000000000000355, 1.049999999999999822 ) ) ;
#5868 = DIRECTION ( 'NONE',  ( 1.000000000000000000, 0.000000000000000000, -0.000000000000000000 ) ) ;
#5869 = VECTOR ( 'NONE', #1522, 1000.000000000000000 ) ;
#5870 = ORIENTED_EDGE ( 'NONE', *, *, #859, .T. ) ;
#5871 = VECTOR ( 'NONE', #1091, 1000.000000000000000 ) ;
#5872 = CARTESIAN_POINT ( 'NONE',  ( 3.000000000000000444, 2.530000000000000249, 0.8200000000000003952 ) ) ;
#5873 = FACE_BOUND ( 'NONE', #620, .T. ) ;
#5874 = LINE ( 'NONE', #797, #838 ) ;
#5875 = AXIS2_PLACEMENT_3D ( 'NONE', #394, #1307, #5017 ) ;
#5876 = VECTOR ( 'NONE', #3256, 1000.000000000000000 ) ;
#5877 = ORIENTED_EDGE ( 'NONE', *, *, #1027, .F. ) ;
#5878 = CARTESIAN_POINT ( 'NONE',  ( -3.000000000000000444, 2.530000000000000249, 0.7200000000000006395 ) ) ;
#5879 = EDGE_CURVE ( 'NONE', #67, #2785, #1270, .T. ) ;
#5880 = DIRECTION ( 'NONE',  ( 1.000000000000000000, -0.000000000000000000, -0.000000000000000000 ) ) ;
#5881 = VECTOR ( 'NONE', #1481, 1000.000000000000000 ) ;
#5882 = DIRECTION ( 'NONE',  ( 1.000000000000000000, 0.000000000000000000, 0.000000000000000000 ) ) ;
#5883 = ORIENTED_EDGE ( 'NONE', *, *, #5748, .T. ) ;
#5884 = EDGE_LOOP ( 'NONE', ( #747, #3008, #2717, #4429 ) ) ;
#5885 = LINE ( 'NONE', #5852, #5759 ) ;
#5886 = STYLED_ITEM ( 'NONE', ( #867 ), #3395 ) ;
#5887 = FACE_OUTER_BOUND ( 'NONE', #3523, .T. ) ;
#5888 = CARTESIAN_POINT ( 'NONE',  ( -3.000000000000000444, 2.530000000000000249, 1.679999999999999272 ) ) ;
#5889 = CIRCLE ( 'NONE', #643, 0.2000000000000000944 ) ;
#5890 = FACE_OUTER_BOUND ( 'NONE', #5742, .T. ) ;
#5891 = EDGE_CURVE ( 'NONE', #1911, #1143, #3490, .T. ) ;
#5892 = ORIENTED_EDGE ( 'NONE', *, *, #883, .F. ) ;
#5893 = ORIENTED_EDGE ( 'NONE', *, *, #3298, .T. ) ;
#5894 = CARTESIAN_POINT ( 'NONE',  ( 2.200000000000000622, 1.200000000000000178, 3.549999999999998934 ) ) ;
#5895 = VERTEX_POINT ( 'NONE', #5345 ) ;
#5896 = PRESENTATION_STYLE_ASSIGNMENT (( #4003 ) ) ;
#5897 = AXIS2_PLACEMENT_3D ( 'NONE', #5801, #5379, #1696 ) ;
#5898 = DIRECTION ( 'NONE',  ( -1.000000000000000000, 0.000000000000000000, 0.000000000000000000 ) ) ;
#5899 = FACE_OUTER_BOUND ( 'NONE', #3514, .T. ) ;
#5900 = ADVANCED_FACE ( 'NONE', ( #1597 ), #805, .F. ) ;
#5901 = FACE_OUTER_BOUND ( 'NONE', #2997, .T. ) ;
#5902 = CIRCLE ( 'NONE', #550, 0.1700000000000000122 ) ;
#5903 = VERTEX_POINT ( 'NONE', #717 ) ;
#5904 = EDGE_CURVE ( 'NONE', #3508, #3472, #2501, .T. ) ;
#5905 = DIRECTION ( 'NONE',  ( 0.000000000000000000, 1.000000000000000000, 0.000000000000000000 ) ) ;
#5906 = CARTESIAN_POINT ( 'NONE',  ( -1.800000000000000711, 0.1000000000000000056, 3.750000000000000000 ) ) ;
#5907 = EDGE_CURVE ( 'NONE', #871, #5832, #5828, .T. ) ;
#5908 = DIRECTION ( 'NONE',  ( -0.000000000000000000, -1.000000000000000000, -1.102578480493733066E-16 ) ) ;
#5909 = EDGE_LOOP ( 'NONE', ( #4070, #434, #2834 ) ) ;
#5910 = PLANE ( 'NONE',  #3592 ) ;
#5911 = DIRECTION ( 'NONE',  ( 1.000000000000000000, 0.000000000000000000, 0.000000000000000000 ) ) ;
#5912 = EDGE_CURVE ( 'NONE', #3673, #480, #2818, .T. ) ;
#5913 = SURFACE_SIDE_STYLE ('',( #3114 ) ) ;
#5914 = EDGE_CURVE ( 'NONE', #1179, #480, #3994, .T. ) ;
#5915 = ORIENTED_EDGE ( 'NONE', *, *, #2755, .F. ) ;
#5916 = ORIENTED_EDGE ( 'NONE', *, *, #3109, .F. ) ;
#5917 = CARTESIAN_POINT ( 'NONE',  ( 4.607807737440317908, 1.200000000000000622, -1.250000000000000888 ) ) ;
#5918 = DIRECTION ( 'NONE',  ( -0.000000000000000000, 1.000000000000000000, 3.097720492815727166E-16 ) ) ;
#5919 = VECTOR ( 'NONE', #1653, 1000.000000000000000 ) ;
#5920 = CARTESIAN_POINT ( 'NONE',  ( -3.000000000000000444, 1.030000000000000027, -1.779999999999999361 ) ) ;
#5921 = CIRCLE ( 'NONE', #2617, 0.2000000000000000944 ) ;
#5922 = VERTEX_POINT ( 'NONE', #3548 ) ;
#5923 = EDGE_LOOP ( 'NONE', ( #677, #1987, #2490, #4247 ) ) ;
#5924 = FACE_BOUND ( 'NONE', #2407, .T. ) ;
#5925 = FACE_OUTER_BOUND ( 'NONE', #1485, .T. ) ;
#5926 = AXIS2_PLACEMENT_3D ( 'NONE', #1357, #4173, #836 ) ;
#5927 = CARTESIAN_POINT ( 'NONE',  ( 2.200000000000000622, 6.700000000000001066, 3.719999999999999751 ) ) ;
#5928 = PLANE ( 'NONE',  #4109 ) ;
#5929 = CARTESIAN_POINT ( 'NONE',  ( 2.700000000000000178, 1.200000000000000622, 1.249999999999999112 ) ) ;
#5930 = VERTEX_POINT ( 'NONE', #5411 ) ;
#5931 = CYLINDRICAL_SURFACE ( 'NONE', #822, 0.2000000000000000944 ) ;
#5932 = CARTESIAN_POINT ( 'NONE',  ( 2.899999999999998579, 1.130000000000000115, -0.8200000000000012834 ) ) ;
#5933 = DIRECTION ( 'NONE',  ( 0.000000000000000000, -1.000000000000000000, -1.470104640658311001E-16 ) ) ;
#5934 = DIRECTION ( 'NONE',  ( 1.000000000000000000, -0.000000000000000000, -0.000000000000000000 ) ) ;
#5935 = ORIENTED_EDGE ( 'NONE', *, *, #4469, .T. ) ;
#5936 = ADVANCED_FACE ( 'NONE', ( #4946 ), #4481, .F. ) ;
#5937 = DIRECTION ( 'NONE',  ( 1.000000000000000000, -0.000000000000000000, -0.000000000000000000 ) ) ;
#5938 = LINE ( 'NONE', #2836, #2460 ) ;
#5939 = ADVANCED_FACE ( 'NONE', ( #3267 ), #5975, .T. ) ;
#5940 = FACE_OUTER_BOUND ( 'NONE', #3902, .T. ) ;
#5941 = ORIENTED_EDGE ( 'NONE', *, *, #255, .F. ) ;
#5942 = ORIENTED_EDGE ( 'NONE', *, *, #889, .T. ) ;
#5943 = CARTESIAN_POINT ( 'NONE',  ( 2.900000000000000799, 0.1499999999999998557, -1.679999999999999272 ) ) ;
#5944 = CARTESIAN_POINT ( 'NONE',  ( 2.899999999999998579, 1.130000000000000115, 0.8200000000000003952 ) ) ;
#5945 = ADVANCED_FACE ( 'NONE', ( #4114 ), #3145, .F. ) ;
#5946 = CARTESIAN_POINT ( 'NONE',  ( -3.000000000000000444, 1.130000000000000115, -3.320000000000001172 ) ) ;
#5947 = ORIENTED_EDGE ( 'NONE', *, *, #1145, .F. ) ;
#5948 = VERTEX_POINT ( 'NONE', #4578 ) ;
#5949 = CARTESIAN_POINT ( 'NONE',  ( -2.850000000000000533, -1.355252715606880543E-16, 3.750000000000000000 ) ) ;
#5950 = DIRECTION ( 'NONE',  ( 0.000000000000000000, 0.000000000000000000, -1.000000000000000000 ) ) ;
#5951 = EDGE_CURVE ( 'NONE', #534, #3319, #4841, .T. ) ;
#5952 = CARTESIAN_POINT ( 'NONE',  ( -2.200000000000000622, 1.030000000000000027, -1.450000000000001288 ) ) ;
#5953 = DIRECTION ( 'NONE',  ( 0.000000000000000000, 1.000000000000000000, 1.470104640658311001E-16 ) ) ;
#5954 = LINE ( 'NONE', #1703, #1602 ) ;
#5955 = ORIENTED_EDGE ( 'NONE', *, *, #4932, .T. ) ;
#5956 = ORIENTED_EDGE ( 'NONE', *, *, #557, .F. ) ;
#5957 = VECTOR ( 'NONE', #4259, 1000.000000000000000 ) ;
#5958 = DIRECTION ( 'NONE',  ( 0.000000000000000000, 1.000000000000000000, 1.470104640658311001E-16 ) ) ;
#5959 = DIRECTION ( 'NONE',  ( 1.000000000000000000, 0.000000000000000000, 0.000000000000000000 ) ) ;
#5960 = CIRCLE ( 'NONE', #3337, 0.2000000000000000944 ) ;
#5962 = CIRCLE ( 'NONE', #4498, 0.05000000000000012768 ) ;
#5961 = FACE_OUTER_BOUND ( 'NONE', #5792, .T. ) ;
#5963 = CARTESIAN_POINT ( 'NONE',  ( -2.200000000000000622, 1.030000000000000027, 1.049999999999998934 ) ) ;
#5964 = EDGE_CURVE ( 'NONE', #5137, #389, #2620, .T. ) ;
#5965 = LINE ( 'NONE', #2687, #961 ) ;
#5966 = CIRCLE ( 'NONE', #4898, 0.1700000000000000122 ) ;
#5967 = VECTOR ( 'NONE', #2212, 1000.000000000000000 ) ;
#5968 = FACE_OUTER_BOUND ( 'NONE', #258, .T. ) ;
#5969 = EDGE_CURVE ( 'NONE', #5553, #3588, #2234, .T. ) ;
#5970 = LINE ( 'NONE', #4684, #4326 ) ;
#5971 = EDGE_LOOP ( 'NONE', ( #203, #370, #5285, #4016 ) ) ;
#5972 = EDGE_LOOP ( 'NONE', ( #4523, #5189, #3042, #6002, #5778, #2520, #346, #1440 ) ) ;
#5973 = DIRECTION ( 'NONE',  ( -1.000000000000000000, 0.000000000000000000, 0.000000000000000000 ) ) ;
#5974 = UNCERTAINTY_MEASURE_WITH_UNIT (LENGTH_MEASURE( 1.000000000000000082E-05 ), #2931, 'distance_accuracy_value', 'NONE');
#5975 = CYLINDRICAL_SURFACE ( 'NONE', #6021, 0.2000000000000000944 ) ;
#5976 = VECTOR ( 'NONE', #2128, 1000.000000000000000 ) ;
#5977 = DIRECTION ( 'NONE',  ( 0.000000000000000000, 0.000000000000000000, 1.000000000000000000 ) ) ;
#5978 = CIRCLE ( 'NONE', #349, 0.09999999999999961697 ) ;
#5979 = ORIENTED_EDGE ( 'NONE', *, *, #4086, .T. ) ;
#5980 = EDGE_LOOP ( 'NONE', ( #675, #4289, #5332, #608 ) ) ;
#5981 = CARTESIAN_POINT ( 'NONE',  ( -3.000000000000000444, 1.030000000000000027, 3.220000000000000639 ) ) ;
#5982 = CARTESIAN_POINT ( 'NONE',  ( 8.529233760890809535, 1.030000000000000027, -1.050000000000000933 ) ) ;
#5983 = DIRECTION ( 'NONE',  ( 1.000000000000000000, 0.000000000000000000, 0.000000000000000000 ) ) ;
#5984 = AXIS2_PLACEMENT_3D ( 'NONE', #982, #39, #2375 ) ;
#5985 = DIRECTION ( 'NONE',  ( 0.000000000000000000, -1.000000000000000000, 0.000000000000000000 ) ) ;
#5986 = FACE_OUTER_BOUND ( 'NONE', #1705, .T. ) ;
#5987 = VERTEX_POINT ( 'NONE', #5944 ) ;
#5988 = EDGE_CURVE ( 'NONE', #2150, #2865, #1070, .T. ) ;
#5989 = ORIENTED_EDGE ( 'NONE', *, *, #3486, .F. ) ;
#5990 = ADVANCED_FACE ( 'NONE', ( #5003 ), #3636, .F. ) ;
#5991 = DIRECTION ( 'NONE',  ( 1.000000000000000000, 0.000000000000000000, -0.000000000000000000 ) ) ;
#5992 = CARTESIAN_POINT ( 'NONE',  ( 2.200000000000000622, 1.030000000000000027, -1.450000000000001288 ) ) ;
#5993 = AXIS2_PLACEMENT_3D ( 'NONE', #1, #3623, #1316 ) ;
#5994 = CARTESIAN_POINT ( 'NONE',  ( -2.200000000000000622, 1.200000000000000622, -1.220000000000000862 ) ) ;
#5995 = LINE ( 'NONE', #4076, #3568 ) ;
#5996 = DIRECTION ( 'NONE',  ( 0.000000000000000000, 0.000000000000000000, 1.000000000000000000 ) ) ;
#5997 = AXIS2_PLACEMENT_3D ( 'NONE', #1690, #1203, #5373 ) ;
#5999 = EDGE_CURVE ( 'NONE', #410, #3066, #3300, .T. ) ;
#5998 = DIRECTION ( 'NONE',  ( 0.000000000000000000, 0.000000000000000000, 1.000000000000000000 ) ) ;
#6000 = CARTESIAN_POINT ( 'NONE',  ( -3.000000000000000444, 1.030000000000000027, 1.779999999999999138 ) ) ;
#6001 = ORIENTED_EDGE ( 'NONE', *, *, #5138, .T. ) ;
#6002 = ORIENTED_EDGE ( 'NONE', *, *, #1161, .T. ) ;
#6003 = DIRECTION ( 'NONE',  ( 0.000000000000000000, 0.000000000000000000, 1.000000000000000000 ) ) ;
#6004 = VECTOR ( 'NONE', #3125, 1000.000000000000000 ) ;
#6005 = DIRECTION ( 'NONE',  ( 1.000000000000000000, -0.000000000000000000, -0.000000000000000000 ) ) ;
#6006 = EDGE_CURVE ( 'NONE', #2305, #364, #1735, .T. ) ;
#6007 = EDGE_LOOP ( 'NONE', ( #5637, #5303, #1081, #3528 ) ) ;
#6008 = ORIENTED_EDGE ( 'NONE', *, *, #5160, .T. ) ;
#6009 = AXIS2_PLACEMENT_3D ( 'NONE', #3660, #2196, #3226 ) ;
#6010 = CARTESIAN_POINT ( 'NONE',  ( 4.607807737440317908, 1.200000000000000178, 1.049999999999998934 ) ) ;
#6011 = DIRECTION ( 'NONE',  ( 0.000000000000000000, 1.000000000000000000, 0.000000000000000000 ) ) ;
#6012 = DIRECTION ( 'NONE',  ( -1.000000000000000000, -0.000000000000000000, -0.000000000000000000 ) ) ;
#6013 = EDGE_CURVE ( 'NONE', #2069, #1789, #1295, .T. ) ;
#6014 = LINE ( 'NONE', #2405, #1496 ) ;
#6015 = DIRECTION ( 'NONE',  ( 0.000000000000000000, 0.000000000000000000, 1.000000000000000000 ) ) ;
#6016 = VECTOR ( 'NONE', #131, 1000.000000000000000 ) ;
#6017 = DIRECTION ( 'NONE',  ( 1.000000000000000000, -0.000000000000000000, -0.000000000000000000 ) ) ;
#6018 = ADVANCED_FACE ( 'NONE', ( #1383 ), #865, .F. ) ;
#6019 = EDGE_LOOP ( 'NONE', ( #452, #3435, #3894, #162 ) ) ;
#6020 = ORIENTED_EDGE ( 'NONE', *, *, #220, .F. ) ;
#6021 = AXIS2_PLACEMENT_3D ( 'NONE', #2257, #5555, #5063 ) ;
#6022 = DIRECTION ( 'NONE',  ( 0.000000000000000000, -1.102578480493733066E-16, 1.000000000000000000 ) ) ;
#6023 = DIRECTION ( 'NONE',  ( -1.000000000000000000, 0.000000000000000000, 0.000000000000000000 ) ) ;
#6024 = ADVANCED_FACE ( 'NONE', ( #1803 ), #926, .F. ) ;
ENDSEC;
END-ISO-10303-21;
