ISO-10303-21;
HEADER;
/* Generated by software containing ST-Developer
 * from STEP Tools, Inc. (www.steptools.com) 
 */
/* OPTION: using custom renumber hook */

FILE_DESCRIPTION(
/* description */ ('STEP AP242',
'CAx-IF Rec.Pracs.---Representation and Presentation of Product Manufa
cturing Information (PMI)---4.0---2014-10-13',
'CAx-IF Rec.Pracs.---3D Tessellated Geometry---0.4---2014-09-14','2;1'),

/* implementation_level */ '2;1');

FILE_NAME(
/* name */ 'FTE-105-01-G-DV',
/* time_stamp */ '2026-09-02T21:16:55+02:00',
/* author */ ('License CC BY-ND 4.0'),
/* organization */ ('CADENAS'),
/* preprocessor_version */ 'ST-DEVELOPER v20',
/* originating_system */ 'PARTsolutions',
/* authorisation */ '  ');

FILE_SCHEMA (('AP242_MANAGED_MODEL_BASED_3D_ENGINEERING_MIM_LF { 1 0 10303 442 1 1 4 }'));
ENDSEC;

DATA;
#10=CIRCLE('',#3845,0.0200000000000015);
#11=CIRCLE('',#3846,0.0200000000000015);
#12=CIRCLE('',#3848,0.0200000000000015);
#13=CIRCLE('',#3849,0.0200000000000015);
#14=CIRCLE('',#3851,0.0200000000000015);
#15=CIRCLE('',#3852,0.0200000000000015);
#16=CIRCLE('',#3854,0.0200000000000015);
#17=CIRCLE('',#3855,0.0200000000000015);
#18=CIRCLE('',#3857,0.0199999999999998);
#19=CIRCLE('',#3858,0.0199999999999998);
#20=CIRCLE('',#3860,0.0199999999999998);
#21=CIRCLE('',#3861,0.0199999999999998);
#22=CIRCLE('',#3863,0.0199999999999998);
#23=CIRCLE('',#3864,0.0199999999999998);
#24=CIRCLE('',#3866,0.0199999999999998);
#25=CIRCLE('',#3867,0.0199999999999998);
#26=CIRCLE('',#3881,0.0080000000000013);
#27=CIRCLE('',#3882,0.0080000000000013);
#28=CIRCLE('',#3884,0.0080000000000013);
#29=CIRCLE('',#3885,0.0080000000000013);
#30=CIRCLE('',#3887,0.0080000000000013);
#31=CIRCLE('',#3888,0.0080000000000013);
#32=CIRCLE('',#3890,0.0080000000000013);
#33=CIRCLE('',#3891,0.0080000000000013);
#34=CIRCLE('',#3945,0.00799999999999961);
#35=CIRCLE('',#3946,0.00799999999999961);
#36=CIRCLE('',#3948,0.00799999999999961);
#37=CIRCLE('',#3949,0.00799999999999961);
#38=CIRCLE('',#3951,0.00799999999999961);
#39=CIRCLE('',#3952,0.00799999999999961);
#40=CIRCLE('',#3954,0.00799999999999961);
#41=CIRCLE('',#3955,0.00799999999999961);
#42=CIRCLE('',#3960,0.0200000000000015);
#43=CIRCLE('',#3961,0.0200000000000015);
#44=CIRCLE('',#3966,0.0199999999999998);
#45=CIRCLE('',#3967,0.0199999999999998);
#46=CIRCLE('',#3972,0.0080000000000013);
#47=CIRCLE('',#3973,0.0080000000000013);
#48=CIRCLE('',#3994,0.00799999999999961);
#49=CIRCLE('',#3995,0.00799999999999961);
#50=CYLINDRICAL_SURFACE('',#3844,0.0200000000000015);
#51=CYLINDRICAL_SURFACE('',#3847,0.0200000000000015);
#52=CYLINDRICAL_SURFACE('',#3850,0.0200000000000015);
#53=CYLINDRICAL_SURFACE('',#3853,0.0200000000000015);
#54=CYLINDRICAL_SURFACE('',#3856,0.0199999999999998);
#55=CYLINDRICAL_SURFACE('',#3859,0.0199999999999998);
#56=CYLINDRICAL_SURFACE('',#3862,0.0199999999999998);
#57=CYLINDRICAL_SURFACE('',#3865,0.0199999999999998);
#58=CYLINDRICAL_SURFACE('',#3880,0.0080000000000013);
#59=CYLINDRICAL_SURFACE('',#3883,0.0080000000000013);
#60=CYLINDRICAL_SURFACE('',#3886,0.0080000000000013);
#61=CYLINDRICAL_SURFACE('',#3889,0.0080000000000013);
#62=CYLINDRICAL_SURFACE('',#3944,0.00799999999999961);
#63=CYLINDRICAL_SURFACE('',#3947,0.00799999999999961);
#64=CYLINDRICAL_SURFACE('',#3950,0.00799999999999961);
#65=CYLINDRICAL_SURFACE('',#3953,0.00799999999999961);
#66=CYLINDRICAL_SURFACE('',#3959,0.0200000000000015);
#67=CYLINDRICAL_SURFACE('',#3965,0.0199999999999998);
#68=CYLINDRICAL_SURFACE('',#3971,0.0080000000000013);
#69=CYLINDRICAL_SURFACE('',#3993,0.00799999999999961);
#70=DRAUGHTING_PRE_DEFINED_COLOUR('yellow');
#71=CONTEXT_DEPENDENT_SHAPE_REPRESENTATION(#75,#6123);
#72=CONTEXT_DEPENDENT_SHAPE_REPRESENTATION(#76,#6125);
#73=NEXT_ASSEMBLY_USAGE_OCCURRENCE('NAUO1','FTE-105-01-G-DV_body',
'FTE-105-01-G-DV_body',#6126,#6127,'');
#74=NEXT_ASSEMBLY_USAGE_OCCURRENCE('NAUO2','FTE-105-01-G-DV_pins',
'FTE-105-01-G-DV_pins',#6126,#6128,'');
#75=(
REPRESENTATION_RELATIONSHIP(' ',' ',#3814,#3813)
REPRESENTATION_RELATIONSHIP_WITH_TRANSFORMATION(#77)
SHAPE_REPRESENTATION_RELATIONSHIP()
);
#76=(
REPRESENTATION_RELATIONSHIP(' ',' ',#3815,#3813)
REPRESENTATION_RELATIONSHIP_WITH_TRANSFORMATION(#78)
SHAPE_REPRESENTATION_RELATIONSHIP()
);
#77=ITEM_DEFINED_TRANSFORMATION(' ',' ',#3816,#3831);
#78=ITEM_DEFINED_TRANSFORMATION(' ',' ',#3816,#4054);
#79=SHAPE_REPRESENTATION_RELATIONSHIP('','',#3814,#81);
#80=SHAPE_REPRESENTATION_RELATIONSHIP('','',#3815,#82);
#81=ADVANCED_BREP_SHAPE_REPRESENTATION('',(#3808),#6110);
#82=ADVANCED_BREP_SHAPE_REPRESENTATION('',(#3809),#6111);
#83=ORIENTED_EDGE('',*,*,#1155,.T.);
#84=ORIENTED_EDGE('',*,*,#1156,.F.);
#85=ORIENTED_EDGE('',*,*,#1157,.F.);
#86=ORIENTED_EDGE('',*,*,#1158,.T.);
#87=ORIENTED_EDGE('',*,*,#1159,.T.);
#88=ORIENTED_EDGE('',*,*,#1160,.F.);
#89=ORIENTED_EDGE('',*,*,#1161,.F.);
#90=ORIENTED_EDGE('',*,*,#1156,.T.);
#91=ORIENTED_EDGE('',*,*,#1162,.T.);
#92=ORIENTED_EDGE('',*,*,#1163,.F.);
#93=ORIENTED_EDGE('',*,*,#1164,.F.);
#94=ORIENTED_EDGE('',*,*,#1160,.T.);
#95=ORIENTED_EDGE('',*,*,#1165,.T.);
#96=ORIENTED_EDGE('',*,*,#1166,.F.);
#97=ORIENTED_EDGE('',*,*,#1167,.F.);
#98=ORIENTED_EDGE('',*,*,#1163,.T.);
#99=ORIENTED_EDGE('',*,*,#1168,.T.);
#100=ORIENTED_EDGE('',*,*,#1169,.F.);
#101=ORIENTED_EDGE('',*,*,#1170,.F.);
#102=ORIENTED_EDGE('',*,*,#1166,.T.);
#103=ORIENTED_EDGE('',*,*,#1171,.T.);
#104=ORIENTED_EDGE('',*,*,#1172,.F.);
#105=ORIENTED_EDGE('',*,*,#1173,.F.);
#106=ORIENTED_EDGE('',*,*,#1169,.T.);
#107=ORIENTED_EDGE('',*,*,#1174,.T.);
#108=ORIENTED_EDGE('',*,*,#1175,.F.);
#109=ORIENTED_EDGE('',*,*,#1176,.F.);
#110=ORIENTED_EDGE('',*,*,#1172,.T.);
#111=ORIENTED_EDGE('',*,*,#1177,.T.);
#112=ORIENTED_EDGE('',*,*,#1178,.F.);
#113=ORIENTED_EDGE('',*,*,#1179,.F.);
#114=ORIENTED_EDGE('',*,*,#1175,.T.);
#115=ORIENTED_EDGE('',*,*,#1180,.T.);
#116=ORIENTED_EDGE('',*,*,#1181,.F.);
#117=ORIENTED_EDGE('',*,*,#1182,.F.);
#118=ORIENTED_EDGE('',*,*,#1178,.T.);
#119=ORIENTED_EDGE('',*,*,#1183,.T.);
#120=ORIENTED_EDGE('',*,*,#1184,.F.);
#121=ORIENTED_EDGE('',*,*,#1185,.F.);
#122=ORIENTED_EDGE('',*,*,#1181,.T.);
#123=ORIENTED_EDGE('',*,*,#1186,.T.);
#124=ORIENTED_EDGE('',*,*,#1187,.F.);
#125=ORIENTED_EDGE('',*,*,#1188,.F.);
#126=ORIENTED_EDGE('',*,*,#1184,.T.);
#127=ORIENTED_EDGE('',*,*,#1189,.T.);
#128=ORIENTED_EDGE('',*,*,#1158,.F.);
#129=ORIENTED_EDGE('',*,*,#1190,.F.);
#130=ORIENTED_EDGE('',*,*,#1187,.T.);
#131=ORIENTED_EDGE('',*,*,#1157,.T.);
#132=ORIENTED_EDGE('',*,*,#1161,.T.);
#133=ORIENTED_EDGE('',*,*,#1164,.T.);
#134=ORIENTED_EDGE('',*,*,#1167,.T.);
#135=ORIENTED_EDGE('',*,*,#1170,.T.);
#136=ORIENTED_EDGE('',*,*,#1173,.T.);
#137=ORIENTED_EDGE('',*,*,#1176,.T.);
#138=ORIENTED_EDGE('',*,*,#1179,.T.);
#139=ORIENTED_EDGE('',*,*,#1182,.T.);
#140=ORIENTED_EDGE('',*,*,#1185,.T.);
#141=ORIENTED_EDGE('',*,*,#1188,.T.);
#142=ORIENTED_EDGE('',*,*,#1190,.T.);
#143=ORIENTED_EDGE('',*,*,#1155,.F.);
#144=ORIENTED_EDGE('',*,*,#1189,.F.);
#145=ORIENTED_EDGE('',*,*,#1186,.F.);
#146=ORIENTED_EDGE('',*,*,#1183,.F.);
#147=ORIENTED_EDGE('',*,*,#1180,.F.);
#148=ORIENTED_EDGE('',*,*,#1177,.F.);
#149=ORIENTED_EDGE('',*,*,#1174,.F.);
#150=ORIENTED_EDGE('',*,*,#1171,.F.);
#151=ORIENTED_EDGE('',*,*,#1168,.F.);
#152=ORIENTED_EDGE('',*,*,#1165,.F.);
#153=ORIENTED_EDGE('',*,*,#1162,.F.);
#154=ORIENTED_EDGE('',*,*,#1159,.F.);
#155=ORIENTED_EDGE('',*,*,#1191,.F.);
#156=ORIENTED_EDGE('',*,*,#1192,.T.);
#157=ORIENTED_EDGE('',*,*,#1193,.T.);
#158=ORIENTED_EDGE('',*,*,#1194,.T.);
#159=ORIENTED_EDGE('',*,*,#1195,.F.);
#160=ORIENTED_EDGE('',*,*,#1196,.T.);
#161=ORIENTED_EDGE('',*,*,#1197,.T.);
#162=ORIENTED_EDGE('',*,*,#1198,.T.);
#163=ORIENTED_EDGE('',*,*,#1199,.F.);
#164=ORIENTED_EDGE('',*,*,#1200,.T.);
#165=ORIENTED_EDGE('',*,*,#1201,.T.);
#166=ORIENTED_EDGE('',*,*,#1202,.T.);
#167=ORIENTED_EDGE('',*,*,#1203,.F.);
#168=ORIENTED_EDGE('',*,*,#1204,.T.);
#169=ORIENTED_EDGE('',*,*,#1205,.T.);
#170=ORIENTED_EDGE('',*,*,#1206,.T.);
#171=ORIENTED_EDGE('',*,*,#1207,.F.);
#172=ORIENTED_EDGE('',*,*,#1208,.T.);
#173=ORIENTED_EDGE('',*,*,#1191,.T.);
#174=ORIENTED_EDGE('',*,*,#1209,.T.);
#175=ORIENTED_EDGE('',*,*,#1210,.F.);
#176=ORIENTED_EDGE('',*,*,#1211,.T.);
#177=ORIENTED_EDGE('',*,*,#1195,.T.);
#178=ORIENTED_EDGE('',*,*,#1212,.T.);
#179=ORIENTED_EDGE('',*,*,#1213,.F.);
#180=ORIENTED_EDGE('',*,*,#1214,.T.);
#181=ORIENTED_EDGE('',*,*,#1199,.T.);
#182=ORIENTED_EDGE('',*,*,#1215,.T.);
#183=ORIENTED_EDGE('',*,*,#1216,.F.);
#184=ORIENTED_EDGE('',*,*,#1217,.T.);
#185=ORIENTED_EDGE('',*,*,#1203,.T.);
#186=ORIENTED_EDGE('',*,*,#1218,.T.);
#187=ORIENTED_EDGE('',*,*,#1219,.F.);
#188=ORIENTED_EDGE('',*,*,#1220,.T.);
#189=ORIENTED_EDGE('',*,*,#1207,.T.);
#190=ORIENTED_EDGE('',*,*,#1221,.T.);
#191=ORIENTED_EDGE('',*,*,#1222,.F.);
#192=ORIENTED_EDGE('',*,*,#1223,.T.);
#193=ORIENTED_EDGE('',*,*,#1210,.T.);
#194=ORIENTED_EDGE('',*,*,#1224,.T.);
#195=ORIENTED_EDGE('',*,*,#1225,.F.);
#196=ORIENTED_EDGE('',*,*,#1226,.T.);
#197=ORIENTED_EDGE('',*,*,#1213,.T.);
#198=ORIENTED_EDGE('',*,*,#1227,.T.);
#199=ORIENTED_EDGE('',*,*,#1228,.F.);
#200=ORIENTED_EDGE('',*,*,#1229,.T.);
#201=ORIENTED_EDGE('',*,*,#1216,.T.);
#202=ORIENTED_EDGE('',*,*,#1230,.T.);
#203=ORIENTED_EDGE('',*,*,#1231,.F.);
#204=ORIENTED_EDGE('',*,*,#1232,.T.);
#205=ORIENTED_EDGE('',*,*,#1219,.T.);
#206=ORIENTED_EDGE('',*,*,#1233,.T.);
#207=ORIENTED_EDGE('',*,*,#1234,.F.);
#208=ORIENTED_EDGE('',*,*,#1235,.T.);
#209=ORIENTED_EDGE('',*,*,#1222,.T.);
#210=ORIENTED_EDGE('',*,*,#1236,.T.);
#211=ORIENTED_EDGE('',*,*,#1237,.F.);
#212=ORIENTED_EDGE('',*,*,#1238,.T.);
#213=ORIENTED_EDGE('',*,*,#1225,.T.);
#214=ORIENTED_EDGE('',*,*,#1239,.T.);
#215=ORIENTED_EDGE('',*,*,#1240,.F.);
#216=ORIENTED_EDGE('',*,*,#1241,.T.);
#217=ORIENTED_EDGE('',*,*,#1228,.T.);
#218=ORIENTED_EDGE('',*,*,#1242,.T.);
#219=ORIENTED_EDGE('',*,*,#1243,.F.);
#220=ORIENTED_EDGE('',*,*,#1244,.T.);
#221=ORIENTED_EDGE('',*,*,#1245,.T.);
#222=ORIENTED_EDGE('',*,*,#1246,.T.);
#223=ORIENTED_EDGE('',*,*,#1247,.F.);
#224=ORIENTED_EDGE('',*,*,#1248,.T.);
#225=ORIENTED_EDGE('',*,*,#1249,.T.);
#226=ORIENTED_EDGE('',*,*,#1250,.T.);
#227=ORIENTED_EDGE('',*,*,#1251,.F.);
#228=ORIENTED_EDGE('',*,*,#1252,.T.);
#229=ORIENTED_EDGE('',*,*,#1253,.T.);
#230=ORIENTED_EDGE('',*,*,#1254,.T.);
#231=ORIENTED_EDGE('',*,*,#1255,.F.);
#232=ORIENTED_EDGE('',*,*,#1256,.T.);
#233=ORIENTED_EDGE('',*,*,#1257,.T.);
#234=ORIENTED_EDGE('',*,*,#1258,.T.);
#235=ORIENTED_EDGE('',*,*,#1259,.F.);
#236=ORIENTED_EDGE('',*,*,#1260,.T.);
#237=ORIENTED_EDGE('',*,*,#1243,.T.);
#238=ORIENTED_EDGE('',*,*,#1261,.T.);
#239=ORIENTED_EDGE('',*,*,#1262,.F.);
#240=ORIENTED_EDGE('',*,*,#1263,.T.);
#241=ORIENTED_EDGE('',*,*,#1247,.T.);
#242=ORIENTED_EDGE('',*,*,#1264,.T.);
#243=ORIENTED_EDGE('',*,*,#1265,.F.);
#244=ORIENTED_EDGE('',*,*,#1266,.T.);
#245=ORIENTED_EDGE('',*,*,#1251,.T.);
#246=ORIENTED_EDGE('',*,*,#1267,.T.);
#247=ORIENTED_EDGE('',*,*,#1268,.F.);
#248=ORIENTED_EDGE('',*,*,#1269,.T.);
#249=ORIENTED_EDGE('',*,*,#1255,.T.);
#250=ORIENTED_EDGE('',*,*,#1270,.T.);
#251=ORIENTED_EDGE('',*,*,#1271,.F.);
#252=ORIENTED_EDGE('',*,*,#1272,.T.);
#253=ORIENTED_EDGE('',*,*,#1259,.T.);
#254=ORIENTED_EDGE('',*,*,#1273,.T.);
#255=ORIENTED_EDGE('',*,*,#1274,.F.);
#256=ORIENTED_EDGE('',*,*,#1275,.T.);
#257=ORIENTED_EDGE('',*,*,#1262,.T.);
#258=ORIENTED_EDGE('',*,*,#1276,.T.);
#259=ORIENTED_EDGE('',*,*,#1277,.F.);
#260=ORIENTED_EDGE('',*,*,#1278,.T.);
#261=ORIENTED_EDGE('',*,*,#1265,.T.);
#262=ORIENTED_EDGE('',*,*,#1279,.T.);
#263=ORIENTED_EDGE('',*,*,#1280,.F.);
#264=ORIENTED_EDGE('',*,*,#1281,.T.);
#265=ORIENTED_EDGE('',*,*,#1268,.T.);
#266=ORIENTED_EDGE('',*,*,#1282,.T.);
#267=ORIENTED_EDGE('',*,*,#1283,.F.);
#268=ORIENTED_EDGE('',*,*,#1284,.T.);
#269=ORIENTED_EDGE('',*,*,#1271,.T.);
#270=ORIENTED_EDGE('',*,*,#1285,.T.);
#271=ORIENTED_EDGE('',*,*,#1286,.F.);
#272=ORIENTED_EDGE('',*,*,#1287,.T.);
#273=ORIENTED_EDGE('',*,*,#1274,.T.);
#274=ORIENTED_EDGE('',*,*,#1288,.T.);
#275=ORIENTED_EDGE('',*,*,#1289,.F.);
#276=ORIENTED_EDGE('',*,*,#1290,.T.);
#277=ORIENTED_EDGE('',*,*,#1277,.T.);
#278=ORIENTED_EDGE('',*,*,#1291,.T.);
#279=ORIENTED_EDGE('',*,*,#1292,.F.);
#280=ORIENTED_EDGE('',*,*,#1293,.T.);
#281=ORIENTED_EDGE('',*,*,#1280,.T.);
#282=ORIENTED_EDGE('',*,*,#1294,.T.);
#283=ORIENTED_EDGE('',*,*,#1295,.F.);
#284=ORIENTED_EDGE('',*,*,#1283,.T.);
#285=ORIENTED_EDGE('',*,*,#1296,.F.);
#286=ORIENTED_EDGE('',*,*,#1297,.F.);
#287=ORIENTED_EDGE('',*,*,#1298,.F.);
#288=ORIENTED_EDGE('',*,*,#1286,.T.);
#289=ORIENTED_EDGE('',*,*,#1299,.F.);
#290=ORIENTED_EDGE('',*,*,#1300,.F.);
#291=ORIENTED_EDGE('',*,*,#1301,.F.);
#292=ORIENTED_EDGE('',*,*,#1289,.T.);
#293=ORIENTED_EDGE('',*,*,#1302,.F.);
#294=ORIENTED_EDGE('',*,*,#1303,.F.);
#295=ORIENTED_EDGE('',*,*,#1304,.F.);
#296=ORIENTED_EDGE('',*,*,#1292,.T.);
#297=ORIENTED_EDGE('',*,*,#1305,.F.);
#298=ORIENTED_EDGE('',*,*,#1306,.F.);
#299=ORIENTED_EDGE('',*,*,#1307,.F.);
#300=ORIENTED_EDGE('',*,*,#1308,.T.);
#301=ORIENTED_EDGE('',*,*,#1309,.T.);
#302=ORIENTED_EDGE('',*,*,#1310,.T.);
#303=ORIENTED_EDGE('',*,*,#1311,.T.);
#304=ORIENTED_EDGE('',*,*,#1312,.T.);
#305=ORIENTED_EDGE('',*,*,#1313,.F.);
#306=ORIENTED_EDGE('',*,*,#1314,.T.);
#307=ORIENTED_EDGE('',*,*,#1315,.T.);
#308=ORIENTED_EDGE('',*,*,#1316,.T.);
#309=ORIENTED_EDGE('',*,*,#1317,.F.);
#310=ORIENTED_EDGE('',*,*,#1318,.T.);
#311=ORIENTED_EDGE('',*,*,#1319,.T.);
#312=ORIENTED_EDGE('',*,*,#1320,.T.);
#313=ORIENTED_EDGE('',*,*,#1321,.F.);
#314=ORIENTED_EDGE('',*,*,#1322,.T.);
#315=ORIENTED_EDGE('',*,*,#1323,.F.);
#316=ORIENTED_EDGE('',*,*,#1324,.T.);
#317=ORIENTED_EDGE('',*,*,#1307,.T.);
#318=ORIENTED_EDGE('',*,*,#1325,.T.);
#319=ORIENTED_EDGE('',*,*,#1313,.T.);
#320=ORIENTED_EDGE('',*,*,#1326,.T.);
#321=ORIENTED_EDGE('',*,*,#1327,.F.);
#322=ORIENTED_EDGE('',*,*,#1328,.T.);
#323=ORIENTED_EDGE('',*,*,#1317,.T.);
#324=ORIENTED_EDGE('',*,*,#1329,.T.);
#325=ORIENTED_EDGE('',*,*,#1330,.F.);
#326=ORIENTED_EDGE('',*,*,#1331,.T.);
#327=ORIENTED_EDGE('',*,*,#1321,.T.);
#328=ORIENTED_EDGE('',*,*,#1332,.T.);
#329=ORIENTED_EDGE('',*,*,#1333,.F.);
#330=ORIENTED_EDGE('',*,*,#1334,.T.);
#331=ORIENTED_EDGE('',*,*,#1323,.T.);
#332=ORIENTED_EDGE('',*,*,#1335,.T.);
#333=ORIENTED_EDGE('',*,*,#1336,.F.);
#334=ORIENTED_EDGE('',*,*,#1337,.T.);
#335=ORIENTED_EDGE('',*,*,#1327,.T.);
#336=ORIENTED_EDGE('',*,*,#1338,.T.);
#337=ORIENTED_EDGE('',*,*,#1339,.F.);
#338=ORIENTED_EDGE('',*,*,#1340,.T.);
#339=ORIENTED_EDGE('',*,*,#1330,.T.);
#340=ORIENTED_EDGE('',*,*,#1341,.T.);
#341=ORIENTED_EDGE('',*,*,#1342,.F.);
#342=ORIENTED_EDGE('',*,*,#1343,.T.);
#343=ORIENTED_EDGE('',*,*,#1333,.T.);
#344=ORIENTED_EDGE('',*,*,#1344,.T.);
#345=ORIENTED_EDGE('',*,*,#1345,.F.);
#346=ORIENTED_EDGE('',*,*,#1346,.T.);
#347=ORIENTED_EDGE('',*,*,#1336,.T.);
#348=ORIENTED_EDGE('',*,*,#1347,.F.);
#349=ORIENTED_EDGE('',*,*,#1348,.F.);
#350=ORIENTED_EDGE('',*,*,#1349,.T.);
#351=ORIENTED_EDGE('',*,*,#1339,.T.);
#352=ORIENTED_EDGE('',*,*,#1350,.F.);
#353=ORIENTED_EDGE('',*,*,#1351,.F.);
#354=ORIENTED_EDGE('',*,*,#1352,.T.);
#355=ORIENTED_EDGE('',*,*,#1342,.T.);
#356=ORIENTED_EDGE('',*,*,#1353,.F.);
#357=ORIENTED_EDGE('',*,*,#1354,.F.);
#358=ORIENTED_EDGE('',*,*,#1355,.T.);
#359=ORIENTED_EDGE('',*,*,#1345,.T.);
#360=ORIENTED_EDGE('',*,*,#1356,.F.);
#361=ORIENTED_EDGE('',*,*,#1357,.F.);
#362=ORIENTED_EDGE('',*,*,#1358,.T.);
#363=ORIENTED_EDGE('',*,*,#1348,.T.);
#364=ORIENTED_EDGE('',*,*,#1359,.T.);
#365=ORIENTED_EDGE('',*,*,#1360,.F.);
#366=ORIENTED_EDGE('',*,*,#1361,.T.);
#367=ORIENTED_EDGE('',*,*,#1351,.T.);
#368=ORIENTED_EDGE('',*,*,#1362,.T.);
#369=ORIENTED_EDGE('',*,*,#1363,.F.);
#370=ORIENTED_EDGE('',*,*,#1364,.T.);
#371=ORIENTED_EDGE('',*,*,#1354,.T.);
#372=ORIENTED_EDGE('',*,*,#1365,.T.);
#373=ORIENTED_EDGE('',*,*,#1366,.F.);
#374=ORIENTED_EDGE('',*,*,#1367,.T.);
#375=ORIENTED_EDGE('',*,*,#1357,.T.);
#376=ORIENTED_EDGE('',*,*,#1368,.T.);
#377=ORIENTED_EDGE('',*,*,#1369,.F.);
#378=ORIENTED_EDGE('',*,*,#1370,.T.);
#379=ORIENTED_EDGE('',*,*,#1371,.F.);
#380=ORIENTED_EDGE('',*,*,#1372,.T.);
#381=ORIENTED_EDGE('',*,*,#1360,.T.);
#382=ORIENTED_EDGE('',*,*,#1373,.T.);
#383=ORIENTED_EDGE('',*,*,#1363,.T.);
#384=ORIENTED_EDGE('',*,*,#1374,.T.);
#385=ORIENTED_EDGE('',*,*,#1375,.F.);
#386=ORIENTED_EDGE('',*,*,#1376,.T.);
#387=ORIENTED_EDGE('',*,*,#1366,.T.);
#388=ORIENTED_EDGE('',*,*,#1377,.T.);
#389=ORIENTED_EDGE('',*,*,#1378,.F.);
#390=ORIENTED_EDGE('',*,*,#1379,.T.);
#391=ORIENTED_EDGE('',*,*,#1369,.T.);
#392=ORIENTED_EDGE('',*,*,#1380,.T.);
#393=ORIENTED_EDGE('',*,*,#1381,.F.);
#394=ORIENTED_EDGE('',*,*,#1382,.T.);
#395=ORIENTED_EDGE('',*,*,#1383,.F.);
#396=ORIENTED_EDGE('',*,*,#1384,.T.);
#397=ORIENTED_EDGE('',*,*,#1371,.T.);
#398=ORIENTED_EDGE('',*,*,#1385,.T.);
#399=ORIENTED_EDGE('',*,*,#1375,.T.);
#400=ORIENTED_EDGE('',*,*,#1386,.T.);
#401=ORIENTED_EDGE('',*,*,#1387,.F.);
#402=ORIENTED_EDGE('',*,*,#1388,.T.);
#403=ORIENTED_EDGE('',*,*,#1378,.T.);
#404=ORIENTED_EDGE('',*,*,#1389,.T.);
#405=ORIENTED_EDGE('',*,*,#1390,.F.);
#406=ORIENTED_EDGE('',*,*,#1391,.T.);
#407=ORIENTED_EDGE('',*,*,#1381,.T.);
#408=ORIENTED_EDGE('',*,*,#1392,.T.);
#409=ORIENTED_EDGE('',*,*,#1393,.F.);
#410=ORIENTED_EDGE('',*,*,#1394,.T.);
#411=ORIENTED_EDGE('',*,*,#1395,.F.);
#412=ORIENTED_EDGE('',*,*,#1396,.T.);
#413=ORIENTED_EDGE('',*,*,#1383,.T.);
#414=ORIENTED_EDGE('',*,*,#1397,.T.);
#415=ORIENTED_EDGE('',*,*,#1387,.T.);
#416=ORIENTED_EDGE('',*,*,#1398,.T.);
#417=ORIENTED_EDGE('',*,*,#1399,.F.);
#418=ORIENTED_EDGE('',*,*,#1400,.T.);
#419=ORIENTED_EDGE('',*,*,#1390,.T.);
#420=ORIENTED_EDGE('',*,*,#1401,.T.);
#421=ORIENTED_EDGE('',*,*,#1402,.F.);
#422=ORIENTED_EDGE('',*,*,#1403,.T.);
#423=ORIENTED_EDGE('',*,*,#1393,.T.);
#424=ORIENTED_EDGE('',*,*,#1404,.T.);
#425=ORIENTED_EDGE('',*,*,#1405,.F.);
#426=ORIENTED_EDGE('',*,*,#1406,.T.);
#427=ORIENTED_EDGE('',*,*,#1395,.T.);
#428=ORIENTED_EDGE('',*,*,#1407,.T.);
#429=ORIENTED_EDGE('',*,*,#1408,.F.);
#430=ORIENTED_EDGE('',*,*,#1409,.T.);
#431=ORIENTED_EDGE('',*,*,#1399,.T.);
#432=ORIENTED_EDGE('',*,*,#1410,.T.);
#433=ORIENTED_EDGE('',*,*,#1411,.F.);
#434=ORIENTED_EDGE('',*,*,#1412,.T.);
#435=ORIENTED_EDGE('',*,*,#1402,.T.);
#436=ORIENTED_EDGE('',*,*,#1413,.T.);
#437=ORIENTED_EDGE('',*,*,#1414,.F.);
#438=ORIENTED_EDGE('',*,*,#1415,.T.);
#439=ORIENTED_EDGE('',*,*,#1405,.T.);
#440=ORIENTED_EDGE('',*,*,#1416,.T.);
#441=ORIENTED_EDGE('',*,*,#1417,.F.);
#442=ORIENTED_EDGE('',*,*,#1418,.T.);
#443=ORIENTED_EDGE('',*,*,#1408,.T.);
#444=ORIENTED_EDGE('',*,*,#1419,.F.);
#445=ORIENTED_EDGE('',*,*,#1420,.F.);
#446=ORIENTED_EDGE('',*,*,#1421,.T.);
#447=ORIENTED_EDGE('',*,*,#1411,.T.);
#448=ORIENTED_EDGE('',*,*,#1422,.F.);
#449=ORIENTED_EDGE('',*,*,#1423,.F.);
#450=ORIENTED_EDGE('',*,*,#1424,.T.);
#451=ORIENTED_EDGE('',*,*,#1414,.T.);
#452=ORIENTED_EDGE('',*,*,#1425,.F.);
#453=ORIENTED_EDGE('',*,*,#1426,.F.);
#454=ORIENTED_EDGE('',*,*,#1427,.T.);
#455=ORIENTED_EDGE('',*,*,#1417,.T.);
#456=ORIENTED_EDGE('',*,*,#1428,.F.);
#457=ORIENTED_EDGE('',*,*,#1429,.F.);
#458=ORIENTED_EDGE('',*,*,#1430,.T.);
#459=ORIENTED_EDGE('',*,*,#1420,.T.);
#460=ORIENTED_EDGE('',*,*,#1431,.T.);
#461=ORIENTED_EDGE('',*,*,#1432,.F.);
#462=ORIENTED_EDGE('',*,*,#1433,.T.);
#463=ORIENTED_EDGE('',*,*,#1423,.T.);
#464=ORIENTED_EDGE('',*,*,#1434,.T.);
#465=ORIENTED_EDGE('',*,*,#1435,.F.);
#466=ORIENTED_EDGE('',*,*,#1436,.T.);
#467=ORIENTED_EDGE('',*,*,#1426,.T.);
#468=ORIENTED_EDGE('',*,*,#1437,.T.);
#469=ORIENTED_EDGE('',*,*,#1438,.F.);
#470=ORIENTED_EDGE('',*,*,#1439,.T.);
#471=ORIENTED_EDGE('',*,*,#1429,.T.);
#472=ORIENTED_EDGE('',*,*,#1440,.T.);
#473=ORIENTED_EDGE('',*,*,#1441,.F.);
#474=ORIENTED_EDGE('',*,*,#1442,.T.);
#475=ORIENTED_EDGE('',*,*,#1443,.F.);
#476=ORIENTED_EDGE('',*,*,#1444,.T.);
#477=ORIENTED_EDGE('',*,*,#1432,.T.);
#478=ORIENTED_EDGE('',*,*,#1445,.T.);
#479=ORIENTED_EDGE('',*,*,#1435,.T.);
#480=ORIENTED_EDGE('',*,*,#1446,.T.);
#481=ORIENTED_EDGE('',*,*,#1447,.F.);
#482=ORIENTED_EDGE('',*,*,#1448,.T.);
#483=ORIENTED_EDGE('',*,*,#1438,.T.);
#484=ORIENTED_EDGE('',*,*,#1449,.T.);
#485=ORIENTED_EDGE('',*,*,#1450,.F.);
#486=ORIENTED_EDGE('',*,*,#1451,.T.);
#487=ORIENTED_EDGE('',*,*,#1441,.T.);
#488=ORIENTED_EDGE('',*,*,#1452,.T.);
#489=ORIENTED_EDGE('',*,*,#1453,.F.);
#490=ORIENTED_EDGE('',*,*,#1454,.T.);
#491=ORIENTED_EDGE('',*,*,#1455,.F.);
#492=ORIENTED_EDGE('',*,*,#1456,.T.);
#493=ORIENTED_EDGE('',*,*,#1443,.T.);
#494=ORIENTED_EDGE('',*,*,#1457,.T.);
#495=ORIENTED_EDGE('',*,*,#1447,.T.);
#496=ORIENTED_EDGE('',*,*,#1458,.T.);
#497=ORIENTED_EDGE('',*,*,#1459,.F.);
#498=ORIENTED_EDGE('',*,*,#1460,.T.);
#499=ORIENTED_EDGE('',*,*,#1450,.T.);
#500=ORIENTED_EDGE('',*,*,#1461,.T.);
#501=ORIENTED_EDGE('',*,*,#1462,.F.);
#502=ORIENTED_EDGE('',*,*,#1463,.T.);
#503=ORIENTED_EDGE('',*,*,#1453,.T.);
#504=ORIENTED_EDGE('',*,*,#1464,.T.);
#505=ORIENTED_EDGE('',*,*,#1465,.F.);
#506=ORIENTED_EDGE('',*,*,#1466,.T.);
#507=ORIENTED_EDGE('',*,*,#1467,.F.);
#508=ORIENTED_EDGE('',*,*,#1468,.T.);
#509=ORIENTED_EDGE('',*,*,#1469,.F.);
#510=ORIENTED_EDGE('',*,*,#1193,.F.);
#511=ORIENTED_EDGE('',*,*,#1470,.F.);
#512=ORIENTED_EDGE('',*,*,#1471,.T.);
#513=ORIENTED_EDGE('',*,*,#1472,.F.);
#514=ORIENTED_EDGE('',*,*,#1197,.F.);
#515=ORIENTED_EDGE('',*,*,#1473,.F.);
#516=ORIENTED_EDGE('',*,*,#1474,.T.);
#517=ORIENTED_EDGE('',*,*,#1475,.F.);
#518=ORIENTED_EDGE('',*,*,#1201,.F.);
#519=ORIENTED_EDGE('',*,*,#1476,.F.);
#520=ORIENTED_EDGE('',*,*,#1477,.T.);
#521=ORIENTED_EDGE('',*,*,#1478,.F.);
#522=ORIENTED_EDGE('',*,*,#1205,.F.);
#523=ORIENTED_EDGE('',*,*,#1479,.F.);
#524=ORIENTED_EDGE('',*,*,#1480,.T.);
#525=ORIENTED_EDGE('',*,*,#1481,.T.);
#526=ORIENTED_EDGE('',*,*,#1482,.T.);
#527=ORIENTED_EDGE('',*,*,#1483,.F.);
#528=ORIENTED_EDGE('',*,*,#1484,.T.);
#529=ORIENTED_EDGE('',*,*,#1479,.T.);
#530=ORIENTED_EDGE('',*,*,#1485,.T.);
#531=ORIENTED_EDGE('',*,*,#1486,.F.);
#532=ORIENTED_EDGE('',*,*,#1487,.T.);
#533=ORIENTED_EDGE('',*,*,#1483,.T.);
#534=ORIENTED_EDGE('',*,*,#1488,.T.);
#535=ORIENTED_EDGE('',*,*,#1489,.F.);
#536=ORIENTED_EDGE('',*,*,#1490,.T.);
#537=ORIENTED_EDGE('',*,*,#1486,.T.);
#538=ORIENTED_EDGE('',*,*,#1491,.T.);
#539=ORIENTED_EDGE('',*,*,#1492,.F.);
#540=ORIENTED_EDGE('',*,*,#1493,.T.);
#541=ORIENTED_EDGE('',*,*,#1231,.T.);
#542=ORIENTED_EDGE('',*,*,#1494,.T.);
#543=ORIENTED_EDGE('',*,*,#1495,.T.);
#544=ORIENTED_EDGE('',*,*,#1496,.T.);
#545=ORIENTED_EDGE('',*,*,#1234,.T.);
#546=ORIENTED_EDGE('',*,*,#1497,.T.);
#547=ORIENTED_EDGE('',*,*,#1498,.T.);
#548=ORIENTED_EDGE('',*,*,#1499,.T.);
#549=ORIENTED_EDGE('',*,*,#1237,.T.);
#550=ORIENTED_EDGE('',*,*,#1500,.T.);
#551=ORIENTED_EDGE('',*,*,#1501,.T.);
#552=ORIENTED_EDGE('',*,*,#1502,.T.);
#553=ORIENTED_EDGE('',*,*,#1240,.T.);
#554=ORIENTED_EDGE('',*,*,#1503,.T.);
#555=ORIENTED_EDGE('',*,*,#1504,.T.);
#556=ORIENTED_EDGE('',*,*,#1505,.T.);
#557=ORIENTED_EDGE('',*,*,#1489,.T.);
#558=ORIENTED_EDGE('',*,*,#1506,.T.);
#559=ORIENTED_EDGE('',*,*,#1507,.F.);
#560=ORIENTED_EDGE('',*,*,#1508,.T.);
#561=ORIENTED_EDGE('',*,*,#1492,.T.);
#562=ORIENTED_EDGE('',*,*,#1509,.T.);
#563=ORIENTED_EDGE('',*,*,#1245,.F.);
#564=ORIENTED_EDGE('',*,*,#1510,.T.);
#565=ORIENTED_EDGE('',*,*,#1507,.T.);
#566=ORIENTED_EDGE('',*,*,#1511,.T.);
#567=ORIENTED_EDGE('',*,*,#1512,.F.);
#568=ORIENTED_EDGE('',*,*,#1513,.T.);
#569=ORIENTED_EDGE('',*,*,#1514,.T.);
#570=ORIENTED_EDGE('',*,*,#1515,.T.);
#571=ORIENTED_EDGE('',*,*,#1257,.F.);
#572=ORIENTED_EDGE('',*,*,#1516,.T.);
#573=ORIENTED_EDGE('',*,*,#1517,.T.);
#574=ORIENTED_EDGE('',*,*,#1518,.T.);
#575=ORIENTED_EDGE('',*,*,#1253,.F.);
#576=ORIENTED_EDGE('',*,*,#1519,.T.);
#577=ORIENTED_EDGE('',*,*,#1520,.T.);
#578=ORIENTED_EDGE('',*,*,#1521,.T.);
#579=ORIENTED_EDGE('',*,*,#1249,.F.);
#580=ORIENTED_EDGE('',*,*,#1522,.T.);
#581=ORIENTED_EDGE('',*,*,#1523,.T.);
#582=ORIENTED_EDGE('',*,*,#1524,.T.);
#583=ORIENTED_EDGE('',*,*,#1525,.F.);
#584=ORIENTED_EDGE('',*,*,#1526,.T.);
#585=ORIENTED_EDGE('',*,*,#1512,.T.);
#586=ORIENTED_EDGE('',*,*,#1527,.T.);
#587=ORIENTED_EDGE('',*,*,#1528,.F.);
#588=ORIENTED_EDGE('',*,*,#1529,.T.);
#589=ORIENTED_EDGE('',*,*,#1525,.T.);
#590=ORIENTED_EDGE('',*,*,#1530,.T.);
#591=ORIENTED_EDGE('',*,*,#1531,.F.);
#592=ORIENTED_EDGE('',*,*,#1532,.T.);
#593=ORIENTED_EDGE('',*,*,#1528,.T.);
#594=ORIENTED_EDGE('',*,*,#1533,.T.);
#595=ORIENTED_EDGE('',*,*,#1534,.F.);
#596=ORIENTED_EDGE('',*,*,#1535,.T.);
#597=ORIENTED_EDGE('',*,*,#1531,.T.);
#598=ORIENTED_EDGE('',*,*,#1536,.T.);
#599=ORIENTED_EDGE('',*,*,#1537,.F.);
#600=ORIENTED_EDGE('',*,*,#1534,.T.);
#601=ORIENTED_EDGE('',*,*,#1538,.F.);
#602=ORIENTED_EDGE('',*,*,#1539,.F.);
#603=ORIENTED_EDGE('',*,*,#1540,.F.);
#604=ORIENTED_EDGE('',*,*,#1541,.T.);
#605=ORIENTED_EDGE('',*,*,#1297,.T.);
#606=ORIENTED_EDGE('',*,*,#1542,.T.);
#607=ORIENTED_EDGE('',*,*,#1543,.T.);
#608=ORIENTED_EDGE('',*,*,#1544,.T.);
#609=ORIENTED_EDGE('',*,*,#1300,.T.);
#610=ORIENTED_EDGE('',*,*,#1545,.T.);
#611=ORIENTED_EDGE('',*,*,#1546,.T.);
#612=ORIENTED_EDGE('',*,*,#1547,.T.);
#613=ORIENTED_EDGE('',*,*,#1303,.T.);
#614=ORIENTED_EDGE('',*,*,#1548,.T.);
#615=ORIENTED_EDGE('',*,*,#1549,.T.);
#616=ORIENTED_EDGE('',*,*,#1550,.T.);
#617=ORIENTED_EDGE('',*,*,#1306,.T.);
#618=ORIENTED_EDGE('',*,*,#1551,.T.);
#619=ORIENTED_EDGE('',*,*,#1552,.T.);
#620=ORIENTED_EDGE('',*,*,#1553,.T.);
#621=ORIENTED_EDGE('',*,*,#1539,.T.);
#622=ORIENTED_EDGE('',*,*,#1554,.T.);
#623=ORIENTED_EDGE('',*,*,#1555,.F.);
#624=ORIENTED_EDGE('',*,*,#1556,.T.);
#625=ORIENTED_EDGE('',*,*,#1540,.T.);
#626=ORIENTED_EDGE('',*,*,#1557,.T.);
#627=ORIENTED_EDGE('',*,*,#1309,.F.);
#628=ORIENTED_EDGE('',*,*,#1558,.T.);
#629=ORIENTED_EDGE('',*,*,#1559,.T.);
#630=ORIENTED_EDGE('',*,*,#1560,.T.);
#631=ORIENTED_EDGE('',*,*,#1311,.F.);
#632=ORIENTED_EDGE('',*,*,#1561,.T.);
#633=ORIENTED_EDGE('',*,*,#1562,.T.);
#634=ORIENTED_EDGE('',*,*,#1563,.T.);
#635=ORIENTED_EDGE('',*,*,#1315,.F.);
#636=ORIENTED_EDGE('',*,*,#1564,.T.);
#637=ORIENTED_EDGE('',*,*,#1565,.T.);
#638=ORIENTED_EDGE('',*,*,#1566,.T.);
#639=ORIENTED_EDGE('',*,*,#1319,.F.);
#640=ORIENTED_EDGE('',*,*,#1567,.T.);
#641=ORIENTED_EDGE('',*,*,#1568,.T.);
#642=ORIENTED_EDGE('',*,*,#1569,.T.);
#643=ORIENTED_EDGE('',*,*,#1570,.F.);
#644=ORIENTED_EDGE('',*,*,#1571,.T.);
#645=ORIENTED_EDGE('',*,*,#1555,.T.);
#646=ORIENTED_EDGE('',*,*,#1572,.T.);
#647=ORIENTED_EDGE('',*,*,#1570,.T.);
#648=ORIENTED_EDGE('',*,*,#1573,.T.);
#649=ORIENTED_EDGE('',*,*,#1574,.F.);
#650=ORIENTED_EDGE('',*,*,#1575,.T.);
#651=ORIENTED_EDGE('',*,*,#1574,.T.);
#652=ORIENTED_EDGE('',*,*,#1576,.T.);
#653=ORIENTED_EDGE('',*,*,#1577,.F.);
#654=ORIENTED_EDGE('',*,*,#1578,.T.);
#655=ORIENTED_EDGE('',*,*,#1577,.T.);
#656=ORIENTED_EDGE('',*,*,#1579,.T.);
#657=ORIENTED_EDGE('',*,*,#1580,.F.);
#658=ORIENTED_EDGE('',*,*,#1581,.T.);
#659=ORIENTED_EDGE('',*,*,#1580,.T.);
#660=ORIENTED_EDGE('',*,*,#1582,.F.);
#661=ORIENTED_EDGE('',*,*,#1583,.F.);
#662=ORIENTED_EDGE('',*,*,#1584,.T.);
#663=ORIENTED_EDGE('',*,*,#1583,.T.);
#664=ORIENTED_EDGE('',*,*,#1585,.T.);
#665=ORIENTED_EDGE('',*,*,#1586,.F.);
#666=ORIENTED_EDGE('',*,*,#1587,.T.);
#667=ORIENTED_EDGE('',*,*,#1586,.T.);
#668=ORIENTED_EDGE('',*,*,#1588,.T.);
#669=ORIENTED_EDGE('',*,*,#1589,.F.);
#670=ORIENTED_EDGE('',*,*,#1590,.T.);
#671=ORIENTED_EDGE('',*,*,#1589,.T.);
#672=ORIENTED_EDGE('',*,*,#1591,.T.);
#673=ORIENTED_EDGE('',*,*,#1592,.F.);
#674=ORIENTED_EDGE('',*,*,#1593,.T.);
#675=ORIENTED_EDGE('',*,*,#1592,.T.);
#676=ORIENTED_EDGE('',*,*,#1594,.T.);
#677=ORIENTED_EDGE('',*,*,#1595,.F.);
#678=ORIENTED_EDGE('',*,*,#1596,.T.);
#679=ORIENTED_EDGE('',*,*,#1595,.T.);
#680=ORIENTED_EDGE('',*,*,#1597,.T.);
#681=ORIENTED_EDGE('',*,*,#1598,.F.);
#682=ORIENTED_EDGE('',*,*,#1599,.T.);
#683=ORIENTED_EDGE('',*,*,#1598,.T.);
#684=ORIENTED_EDGE('',*,*,#1600,.F.);
#685=ORIENTED_EDGE('',*,*,#1601,.F.);
#686=ORIENTED_EDGE('',*,*,#1602,.T.);
#687=ORIENTED_EDGE('',*,*,#1601,.T.);
#688=ORIENTED_EDGE('',*,*,#1603,.T.);
#689=ORIENTED_EDGE('',*,*,#1604,.F.);
#690=ORIENTED_EDGE('',*,*,#1605,.T.);
#691=ORIENTED_EDGE('',*,*,#1604,.T.);
#692=ORIENTED_EDGE('',*,*,#1606,.T.);
#693=ORIENTED_EDGE('',*,*,#1607,.F.);
#694=ORIENTED_EDGE('',*,*,#1608,.T.);
#695=ORIENTED_EDGE('',*,*,#1607,.T.);
#696=ORIENTED_EDGE('',*,*,#1609,.T.);
#697=ORIENTED_EDGE('',*,*,#1610,.F.);
#698=ORIENTED_EDGE('',*,*,#1611,.T.);
#699=ORIENTED_EDGE('',*,*,#1612,.T.);
#700=ORIENTED_EDGE('',*,*,#1613,.T.);
#701=ORIENTED_EDGE('',*,*,#1455,.T.);
#702=ORIENTED_EDGE('',*,*,#1614,.T.);
#703=ORIENTED_EDGE('',*,*,#1615,.F.);
#704=ORIENTED_EDGE('',*,*,#1616,.T.);
#705=ORIENTED_EDGE('',*,*,#1610,.T.);
#706=ORIENTED_EDGE('',*,*,#1617,.T.);
#707=ORIENTED_EDGE('',*,*,#1618,.T.);
#708=ORIENTED_EDGE('',*,*,#1619,.T.);
#709=ORIENTED_EDGE('',*,*,#1465,.T.);
#710=ORIENTED_EDGE('',*,*,#1620,.T.);
#711=ORIENTED_EDGE('',*,*,#1621,.T.);
#712=ORIENTED_EDGE('',*,*,#1622,.T.);
#713=ORIENTED_EDGE('',*,*,#1462,.T.);
#714=ORIENTED_EDGE('',*,*,#1623,.T.);
#715=ORIENTED_EDGE('',*,*,#1624,.T.);
#716=ORIENTED_EDGE('',*,*,#1625,.T.);
#717=ORIENTED_EDGE('',*,*,#1459,.T.);
#718=ORIENTED_EDGE('',*,*,#1626,.T.);
#719=ORIENTED_EDGE('',*,*,#1627,.F.);
#720=ORIENTED_EDGE('',*,*,#1628,.T.);
#721=ORIENTED_EDGE('',*,*,#1615,.T.);
#722=ORIENTED_EDGE('',*,*,#1629,.T.);
#723=ORIENTED_EDGE('',*,*,#1468,.F.);
#724=ORIENTED_EDGE('',*,*,#1630,.T.);
#725=ORIENTED_EDGE('',*,*,#1627,.T.);
#726=ORIENTED_EDGE('',*,*,#1631,.T.);
#727=ORIENTED_EDGE('',*,*,#1632,.F.);
#728=ORIENTED_EDGE('',*,*,#1633,.T.);
#729=ORIENTED_EDGE('',*,*,#1634,.T.);
#730=ORIENTED_EDGE('',*,*,#1635,.T.);
#731=ORIENTED_EDGE('',*,*,#1477,.F.);
#732=ORIENTED_EDGE('',*,*,#1636,.T.);
#733=ORIENTED_EDGE('',*,*,#1637,.T.);
#734=ORIENTED_EDGE('',*,*,#1638,.T.);
#735=ORIENTED_EDGE('',*,*,#1474,.F.);
#736=ORIENTED_EDGE('',*,*,#1639,.T.);
#737=ORIENTED_EDGE('',*,*,#1640,.T.);
#738=ORIENTED_EDGE('',*,*,#1641,.T.);
#739=ORIENTED_EDGE('',*,*,#1471,.F.);
#740=ORIENTED_EDGE('',*,*,#1642,.T.);
#741=ORIENTED_EDGE('',*,*,#1643,.T.);
#742=ORIENTED_EDGE('',*,*,#1644,.T.);
#743=ORIENTED_EDGE('',*,*,#1645,.F.);
#744=ORIENTED_EDGE('',*,*,#1632,.T.);
#745=ORIENTED_EDGE('',*,*,#1646,.F.);
#746=ORIENTED_EDGE('',*,*,#1481,.F.);
#747=ORIENTED_EDGE('',*,*,#1445,.F.);
#748=ORIENTED_EDGE('',*,*,#1647,.T.);
#749=ORIENTED_EDGE('',*,*,#1397,.F.);
#750=ORIENTED_EDGE('',*,*,#1385,.F.);
#751=ORIENTED_EDGE('',*,*,#1373,.F.);
#752=ORIENTED_EDGE('',*,*,#1648,.T.);
#753=ORIENTED_EDGE('',*,*,#1325,.F.);
#754=ORIENTED_EDGE('',*,*,#1310,.F.);
#755=ORIENTED_EDGE('',*,*,#1572,.F.);
#756=ORIENTED_EDGE('',*,*,#1557,.F.);
#757=ORIENTED_EDGE('',*,*,#1554,.F.);
#758=ORIENTED_EDGE('',*,*,#1538,.T.);
#759=ORIENTED_EDGE('',*,*,#1536,.F.);
#760=ORIENTED_EDGE('',*,*,#1533,.F.);
#761=ORIENTED_EDGE('',*,*,#1530,.F.);
#762=ORIENTED_EDGE('',*,*,#1527,.F.);
#763=ORIENTED_EDGE('',*,*,#1511,.F.);
#764=ORIENTED_EDGE('',*,*,#1509,.F.);
#765=ORIENTED_EDGE('',*,*,#1506,.F.);
#766=ORIENTED_EDGE('',*,*,#1491,.F.);
#767=ORIENTED_EDGE('',*,*,#1488,.F.);
#768=ORIENTED_EDGE('',*,*,#1485,.F.);
#769=ORIENTED_EDGE('',*,*,#1482,.F.);
#770=ORIENTED_EDGE('',*,*,#1646,.T.);
#771=ORIENTED_EDGE('',*,*,#1631,.F.);
#772=ORIENTED_EDGE('',*,*,#1629,.F.);
#773=ORIENTED_EDGE('',*,*,#1614,.F.);
#774=ORIENTED_EDGE('',*,*,#1457,.F.);
#775=ORIENTED_EDGE('',*,*,#1648,.F.);
#776=ORIENTED_EDGE('',*,*,#1359,.F.);
#777=ORIENTED_EDGE('',*,*,#1347,.T.);
#778=ORIENTED_EDGE('',*,*,#1335,.F.);
#779=ORIENTED_EDGE('',*,*,#1647,.F.);
#780=ORIENTED_EDGE('',*,*,#1431,.F.);
#781=ORIENTED_EDGE('',*,*,#1419,.T.);
#782=ORIENTED_EDGE('',*,*,#1407,.F.);
#783=ORIENTED_EDGE('',*,*,#1649,.F.);
#784=ORIENTED_EDGE('',*,*,#1633,.F.);
#785=ORIENTED_EDGE('',*,*,#1645,.T.);
#786=ORIENTED_EDGE('',*,*,#1480,.F.);
#787=ORIENTED_EDGE('',*,*,#1484,.F.);
#788=ORIENTED_EDGE('',*,*,#1487,.F.);
#789=ORIENTED_EDGE('',*,*,#1490,.F.);
#790=ORIENTED_EDGE('',*,*,#1505,.F.);
#791=ORIENTED_EDGE('',*,*,#1242,.F.);
#792=ORIENTED_EDGE('',*,*,#1230,.F.);
#793=ORIENTED_EDGE('',*,*,#1218,.F.);
#794=ORIENTED_EDGE('',*,*,#1206,.F.);
#795=ORIENTED_EDGE('',*,*,#1478,.T.);
#796=ORIENTED_EDGE('',*,*,#1635,.F.);
#797=ORIENTED_EDGE('',*,*,#1650,.T.);
#798=ORIENTED_EDGE('',*,*,#1503,.F.);
#799=ORIENTED_EDGE('',*,*,#1650,.F.);
#800=ORIENTED_EDGE('',*,*,#1634,.F.);
#801=ORIENTED_EDGE('',*,*,#1649,.T.);
#802=ORIENTED_EDGE('',*,*,#1504,.F.);
#803=ORIENTED_EDGE('',*,*,#1651,.F.);
#804=ORIENTED_EDGE('',*,*,#1636,.F.);
#805=ORIENTED_EDGE('',*,*,#1476,.T.);
#806=ORIENTED_EDGE('',*,*,#1204,.F.);
#807=ORIENTED_EDGE('',*,*,#1217,.F.);
#808=ORIENTED_EDGE('',*,*,#1229,.F.);
#809=ORIENTED_EDGE('',*,*,#1241,.F.);
#810=ORIENTED_EDGE('',*,*,#1502,.F.);
#811=ORIENTED_EDGE('',*,*,#1239,.F.);
#812=ORIENTED_EDGE('',*,*,#1227,.F.);
#813=ORIENTED_EDGE('',*,*,#1215,.F.);
#814=ORIENTED_EDGE('',*,*,#1202,.F.);
#815=ORIENTED_EDGE('',*,*,#1475,.T.);
#816=ORIENTED_EDGE('',*,*,#1638,.F.);
#817=ORIENTED_EDGE('',*,*,#1652,.T.);
#818=ORIENTED_EDGE('',*,*,#1500,.F.);
#819=ORIENTED_EDGE('',*,*,#1652,.F.);
#820=ORIENTED_EDGE('',*,*,#1637,.F.);
#821=ORIENTED_EDGE('',*,*,#1651,.T.);
#822=ORIENTED_EDGE('',*,*,#1501,.F.);
#823=ORIENTED_EDGE('',*,*,#1653,.F.);
#824=ORIENTED_EDGE('',*,*,#1639,.F.);
#825=ORIENTED_EDGE('',*,*,#1473,.T.);
#826=ORIENTED_EDGE('',*,*,#1200,.F.);
#827=ORIENTED_EDGE('',*,*,#1214,.F.);
#828=ORIENTED_EDGE('',*,*,#1226,.F.);
#829=ORIENTED_EDGE('',*,*,#1238,.F.);
#830=ORIENTED_EDGE('',*,*,#1499,.F.);
#831=ORIENTED_EDGE('',*,*,#1236,.F.);
#832=ORIENTED_EDGE('',*,*,#1224,.F.);
#833=ORIENTED_EDGE('',*,*,#1212,.F.);
#834=ORIENTED_EDGE('',*,*,#1198,.F.);
#835=ORIENTED_EDGE('',*,*,#1472,.T.);
#836=ORIENTED_EDGE('',*,*,#1641,.F.);
#837=ORIENTED_EDGE('',*,*,#1654,.T.);
#838=ORIENTED_EDGE('',*,*,#1497,.F.);
#839=ORIENTED_EDGE('',*,*,#1654,.F.);
#840=ORIENTED_EDGE('',*,*,#1640,.F.);
#841=ORIENTED_EDGE('',*,*,#1653,.T.);
#842=ORIENTED_EDGE('',*,*,#1498,.F.);
#843=ORIENTED_EDGE('',*,*,#1655,.F.);
#844=ORIENTED_EDGE('',*,*,#1642,.F.);
#845=ORIENTED_EDGE('',*,*,#1470,.T.);
#846=ORIENTED_EDGE('',*,*,#1196,.F.);
#847=ORIENTED_EDGE('',*,*,#1211,.F.);
#848=ORIENTED_EDGE('',*,*,#1223,.F.);
#849=ORIENTED_EDGE('',*,*,#1235,.F.);
#850=ORIENTED_EDGE('',*,*,#1496,.F.);
#851=ORIENTED_EDGE('',*,*,#1233,.F.);
#852=ORIENTED_EDGE('',*,*,#1221,.F.);
#853=ORIENTED_EDGE('',*,*,#1209,.F.);
#854=ORIENTED_EDGE('',*,*,#1194,.F.);
#855=ORIENTED_EDGE('',*,*,#1469,.T.);
#856=ORIENTED_EDGE('',*,*,#1644,.F.);
#857=ORIENTED_EDGE('',*,*,#1656,.T.);
#858=ORIENTED_EDGE('',*,*,#1494,.F.);
#859=ORIENTED_EDGE('',*,*,#1656,.F.);
#860=ORIENTED_EDGE('',*,*,#1643,.F.);
#861=ORIENTED_EDGE('',*,*,#1655,.T.);
#862=ORIENTED_EDGE('',*,*,#1495,.F.);
#863=ORIENTED_EDGE('',*,*,#1593,.F.);
#864=ORIENTED_EDGE('',*,*,#1596,.F.);
#865=ORIENTED_EDGE('',*,*,#1657,.F.);
#866=ORIENTED_EDGE('',*,*,#1608,.F.);
#867=ORIENTED_EDGE('',*,*,#1611,.F.);
#868=ORIENTED_EDGE('',*,*,#1616,.F.);
#869=ORIENTED_EDGE('',*,*,#1628,.F.);
#870=ORIENTED_EDGE('',*,*,#1630,.F.);
#871=ORIENTED_EDGE('',*,*,#1467,.T.);
#872=ORIENTED_EDGE('',*,*,#1192,.F.);
#873=ORIENTED_EDGE('',*,*,#1208,.F.);
#874=ORIENTED_EDGE('',*,*,#1220,.F.);
#875=ORIENTED_EDGE('',*,*,#1232,.F.);
#876=ORIENTED_EDGE('',*,*,#1493,.F.);
#877=ORIENTED_EDGE('',*,*,#1508,.F.);
#878=ORIENTED_EDGE('',*,*,#1510,.F.);
#879=ORIENTED_EDGE('',*,*,#1244,.F.);
#880=ORIENTED_EDGE('',*,*,#1260,.F.);
#881=ORIENTED_EDGE('',*,*,#1272,.F.);
#882=ORIENTED_EDGE('',*,*,#1284,.F.);
#883=ORIENTED_EDGE('',*,*,#1295,.T.);
#884=ORIENTED_EDGE('',*,*,#1541,.F.);
#885=ORIENTED_EDGE('',*,*,#1556,.F.);
#886=ORIENTED_EDGE('',*,*,#1571,.F.);
#887=ORIENTED_EDGE('',*,*,#1575,.F.);
#888=ORIENTED_EDGE('',*,*,#1578,.F.);
#889=ORIENTED_EDGE('',*,*,#1658,.F.);
#890=ORIENTED_EDGE('',*,*,#1590,.F.);
#891=ORIENTED_EDGE('',*,*,#1602,.F.);
#892=ORIENTED_EDGE('',*,*,#1605,.F.);
#893=ORIENTED_EDGE('',*,*,#1657,.T.);
#894=ORIENTED_EDGE('',*,*,#1599,.F.);
#895=ORIENTED_EDGE('',*,*,#1584,.F.);
#896=ORIENTED_EDGE('',*,*,#1587,.F.);
#897=ORIENTED_EDGE('',*,*,#1658,.T.);
#898=ORIENTED_EDGE('',*,*,#1581,.F.);
#899=ORIENTED_EDGE('',*,*,#1659,.F.);
#900=ORIENTED_EDGE('',*,*,#1617,.F.);
#901=ORIENTED_EDGE('',*,*,#1609,.F.);
#902=ORIENTED_EDGE('',*,*,#1606,.F.);
#903=ORIENTED_EDGE('',*,*,#1660,.T.);
#904=ORIENTED_EDGE('',*,*,#1594,.F.);
#905=ORIENTED_EDGE('',*,*,#1591,.F.);
#906=ORIENTED_EDGE('',*,*,#1588,.F.);
#907=ORIENTED_EDGE('',*,*,#1661,.T.);
#908=ORIENTED_EDGE('',*,*,#1576,.F.);
#909=ORIENTED_EDGE('',*,*,#1573,.F.);
#910=ORIENTED_EDGE('',*,*,#1569,.F.);
#911=ORIENTED_EDGE('',*,*,#1662,.F.);
#912=ORIENTED_EDGE('',*,*,#1618,.F.);
#913=ORIENTED_EDGE('',*,*,#1659,.T.);
#914=ORIENTED_EDGE('',*,*,#1568,.F.);
#915=ORIENTED_EDGE('',*,*,#1322,.F.);
#916=ORIENTED_EDGE('',*,*,#1334,.F.);
#917=ORIENTED_EDGE('',*,*,#1663,.F.);
#918=ORIENTED_EDGE('',*,*,#1382,.F.);
#919=ORIENTED_EDGE('',*,*,#1394,.F.);
#920=ORIENTED_EDGE('',*,*,#1406,.F.);
#921=ORIENTED_EDGE('',*,*,#1664,.F.);
#922=ORIENTED_EDGE('',*,*,#1454,.F.);
#923=ORIENTED_EDGE('',*,*,#1466,.F.);
#924=ORIENTED_EDGE('',*,*,#1619,.F.);
#925=ORIENTED_EDGE('',*,*,#1662,.T.);
#926=ORIENTED_EDGE('',*,*,#1567,.F.);
#927=ORIENTED_EDGE('',*,*,#1660,.F.);
#928=ORIENTED_EDGE('',*,*,#1603,.F.);
#929=ORIENTED_EDGE('',*,*,#1600,.T.);
#930=ORIENTED_EDGE('',*,*,#1597,.F.);
#931=ORIENTED_EDGE('',*,*,#1430,.F.);
#932=ORIENTED_EDGE('',*,*,#1442,.F.);
#933=ORIENTED_EDGE('',*,*,#1664,.T.);
#934=ORIENTED_EDGE('',*,*,#1418,.F.);
#935=ORIENTED_EDGE('',*,*,#1661,.F.);
#936=ORIENTED_EDGE('',*,*,#1585,.F.);
#937=ORIENTED_EDGE('',*,*,#1582,.T.);
#938=ORIENTED_EDGE('',*,*,#1579,.F.);
#939=ORIENTED_EDGE('',*,*,#1358,.F.);
#940=ORIENTED_EDGE('',*,*,#1370,.F.);
#941=ORIENTED_EDGE('',*,*,#1663,.T.);
#942=ORIENTED_EDGE('',*,*,#1346,.F.);
#943=ORIENTED_EDGE('',*,*,#1665,.F.);
#944=ORIENTED_EDGE('',*,*,#1620,.F.);
#945=ORIENTED_EDGE('',*,*,#1464,.F.);
#946=ORIENTED_EDGE('',*,*,#1452,.F.);
#947=ORIENTED_EDGE('',*,*,#1666,.T.);
#948=ORIENTED_EDGE('',*,*,#1404,.F.);
#949=ORIENTED_EDGE('',*,*,#1392,.F.);
#950=ORIENTED_EDGE('',*,*,#1380,.F.);
#951=ORIENTED_EDGE('',*,*,#1667,.T.);
#952=ORIENTED_EDGE('',*,*,#1332,.F.);
#953=ORIENTED_EDGE('',*,*,#1320,.F.);
#954=ORIENTED_EDGE('',*,*,#1566,.F.);
#955=ORIENTED_EDGE('',*,*,#1668,.F.);
#956=ORIENTED_EDGE('',*,*,#1621,.F.);
#957=ORIENTED_EDGE('',*,*,#1665,.T.);
#958=ORIENTED_EDGE('',*,*,#1565,.F.);
#959=ORIENTED_EDGE('',*,*,#1318,.F.);
#960=ORIENTED_EDGE('',*,*,#1331,.F.);
#961=ORIENTED_EDGE('',*,*,#1669,.F.);
#962=ORIENTED_EDGE('',*,*,#1379,.F.);
#963=ORIENTED_EDGE('',*,*,#1391,.F.);
#964=ORIENTED_EDGE('',*,*,#1403,.F.);
#965=ORIENTED_EDGE('',*,*,#1670,.F.);
#966=ORIENTED_EDGE('',*,*,#1451,.F.);
#967=ORIENTED_EDGE('',*,*,#1463,.F.);
#968=ORIENTED_EDGE('',*,*,#1622,.F.);
#969=ORIENTED_EDGE('',*,*,#1668,.T.);
#970=ORIENTED_EDGE('',*,*,#1564,.F.);
#971=ORIENTED_EDGE('',*,*,#1666,.F.);
#972=ORIENTED_EDGE('',*,*,#1440,.F.);
#973=ORIENTED_EDGE('',*,*,#1428,.T.);
#974=ORIENTED_EDGE('',*,*,#1416,.F.);
#975=ORIENTED_EDGE('',*,*,#1427,.F.);
#976=ORIENTED_EDGE('',*,*,#1439,.F.);
#977=ORIENTED_EDGE('',*,*,#1670,.T.);
#978=ORIENTED_EDGE('',*,*,#1415,.F.);
#979=ORIENTED_EDGE('',*,*,#1667,.F.);
#980=ORIENTED_EDGE('',*,*,#1368,.F.);
#981=ORIENTED_EDGE('',*,*,#1356,.T.);
#982=ORIENTED_EDGE('',*,*,#1344,.F.);
#983=ORIENTED_EDGE('',*,*,#1355,.F.);
#984=ORIENTED_EDGE('',*,*,#1367,.F.);
#985=ORIENTED_EDGE('',*,*,#1669,.T.);
#986=ORIENTED_EDGE('',*,*,#1343,.F.);
#987=ORIENTED_EDGE('',*,*,#1671,.F.);
#988=ORIENTED_EDGE('',*,*,#1623,.F.);
#989=ORIENTED_EDGE('',*,*,#1461,.F.);
#990=ORIENTED_EDGE('',*,*,#1449,.F.);
#991=ORIENTED_EDGE('',*,*,#1672,.T.);
#992=ORIENTED_EDGE('',*,*,#1401,.F.);
#993=ORIENTED_EDGE('',*,*,#1389,.F.);
#994=ORIENTED_EDGE('',*,*,#1377,.F.);
#995=ORIENTED_EDGE('',*,*,#1673,.T.);
#996=ORIENTED_EDGE('',*,*,#1329,.F.);
#997=ORIENTED_EDGE('',*,*,#1316,.F.);
#998=ORIENTED_EDGE('',*,*,#1563,.F.);
#999=ORIENTED_EDGE('',*,*,#1674,.F.);
#1000=ORIENTED_EDGE('',*,*,#1624,.F.);
#1001=ORIENTED_EDGE('',*,*,#1671,.T.);
#1002=ORIENTED_EDGE('',*,*,#1562,.F.);
#1003=ORIENTED_EDGE('',*,*,#1314,.F.);
#1004=ORIENTED_EDGE('',*,*,#1328,.F.);
#1005=ORIENTED_EDGE('',*,*,#1675,.F.);
#1006=ORIENTED_EDGE('',*,*,#1376,.F.);
#1007=ORIENTED_EDGE('',*,*,#1388,.F.);
#1008=ORIENTED_EDGE('',*,*,#1400,.F.);
#1009=ORIENTED_EDGE('',*,*,#1676,.F.);
#1010=ORIENTED_EDGE('',*,*,#1448,.F.);
#1011=ORIENTED_EDGE('',*,*,#1460,.F.);
#1012=ORIENTED_EDGE('',*,*,#1625,.F.);
#1013=ORIENTED_EDGE('',*,*,#1674,.T.);
#1014=ORIENTED_EDGE('',*,*,#1561,.F.);
#1015=ORIENTED_EDGE('',*,*,#1672,.F.);
#1016=ORIENTED_EDGE('',*,*,#1437,.F.);
#1017=ORIENTED_EDGE('',*,*,#1425,.T.);
#1018=ORIENTED_EDGE('',*,*,#1413,.F.);
#1019=ORIENTED_EDGE('',*,*,#1424,.F.);
#1020=ORIENTED_EDGE('',*,*,#1436,.F.);
#1021=ORIENTED_EDGE('',*,*,#1676,.T.);
#1022=ORIENTED_EDGE('',*,*,#1412,.F.);
#1023=ORIENTED_EDGE('',*,*,#1673,.F.);
#1024=ORIENTED_EDGE('',*,*,#1365,.F.);
#1025=ORIENTED_EDGE('',*,*,#1353,.T.);
#1026=ORIENTED_EDGE('',*,*,#1341,.F.);
#1027=ORIENTED_EDGE('',*,*,#1352,.F.);
#1028=ORIENTED_EDGE('',*,*,#1364,.F.);
#1029=ORIENTED_EDGE('',*,*,#1675,.T.);
#1030=ORIENTED_EDGE('',*,*,#1340,.F.);
#1031=ORIENTED_EDGE('',*,*,#1677,.F.);
#1032=ORIENTED_EDGE('',*,*,#1626,.F.);
#1033=ORIENTED_EDGE('',*,*,#1458,.F.);
#1034=ORIENTED_EDGE('',*,*,#1446,.F.);
#1035=ORIENTED_EDGE('',*,*,#1678,.T.);
#1036=ORIENTED_EDGE('',*,*,#1398,.F.);
#1037=ORIENTED_EDGE('',*,*,#1386,.F.);
#1038=ORIENTED_EDGE('',*,*,#1374,.F.);
#1039=ORIENTED_EDGE('',*,*,#1679,.T.);
#1040=ORIENTED_EDGE('',*,*,#1326,.F.);
#1041=ORIENTED_EDGE('',*,*,#1312,.F.);
#1042=ORIENTED_EDGE('',*,*,#1560,.F.);
#1043=ORIENTED_EDGE('',*,*,#1680,.F.);
#1044=ORIENTED_EDGE('',*,*,#1612,.F.);
#1045=ORIENTED_EDGE('',*,*,#1677,.T.);
#1046=ORIENTED_EDGE('',*,*,#1559,.F.);
#1047=ORIENTED_EDGE('',*,*,#1308,.F.);
#1048=ORIENTED_EDGE('',*,*,#1324,.F.);
#1049=ORIENTED_EDGE('',*,*,#1681,.F.);
#1050=ORIENTED_EDGE('',*,*,#1372,.F.);
#1051=ORIENTED_EDGE('',*,*,#1384,.F.);
#1052=ORIENTED_EDGE('',*,*,#1396,.F.);
#1053=ORIENTED_EDGE('',*,*,#1682,.F.);
#1054=ORIENTED_EDGE('',*,*,#1444,.F.);
#1055=ORIENTED_EDGE('',*,*,#1456,.F.);
#1056=ORIENTED_EDGE('',*,*,#1613,.F.);
#1057=ORIENTED_EDGE('',*,*,#1680,.T.);
#1058=ORIENTED_EDGE('',*,*,#1558,.F.);
#1059=ORIENTED_EDGE('',*,*,#1678,.F.);
#1060=ORIENTED_EDGE('',*,*,#1434,.F.);
#1061=ORIENTED_EDGE('',*,*,#1422,.T.);
#1062=ORIENTED_EDGE('',*,*,#1410,.F.);
#1063=ORIENTED_EDGE('',*,*,#1421,.F.);
#1064=ORIENTED_EDGE('',*,*,#1433,.F.);
#1065=ORIENTED_EDGE('',*,*,#1682,.T.);
#1066=ORIENTED_EDGE('',*,*,#1409,.F.);
#1067=ORIENTED_EDGE('',*,*,#1679,.F.);
#1068=ORIENTED_EDGE('',*,*,#1362,.F.);
#1069=ORIENTED_EDGE('',*,*,#1350,.T.);
#1070=ORIENTED_EDGE('',*,*,#1338,.F.);
#1071=ORIENTED_EDGE('',*,*,#1349,.F.);
#1072=ORIENTED_EDGE('',*,*,#1361,.F.);
#1073=ORIENTED_EDGE('',*,*,#1681,.T.);
#1074=ORIENTED_EDGE('',*,*,#1337,.F.);
#1075=ORIENTED_EDGE('',*,*,#1526,.F.);
#1076=ORIENTED_EDGE('',*,*,#1529,.F.);
#1077=ORIENTED_EDGE('',*,*,#1532,.F.);
#1078=ORIENTED_EDGE('',*,*,#1535,.F.);
#1079=ORIENTED_EDGE('',*,*,#1537,.T.);
#1080=ORIENTED_EDGE('',*,*,#1553,.F.);
#1081=ORIENTED_EDGE('',*,*,#1683,.F.);
#1082=ORIENTED_EDGE('',*,*,#1513,.F.);
#1083=ORIENTED_EDGE('',*,*,#1683,.T.);
#1084=ORIENTED_EDGE('',*,*,#1552,.F.);
#1085=ORIENTED_EDGE('',*,*,#1684,.F.);
#1086=ORIENTED_EDGE('',*,*,#1514,.F.);
#1087=ORIENTED_EDGE('',*,*,#1684,.T.);
#1088=ORIENTED_EDGE('',*,*,#1551,.F.);
#1089=ORIENTED_EDGE('',*,*,#1305,.T.);
#1090=ORIENTED_EDGE('',*,*,#1294,.F.);
#1091=ORIENTED_EDGE('',*,*,#1282,.F.);
#1092=ORIENTED_EDGE('',*,*,#1270,.F.);
#1093=ORIENTED_EDGE('',*,*,#1258,.F.);
#1094=ORIENTED_EDGE('',*,*,#1515,.F.);
#1095=ORIENTED_EDGE('',*,*,#1256,.F.);
#1096=ORIENTED_EDGE('',*,*,#1269,.F.);
#1097=ORIENTED_EDGE('',*,*,#1281,.F.);
#1098=ORIENTED_EDGE('',*,*,#1293,.F.);
#1099=ORIENTED_EDGE('',*,*,#1304,.T.);
#1100=ORIENTED_EDGE('',*,*,#1550,.F.);
#1101=ORIENTED_EDGE('',*,*,#1685,.F.);
#1102=ORIENTED_EDGE('',*,*,#1516,.F.);
#1103=ORIENTED_EDGE('',*,*,#1685,.T.);
#1104=ORIENTED_EDGE('',*,*,#1549,.F.);
#1105=ORIENTED_EDGE('',*,*,#1686,.F.);
#1106=ORIENTED_EDGE('',*,*,#1517,.F.);
#1107=ORIENTED_EDGE('',*,*,#1686,.T.);
#1108=ORIENTED_EDGE('',*,*,#1548,.F.);
#1109=ORIENTED_EDGE('',*,*,#1302,.T.);
#1110=ORIENTED_EDGE('',*,*,#1291,.F.);
#1111=ORIENTED_EDGE('',*,*,#1279,.F.);
#1112=ORIENTED_EDGE('',*,*,#1267,.F.);
#1113=ORIENTED_EDGE('',*,*,#1254,.F.);
#1114=ORIENTED_EDGE('',*,*,#1518,.F.);
#1115=ORIENTED_EDGE('',*,*,#1252,.F.);
#1116=ORIENTED_EDGE('',*,*,#1266,.F.);
#1117=ORIENTED_EDGE('',*,*,#1278,.F.);
#1118=ORIENTED_EDGE('',*,*,#1290,.F.);
#1119=ORIENTED_EDGE('',*,*,#1301,.T.);
#1120=ORIENTED_EDGE('',*,*,#1547,.F.);
#1121=ORIENTED_EDGE('',*,*,#1687,.F.);
#1122=ORIENTED_EDGE('',*,*,#1519,.F.);
#1123=ORIENTED_EDGE('',*,*,#1687,.T.);
#1124=ORIENTED_EDGE('',*,*,#1546,.F.);
#1125=ORIENTED_EDGE('',*,*,#1688,.F.);
#1126=ORIENTED_EDGE('',*,*,#1520,.F.);
#1127=ORIENTED_EDGE('',*,*,#1688,.T.);
#1128=ORIENTED_EDGE('',*,*,#1545,.F.);
#1129=ORIENTED_EDGE('',*,*,#1299,.T.);
#1130=ORIENTED_EDGE('',*,*,#1288,.F.);
#1131=ORIENTED_EDGE('',*,*,#1276,.F.);
#1132=ORIENTED_EDGE('',*,*,#1264,.F.);
#1133=ORIENTED_EDGE('',*,*,#1250,.F.);
#1134=ORIENTED_EDGE('',*,*,#1521,.F.);
#1135=ORIENTED_EDGE('',*,*,#1689,.T.);
#1136=ORIENTED_EDGE('',*,*,#1543,.F.);
#1137=ORIENTED_EDGE('',*,*,#1690,.F.);
#1138=ORIENTED_EDGE('',*,*,#1523,.F.);
#1139=ORIENTED_EDGE('',*,*,#1690,.T.);
#1140=ORIENTED_EDGE('',*,*,#1542,.F.);
#1141=ORIENTED_EDGE('',*,*,#1296,.T.);
#1142=ORIENTED_EDGE('',*,*,#1285,.F.);
#1143=ORIENTED_EDGE('',*,*,#1273,.F.);
#1144=ORIENTED_EDGE('',*,*,#1261,.F.);
#1145=ORIENTED_EDGE('',*,*,#1246,.F.);
#1146=ORIENTED_EDGE('',*,*,#1524,.F.);
#1147=ORIENTED_EDGE('',*,*,#1248,.F.);
#1148=ORIENTED_EDGE('',*,*,#1263,.F.);
#1149=ORIENTED_EDGE('',*,*,#1275,.F.);
#1150=ORIENTED_EDGE('',*,*,#1287,.F.);
#1151=ORIENTED_EDGE('',*,*,#1298,.T.);
#1152=ORIENTED_EDGE('',*,*,#1544,.F.);
#1153=ORIENTED_EDGE('',*,*,#1689,.F.);
#1154=ORIENTED_EDGE('',*,*,#1522,.F.);
#1155=EDGE_CURVE('',#1691,#1692,#2035,.T.);
#1156=EDGE_CURVE('',#1693,#1692,#2036,.T.);
#1157=EDGE_CURVE('',#1694,#1693,#2037,.T.);
#1158=EDGE_CURVE('',#1694,#1691,#2038,.T.);
#1159=EDGE_CURVE('',#1692,#1695,#2039,.T.);
#1160=EDGE_CURVE('',#1696,#1695,#2040,.T.);
#1161=EDGE_CURVE('',#1693,#1696,#2041,.T.);
#1162=EDGE_CURVE('',#1695,#1697,#2042,.T.);
#1163=EDGE_CURVE('',#1698,#1697,#2043,.T.);
#1164=EDGE_CURVE('',#1696,#1698,#2044,.T.);
#1165=EDGE_CURVE('',#1697,#1699,#2045,.T.);
#1166=EDGE_CURVE('',#1700,#1699,#2046,.T.);
#1167=EDGE_CURVE('',#1698,#1700,#2047,.T.);
#1168=EDGE_CURVE('',#1699,#1701,#2048,.T.);
#1169=EDGE_CURVE('',#1702,#1701,#2049,.T.);
#1170=EDGE_CURVE('',#1700,#1702,#2050,.T.);
#1171=EDGE_CURVE('',#1701,#1703,#2051,.T.);
#1172=EDGE_CURVE('',#1704,#1703,#2052,.T.);
#1173=EDGE_CURVE('',#1702,#1704,#2053,.T.);
#1174=EDGE_CURVE('',#1703,#1705,#2054,.T.);
#1175=EDGE_CURVE('',#1706,#1705,#2055,.T.);
#1176=EDGE_CURVE('',#1704,#1706,#2056,.T.);
#1177=EDGE_CURVE('',#1705,#1707,#2057,.T.);
#1178=EDGE_CURVE('',#1708,#1707,#2058,.T.);
#1179=EDGE_CURVE('',#1706,#1708,#2059,.T.);
#1180=EDGE_CURVE('',#1707,#1709,#2060,.T.);
#1181=EDGE_CURVE('',#1710,#1709,#2061,.T.);
#1182=EDGE_CURVE('',#1708,#1710,#2062,.T.);
#1183=EDGE_CURVE('',#1709,#1711,#2063,.T.);
#1184=EDGE_CURVE('',#1712,#1711,#2064,.T.);
#1185=EDGE_CURVE('',#1710,#1712,#2065,.T.);
#1186=EDGE_CURVE('',#1711,#1713,#2066,.T.);
#1187=EDGE_CURVE('',#1714,#1713,#2067,.T.);
#1188=EDGE_CURVE('',#1712,#1714,#2068,.T.);
#1189=EDGE_CURVE('',#1713,#1691,#2069,.T.);
#1190=EDGE_CURVE('',#1714,#1694,#2070,.T.);
#1191=EDGE_CURVE('',#1715,#1716,#2071,.T.);
#1192=EDGE_CURVE('',#1715,#1717,#2072,.T.);
#1193=EDGE_CURVE('',#1717,#1718,#2073,.T.);
#1194=EDGE_CURVE('',#1718,#1716,#2074,.T.);
#1195=EDGE_CURVE('',#1719,#1720,#2075,.T.);
#1196=EDGE_CURVE('',#1719,#1721,#2076,.T.);
#1197=EDGE_CURVE('',#1721,#1722,#2077,.T.);
#1198=EDGE_CURVE('',#1722,#1720,#2078,.T.);
#1199=EDGE_CURVE('',#1723,#1724,#2079,.T.);
#1200=EDGE_CURVE('',#1723,#1725,#2080,.T.);
#1201=EDGE_CURVE('',#1725,#1726,#2081,.T.);
#1202=EDGE_CURVE('',#1726,#1724,#2082,.T.);
#1203=EDGE_CURVE('',#1727,#1728,#2083,.T.);
#1204=EDGE_CURVE('',#1727,#1729,#2084,.T.);
#1205=EDGE_CURVE('',#1729,#1730,#2085,.T.);
#1206=EDGE_CURVE('',#1730,#1728,#2086,.T.);
#1207=EDGE_CURVE('',#1731,#1732,#2087,.T.);
#1208=EDGE_CURVE('',#1731,#1715,#2088,.T.);
#1209=EDGE_CURVE('',#1716,#1732,#2089,.T.);
#1210=EDGE_CURVE('',#1733,#1734,#2090,.T.);
#1211=EDGE_CURVE('',#1733,#1719,#2091,.T.);
#1212=EDGE_CURVE('',#1720,#1734,#2092,.T.);
#1213=EDGE_CURVE('',#1735,#1736,#2093,.T.);
#1214=EDGE_CURVE('',#1735,#1723,#2094,.T.);
#1215=EDGE_CURVE('',#1724,#1736,#2095,.T.);
#1216=EDGE_CURVE('',#1737,#1738,#2096,.T.);
#1217=EDGE_CURVE('',#1737,#1727,#2097,.T.);
#1218=EDGE_CURVE('',#1728,#1738,#2098,.T.);
#1219=EDGE_CURVE('',#1739,#1740,#2099,.T.);
#1220=EDGE_CURVE('',#1739,#1731,#2100,.T.);
#1221=EDGE_CURVE('',#1732,#1740,#2101,.T.);
#1222=EDGE_CURVE('',#1741,#1742,#2102,.T.);
#1223=EDGE_CURVE('',#1741,#1733,#2103,.T.);
#1224=EDGE_CURVE('',#1734,#1742,#2104,.T.);
#1225=EDGE_CURVE('',#1743,#1744,#2105,.T.);
#1226=EDGE_CURVE('',#1743,#1735,#2106,.T.);
#1227=EDGE_CURVE('',#1736,#1744,#2107,.T.);
#1228=EDGE_CURVE('',#1745,#1746,#2108,.T.);
#1229=EDGE_CURVE('',#1745,#1737,#2109,.T.);
#1230=EDGE_CURVE('',#1738,#1746,#2110,.T.);
#1231=EDGE_CURVE('',#1747,#1748,#2111,.T.);
#1232=EDGE_CURVE('',#1747,#1739,#10,.T.);
#1233=EDGE_CURVE('',#1740,#1748,#11,.T.);
#1234=EDGE_CURVE('',#1749,#1750,#2112,.T.);
#1235=EDGE_CURVE('',#1749,#1741,#12,.T.);
#1236=EDGE_CURVE('',#1742,#1750,#13,.T.);
#1237=EDGE_CURVE('',#1751,#1752,#2113,.T.);
#1238=EDGE_CURVE('',#1751,#1743,#14,.T.);
#1239=EDGE_CURVE('',#1744,#1752,#15,.T.);
#1240=EDGE_CURVE('',#1753,#1754,#2114,.T.);
#1241=EDGE_CURVE('',#1753,#1745,#16,.T.);
#1242=EDGE_CURVE('',#1746,#1754,#17,.T.);
#1243=EDGE_CURVE('',#1755,#1756,#2115,.T.);
#1244=EDGE_CURVE('',#1755,#1757,#18,.T.);
#1245=EDGE_CURVE('',#1757,#1758,#2116,.T.);
#1246=EDGE_CURVE('',#1758,#1756,#19,.T.);
#1247=EDGE_CURVE('',#1759,#1760,#2117,.T.);
#1248=EDGE_CURVE('',#1759,#1761,#20,.T.);
#1249=EDGE_CURVE('',#1761,#1762,#2118,.T.);
#1250=EDGE_CURVE('',#1762,#1760,#21,.T.);
#1251=EDGE_CURVE('',#1763,#1764,#2119,.T.);
#1252=EDGE_CURVE('',#1763,#1765,#22,.T.);
#1253=EDGE_CURVE('',#1765,#1766,#2120,.T.);
#1254=EDGE_CURVE('',#1766,#1764,#23,.T.);
#1255=EDGE_CURVE('',#1767,#1768,#2121,.T.);
#1256=EDGE_CURVE('',#1767,#1769,#24,.T.);
#1257=EDGE_CURVE('',#1769,#1770,#2122,.T.);
#1258=EDGE_CURVE('',#1770,#1768,#25,.T.);
#1259=EDGE_CURVE('',#1771,#1772,#2123,.T.);
#1260=EDGE_CURVE('',#1771,#1755,#2124,.T.);
#1261=EDGE_CURVE('',#1756,#1772,#2125,.T.);
#1262=EDGE_CURVE('',#1773,#1774,#2126,.T.);
#1263=EDGE_CURVE('',#1773,#1759,#2127,.T.);
#1264=EDGE_CURVE('',#1760,#1774,#2128,.T.);
#1265=EDGE_CURVE('',#1775,#1776,#2129,.T.);
#1266=EDGE_CURVE('',#1775,#1763,#2130,.T.);
#1267=EDGE_CURVE('',#1764,#1776,#2131,.T.);
#1268=EDGE_CURVE('',#1777,#1778,#2132,.T.);
#1269=EDGE_CURVE('',#1777,#1767,#2133,.T.);
#1270=EDGE_CURVE('',#1768,#1778,#2134,.T.);
#1271=EDGE_CURVE('',#1779,#1780,#2135,.T.);
#1272=EDGE_CURVE('',#1779,#1771,#2136,.T.);
#1273=EDGE_CURVE('',#1772,#1780,#2137,.T.);
#1274=EDGE_CURVE('',#1781,#1782,#2138,.T.);
#1275=EDGE_CURVE('',#1781,#1773,#2139,.T.);
#1276=EDGE_CURVE('',#1774,#1782,#2140,.T.);
#1277=EDGE_CURVE('',#1783,#1784,#2141,.T.);
#1278=EDGE_CURVE('',#1783,#1775,#2142,.T.);
#1279=EDGE_CURVE('',#1776,#1784,#2143,.T.);
#1280=EDGE_CURVE('',#1785,#1786,#2144,.T.);
#1281=EDGE_CURVE('',#1785,#1777,#2145,.T.);
#1282=EDGE_CURVE('',#1778,#1786,#2146,.T.);
#1283=EDGE_CURVE('',#1787,#1788,#2147,.T.);
#1284=EDGE_CURVE('',#1787,#1779,#2148,.T.);
#1285=EDGE_CURVE('',#1780,#1788,#2149,.T.);
#1286=EDGE_CURVE('',#1789,#1790,#2150,.T.);
#1287=EDGE_CURVE('',#1789,#1781,#2151,.T.);
#1288=EDGE_CURVE('',#1782,#1790,#2152,.T.);
#1289=EDGE_CURVE('',#1791,#1792,#2153,.T.);
#1290=EDGE_CURVE('',#1791,#1783,#2154,.T.);
#1291=EDGE_CURVE('',#1784,#1792,#2155,.T.);
#1292=EDGE_CURVE('',#1793,#1794,#2156,.T.);
#1293=EDGE_CURVE('',#1793,#1785,#2157,.T.);
#1294=EDGE_CURVE('',#1786,#1794,#2158,.T.);
#1295=EDGE_CURVE('',#1787,#1795,#26,.T.);
#1296=EDGE_CURVE('',#1796,#1788,#27,.T.);
#1297=EDGE_CURVE('',#1795,#1796,#2159,.T.);
#1298=EDGE_CURVE('',#1789,#1797,#28,.T.);
#1299=EDGE_CURVE('',#1798,#1790,#29,.T.);
#1300=EDGE_CURVE('',#1797,#1798,#2160,.T.);
#1301=EDGE_CURVE('',#1791,#1799,#30,.T.);
#1302=EDGE_CURVE('',#1800,#1792,#31,.T.);
#1303=EDGE_CURVE('',#1799,#1800,#2161,.T.);
#1304=EDGE_CURVE('',#1793,#1801,#32,.T.);
#1305=EDGE_CURVE('',#1802,#1794,#33,.T.);
#1306=EDGE_CURVE('',#1801,#1802,#2162,.T.);
#1307=EDGE_CURVE('',#1803,#1804,#2163,.T.);
#1308=EDGE_CURVE('',#1803,#1805,#2164,.T.);
#1309=EDGE_CURVE('',#1805,#1806,#2165,.T.);
#1310=EDGE_CURVE('',#1806,#1804,#2166,.T.);
#1311=EDGE_CURVE('',#1807,#1808,#2167,.T.);
#1312=EDGE_CURVE('',#1808,#1809,#2168,.T.);
#1313=EDGE_CURVE('',#1810,#1809,#2169,.T.);
#1314=EDGE_CURVE('',#1810,#1807,#2170,.T.);
#1315=EDGE_CURVE('',#1811,#1812,#2171,.T.);
#1316=EDGE_CURVE('',#1812,#1813,#2172,.T.);
#1317=EDGE_CURVE('',#1814,#1813,#2173,.T.);
#1318=EDGE_CURVE('',#1814,#1811,#2174,.T.);
#1319=EDGE_CURVE('',#1815,#1816,#2175,.T.);
#1320=EDGE_CURVE('',#1816,#1817,#2176,.T.);
#1321=EDGE_CURVE('',#1818,#1817,#2177,.T.);
#1322=EDGE_CURVE('',#1818,#1815,#2178,.T.);
#1323=EDGE_CURVE('',#1819,#1820,#2179,.T.);
#1324=EDGE_CURVE('',#1819,#1803,#2180,.T.);
#1325=EDGE_CURVE('',#1804,#1820,#2181,.T.);
#1326=EDGE_CURVE('',#1809,#1821,#2182,.T.);
#1327=EDGE_CURVE('',#1822,#1821,#2183,.T.);
#1328=EDGE_CURVE('',#1822,#1810,#2184,.T.);
#1329=EDGE_CURVE('',#1813,#1823,#2185,.T.);
#1330=EDGE_CURVE('',#1824,#1823,#2186,.T.);
#1331=EDGE_CURVE('',#1824,#1814,#2187,.T.);
#1332=EDGE_CURVE('',#1817,#1825,#2188,.T.);
#1333=EDGE_CURVE('',#1826,#1825,#2189,.T.);
#1334=EDGE_CURVE('',#1826,#1818,#2190,.T.);
#1335=EDGE_CURVE('',#1820,#1827,#2191,.T.);
#1336=EDGE_CURVE('',#1828,#1827,#2192,.T.);
#1337=EDGE_CURVE('',#1828,#1819,#2193,.T.);
#1338=EDGE_CURVE('',#1821,#1829,#2194,.T.);
#1339=EDGE_CURVE('',#1830,#1829,#2195,.T.);
#1340=EDGE_CURVE('',#1830,#1822,#2196,.T.);
#1341=EDGE_CURVE('',#1823,#1831,#2197,.T.);
#1342=EDGE_CURVE('',#1832,#1831,#2198,.T.);
#1343=EDGE_CURVE('',#1832,#1824,#2199,.T.);
#1344=EDGE_CURVE('',#1825,#1833,#2200,.T.);
#1345=EDGE_CURVE('',#1834,#1833,#2201,.T.);
#1346=EDGE_CURVE('',#1834,#1826,#2202,.T.);
#1347=EDGE_CURVE('',#1835,#1827,#2203,.T.);
#1348=EDGE_CURVE('',#1836,#1835,#2204,.T.);
#1349=EDGE_CURVE('',#1836,#1828,#2205,.T.);
#1350=EDGE_CURVE('',#1837,#1829,#2206,.T.);
#1351=EDGE_CURVE('',#1838,#1837,#2207,.T.);
#1352=EDGE_CURVE('',#1838,#1830,#2208,.T.);
#1353=EDGE_CURVE('',#1839,#1831,#2209,.T.);
#1354=EDGE_CURVE('',#1840,#1839,#2210,.T.);
#1355=EDGE_CURVE('',#1840,#1832,#2211,.T.);
#1356=EDGE_CURVE('',#1841,#1833,#2212,.T.);
#1357=EDGE_CURVE('',#1842,#1841,#2213,.T.);
#1358=EDGE_CURVE('',#1842,#1834,#2214,.T.);
#1359=EDGE_CURVE('',#1835,#1843,#2215,.T.);
#1360=EDGE_CURVE('',#1844,#1843,#2216,.T.);
#1361=EDGE_CURVE('',#1844,#1836,#2217,.T.);
#1362=EDGE_CURVE('',#1837,#1845,#2218,.T.);
#1363=EDGE_CURVE('',#1846,#1845,#2219,.T.);
#1364=EDGE_CURVE('',#1846,#1838,#2220,.T.);
#1365=EDGE_CURVE('',#1839,#1847,#2221,.T.);
#1366=EDGE_CURVE('',#1848,#1847,#2222,.T.);
#1367=EDGE_CURVE('',#1848,#1840,#2223,.T.);
#1368=EDGE_CURVE('',#1841,#1849,#2224,.T.);
#1369=EDGE_CURVE('',#1850,#1849,#2225,.T.);
#1370=EDGE_CURVE('',#1850,#1842,#2226,.T.);
#1371=EDGE_CURVE('',#1851,#1852,#2227,.T.);
#1372=EDGE_CURVE('',#1851,#1844,#2228,.T.);
#1373=EDGE_CURVE('',#1843,#1852,#2229,.T.);
#1374=EDGE_CURVE('',#1845,#1853,#2230,.T.);
#1375=EDGE_CURVE('',#1854,#1853,#2231,.T.);
#1376=EDGE_CURVE('',#1854,#1846,#2232,.T.);
#1377=EDGE_CURVE('',#1847,#1855,#2233,.T.);
#1378=EDGE_CURVE('',#1856,#1855,#2234,.T.);
#1379=EDGE_CURVE('',#1856,#1848,#2235,.T.);
#1380=EDGE_CURVE('',#1849,#1857,#2236,.T.);
#1381=EDGE_CURVE('',#1858,#1857,#2237,.T.);
#1382=EDGE_CURVE('',#1858,#1850,#2238,.T.);
#1383=EDGE_CURVE('',#1859,#1860,#2239,.T.);
#1384=EDGE_CURVE('',#1859,#1851,#2240,.T.);
#1385=EDGE_CURVE('',#1852,#1860,#2241,.T.);
#1386=EDGE_CURVE('',#1853,#1861,#2242,.T.);
#1387=EDGE_CURVE('',#1862,#1861,#2243,.T.);
#1388=EDGE_CURVE('',#1862,#1854,#2244,.T.);
#1389=EDGE_CURVE('',#1855,#1863,#2245,.T.);
#1390=EDGE_CURVE('',#1864,#1863,#2246,.T.);
#1391=EDGE_CURVE('',#1864,#1856,#2247,.T.);
#1392=EDGE_CURVE('',#1857,#1865,#2248,.T.);
#1393=EDGE_CURVE('',#1866,#1865,#2249,.T.);
#1394=EDGE_CURVE('',#1866,#1858,#2250,.T.);
#1395=EDGE_CURVE('',#1867,#1868,#2251,.T.);
#1396=EDGE_CURVE('',#1867,#1859,#2252,.T.);
#1397=EDGE_CURVE('',#1860,#1868,#2253,.T.);
#1398=EDGE_CURVE('',#1861,#1869,#2254,.T.);
#1399=EDGE_CURVE('',#1870,#1869,#2255,.T.);
#1400=EDGE_CURVE('',#1870,#1862,#2256,.T.);
#1401=EDGE_CURVE('',#1863,#1871,#2257,.T.);
#1402=EDGE_CURVE('',#1872,#1871,#2258,.T.);
#1403=EDGE_CURVE('',#1872,#1864,#2259,.T.);
#1404=EDGE_CURVE('',#1865,#1873,#2260,.T.);
#1405=EDGE_CURVE('',#1874,#1873,#2261,.T.);
#1406=EDGE_CURVE('',#1874,#1866,#2262,.T.);
#1407=EDGE_CURVE('',#1868,#1875,#2263,.T.);
#1408=EDGE_CURVE('',#1876,#1875,#2264,.T.);
#1409=EDGE_CURVE('',#1876,#1867,#2265,.T.);
#1410=EDGE_CURVE('',#1869,#1877,#2266,.T.);
#1411=EDGE_CURVE('',#1878,#1877,#2267,.T.);
#1412=EDGE_CURVE('',#1878,#1870,#2268,.T.);
#1413=EDGE_CURVE('',#1871,#1879,#2269,.T.);
#1414=EDGE_CURVE('',#1880,#1879,#2270,.T.);
#1415=EDGE_CURVE('',#1880,#1872,#2271,.T.);
#1416=EDGE_CURVE('',#1873,#1881,#2272,.T.);
#1417=EDGE_CURVE('',#1882,#1881,#2273,.T.);
#1418=EDGE_CURVE('',#1882,#1874,#2274,.T.);
#1419=EDGE_CURVE('',#1883,#1875,#2275,.T.);
#1420=EDGE_CURVE('',#1884,#1883,#2276,.T.);
#1421=EDGE_CURVE('',#1884,#1876,#2277,.T.);
#1422=EDGE_CURVE('',#1885,#1877,#2278,.T.);
#1423=EDGE_CURVE('',#1886,#1885,#2279,.T.);
#1424=EDGE_CURVE('',#1886,#1878,#2280,.T.);
#1425=EDGE_CURVE('',#1887,#1879,#2281,.T.);
#1426=EDGE_CURVE('',#1888,#1887,#2282,.T.);
#1427=EDGE_CURVE('',#1888,#1880,#2283,.T.);
#1428=EDGE_CURVE('',#1889,#1881,#2284,.T.);
#1429=EDGE_CURVE('',#1890,#1889,#2285,.T.);
#1430=EDGE_CURVE('',#1890,#1882,#2286,.T.);
#1431=EDGE_CURVE('',#1883,#1891,#2287,.T.);
#1432=EDGE_CURVE('',#1892,#1891,#2288,.T.);
#1433=EDGE_CURVE('',#1892,#1884,#2289,.T.);
#1434=EDGE_CURVE('',#1885,#1893,#2290,.T.);
#1435=EDGE_CURVE('',#1894,#1893,#2291,.T.);
#1436=EDGE_CURVE('',#1894,#1886,#2292,.T.);
#1437=EDGE_CURVE('',#1887,#1895,#2293,.T.);
#1438=EDGE_CURVE('',#1896,#1895,#2294,.T.);
#1439=EDGE_CURVE('',#1896,#1888,#2295,.T.);
#1440=EDGE_CURVE('',#1889,#1897,#2296,.T.);
#1441=EDGE_CURVE('',#1898,#1897,#2297,.T.);
#1442=EDGE_CURVE('',#1898,#1890,#2298,.T.);
#1443=EDGE_CURVE('',#1899,#1900,#2299,.T.);
#1444=EDGE_CURVE('',#1899,#1892,#2300,.T.);
#1445=EDGE_CURVE('',#1891,#1900,#2301,.T.);
#1446=EDGE_CURVE('',#1893,#1901,#2302,.T.);
#1447=EDGE_CURVE('',#1902,#1901,#2303,.T.);
#1448=EDGE_CURVE('',#1902,#1894,#2304,.T.);
#1449=EDGE_CURVE('',#1895,#1903,#2305,.T.);
#1450=EDGE_CURVE('',#1904,#1903,#2306,.T.);
#1451=EDGE_CURVE('',#1904,#1896,#2307,.T.);
#1452=EDGE_CURVE('',#1897,#1905,#2308,.T.);
#1453=EDGE_CURVE('',#1906,#1905,#2309,.T.);
#1454=EDGE_CURVE('',#1906,#1898,#2310,.T.);
#1455=EDGE_CURVE('',#1907,#1908,#2311,.T.);
#1456=EDGE_CURVE('',#1907,#1899,#2312,.T.);
#1457=EDGE_CURVE('',#1900,#1908,#2313,.T.);
#1458=EDGE_CURVE('',#1901,#1909,#2314,.T.);
#1459=EDGE_CURVE('',#1910,#1909,#2315,.T.);
#1460=EDGE_CURVE('',#1910,#1902,#2316,.T.);
#1461=EDGE_CURVE('',#1903,#1911,#2317,.T.);
#1462=EDGE_CURVE('',#1912,#1911,#2318,.T.);
#1463=EDGE_CURVE('',#1912,#1904,#2319,.T.);
#1464=EDGE_CURVE('',#1905,#1913,#2320,.T.);
#1465=EDGE_CURVE('',#1914,#1913,#2321,.T.);
#1466=EDGE_CURVE('',#1914,#1906,#2322,.T.);
#1467=EDGE_CURVE('',#1915,#1717,#34,.T.);
#1468=EDGE_CURVE('',#1915,#1916,#2323,.T.);
#1469=EDGE_CURVE('',#1718,#1916,#35,.T.);
#1470=EDGE_CURVE('',#1917,#1721,#36,.T.);
#1471=EDGE_CURVE('',#1917,#1918,#2324,.T.);
#1472=EDGE_CURVE('',#1722,#1918,#37,.T.);
#1473=EDGE_CURVE('',#1919,#1725,#38,.T.);
#1474=EDGE_CURVE('',#1919,#1920,#2325,.T.);
#1475=EDGE_CURVE('',#1726,#1920,#39,.T.);
#1476=EDGE_CURVE('',#1921,#1729,#40,.T.);
#1477=EDGE_CURVE('',#1921,#1922,#2326,.T.);
#1478=EDGE_CURVE('',#1730,#1922,#41,.T.);
#1479=EDGE_CURVE('',#1923,#1924,#2327,.T.);
#1480=EDGE_CURVE('',#1923,#1925,#2328,.T.);
#1481=EDGE_CURVE('',#1925,#1926,#2329,.T.);
#1482=EDGE_CURVE('',#1926,#1924,#2330,.T.);
#1483=EDGE_CURVE('',#1927,#1928,#2331,.T.);
#1484=EDGE_CURVE('',#1927,#1923,#2332,.T.);
#1485=EDGE_CURVE('',#1924,#1928,#2333,.T.);
#1486=EDGE_CURVE('',#1929,#1930,#2334,.T.);
#1487=EDGE_CURVE('',#1929,#1927,#2335,.T.);
#1488=EDGE_CURVE('',#1928,#1930,#2336,.T.);
#1489=EDGE_CURVE('',#1931,#1932,#2337,.T.);
#1490=EDGE_CURVE('',#1931,#1929,#42,.T.);
#1491=EDGE_CURVE('',#1930,#1932,#43,.T.);
#1492=EDGE_CURVE('',#1933,#1934,#2338,.T.);
#1493=EDGE_CURVE('',#1933,#1747,#2339,.T.);
#1494=EDGE_CURVE('',#1748,#1935,#2340,.T.);
#1495=EDGE_CURVE('',#1935,#1936,#2341,.T.);
#1496=EDGE_CURVE('',#1936,#1749,#2342,.T.);
#1497=EDGE_CURVE('',#1750,#1937,#2343,.T.);
#1498=EDGE_CURVE('',#1937,#1938,#2344,.T.);
#1499=EDGE_CURVE('',#1938,#1751,#2345,.T.);
#1500=EDGE_CURVE('',#1752,#1939,#2346,.T.);
#1501=EDGE_CURVE('',#1939,#1940,#2347,.T.);
#1502=EDGE_CURVE('',#1940,#1753,#2348,.T.);
#1503=EDGE_CURVE('',#1754,#1941,#2349,.T.);
#1504=EDGE_CURVE('',#1941,#1942,#2350,.T.);
#1505=EDGE_CURVE('',#1942,#1931,#2351,.T.);
#1506=EDGE_CURVE('',#1932,#1934,#2352,.T.);
#1507=EDGE_CURVE('',#1943,#1944,#2353,.T.);
#1508=EDGE_CURVE('',#1943,#1933,#2354,.T.);
#1509=EDGE_CURVE('',#1934,#1944,#2355,.T.);
#1510=EDGE_CURVE('',#1757,#1943,#2356,.T.);
#1511=EDGE_CURVE('',#1944,#1945,#2357,.T.);
#1512=EDGE_CURVE('',#1946,#1945,#2358,.T.);
#1513=EDGE_CURVE('',#1946,#1947,#2359,.T.);
#1514=EDGE_CURVE('',#1947,#1948,#2360,.T.);
#1515=EDGE_CURVE('',#1948,#1770,#2361,.T.);
#1516=EDGE_CURVE('',#1769,#1949,#2362,.T.);
#1517=EDGE_CURVE('',#1949,#1950,#2363,.T.);
#1518=EDGE_CURVE('',#1950,#1766,#2364,.T.);
#1519=EDGE_CURVE('',#1765,#1951,#2365,.T.);
#1520=EDGE_CURVE('',#1951,#1952,#2366,.T.);
#1521=EDGE_CURVE('',#1952,#1762,#2367,.T.);
#1522=EDGE_CURVE('',#1761,#1953,#2368,.T.);
#1523=EDGE_CURVE('',#1953,#1954,#2369,.T.);
#1524=EDGE_CURVE('',#1954,#1758,#2370,.T.);
#1525=EDGE_CURVE('',#1955,#1956,#2371,.T.);
#1526=EDGE_CURVE('',#1955,#1946,#44,.T.);
#1527=EDGE_CURVE('',#1945,#1956,#45,.T.);
#1528=EDGE_CURVE('',#1957,#1958,#2372,.T.);
#1529=EDGE_CURVE('',#1957,#1955,#2373,.T.);
#1530=EDGE_CURVE('',#1956,#1958,#2374,.T.);
#1531=EDGE_CURVE('',#1959,#1960,#2375,.T.);
#1532=EDGE_CURVE('',#1959,#1957,#2376,.T.);
#1533=EDGE_CURVE('',#1958,#1960,#2377,.T.);
#1534=EDGE_CURVE('',#1961,#1962,#2378,.T.);
#1535=EDGE_CURVE('',#1961,#1959,#2379,.T.);
#1536=EDGE_CURVE('',#1960,#1962,#2380,.T.);
#1537=EDGE_CURVE('',#1961,#1963,#46,.T.);
#1538=EDGE_CURVE('',#1964,#1962,#47,.T.);
#1539=EDGE_CURVE('',#1963,#1964,#2381,.T.);
#1540=EDGE_CURVE('',#1965,#1966,#2382,.T.);
#1541=EDGE_CURVE('',#1965,#1795,#2383,.T.);
#1542=EDGE_CURVE('',#1796,#1967,#2384,.T.);
#1543=EDGE_CURVE('',#1967,#1968,#2385,.T.);
#1544=EDGE_CURVE('',#1968,#1797,#2386,.T.);
#1545=EDGE_CURVE('',#1798,#1969,#2387,.T.);
#1546=EDGE_CURVE('',#1969,#1970,#2388,.T.);
#1547=EDGE_CURVE('',#1970,#1799,#2389,.T.);
#1548=EDGE_CURVE('',#1800,#1971,#2390,.T.);
#1549=EDGE_CURVE('',#1971,#1972,#2391,.T.);
#1550=EDGE_CURVE('',#1972,#1801,#2392,.T.);
#1551=EDGE_CURVE('',#1802,#1973,#2393,.T.);
#1552=EDGE_CURVE('',#1973,#1974,#2394,.T.);
#1553=EDGE_CURVE('',#1974,#1963,#2395,.T.);
#1554=EDGE_CURVE('',#1964,#1966,#2396,.T.);
#1555=EDGE_CURVE('',#1975,#1976,#2397,.T.);
#1556=EDGE_CURVE('',#1975,#1965,#2398,.T.);
#1557=EDGE_CURVE('',#1966,#1976,#2399,.T.);
#1558=EDGE_CURVE('',#1805,#1977,#2400,.T.);
#1559=EDGE_CURVE('',#1977,#1978,#2401,.T.);
#1560=EDGE_CURVE('',#1978,#1808,#2402,.T.);
#1561=EDGE_CURVE('',#1807,#1979,#2403,.T.);
#1562=EDGE_CURVE('',#1979,#1980,#2404,.T.);
#1563=EDGE_CURVE('',#1980,#1812,#2405,.T.);
#1564=EDGE_CURVE('',#1811,#1981,#2406,.T.);
#1565=EDGE_CURVE('',#1981,#1982,#2407,.T.);
#1566=EDGE_CURVE('',#1982,#1816,#2408,.T.);
#1567=EDGE_CURVE('',#1815,#1983,#2409,.T.);
#1568=EDGE_CURVE('',#1983,#1984,#2410,.T.);
#1569=EDGE_CURVE('',#1984,#1985,#2411,.T.);
#1570=EDGE_CURVE('',#1986,#1985,#2412,.T.);
#1571=EDGE_CURVE('',#1986,#1975,#2413,.T.);
#1572=EDGE_CURVE('',#1976,#1806,#2414,.T.);
#1573=EDGE_CURVE('',#1985,#1987,#2415,.T.);
#1574=EDGE_CURVE('',#1988,#1987,#2416,.T.);
#1575=EDGE_CURVE('',#1988,#1986,#2417,.T.);
#1576=EDGE_CURVE('',#1987,#1989,#2418,.T.);
#1577=EDGE_CURVE('',#1990,#1989,#2419,.T.);
#1578=EDGE_CURVE('',#1990,#1988,#2420,.T.);
#1579=EDGE_CURVE('',#1989,#1991,#2421,.T.);
#1580=EDGE_CURVE('',#1992,#1991,#2422,.T.);
#1581=EDGE_CURVE('',#1992,#1990,#2423,.T.);
#1582=EDGE_CURVE('',#1993,#1991,#2424,.T.);
#1583=EDGE_CURVE('',#1994,#1993,#2425,.T.);
#1584=EDGE_CURVE('',#1994,#1992,#2426,.T.);
#1585=EDGE_CURVE('',#1993,#1995,#2427,.T.);
#1586=EDGE_CURVE('',#1996,#1995,#2428,.T.);
#1587=EDGE_CURVE('',#1996,#1994,#2429,.T.);
#1588=EDGE_CURVE('',#1995,#1997,#2430,.T.);
#1589=EDGE_CURVE('',#1998,#1997,#2431,.T.);
#1590=EDGE_CURVE('',#1998,#1996,#2432,.T.);
#1591=EDGE_CURVE('',#1997,#1999,#2433,.T.);
#1592=EDGE_CURVE('',#2000,#1999,#2434,.T.);
#1593=EDGE_CURVE('',#2000,#1998,#2435,.T.);
#1594=EDGE_CURVE('',#1999,#2001,#2436,.T.);
#1595=EDGE_CURVE('',#2002,#2001,#2437,.T.);
#1596=EDGE_CURVE('',#2002,#2000,#2438,.T.);
#1597=EDGE_CURVE('',#2001,#2003,#2439,.T.);
#1598=EDGE_CURVE('',#2004,#2003,#2440,.T.);
#1599=EDGE_CURVE('',#2004,#2002,#2441,.T.);
#1600=EDGE_CURVE('',#2005,#2003,#2442,.T.);
#1601=EDGE_CURVE('',#2006,#2005,#2443,.T.);
#1602=EDGE_CURVE('',#2006,#2004,#2444,.T.);
#1603=EDGE_CURVE('',#2005,#2007,#2445,.T.);
#1604=EDGE_CURVE('',#2008,#2007,#2446,.T.);
#1605=EDGE_CURVE('',#2008,#2006,#2447,.T.);
#1606=EDGE_CURVE('',#2007,#2009,#2448,.T.);
#1607=EDGE_CURVE('',#2010,#2009,#2449,.T.);
#1608=EDGE_CURVE('',#2010,#2008,#2450,.T.);
#1609=EDGE_CURVE('',#2009,#2011,#2451,.T.);
#1610=EDGE_CURVE('',#2012,#2011,#2452,.T.);
#1611=EDGE_CURVE('',#2012,#2010,#2453,.T.);
#1612=EDGE_CURVE('',#2013,#2014,#2454,.T.);
#1613=EDGE_CURVE('',#2014,#1907,#2455,.T.);
#1614=EDGE_CURVE('',#1908,#2015,#2456,.T.);
#1615=EDGE_CURVE('',#2016,#2015,#2457,.T.);
#1616=EDGE_CURVE('',#2016,#2012,#2458,.T.);
#1617=EDGE_CURVE('',#2011,#2017,#2459,.T.);
#1618=EDGE_CURVE('',#2017,#2018,#2460,.T.);
#1619=EDGE_CURVE('',#2018,#1914,#2461,.T.);
#1620=EDGE_CURVE('',#1913,#2019,#2462,.T.);
#1621=EDGE_CURVE('',#2019,#2020,#2463,.T.);
#1622=EDGE_CURVE('',#2020,#1912,#2464,.T.);
#1623=EDGE_CURVE('',#1911,#2021,#2465,.T.);
#1624=EDGE_CURVE('',#2021,#2022,#2466,.T.);
#1625=EDGE_CURVE('',#2022,#1910,#2467,.T.);
#1626=EDGE_CURVE('',#1909,#2013,#2468,.T.);
#1627=EDGE_CURVE('',#2023,#2024,#2469,.T.);
#1628=EDGE_CURVE('',#2023,#2016,#2470,.T.);
#1629=EDGE_CURVE('',#2015,#2024,#2471,.T.);
#1630=EDGE_CURVE('',#1915,#2023,#2472,.T.);
#1631=EDGE_CURVE('',#2024,#2025,#2473,.T.);
#1632=EDGE_CURVE('',#2026,#2025,#2474,.T.);
#1633=EDGE_CURVE('',#2026,#2027,#2475,.T.);
#1634=EDGE_CURVE('',#2027,#2028,#2476,.T.);
#1635=EDGE_CURVE('',#2028,#1922,#2477,.T.);
#1636=EDGE_CURVE('',#1921,#2029,#2478,.T.);
#1637=EDGE_CURVE('',#2029,#2030,#2479,.T.);
#1638=EDGE_CURVE('',#2030,#1920,#2480,.T.);
#1639=EDGE_CURVE('',#1919,#2031,#2481,.T.);
#1640=EDGE_CURVE('',#2031,#2032,#2482,.T.);
#1641=EDGE_CURVE('',#2032,#1918,#2483,.T.);
#1642=EDGE_CURVE('',#1917,#2033,#2484,.T.);
#1643=EDGE_CURVE('',#2033,#2034,#2485,.T.);
#1644=EDGE_CURVE('',#2034,#1916,#2486,.T.);
#1645=EDGE_CURVE('',#2026,#1925,#48,.T.);
#1646=EDGE_CURVE('',#1926,#2025,#49,.T.);
#1647=EDGE_CURVE('',#1891,#1868,#2487,.T.);
#1648=EDGE_CURVE('',#1843,#1820,#2488,.T.);
#1649=EDGE_CURVE('',#2027,#1942,#2489,.T.);
#1650=EDGE_CURVE('',#2028,#1941,#2490,.T.);
#1651=EDGE_CURVE('',#2029,#1940,#2491,.T.);
#1652=EDGE_CURVE('',#2030,#1939,#2492,.T.);
#1653=EDGE_CURVE('',#2031,#1938,#2493,.T.);
#1654=EDGE_CURVE('',#2032,#1937,#2494,.T.);
#1655=EDGE_CURVE('',#2033,#1936,#2495,.T.);
#1656=EDGE_CURVE('',#2034,#1935,#2496,.T.);
#1657=EDGE_CURVE('',#2008,#2002,#2497,.T.);
#1658=EDGE_CURVE('',#1996,#1990,#2498,.T.);
#1659=EDGE_CURVE('',#2017,#1984,#2499,.T.);
#1660=EDGE_CURVE('',#2007,#2001,#2500,.T.);
#1661=EDGE_CURVE('',#1995,#1989,#2501,.T.);
#1662=EDGE_CURVE('',#2018,#1983,#2502,.T.);
#1663=EDGE_CURVE('',#1850,#1826,#2503,.T.);
#1664=EDGE_CURVE('',#1898,#1874,#2504,.T.);
#1665=EDGE_CURVE('',#2019,#1982,#2505,.T.);
#1666=EDGE_CURVE('',#1897,#1873,#2506,.T.);
#1667=EDGE_CURVE('',#1849,#1825,#2507,.T.);
#1668=EDGE_CURVE('',#2020,#1981,#2508,.T.);
#1669=EDGE_CURVE('',#1848,#1824,#2509,.T.);
#1670=EDGE_CURVE('',#1896,#1872,#2510,.T.);
#1671=EDGE_CURVE('',#2021,#1980,#2511,.T.);
#1672=EDGE_CURVE('',#1895,#1871,#2512,.T.);
#1673=EDGE_CURVE('',#1847,#1823,#2513,.T.);
#1674=EDGE_CURVE('',#2022,#1979,#2514,.T.);
#1675=EDGE_CURVE('',#1846,#1822,#2515,.T.);
#1676=EDGE_CURVE('',#1894,#1870,#2516,.T.);
#1677=EDGE_CURVE('',#2013,#1978,#2517,.T.);
#1678=EDGE_CURVE('',#1893,#1869,#2518,.T.);
#1679=EDGE_CURVE('',#1845,#1821,#2519,.T.);
#1680=EDGE_CURVE('',#2014,#1977,#2520,.T.);
#1681=EDGE_CURVE('',#1844,#1819,#2521,.T.);
#1682=EDGE_CURVE('',#1892,#1867,#2522,.T.);
#1683=EDGE_CURVE('',#1947,#1974,#2523,.T.);
#1684=EDGE_CURVE('',#1948,#1973,#2524,.T.);
#1685=EDGE_CURVE('',#1949,#1972,#2525,.T.);
#1686=EDGE_CURVE('',#1950,#1971,#2526,.T.);
#1687=EDGE_CURVE('',#1951,#1970,#2527,.T.);
#1688=EDGE_CURVE('',#1952,#1969,#2528,.T.);
#1689=EDGE_CURVE('',#1953,#1968,#2529,.T.);
#1690=EDGE_CURVE('',#1954,#1967,#2530,.T.);
#1691=VERTEX_POINT('',#5032);
#1692=VERTEX_POINT('',#5033);
#1693=VERTEX_POINT('',#5035);
#1694=VERTEX_POINT('',#5037);
#1695=VERTEX_POINT('',#5041);
#1696=VERTEX_POINT('',#5043);
#1697=VERTEX_POINT('',#5047);
#1698=VERTEX_POINT('',#5049);
#1699=VERTEX_POINT('',#5053);
#1700=VERTEX_POINT('',#5055);
#1701=VERTEX_POINT('',#5059);
#1702=VERTEX_POINT('',#5061);
#1703=VERTEX_POINT('',#5065);
#1704=VERTEX_POINT('',#5067);
#1705=VERTEX_POINT('',#5071);
#1706=VERTEX_POINT('',#5073);
#1707=VERTEX_POINT('',#5077);
#1708=VERTEX_POINT('',#5079);
#1709=VERTEX_POINT('',#5083);
#1710=VERTEX_POINT('',#5085);
#1711=VERTEX_POINT('',#5089);
#1712=VERTEX_POINT('',#5091);
#1713=VERTEX_POINT('',#5095);
#1714=VERTEX_POINT('',#5097);
#1715=VERTEX_POINT('',#5107);
#1716=VERTEX_POINT('',#5108);
#1717=VERTEX_POINT('',#5110);
#1718=VERTEX_POINT('',#5112);
#1719=VERTEX_POINT('',#5116);
#1720=VERTEX_POINT('',#5117);
#1721=VERTEX_POINT('',#5119);
#1722=VERTEX_POINT('',#5121);
#1723=VERTEX_POINT('',#5125);
#1724=VERTEX_POINT('',#5126);
#1725=VERTEX_POINT('',#5128);
#1726=VERTEX_POINT('',#5130);
#1727=VERTEX_POINT('',#5134);
#1728=VERTEX_POINT('',#5135);
#1729=VERTEX_POINT('',#5137);
#1730=VERTEX_POINT('',#5139);
#1731=VERTEX_POINT('',#5143);
#1732=VERTEX_POINT('',#5144);
#1733=VERTEX_POINT('',#5149);
#1734=VERTEX_POINT('',#5150);
#1735=VERTEX_POINT('',#5155);
#1736=VERTEX_POINT('',#5156);
#1737=VERTEX_POINT('',#5161);
#1738=VERTEX_POINT('',#5162);
#1739=VERTEX_POINT('',#5167);
#1740=VERTEX_POINT('',#5168);
#1741=VERTEX_POINT('',#5173);
#1742=VERTEX_POINT('',#5174);
#1743=VERTEX_POINT('',#5179);
#1744=VERTEX_POINT('',#5180);
#1745=VERTEX_POINT('',#5185);
#1746=VERTEX_POINT('',#5186);
#1747=VERTEX_POINT('',#5191);
#1748=VERTEX_POINT('',#5192);
#1749=VERTEX_POINT('',#5197);
#1750=VERTEX_POINT('',#5198);
#1751=VERTEX_POINT('',#5203);
#1752=VERTEX_POINT('',#5204);
#1753=VERTEX_POINT('',#5209);
#1754=VERTEX_POINT('',#5210);
#1755=VERTEX_POINT('',#5215);
#1756=VERTEX_POINT('',#5216);
#1757=VERTEX_POINT('',#5218);
#1758=VERTEX_POINT('',#5220);
#1759=VERTEX_POINT('',#5224);
#1760=VERTEX_POINT('',#5225);
#1761=VERTEX_POINT('',#5227);
#1762=VERTEX_POINT('',#5229);
#1763=VERTEX_POINT('',#5233);
#1764=VERTEX_POINT('',#5234);
#1765=VERTEX_POINT('',#5236);
#1766=VERTEX_POINT('',#5238);
#1767=VERTEX_POINT('',#5242);
#1768=VERTEX_POINT('',#5243);
#1769=VERTEX_POINT('',#5245);
#1770=VERTEX_POINT('',#5247);
#1771=VERTEX_POINT('',#5251);
#1772=VERTEX_POINT('',#5252);
#1773=VERTEX_POINT('',#5257);
#1774=VERTEX_POINT('',#5258);
#1775=VERTEX_POINT('',#5263);
#1776=VERTEX_POINT('',#5264);
#1777=VERTEX_POINT('',#5269);
#1778=VERTEX_POINT('',#5270);
#1779=VERTEX_POINT('',#5275);
#1780=VERTEX_POINT('',#5276);
#1781=VERTEX_POINT('',#5281);
#1782=VERTEX_POINT('',#5282);
#1783=VERTEX_POINT('',#5287);
#1784=VERTEX_POINT('',#5288);
#1785=VERTEX_POINT('',#5293);
#1786=VERTEX_POINT('',#5294);
#1787=VERTEX_POINT('',#5299);
#1788=VERTEX_POINT('',#5300);
#1789=VERTEX_POINT('',#5305);
#1790=VERTEX_POINT('',#5306);
#1791=VERTEX_POINT('',#5311);
#1792=VERTEX_POINT('',#5312);
#1793=VERTEX_POINT('',#5317);
#1794=VERTEX_POINT('',#5318);
#1795=VERTEX_POINT('',#5323);
#1796=VERTEX_POINT('',#5325);
#1797=VERTEX_POINT('',#5329);
#1798=VERTEX_POINT('',#5331);
#1799=VERTEX_POINT('',#5335);
#1800=VERTEX_POINT('',#5337);
#1801=VERTEX_POINT('',#5341);
#1802=VERTEX_POINT('',#5343);
#1803=VERTEX_POINT('',#5347);
#1804=VERTEX_POINT('',#5348);
#1805=VERTEX_POINT('',#5350);
#1806=VERTEX_POINT('',#5352);
#1807=VERTEX_POINT('',#5356);
#1808=VERTEX_POINT('',#5357);
#1809=VERTEX_POINT('',#5359);
#1810=VERTEX_POINT('',#5361);
#1811=VERTEX_POINT('',#5365);
#1812=VERTEX_POINT('',#5366);
#1813=VERTEX_POINT('',#5368);
#1814=VERTEX_POINT('',#5370);
#1815=VERTEX_POINT('',#5374);
#1816=VERTEX_POINT('',#5375);
#1817=VERTEX_POINT('',#5377);
#1818=VERTEX_POINT('',#5379);
#1819=VERTEX_POINT('',#5383);
#1820=VERTEX_POINT('',#5384);
#1821=VERTEX_POINT('',#5389);
#1822=VERTEX_POINT('',#5391);
#1823=VERTEX_POINT('',#5395);
#1824=VERTEX_POINT('',#5397);
#1825=VERTEX_POINT('',#5401);
#1826=VERTEX_POINT('',#5403);
#1827=VERTEX_POINT('',#5407);
#1828=VERTEX_POINT('',#5409);
#1829=VERTEX_POINT('',#5413);
#1830=VERTEX_POINT('',#5415);
#1831=VERTEX_POINT('',#5419);
#1832=VERTEX_POINT('',#5421);
#1833=VERTEX_POINT('',#5425);
#1834=VERTEX_POINT('',#5427);
#1835=VERTEX_POINT('',#5431);
#1836=VERTEX_POINT('',#5433);
#1837=VERTEX_POINT('',#5437);
#1838=VERTEX_POINT('',#5439);
#1839=VERTEX_POINT('',#5443);
#1840=VERTEX_POINT('',#5445);
#1841=VERTEX_POINT('',#5449);
#1842=VERTEX_POINT('',#5451);
#1843=VERTEX_POINT('',#5455);
#1844=VERTEX_POINT('',#5457);
#1845=VERTEX_POINT('',#5461);
#1846=VERTEX_POINT('',#5463);
#1847=VERTEX_POINT('',#5467);
#1848=VERTEX_POINT('',#5469);
#1849=VERTEX_POINT('',#5473);
#1850=VERTEX_POINT('',#5475);
#1851=VERTEX_POINT('',#5479);
#1852=VERTEX_POINT('',#5480);
#1853=VERTEX_POINT('',#5485);
#1854=VERTEX_POINT('',#5487);
#1855=VERTEX_POINT('',#5491);
#1856=VERTEX_POINT('',#5493);
#1857=VERTEX_POINT('',#5497);
#1858=VERTEX_POINT('',#5499);
#1859=VERTEX_POINT('',#5503);
#1860=VERTEX_POINT('',#5504);
#1861=VERTEX_POINT('',#5509);
#1862=VERTEX_POINT('',#5511);
#1863=VERTEX_POINT('',#5515);
#1864=VERTEX_POINT('',#5517);
#1865=VERTEX_POINT('',#5521);
#1866=VERTEX_POINT('',#5523);
#1867=VERTEX_POINT('',#5527);
#1868=VERTEX_POINT('',#5528);
#1869=VERTEX_POINT('',#5533);
#1870=VERTEX_POINT('',#5535);
#1871=VERTEX_POINT('',#5539);
#1872=VERTEX_POINT('',#5541);
#1873=VERTEX_POINT('',#5545);
#1874=VERTEX_POINT('',#5547);
#1875=VERTEX_POINT('',#5551);
#1876=VERTEX_POINT('',#5553);
#1877=VERTEX_POINT('',#5557);
#1878=VERTEX_POINT('',#5559);
#1879=VERTEX_POINT('',#5563);
#1880=VERTEX_POINT('',#5565);
#1881=VERTEX_POINT('',#5569);
#1882=VERTEX_POINT('',#5571);
#1883=VERTEX_POINT('',#5575);
#1884=VERTEX_POINT('',#5577);
#1885=VERTEX_POINT('',#5581);
#1886=VERTEX_POINT('',#5583);
#1887=VERTEX_POINT('',#5587);
#1888=VERTEX_POINT('',#5589);
#1889=VERTEX_POINT('',#5593);
#1890=VERTEX_POINT('',#5595);
#1891=VERTEX_POINT('',#5599);
#1892=VERTEX_POINT('',#5601);
#1893=VERTEX_POINT('',#5605);
#1894=VERTEX_POINT('',#5607);
#1895=VERTEX_POINT('',#5611);
#1896=VERTEX_POINT('',#5613);
#1897=VERTEX_POINT('',#5617);
#1898=VERTEX_POINT('',#5619);
#1899=VERTEX_POINT('',#5623);
#1900=VERTEX_POINT('',#5624);
#1901=VERTEX_POINT('',#5629);
#1902=VERTEX_POINT('',#5631);
#1903=VERTEX_POINT('',#5635);
#1904=VERTEX_POINT('',#5637);
#1905=VERTEX_POINT('',#5641);
#1906=VERTEX_POINT('',#5643);
#1907=VERTEX_POINT('',#5647);
#1908=VERTEX_POINT('',#5648);
#1909=VERTEX_POINT('',#5653);
#1910=VERTEX_POINT('',#5655);
#1911=VERTEX_POINT('',#5659);
#1912=VERTEX_POINT('',#5661);
#1913=VERTEX_POINT('',#5665);
#1914=VERTEX_POINT('',#5667);
#1915=VERTEX_POINT('',#5671);
#1916=VERTEX_POINT('',#5673);
#1917=VERTEX_POINT('',#5677);
#1918=VERTEX_POINT('',#5679);
#1919=VERTEX_POINT('',#5683);
#1920=VERTEX_POINT('',#5685);
#1921=VERTEX_POINT('',#5689);
#1922=VERTEX_POINT('',#5691);
#1923=VERTEX_POINT('',#5695);
#1924=VERTEX_POINT('',#5696);
#1925=VERTEX_POINT('',#5698);
#1926=VERTEX_POINT('',#5700);
#1927=VERTEX_POINT('',#5704);
#1928=VERTEX_POINT('',#5705);
#1929=VERTEX_POINT('',#5710);
#1930=VERTEX_POINT('',#5711);
#1931=VERTEX_POINT('',#5716);
#1932=VERTEX_POINT('',#5717);
#1933=VERTEX_POINT('',#5722);
#1934=VERTEX_POINT('',#5723);
#1935=VERTEX_POINT('',#5726);
#1936=VERTEX_POINT('',#5728);
#1937=VERTEX_POINT('',#5731);
#1938=VERTEX_POINT('',#5733);
#1939=VERTEX_POINT('',#5736);
#1940=VERTEX_POINT('',#5738);
#1941=VERTEX_POINT('',#5741);
#1942=VERTEX_POINT('',#5743);
#1943=VERTEX_POINT('',#5748);
#1944=VERTEX_POINT('',#5749);
#1945=VERTEX_POINT('',#5755);
#1946=VERTEX_POINT('',#5757);
#1947=VERTEX_POINT('',#5759);
#1948=VERTEX_POINT('',#5761);
#1949=VERTEX_POINT('',#5764);
#1950=VERTEX_POINT('',#5766);
#1951=VERTEX_POINT('',#5769);
#1952=VERTEX_POINT('',#5771);
#1953=VERTEX_POINT('',#5774);
#1954=VERTEX_POINT('',#5776);
#1955=VERTEX_POINT('',#5780);
#1956=VERTEX_POINT('',#5781);
#1957=VERTEX_POINT('',#5786);
#1958=VERTEX_POINT('',#5787);
#1959=VERTEX_POINT('',#5792);
#1960=VERTEX_POINT('',#5793);
#1961=VERTEX_POINT('',#5798);
#1962=VERTEX_POINT('',#5799);
#1963=VERTEX_POINT('',#5804);
#1964=VERTEX_POINT('',#5806);
#1965=VERTEX_POINT('',#5810);
#1966=VERTEX_POINT('',#5811);
#1967=VERTEX_POINT('',#5814);
#1968=VERTEX_POINT('',#5816);
#1969=VERTEX_POINT('',#5819);
#1970=VERTEX_POINT('',#5821);
#1971=VERTEX_POINT('',#5824);
#1972=VERTEX_POINT('',#5826);
#1973=VERTEX_POINT('',#5829);
#1974=VERTEX_POINT('',#5831);
#1975=VERTEX_POINT('',#5836);
#1976=VERTEX_POINT('',#5837);
#1977=VERTEX_POINT('',#5842);
#1978=VERTEX_POINT('',#5844);
#1979=VERTEX_POINT('',#5847);
#1980=VERTEX_POINT('',#5849);
#1981=VERTEX_POINT('',#5852);
#1982=VERTEX_POINT('',#5854);
#1983=VERTEX_POINT('',#5857);
#1984=VERTEX_POINT('',#5859);
#1985=VERTEX_POINT('',#5861);
#1986=VERTEX_POINT('',#5863);
#1987=VERTEX_POINT('',#5868);
#1988=VERTEX_POINT('',#5870);
#1989=VERTEX_POINT('',#5874);
#1990=VERTEX_POINT('',#5876);
#1991=VERTEX_POINT('',#5880);
#1992=VERTEX_POINT('',#5882);
#1993=VERTEX_POINT('',#5886);
#1994=VERTEX_POINT('',#5888);
#1995=VERTEX_POINT('',#5892);
#1996=VERTEX_POINT('',#5894);
#1997=VERTEX_POINT('',#5898);
#1998=VERTEX_POINT('',#5900);
#1999=VERTEX_POINT('',#5904);
#2000=VERTEX_POINT('',#5906);
#2001=VERTEX_POINT('',#5910);
#2002=VERTEX_POINT('',#5912);
#2003=VERTEX_POINT('',#5916);
#2004=VERTEX_POINT('',#5918);
#2005=VERTEX_POINT('',#5922);
#2006=VERTEX_POINT('',#5924);
#2007=VERTEX_POINT('',#5928);
#2008=VERTEX_POINT('',#5930);
#2009=VERTEX_POINT('',#5934);
#2010=VERTEX_POINT('',#5936);
#2011=VERTEX_POINT('',#5940);
#2012=VERTEX_POINT('',#5942);
#2013=VERTEX_POINT('',#5946);
#2014=VERTEX_POINT('',#5947);
#2015=VERTEX_POINT('',#5950);
#2016=VERTEX_POINT('',#5952);
#2017=VERTEX_POINT('',#5955);
#2018=VERTEX_POINT('',#5957);
#2019=VERTEX_POINT('',#5960);
#2020=VERTEX_POINT('',#5962);
#2021=VERTEX_POINT('',#5965);
#2022=VERTEX_POINT('',#5967);
#2023=VERTEX_POINT('',#5972);
#2024=VERTEX_POINT('',#5973);
#2025=VERTEX_POINT('',#5979);
#2026=VERTEX_POINT('',#5981);
#2027=VERTEX_POINT('',#5983);
#2028=VERTEX_POINT('',#5985);
#2029=VERTEX_POINT('',#5988);
#2030=VERTEX_POINT('',#5990);
#2031=VERTEX_POINT('',#5993);
#2032=VERTEX_POINT('',#5995);
#2033=VERTEX_POINT('',#5998);
#2034=VERTEX_POINT('',#6000);
#2035=LINE('',#5031,#2531);
#2036=LINE('',#5034,#2532);
#2037=LINE('',#5036,#2533);
#2038=LINE('',#5038,#2534);
#2039=LINE('',#5040,#2535);
#2040=LINE('',#5042,#2536);
#2041=LINE('',#5044,#2537);
#2042=LINE('',#5046,#2538);
#2043=LINE('',#5048,#2539);
#2044=LINE('',#5050,#2540);
#2045=LINE('',#5052,#2541);
#2046=LINE('',#5054,#2542);
#2047=LINE('',#5056,#2543);
#2048=LINE('',#5058,#2544);
#2049=LINE('',#5060,#2545);
#2050=LINE('',#5062,#2546);
#2051=LINE('',#5064,#2547);
#2052=LINE('',#5066,#2548);
#2053=LINE('',#5068,#2549);
#2054=LINE('',#5070,#2550);
#2055=LINE('',#5072,#2551);
#2056=LINE('',#5074,#2552);
#2057=LINE('',#5076,#2553);
#2058=LINE('',#5078,#2554);
#2059=LINE('',#5080,#2555);
#2060=LINE('',#5082,#2556);
#2061=LINE('',#5084,#2557);
#2062=LINE('',#5086,#2558);
#2063=LINE('',#5088,#2559);
#2064=LINE('',#5090,#2560);
#2065=LINE('',#5092,#2561);
#2066=LINE('',#5094,#2562);
#2067=LINE('',#5096,#2563);
#2068=LINE('',#5098,#2564);
#2069=LINE('',#5100,#2565);
#2070=LINE('',#5101,#2566);
#2071=LINE('',#5106,#2567);
#2072=LINE('',#5109,#2568);
#2073=LINE('',#5111,#2569);
#2074=LINE('',#5113,#2570);
#2075=LINE('',#5115,#2571);
#2076=LINE('',#5118,#2572);
#2077=LINE('',#5120,#2573);
#2078=LINE('',#5122,#2574);
#2079=LINE('',#5124,#2575);
#2080=LINE('',#5127,#2576);
#2081=LINE('',#5129,#2577);
#2082=LINE('',#5131,#2578);
#2083=LINE('',#5133,#2579);
#2084=LINE('',#5136,#2580);
#2085=LINE('',#5138,#2581);
#2086=LINE('',#5140,#2582);
#2087=LINE('',#5142,#2583);
#2088=LINE('',#5145,#2584);
#2089=LINE('',#5146,#2585);
#2090=LINE('',#5148,#2586);
#2091=LINE('',#5151,#2587);
#2092=LINE('',#5152,#2588);
#2093=LINE('',#5154,#2589);
#2094=LINE('',#5157,#2590);
#2095=LINE('',#5158,#2591);
#2096=LINE('',#5160,#2592);
#2097=LINE('',#5163,#2593);
#2098=LINE('',#5164,#2594);
#2099=LINE('',#5166,#2595);
#2100=LINE('',#5169,#2596);
#2101=LINE('',#5170,#2597);
#2102=LINE('',#5172,#2598);
#2103=LINE('',#5175,#2599);
#2104=LINE('',#5176,#2600);
#2105=LINE('',#5178,#2601);
#2106=LINE('',#5181,#2602);
#2107=LINE('',#5182,#2603);
#2108=LINE('',#5184,#2604);
#2109=LINE('',#5187,#2605);
#2110=LINE('',#5188,#2606);
#2111=LINE('',#5190,#2607);
#2112=LINE('',#5196,#2608);
#2113=LINE('',#5202,#2609);
#2114=LINE('',#5208,#2610);
#2115=LINE('',#5214,#2611);
#2116=LINE('',#5219,#2612);
#2117=LINE('',#5223,#2613);
#2118=LINE('',#5228,#2614);
#2119=LINE('',#5232,#2615);
#2120=LINE('',#5237,#2616);
#2121=LINE('',#5241,#2617);
#2122=LINE('',#5246,#2618);
#2123=LINE('',#5250,#2619);
#2124=LINE('',#5253,#2620);
#2125=LINE('',#5254,#2621);
#2126=LINE('',#5256,#2622);
#2127=LINE('',#5259,#2623);
#2128=LINE('',#5260,#2624);
#2129=LINE('',#5262,#2625);
#2130=LINE('',#5265,#2626);
#2131=LINE('',#5266,#2627);
#2132=LINE('',#5268,#2628);
#2133=LINE('',#5271,#2629);
#2134=LINE('',#5272,#2630);
#2135=LINE('',#5274,#2631);
#2136=LINE('',#5277,#2632);
#2137=LINE('',#5278,#2633);
#2138=LINE('',#5280,#2634);
#2139=LINE('',#5283,#2635);
#2140=LINE('',#5284,#2636);
#2141=LINE('',#5286,#2637);
#2142=LINE('',#5289,#2638);
#2143=LINE('',#5290,#2639);
#2144=LINE('',#5292,#2640);
#2145=LINE('',#5295,#2641);
#2146=LINE('',#5296,#2642);
#2147=LINE('',#5298,#2643);
#2148=LINE('',#5301,#2644);
#2149=LINE('',#5302,#2645);
#2150=LINE('',#5304,#2646);
#2151=LINE('',#5307,#2647);
#2152=LINE('',#5308,#2648);
#2153=LINE('',#5310,#2649);
#2154=LINE('',#5313,#2650);
#2155=LINE('',#5314,#2651);
#2156=LINE('',#5316,#2652);
#2157=LINE('',#5319,#2653);
#2158=LINE('',#5320,#2654);
#2159=LINE('',#5326,#2655);
#2160=LINE('',#5332,#2656);
#2161=LINE('',#5338,#2657);
#2162=LINE('',#5344,#2658);
#2163=LINE('',#5346,#2659);
#2164=LINE('',#5349,#2660);
#2165=LINE('',#5351,#2661);
#2166=LINE('',#5353,#2662);
#2167=LINE('',#5355,#2663);
#2168=LINE('',#5358,#2664);
#2169=LINE('',#5360,#2665);
#2170=LINE('',#5362,#2666);
#2171=LINE('',#5364,#2667);
#2172=LINE('',#5367,#2668);
#2173=LINE('',#5369,#2669);
#2174=LINE('',#5371,#2670);
#2175=LINE('',#5373,#2671);
#2176=LINE('',#5376,#2672);
#2177=LINE('',#5378,#2673);
#2178=LINE('',#5380,#2674);
#2179=LINE('',#5382,#2675);
#2180=LINE('',#5385,#2676);
#2181=LINE('',#5386,#2677);
#2182=LINE('',#5388,#2678);
#2183=LINE('',#5390,#2679);
#2184=LINE('',#5392,#2680);
#2185=LINE('',#5394,#2681);
#2186=LINE('',#5396,#2682);
#2187=LINE('',#5398,#2683);
#2188=LINE('',#5400,#2684);
#2189=LINE('',#5402,#2685);
#2190=LINE('',#5404,#2686);
#2191=LINE('',#5406,#2687);
#2192=LINE('',#5408,#2688);
#2193=LINE('',#5410,#2689);
#2194=LINE('',#5412,#2690);
#2195=LINE('',#5414,#2691);
#2196=LINE('',#5416,#2692);
#2197=LINE('',#5418,#2693);
#2198=LINE('',#5420,#2694);
#2199=LINE('',#5422,#2695);
#2200=LINE('',#5424,#2696);
#2201=LINE('',#5426,#2697);
#2202=LINE('',#5428,#2698);
#2203=LINE('',#5430,#2699);
#2204=LINE('',#5432,#2700);
#2205=LINE('',#5434,#2701);
#2206=LINE('',#5436,#2702);
#2207=LINE('',#5438,#2703);
#2208=LINE('',#5440,#2704);
#2209=LINE('',#5442,#2705);
#2210=LINE('',#5444,#2706);
#2211=LINE('',#5446,#2707);
#2212=LINE('',#5448,#2708);
#2213=LINE('',#5450,#2709);
#2214=LINE('',#5452,#2710);
#2215=LINE('',#5454,#2711);
#2216=LINE('',#5456,#2712);
#2217=LINE('',#5458,#2713);
#2218=LINE('',#5460,#2714);
#2219=LINE('',#5462,#2715);
#2220=LINE('',#5464,#2716);
#2221=LINE('',#5466,#2717);
#2222=LINE('',#5468,#2718);
#2223=LINE('',#5470,#2719);
#2224=LINE('',#5472,#2720);
#2225=LINE('',#5474,#2721);
#2226=LINE('',#5476,#2722);
#2227=LINE('',#5478,#2723);
#2228=LINE('',#5481,#2724);
#2229=LINE('',#5482,#2725);
#2230=LINE('',#5484,#2726);
#2231=LINE('',#5486,#2727);
#2232=LINE('',#5488,#2728);
#2233=LINE('',#5490,#2729);
#2234=LINE('',#5492,#2730);
#2235=LINE('',#5494,#2731);
#2236=LINE('',#5496,#2732);
#2237=LINE('',#5498,#2733);
#2238=LINE('',#5500,#2734);
#2239=LINE('',#5502,#2735);
#2240=LINE('',#5505,#2736);
#2241=LINE('',#5506,#2737);
#2242=LINE('',#5508,#2738);
#2243=LINE('',#5510,#2739);
#2244=LINE('',#5512,#2740);
#2245=LINE('',#5514,#2741);
#2246=LINE('',#5516,#2742);
#2247=LINE('',#5518,#2743);
#2248=LINE('',#5520,#2744);
#2249=LINE('',#5522,#2745);
#2250=LINE('',#5524,#2746);
#2251=LINE('',#5526,#2747);
#2252=LINE('',#5529,#2748);
#2253=LINE('',#5530,#2749);
#2254=LINE('',#5532,#2750);
#2255=LINE('',#5534,#2751);
#2256=LINE('',#5536,#2752);
#2257=LINE('',#5538,#2753);
#2258=LINE('',#5540,#2754);
#2259=LINE('',#5542,#2755);
#2260=LINE('',#5544,#2756);
#2261=LINE('',#5546,#2757);
#2262=LINE('',#5548,#2758);
#2263=LINE('',#5550,#2759);
#2264=LINE('',#5552,#2760);
#2265=LINE('',#5554,#2761);
#2266=LINE('',#5556,#2762);
#2267=LINE('',#5558,#2763);
#2268=LINE('',#5560,#2764);
#2269=LINE('',#5562,#2765);
#2270=LINE('',#5564,#2766);
#2271=LINE('',#5566,#2767);
#2272=LINE('',#5568,#2768);
#2273=LINE('',#5570,#2769);
#2274=LINE('',#5572,#2770);
#2275=LINE('',#5574,#2771);
#2276=LINE('',#5576,#2772);
#2277=LINE('',#5578,#2773);
#2278=LINE('',#5580,#2774);
#2279=LINE('',#5582,#2775);
#2280=LINE('',#5584,#2776);
#2281=LINE('',#5586,#2777);
#2282=LINE('',#5588,#2778);
#2283=LINE('',#5590,#2779);
#2284=LINE('',#5592,#2780);
#2285=LINE('',#5594,#2781);
#2286=LINE('',#5596,#2782);
#2287=LINE('',#5598,#2783);
#2288=LINE('',#5600,#2784);
#2289=LINE('',#5602,#2785);
#2290=LINE('',#5604,#2786);
#2291=LINE('',#5606,#2787);
#2292=LINE('',#5608,#2788);
#2293=LINE('',#5610,#2789);
#2294=LINE('',#5612,#2790);
#2295=LINE('',#5614,#2791);
#2296=LINE('',#5616,#2792);
#2297=LINE('',#5618,#2793);
#2298=LINE('',#5620,#2794);
#2299=LINE('',#5622,#2795);
#2300=LINE('',#5625,#2796);
#2301=LINE('',#5626,#2797);
#2302=LINE('',#5628,#2798);
#2303=LINE('',#5630,#2799);
#2304=LINE('',#5632,#2800);
#2305=LINE('',#5634,#2801);
#2306=LINE('',#5636,#2802);
#2307=LINE('',#5638,#2803);
#2308=LINE('',#5640,#2804);
#2309=LINE('',#5642,#2805);
#2310=LINE('',#5644,#2806);
#2311=LINE('',#5646,#2807);
#2312=LINE('',#5649,#2808);
#2313=LINE('',#5650,#2809);
#2314=LINE('',#5652,#2810);
#2315=LINE('',#5654,#2811);
#2316=LINE('',#5656,#2812);
#2317=LINE('',#5658,#2813);
#2318=LINE('',#5660,#2814);
#2319=LINE('',#5662,#2815);
#2320=LINE('',#5664,#2816);
#2321=LINE('',#5666,#2817);
#2322=LINE('',#5668,#2818);
#2323=LINE('',#5672,#2819);
#2324=LINE('',#5678,#2820);
#2325=LINE('',#5684,#2821);
#2326=LINE('',#5690,#2822);
#2327=LINE('',#5694,#2823);
#2328=LINE('',#5697,#2824);
#2329=LINE('',#5699,#2825);
#2330=LINE('',#5701,#2826);
#2331=LINE('',#5703,#2827);
#2332=LINE('',#5706,#2828);
#2333=LINE('',#5707,#2829);
#2334=LINE('',#5709,#2830);
#2335=LINE('',#5712,#2831);
#2336=LINE('',#5713,#2832);
#2337=LINE('',#5715,#2833);
#2338=LINE('',#5721,#2834);
#2339=LINE('',#5724,#2835);
#2340=LINE('',#5725,#2836);
#2341=LINE('',#5727,#2837);
#2342=LINE('',#5729,#2838);
#2343=LINE('',#5730,#2839);
#2344=LINE('',#5732,#2840);
#2345=LINE('',#5734,#2841);
#2346=LINE('',#5735,#2842);
#2347=LINE('',#5737,#2843);
#2348=LINE('',#5739,#2844);
#2349=LINE('',#5740,#2845);
#2350=LINE('',#5742,#2846);
#2351=LINE('',#5744,#2847);
#2352=LINE('',#5745,#2848);
#2353=LINE('',#5747,#2849);
#2354=LINE('',#5750,#2850);
#2355=LINE('',#5751,#2851);
#2356=LINE('',#5753,#2852);
#2357=LINE('',#5754,#2853);
#2358=LINE('',#5756,#2854);
#2359=LINE('',#5758,#2855);
#2360=LINE('',#5760,#2856);
#2361=LINE('',#5762,#2857);
#2362=LINE('',#5763,#2858);
#2363=LINE('',#5765,#2859);
#2364=LINE('',#5767,#2860);
#2365=LINE('',#5768,#2861);
#2366=LINE('',#5770,#2862);
#2367=LINE('',#5772,#2863);
#2368=LINE('',#5773,#2864);
#2369=LINE('',#5775,#2865);
#2370=LINE('',#5777,#2866);
#2371=LINE('',#5779,#2867);
#2372=LINE('',#5785,#2868);
#2373=LINE('',#5788,#2869);
#2374=LINE('',#5789,#2870);
#2375=LINE('',#5791,#2871);
#2376=LINE('',#5794,#2872);
#2377=LINE('',#5795,#2873);
#2378=LINE('',#5797,#2874);
#2379=LINE('',#5800,#2875);
#2380=LINE('',#5801,#2876);
#2381=LINE('',#5807,#2877);
#2382=LINE('',#5809,#2878);
#2383=LINE('',#5812,#2879);
#2384=LINE('',#5813,#2880);
#2385=LINE('',#5815,#2881);
#2386=LINE('',#5817,#2882);
#2387=LINE('',#5818,#2883);
#2388=LINE('',#5820,#2884);
#2389=LINE('',#5822,#2885);
#2390=LINE('',#5823,#2886);
#2391=LINE('',#5825,#2887);
#2392=LINE('',#5827,#2888);
#2393=LINE('',#5828,#2889);
#2394=LINE('',#5830,#2890);
#2395=LINE('',#5832,#2891);
#2396=LINE('',#5833,#2892);
#2397=LINE('',#5835,#2893);
#2398=LINE('',#5838,#2894);
#2399=LINE('',#5839,#2895);
#2400=LINE('',#5841,#2896);
#2401=LINE('',#5843,#2897);
#2402=LINE('',#5845,#2898);
#2403=LINE('',#5846,#2899);
#2404=LINE('',#5848,#2900);
#2405=LINE('',#5850,#2901);
#2406=LINE('',#5851,#2902);
#2407=LINE('',#5853,#2903);
#2408=LINE('',#5855,#2904);
#2409=LINE('',#5856,#2905);
#2410=LINE('',#5858,#2906);
#2411=LINE('',#5860,#2907);
#2412=LINE('',#5862,#2908);
#2413=LINE('',#5864,#2909);
#2414=LINE('',#5865,#2910);
#2415=LINE('',#5867,#2911);
#2416=LINE('',#5869,#2912);
#2417=LINE('',#5871,#2913);
#2418=LINE('',#5873,#2914);
#2419=LINE('',#5875,#2915);
#2420=LINE('',#5877,#2916);
#2421=LINE('',#5879,#2917);
#2422=LINE('',#5881,#2918);
#2423=LINE('',#5883,#2919);
#2424=LINE('',#5885,#2920);
#2425=LINE('',#5887,#2921);
#2426=LINE('',#5889,#2922);
#2427=LINE('',#5891,#2923);
#2428=LINE('',#5893,#2924);
#2429=LINE('',#5895,#2925);
#2430=LINE('',#5897,#2926);
#2431=LINE('',#5899,#2927);
#2432=LINE('',#5901,#2928);
#2433=LINE('',#5903,#2929);
#2434=LINE('',#5905,#2930);
#2435=LINE('',#5907,#2931);
#2436=LINE('',#5909,#2932);
#2437=LINE('',#5911,#2933);
#2438=LINE('',#5913,#2934);
#2439=LINE('',#5915,#2935);
#2440=LINE('',#5917,#2936);
#2441=LINE('',#5919,#2937);
#2442=LINE('',#5921,#2938);
#2443=LINE('',#5923,#2939);
#2444=LINE('',#5925,#2940);
#2445=LINE('',#5927,#2941);
#2446=LINE('',#5929,#2942);
#2447=LINE('',#5931,#2943);
#2448=LINE('',#5933,#2944);
#2449=LINE('',#5935,#2945);
#2450=LINE('',#5937,#2946);
#2451=LINE('',#5939,#2947);
#2452=LINE('',#5941,#2948);
#2453=LINE('',#5943,#2949);
#2454=LINE('',#5945,#2950);
#2455=LINE('',#5948,#2951);
#2456=LINE('',#5949,#2952);
#2457=LINE('',#5951,#2953);
#2458=LINE('',#5953,#2954);
#2459=LINE('',#5954,#2955);
#2460=LINE('',#5956,#2956);
#2461=LINE('',#5958,#2957);
#2462=LINE('',#5959,#2958);
#2463=LINE('',#5961,#2959);
#2464=LINE('',#5963,#2960);
#2465=LINE('',#5964,#2961);
#2466=LINE('',#5966,#2962);
#2467=LINE('',#5968,#2963);
#2468=LINE('',#5969,#2964);
#2469=LINE('',#5971,#2965);
#2470=LINE('',#5974,#2966);
#2471=LINE('',#5975,#2967);
#2472=LINE('',#5977,#2968);
#2473=LINE('',#5978,#2969);
#2474=LINE('',#5980,#2970);
#2475=LINE('',#5982,#2971);
#2476=LINE('',#5984,#2972);
#2477=LINE('',#5986,#2973);
#2478=LINE('',#5987,#2974);
#2479=LINE('',#5989,#2975);
#2480=LINE('',#5991,#2976);
#2481=LINE('',#5992,#2977);
#2482=LINE('',#5994,#2978);
#2483=LINE('',#5996,#2979);
#2484=LINE('',#5997,#2980);
#2485=LINE('',#5999,#2981);
#2486=LINE('',#6001,#2982);
#2487=LINE('',#6006,#2983);
#2488=LINE('',#6007,#2984);
#2489=LINE('',#6011,#2985);
#2490=LINE('',#6013,#2986);
#2491=LINE('',#6016,#2987);
#2492=LINE('',#6018,#2988);
#2493=LINE('',#6021,#2989);
#2494=LINE('',#6023,#2990);
#2495=LINE('',#6026,#2991);
#2496=LINE('',#6028,#2992);
#2497=LINE('',#6031,#2993);
#2498=LINE('',#6032,#2994);
#2499=LINE('',#6036,#2995);
#2500=LINE('',#6037,#2996);
#2501=LINE('',#6038,#2997);
#2502=LINE('',#6040,#2998);
#2503=LINE('',#6042,#2999);
#2504=LINE('',#6043,#3000);
#2505=LINE('',#6049,#3001);
#2506=LINE('',#6050,#3002);
#2507=LINE('',#6051,#3003);
#2508=LINE('',#6053,#3004);
#2509=LINE('',#6055,#3005);
#2510=LINE('',#6056,#3006);
#2511=LINE('',#6062,#3007);
#2512=LINE('',#6063,#3008);
#2513=LINE('',#6064,#3009);
#2514=LINE('',#6066,#3010);
#2515=LINE('',#6068,#3011);
#2516=LINE('',#6069,#3012);
#2517=LINE('',#6075,#3013);
#2518=LINE('',#6076,#3014);
#2519=LINE('',#6077,#3015);
#2520=LINE('',#6079,#3016);
#2521=LINE('',#6081,#3017);
#2522=LINE('',#6082,#3018);
#2523=LINE('',#6088,#3019);
#2524=LINE('',#6090,#3020);
#2525=LINE('',#6093,#3021);
#2526=LINE('',#6095,#3022);
#2527=LINE('',#6098,#3023);
#2528=LINE('',#6100,#3024);
#2529=LINE('',#6103,#3025);
#2530=LINE('',#6104,#3026);
#2531=VECTOR('',#4059,39.3700787401575);
#2532=VECTOR('',#4060,39.3700787401575);
#2533=VECTOR('',#4061,39.3700787401575);
#2534=VECTOR('',#4062,39.3700787401575);
#2535=VECTOR('',#4065,39.3700787401575);
#2536=VECTOR('',#4066,39.3700787401575);
#2537=VECTOR('',#4067,39.3700787401575);
#2538=VECTOR('',#4070,39.3700787401575);
#2539=VECTOR('',#4071,39.3700787401575);
#2540=VECTOR('',#4072,39.3700787401575);
#2541=VECTOR('',#4075,39.3700787401575);
#2542=VECTOR('',#4076,39.3700787401575);
#2543=VECTOR('',#4077,39.3700787401575);
#2544=VECTOR('',#4080,39.3700787401575);
#2545=VECTOR('',#4081,39.3700787401575);
#2546=VECTOR('',#4082,39.3700787401575);
#2547=VECTOR('',#4085,39.3700787401575);
#2548=VECTOR('',#4086,39.3700787401575);
#2549=VECTOR('',#4087,39.3700787401575);
#2550=VECTOR('',#4090,39.3700787401575);
#2551=VECTOR('',#4091,39.3700787401575);
#2552=VECTOR('',#4092,39.3700787401575);
#2553=VECTOR('',#4095,39.3700787401575);
#2554=VECTOR('',#4096,39.3700787401575);
#2555=VECTOR('',#4097,39.3700787401575);
#2556=VECTOR('',#4100,39.3700787401575);
#2557=VECTOR('',#4101,39.3700787401575);
#2558=VECTOR('',#4102,39.3700787401575);
#2559=VECTOR('',#4105,39.3700787401575);
#2560=VECTOR('',#4106,39.3700787401575);
#2561=VECTOR('',#4107,39.3700787401575);
#2562=VECTOR('',#4110,39.3700787401575);
#2563=VECTOR('',#4111,39.3700787401575);
#2564=VECTOR('',#4112,39.3700787401575);
#2565=VECTOR('',#4115,39.3700787401575);
#2566=VECTOR('',#4116,39.3700787401575);
#2567=VECTOR('',#4125,39.3700787401575);
#2568=VECTOR('',#4126,39.3700787401575);
#2569=VECTOR('',#4127,39.3700787401575);
#2570=VECTOR('',#4128,39.3700787401575);
#2571=VECTOR('',#4131,39.3700787401575);
#2572=VECTOR('',#4132,39.3700787401575);
#2573=VECTOR('',#4133,39.3700787401575);
#2574=VECTOR('',#4134,39.3700787401575);
#2575=VECTOR('',#4137,39.3700787401575);
#2576=VECTOR('',#4138,39.3700787401575);
#2577=VECTOR('',#4139,39.3700787401575);
#2578=VECTOR('',#4140,39.3700787401575);
#2579=VECTOR('',#4143,39.3700787401575);
#2580=VECTOR('',#4144,39.3700787401575);
#2581=VECTOR('',#4145,39.3700787401575);
#2582=VECTOR('',#4146,39.3700787401575);
#2583=VECTOR('',#4149,39.3700787401575);
#2584=VECTOR('',#4150,39.3700787401575);
#2585=VECTOR('',#4151,39.3700787401575);
#2586=VECTOR('',#4154,39.3700787401575);
#2587=VECTOR('',#4155,39.3700787401575);
#2588=VECTOR('',#4156,39.3700787401575);
#2589=VECTOR('',#4159,39.3700787401575);
#2590=VECTOR('',#4160,39.3700787401575);
#2591=VECTOR('',#4161,39.3700787401575);
#2592=VECTOR('',#4164,39.3700787401575);
#2593=VECTOR('',#4165,39.3700787401575);
#2594=VECTOR('',#4166,39.3700787401575);
#2595=VECTOR('',#4169,39.3700787401575);
#2596=VECTOR('',#4170,39.3700787401575);
#2597=VECTOR('',#4171,39.3700787401575);
#2598=VECTOR('',#4174,39.3700787401575);
#2599=VECTOR('',#4175,39.3700787401575);
#2600=VECTOR('',#4176,39.3700787401575);
#2601=VECTOR('',#4179,39.3700787401575);
#2602=VECTOR('',#4180,39.3700787401575);
#2603=VECTOR('',#4181,39.3700787401575);
#2604=VECTOR('',#4184,39.3700787401575);
#2605=VECTOR('',#4185,39.3700787401575);
#2606=VECTOR('',#4186,39.3700787401575);
#2607=VECTOR('',#4189,39.3700787401575);
#2608=VECTOR('',#4196,39.3700787401575);
#2609=VECTOR('',#4203,39.3700787401575);
#2610=VECTOR('',#4210,39.3700787401575);
#2611=VECTOR('',#4217,39.3700787401575);
#2612=VECTOR('',#4220,39.3700787401575);
#2613=VECTOR('',#4225,39.3700787401575);
#2614=VECTOR('',#4228,39.3700787401575);
#2615=VECTOR('',#4233,39.3700787401575);
#2616=VECTOR('',#4236,39.3700787401575);
#2617=VECTOR('',#4241,39.3700787401575);
#2618=VECTOR('',#4244,39.3700787401575);
#2619=VECTOR('',#4249,39.3700787401575);
#2620=VECTOR('',#4250,39.3700787401575);
#2621=VECTOR('',#4251,39.3700787401575);
#2622=VECTOR('',#4254,39.3700787401575);
#2623=VECTOR('',#4255,39.3700787401575);
#2624=VECTOR('',#4256,39.3700787401575);
#2625=VECTOR('',#4259,39.3700787401575);
#2626=VECTOR('',#4260,39.3700787401575);
#2627=VECTOR('',#4261,39.3700787401575);
#2628=VECTOR('',#4264,39.3700787401575);
#2629=VECTOR('',#4265,39.3700787401575);
#2630=VECTOR('',#4266,39.3700787401575);
#2631=VECTOR('',#4269,39.3700787401575);
#2632=VECTOR('',#4270,39.3700787401575);
#2633=VECTOR('',#4271,39.3700787401575);
#2634=VECTOR('',#4274,39.3700787401575);
#2635=VECTOR('',#4275,39.3700787401575);
#2636=VECTOR('',#4276,39.3700787401575);
#2637=VECTOR('',#4279,39.3700787401575);
#2638=VECTOR('',#4280,39.3700787401575);
#2639=VECTOR('',#4281,39.3700787401575);
#2640=VECTOR('',#4284,39.3700787401575);
#2641=VECTOR('',#4285,39.3700787401575);
#2642=VECTOR('',#4286,39.3700787401575);
#2643=VECTOR('',#4289,39.3700787401575);
#2644=VECTOR('',#4290,39.3700787401575);
#2645=VECTOR('',#4291,39.3700787401575);
#2646=VECTOR('',#4294,39.3700787401575);
#2647=VECTOR('',#4295,39.3700787401575);
#2648=VECTOR('',#4296,39.3700787401575);
#2649=VECTOR('',#4299,39.3700787401575);
#2650=VECTOR('',#4300,39.3700787401575);
#2651=VECTOR('',#4301,39.3700787401575);
#2652=VECTOR('',#4304,39.3700787401575);
#2653=VECTOR('',#4305,39.3700787401575);
#2654=VECTOR('',#4306,39.3700787401575);
#2655=VECTOR('',#4313,39.3700787401575);
#2656=VECTOR('',#4320,39.3700787401575);
#2657=VECTOR('',#4327,39.3700787401575);
#2658=VECTOR('',#4334,39.3700787401575);
#2659=VECTOR('',#4337,39.3700787401575);
#2660=VECTOR('',#4338,39.3700787401575);
#2661=VECTOR('',#4339,39.3700787401575);
#2662=VECTOR('',#4340,39.3700787401575);
#2663=VECTOR('',#4343,39.3700787401575);
#2664=VECTOR('',#4344,39.3700787401575);
#2665=VECTOR('',#4345,39.3700787401575);
#2666=VECTOR('',#4346,39.3700787401575);
#2667=VECTOR('',#4349,39.3700787401575);
#2668=VECTOR('',#4350,39.3700787401575);
#2669=VECTOR('',#4351,39.3700787401575);
#2670=VECTOR('',#4352,39.3700787401575);
#2671=VECTOR('',#4355,39.3700787401575);
#2672=VECTOR('',#4356,39.3700787401575);
#2673=VECTOR('',#4357,39.3700787401575);
#2674=VECTOR('',#4358,39.3700787401575);
#2675=VECTOR('',#4361,39.3700787401575);
#2676=VECTOR('',#4362,39.3700787401575);
#2677=VECTOR('',#4363,39.3700787401575);
#2678=VECTOR('',#4366,39.3700787401575);
#2679=VECTOR('',#4367,39.3700787401575);
#2680=VECTOR('',#4368,39.3700787401575);
#2681=VECTOR('',#4371,39.3700787401575);
#2682=VECTOR('',#4372,39.3700787401575);
#2683=VECTOR('',#4373,39.3700787401575);
#2684=VECTOR('',#4376,39.3700787401575);
#2685=VECTOR('',#4377,39.3700787401575);
#2686=VECTOR('',#4378,39.3700787401575);
#2687=VECTOR('',#4381,39.3700787401575);
#2688=VECTOR('',#4382,39.3700787401575);
#2689=VECTOR('',#4383,39.3700787401575);
#2690=VECTOR('',#4386,39.3700787401575);
#2691=VECTOR('',#4387,39.3700787401575);
#2692=VECTOR('',#4388,39.3700787401575);
#2693=VECTOR('',#4391,39.3700787401575);
#2694=VECTOR('',#4392,39.3700787401575);
#2695=VECTOR('',#4393,39.3700787401575);
#2696=VECTOR('',#4396,39.3700787401575);
#2697=VECTOR('',#4397,39.3700787401575);
#2698=VECTOR('',#4398,39.3700787401575);
#2699=VECTOR('',#4401,39.3700787401575);
#2700=VECTOR('',#4402,39.3700787401575);
#2701=VECTOR('',#4403,39.3700787401575);
#2702=VECTOR('',#4406,39.3700787401575);
#2703=VECTOR('',#4407,39.3700787401575);
#2704=VECTOR('',#4408,39.3700787401575);
#2705=VECTOR('',#4411,39.3700787401575);
#2706=VECTOR('',#4412,39.3700787401575);
#2707=VECTOR('',#4413,39.3700787401575);
#2708=VECTOR('',#4416,39.3700787401575);
#2709=VECTOR('',#4417,39.3700787401575);
#2710=VECTOR('',#4418,39.3700787401575);
#2711=VECTOR('',#4421,39.3700787401575);
#2712=VECTOR('',#4422,39.3700787401575);
#2713=VECTOR('',#4423,39.3700787401575);
#2714=VECTOR('',#4426,39.3700787401575);
#2715=VECTOR('',#4427,39.3700787401575);
#2716=VECTOR('',#4428,39.3700787401575);
#2717=VECTOR('',#4431,39.3700787401575);
#2718=VECTOR('',#4432,39.3700787401575);
#2719=VECTOR('',#4433,39.3700787401575);
#2720=VECTOR('',#4436,39.3700787401575);
#2721=VECTOR('',#4437,39.3700787401575);
#2722=VECTOR('',#4438,39.3700787401575);
#2723=VECTOR('',#4441,39.3700787401575);
#2724=VECTOR('',#4442,39.3700787401575);
#2725=VECTOR('',#4443,39.3700787401575);
#2726=VECTOR('',#4446,39.3700787401575);
#2727=VECTOR('',#4447,39.3700787401575);
#2728=VECTOR('',#4448,39.3700787401575);
#2729=VECTOR('',#4451,39.3700787401575);
#2730=VECTOR('',#4452,39.3700787401575);
#2731=VECTOR('',#4453,39.3700787401575);
#2732=VECTOR('',#4456,39.3700787401575);
#2733=VECTOR('',#4457,39.3700787401575);
#2734=VECTOR('',#4458,39.3700787401575);
#2735=VECTOR('',#4461,39.3700787401575);
#2736=VECTOR('',#4462,39.3700787401575);
#2737=VECTOR('',#4463,39.3700787401575);
#2738=VECTOR('',#4466,39.3700787401575);
#2739=VECTOR('',#4467,39.3700787401575);
#2740=VECTOR('',#4468,39.3700787401575);
#2741=VECTOR('',#4471,39.3700787401575);
#2742=VECTOR('',#4472,39.3700787401575);
#2743=VECTOR('',#4473,39.3700787401575);
#2744=VECTOR('',#4476,39.3700787401575);
#2745=VECTOR('',#4477,39.3700787401575);
#2746=VECTOR('',#4478,39.3700787401575);
#2747=VECTOR('',#4481,39.3700787401575);
#2748=VECTOR('',#4482,39.3700787401575);
#2749=VECTOR('',#4483,39.3700787401575);
#2750=VECTOR('',#4486,39.3700787401575);
#2751=VECTOR('',#4487,39.3700787401575);
#2752=VECTOR('',#4488,39.3700787401575);
#2753=VECTOR('',#4491,39.3700787401575);
#2754=VECTOR('',#4492,39.3700787401575);
#2755=VECTOR('',#4493,39.3700787401575);
#2756=VECTOR('',#4496,39.3700787401575);
#2757=VECTOR('',#4497,39.3700787401575);
#2758=VECTOR('',#4498,39.3700787401575);
#2759=VECTOR('',#4501,39.3700787401575);
#2760=VECTOR('',#4502,39.3700787401575);
#2761=VECTOR('',#4503,39.3700787401575);
#2762=VECTOR('',#4506,39.3700787401575);
#2763=VECTOR('',#4507,39.3700787401575);
#2764=VECTOR('',#4508,39.3700787401575);
#2765=VECTOR('',#4511,39.3700787401575);
#2766=VECTOR('',#4512,39.3700787401575);
#2767=VECTOR('',#4513,39.3700787401575);
#2768=VECTOR('',#4516,39.3700787401575);
#2769=VECTOR('',#4517,39.3700787401575);
#2770=VECTOR('',#4518,39.3700787401575);
#2771=VECTOR('',#4521,39.3700787401575);
#2772=VECTOR('',#4522,39.3700787401575);
#2773=VECTOR('',#4523,39.3700787401575);
#2774=VECTOR('',#4526,39.3700787401575);
#2775=VECTOR('',#4527,39.3700787401575);
#2776=VECTOR('',#4528,39.3700787401575);
#2777=VECTOR('',#4531,39.3700787401575);
#2778=VECTOR('',#4532,39.3700787401575);
#2779=VECTOR('',#4533,39.3700787401575);
#2780=VECTOR('',#4536,39.3700787401575);
#2781=VECTOR('',#4537,39.3700787401575);
#2782=VECTOR('',#4538,39.3700787401575);
#2783=VECTOR('',#4541,39.3700787401575);
#2784=VECTOR('',#4542,39.3700787401575);
#2785=VECTOR('',#4543,39.3700787401575);
#2786=VECTOR('',#4546,39.3700787401575);
#2787=VECTOR('',#4547,39.3700787401575);
#2788=VECTOR('',#4548,39.3700787401575);
#2789=VECTOR('',#4551,39.3700787401575);
#2790=VECTOR('',#4552,39.3700787401575);
#2791=VECTOR('',#4553,39.3700787401575);
#2792=VECTOR('',#4556,39.3700787401575);
#2793=VECTOR('',#4557,39.3700787401575);
#2794=VECTOR('',#4558,39.3700787401575);
#2795=VECTOR('',#4561,39.3700787401575);
#2796=VECTOR('',#4562,39.3700787401575);
#2797=VECTOR('',#4563,39.3700787401575);
#2798=VECTOR('',#4566,39.3700787401575);
#2799=VECTOR('',#4567,39.3700787401575);
#2800=VECTOR('',#4568,39.3700787401575);
#2801=VECTOR('',#4571,39.3700787401575);
#2802=VECTOR('',#4572,39.3700787401575);
#2803=VECTOR('',#4573,39.3700787401575);
#2804=VECTOR('',#4576,39.3700787401575);
#2805=VECTOR('',#4577,39.3700787401575);
#2806=VECTOR('',#4578,39.3700787401575);
#2807=VECTOR('',#4581,39.3700787401575);
#2808=VECTOR('',#4582,39.3700787401575);
#2809=VECTOR('',#4583,39.3700787401575);
#2810=VECTOR('',#4586,39.3700787401575);
#2811=VECTOR('',#4587,39.3700787401575);
#2812=VECTOR('',#4588,39.3700787401575);
#2813=VECTOR('',#4591,39.3700787401575);
#2814=VECTOR('',#4592,39.3700787401575);
#2815=VECTOR('',#4593,39.3700787401575);
#2816=VECTOR('',#4596,39.3700787401575);
#2817=VECTOR('',#4597,39.3700787401575);
#2818=VECTOR('',#4598,39.3700787401575);
#2819=VECTOR('',#4603,39.3700787401575);
#2820=VECTOR('',#4610,39.3700787401575);
#2821=VECTOR('',#4617,39.3700787401575);
#2822=VECTOR('',#4624,39.3700787401575);
#2823=VECTOR('',#4629,39.3700787401575);
#2824=VECTOR('',#4630,39.3700787401575);
#2825=VECTOR('',#4631,39.3700787401575);
#2826=VECTOR('',#4632,39.3700787401575);
#2827=VECTOR('',#4635,39.3700787401575);
#2828=VECTOR('',#4636,39.3700787401575);
#2829=VECTOR('',#4637,39.3700787401575);
#2830=VECTOR('',#4640,39.3700787401575);
#2831=VECTOR('',#4641,39.3700787401575);
#2832=VECTOR('',#4642,39.3700787401575);
#2833=VECTOR('',#4645,39.3700787401575);
#2834=VECTOR('',#4652,39.3700787401575);
#2835=VECTOR('',#4653,39.3700787401575);
#2836=VECTOR('',#4654,39.3700787401575);
#2837=VECTOR('',#4655,39.3700787401575);
#2838=VECTOR('',#4656,39.3700787401575);
#2839=VECTOR('',#4657,39.3700787401575);
#2840=VECTOR('',#4658,39.3700787401575);
#2841=VECTOR('',#4659,39.3700787401575);
#2842=VECTOR('',#4660,39.3700787401575);
#2843=VECTOR('',#4661,39.3700787401575);
#2844=VECTOR('',#4662,39.3700787401575);
#2845=VECTOR('',#4663,39.3700787401575);
#2846=VECTOR('',#4664,39.3700787401575);
#2847=VECTOR('',#4665,39.3700787401575);
#2848=VECTOR('',#4666,39.3700787401575);
#2849=VECTOR('',#4669,39.3700787401575);
#2850=VECTOR('',#4670,39.3700787401575);
#2851=VECTOR('',#4671,39.3700787401575);
#2852=VECTOR('',#4674,39.3700787401575);
#2853=VECTOR('',#4675,39.3700787401575);
#2854=VECTOR('',#4676,39.3700787401575);
#2855=VECTOR('',#4677,39.3700787401575);
#2856=VECTOR('',#4678,39.3700787401575);
#2857=VECTOR('',#4679,39.3700787401575);
#2858=VECTOR('',#4680,39.3700787401575);
#2859=VECTOR('',#4681,39.3700787401575);
#2860=VECTOR('',#4682,39.3700787401575);
#2861=VECTOR('',#4683,39.3700787401575);
#2862=VECTOR('',#4684,39.3700787401575);
#2863=VECTOR('',#4685,39.3700787401575);
#2864=VECTOR('',#4686,39.3700787401575);
#2865=VECTOR('',#4687,39.3700787401575);
#2866=VECTOR('',#4688,39.3700787401575);
#2867=VECTOR('',#4691,39.3700787401575);
#2868=VECTOR('',#4698,39.3700787401575);
#2869=VECTOR('',#4699,39.3700787401575);
#2870=VECTOR('',#4700,39.3700787401575);
#2871=VECTOR('',#4703,39.3700787401575);
#2872=VECTOR('',#4704,39.3700787401575);
#2873=VECTOR('',#4705,39.3700787401575);
#2874=VECTOR('',#4708,39.3700787401575);
#2875=VECTOR('',#4709,39.3700787401575);
#2876=VECTOR('',#4710,39.3700787401575);
#2877=VECTOR('',#4717,39.3700787401575);
#2878=VECTOR('',#4720,39.3700787401575);
#2879=VECTOR('',#4721,39.3700787401575);
#2880=VECTOR('',#4722,39.3700787401575);
#2881=VECTOR('',#4723,39.3700787401575);
#2882=VECTOR('',#4724,39.3700787401575);
#2883=VECTOR('',#4725,39.3700787401575);
#2884=VECTOR('',#4726,39.3700787401575);
#2885=VECTOR('',#4727,39.3700787401575);
#2886=VECTOR('',#4728,39.3700787401575);
#2887=VECTOR('',#4729,39.3700787401575);
#2888=VECTOR('',#4730,39.3700787401575);
#2889=VECTOR('',#4731,39.3700787401575);
#2890=VECTOR('',#4732,39.3700787401575);
#2891=VECTOR('',#4733,39.3700787401575);
#2892=VECTOR('',#4734,39.3700787401575);
#2893=VECTOR('',#4737,39.3700787401575);
#2894=VECTOR('',#4738,39.3700787401575);
#2895=VECTOR('',#4739,39.3700787401575);
#2896=VECTOR('',#4742,39.3700787401575);
#2897=VECTOR('',#4743,39.3700787401575);
#2898=VECTOR('',#4744,39.3700787401575);
#2899=VECTOR('',#4745,39.3700787401575);
#2900=VECTOR('',#4746,39.3700787401575);
#2901=VECTOR('',#4747,39.3700787401575);
#2902=VECTOR('',#4748,39.3700787401575);
#2903=VECTOR('',#4749,39.3700787401575);
#2904=VECTOR('',#4750,39.3700787401575);
#2905=VECTOR('',#4751,39.3700787401575);
#2906=VECTOR('',#4752,39.3700787401575);
#2907=VECTOR('',#4753,39.3700787401575);
#2908=VECTOR('',#4754,39.3700787401575);
#2909=VECTOR('',#4755,39.3700787401575);
#2910=VECTOR('',#4756,39.3700787401575);
#2911=VECTOR('',#4759,39.3700787401575);
#2912=VECTOR('',#4760,39.3700787401575);
#2913=VECTOR('',#4761,39.3700787401575);
#2914=VECTOR('',#4764,39.3700787401575);
#2915=VECTOR('',#4765,39.3700787401575);
#2916=VECTOR('',#4766,39.3700787401575);
#2917=VECTOR('',#4769,39.3700787401575);
#2918=VECTOR('',#4770,39.3700787401575);
#2919=VECTOR('',#4771,39.3700787401575);
#2920=VECTOR('',#4774,39.3700787401575);
#2921=VECTOR('',#4775,39.3700787401575);
#2922=VECTOR('',#4776,39.3700787401575);
#2923=VECTOR('',#4779,39.3700787401575);
#2924=VECTOR('',#4780,39.3700787401575);
#2925=VECTOR('',#4781,39.3700787401575);
#2926=VECTOR('',#4784,39.3700787401575);
#2927=VECTOR('',#4785,39.3700787401575);
#2928=VECTOR('',#4786,39.3700787401575);
#2929=VECTOR('',#4789,39.3700787401575);
#2930=VECTOR('',#4790,39.3700787401575);
#2931=VECTOR('',#4791,39.3700787401575);
#2932=VECTOR('',#4794,39.3700787401575);
#2933=VECTOR('',#4795,39.3700787401575);
#2934=VECTOR('',#4796,39.3700787401575);
#2935=VECTOR('',#4799,39.3700787401575);
#2936=VECTOR('',#4800,39.3700787401575);
#2937=VECTOR('',#4801,39.3700787401575);
#2938=VECTOR('',#4804,39.3700787401575);
#2939=VECTOR('',#4805,39.3700787401575);
#2940=VECTOR('',#4806,39.3700787401575);
#2941=VECTOR('',#4809,39.3700787401575);
#2942=VECTOR('',#4810,39.3700787401575);
#2943=VECTOR('',#4811,39.3700787401575);
#2944=VECTOR('',#4814,39.3700787401575);
#2945=VECTOR('',#4815,39.3700787401575);
#2946=VECTOR('',#4816,39.3700787401575);
#2947=VECTOR('',#4819,39.3700787401575);
#2948=VECTOR('',#4820,39.3700787401575);
#2949=VECTOR('',#4821,39.3700787401575);
#2950=VECTOR('',#4824,39.3700787401575);
#2951=VECTOR('',#4825,39.3700787401575);
#2952=VECTOR('',#4826,39.3700787401575);
#2953=VECTOR('',#4827,39.3700787401575);
#2954=VECTOR('',#4828,39.3700787401575);
#2955=VECTOR('',#4829,39.3700787401575);
#2956=VECTOR('',#4830,39.3700787401575);
#2957=VECTOR('',#4831,39.3700787401575);
#2958=VECTOR('',#4832,39.3700787401575);
#2959=VECTOR('',#4833,39.3700787401575);
#2960=VECTOR('',#4834,39.3700787401575);
#2961=VECTOR('',#4835,39.3700787401575);
#2962=VECTOR('',#4836,39.3700787401575);
#2963=VECTOR('',#4837,39.3700787401575);
#2964=VECTOR('',#4838,39.3700787401575);
#2965=VECTOR('',#4841,39.3700787401575);
#2966=VECTOR('',#4842,39.3700787401575);
#2967=VECTOR('',#4843,39.3700787401575);
#2968=VECTOR('',#4846,39.3700787401575);
#2969=VECTOR('',#4847,39.3700787401575);
#2970=VECTOR('',#4848,39.3700787401575);
#2971=VECTOR('',#4849,39.3700787401575);
#2972=VECTOR('',#4850,39.3700787401575);
#2973=VECTOR('',#4851,39.3700787401575);
#2974=VECTOR('',#4852,39.3700787401575);
#2975=VECTOR('',#4853,39.3700787401575);
#2976=VECTOR('',#4854,39.3700787401575);
#2977=VECTOR('',#4855,39.3700787401575);
#2978=VECTOR('',#4856,39.3700787401575);
#2979=VECTOR('',#4857,39.3700787401575);
#2980=VECTOR('',#4858,39.3700787401575);
#2981=VECTOR('',#4859,39.3700787401575);
#2982=VECTOR('',#4860,39.3700787401575);
#2983=VECTOR('',#4869,39.3700787401575);
#2984=VECTOR('',#4870,39.3700787401575);
#2985=VECTOR('',#4877,39.3700787401575);
#2986=VECTOR('',#4880,39.3700787401575);
#2987=VECTOR('',#4885,39.3700787401575);
#2988=VECTOR('',#4888,39.3700787401575);
#2989=VECTOR('',#4893,39.3700787401575);
#2990=VECTOR('',#4896,39.3700787401575);
#2991=VECTOR('',#4901,39.3700787401575);
#2992=VECTOR('',#4904,39.3700787401575);
#2993=VECTOR('',#4909,39.3700787401575);
#2994=VECTOR('',#4910,39.3700787401575);
#2995=VECTOR('',#4917,39.3700787401575);
#2996=VECTOR('',#4918,39.3700787401575);
#2997=VECTOR('',#4919,39.3700787401575);
#2998=VECTOR('',#4922,39.3700787401575);
#2999=VECTOR('',#4925,39.3700787401575);
#3000=VECTOR('',#4926,39.3700787401575);
#3001=VECTOR('',#4937,39.3700787401575);
#3002=VECTOR('',#4938,39.3700787401575);
#3003=VECTOR('',#4939,39.3700787401575);
#3004=VECTOR('',#4942,39.3700787401575);
#3005=VECTOR('',#4945,39.3700787401575);
#3006=VECTOR('',#4946,39.3700787401575);
#3007=VECTOR('',#4957,39.3700787401575);
#3008=VECTOR('',#4958,39.3700787401575);
#3009=VECTOR('',#4959,39.3700787401575);
#3010=VECTOR('',#4962,39.3700787401575);
#3011=VECTOR('',#4965,39.3700787401575);
#3012=VECTOR('',#4966,39.3700787401575);
#3013=VECTOR('',#4977,39.3700787401575);
#3014=VECTOR('',#4978,39.3700787401575);
#3015=VECTOR('',#4979,39.3700787401575);
#3016=VECTOR('',#4982,39.3700787401575);
#3017=VECTOR('',#4985,39.3700787401575);
#3018=VECTOR('',#4986,39.3700787401575);
#3019=VECTOR('',#4997,39.3700787401575);
#3020=VECTOR('',#5000,39.3700787401575);
#3021=VECTOR('',#5005,39.3700787401575);
#3022=VECTOR('',#5008,39.3700787401575);
#3023=VECTOR('',#5013,39.3700787401575);
#3024=VECTOR('',#5016,39.3700787401575);
#3025=VECTOR('',#5021,39.3700787401575);
#3026=VECTOR('',#5022,39.3700787401575);
#3027=EDGE_LOOP('',(#83,#84,#85,#86));
#3028=EDGE_LOOP('',(#87,#88,#89,#90));
#3029=EDGE_LOOP('',(#91,#92,#93,#94));
#3030=EDGE_LOOP('',(#95,#96,#97,#98));
#3031=EDGE_LOOP('',(#99,#100,#101,#102));
#3032=EDGE_LOOP('',(#103,#104,#105,#106));
#3033=EDGE_LOOP('',(#107,#108,#109,#110));
#3034=EDGE_LOOP('',(#111,#112,#113,#114));
#3035=EDGE_LOOP('',(#115,#116,#117,#118));
#3036=EDGE_LOOP('',(#119,#120,#121,#122));
#3037=EDGE_LOOP('',(#123,#124,#125,#126));
#3038=EDGE_LOOP('',(#127,#128,#129,#130));
#3039=EDGE_LOOP('',(#131,#132,#133,#134,#135,#136,#137,#138,#139,#140,#141,
#142));
#3040=EDGE_LOOP('',(#143,#144,#145,#146,#147,#148,#149,#150,#151,#152,#153,
#154));
#3041=EDGE_LOOP('',(#155,#156,#157,#158));
#3042=EDGE_LOOP('',(#159,#160,#161,#162));
#3043=EDGE_LOOP('',(#163,#164,#165,#166));
#3044=EDGE_LOOP('',(#167,#168,#169,#170));
#3045=EDGE_LOOP('',(#171,#172,#173,#174));
#3046=EDGE_LOOP('',(#175,#176,#177,#178));
#3047=EDGE_LOOP('',(#179,#180,#181,#182));
#3048=EDGE_LOOP('',(#183,#184,#185,#186));
#3049=EDGE_LOOP('',(#187,#188,#189,#190));
#3050=EDGE_LOOP('',(#191,#192,#193,#194));
#3051=EDGE_LOOP('',(#195,#196,#197,#198));
#3052=EDGE_LOOP('',(#199,#200,#201,#202));
#3053=EDGE_LOOP('',(#203,#204,#205,#206));
#3054=EDGE_LOOP('',(#207,#208,#209,#210));
#3055=EDGE_LOOP('',(#211,#212,#213,#214));
#3056=EDGE_LOOP('',(#215,#216,#217,#218));
#3057=EDGE_LOOP('',(#219,#220,#221,#222));
#3058=EDGE_LOOP('',(#223,#224,#225,#226));
#3059=EDGE_LOOP('',(#227,#228,#229,#230));
#3060=EDGE_LOOP('',(#231,#232,#233,#234));
#3061=EDGE_LOOP('',(#235,#236,#237,#238));
#3062=EDGE_LOOP('',(#239,#240,#241,#242));
#3063=EDGE_LOOP('',(#243,#244,#245,#246));
#3064=EDGE_LOOP('',(#247,#248,#249,#250));
#3065=EDGE_LOOP('',(#251,#252,#253,#254));
#3066=EDGE_LOOP('',(#255,#256,#257,#258));
#3067=EDGE_LOOP('',(#259,#260,#261,#262));
#3068=EDGE_LOOP('',(#263,#264,#265,#266));
#3069=EDGE_LOOP('',(#267,#268,#269,#270));
#3070=EDGE_LOOP('',(#271,#272,#273,#274));
#3071=EDGE_LOOP('',(#275,#276,#277,#278));
#3072=EDGE_LOOP('',(#279,#280,#281,#282));
#3073=EDGE_LOOP('',(#283,#284,#285,#286));
#3074=EDGE_LOOP('',(#287,#288,#289,#290));
#3075=EDGE_LOOP('',(#291,#292,#293,#294));
#3076=EDGE_LOOP('',(#295,#296,#297,#298));
#3077=EDGE_LOOP('',(#299,#300,#301,#302));
#3078=EDGE_LOOP('',(#303,#304,#305,#306));
#3079=EDGE_LOOP('',(#307,#308,#309,#310));
#3080=EDGE_LOOP('',(#311,#312,#313,#314));
#3081=EDGE_LOOP('',(#315,#316,#317,#318));
#3082=EDGE_LOOP('',(#319,#320,#321,#322));
#3083=EDGE_LOOP('',(#323,#324,#325,#326));
#3084=EDGE_LOOP('',(#327,#328,#329,#330));
#3085=EDGE_LOOP('',(#331,#332,#333,#334));
#3086=EDGE_LOOP('',(#335,#336,#337,#338));
#3087=EDGE_LOOP('',(#339,#340,#341,#342));
#3088=EDGE_LOOP('',(#343,#344,#345,#346));
#3089=EDGE_LOOP('',(#347,#348,#349,#350));
#3090=EDGE_LOOP('',(#351,#352,#353,#354));
#3091=EDGE_LOOP('',(#355,#356,#357,#358));
#3092=EDGE_LOOP('',(#359,#360,#361,#362));
#3093=EDGE_LOOP('',(#363,#364,#365,#366));
#3094=EDGE_LOOP('',(#367,#368,#369,#370));
#3095=EDGE_LOOP('',(#371,#372,#373,#374));
#3096=EDGE_LOOP('',(#375,#376,#377,#378));
#3097=EDGE_LOOP('',(#379,#380,#381,#382));
#3098=EDGE_LOOP('',(#383,#384,#385,#386));
#3099=EDGE_LOOP('',(#387,#388,#389,#390));
#3100=EDGE_LOOP('',(#391,#392,#393,#394));
#3101=EDGE_LOOP('',(#395,#396,#397,#398));
#3102=EDGE_LOOP('',(#399,#400,#401,#402));
#3103=EDGE_LOOP('',(#403,#404,#405,#406));
#3104=EDGE_LOOP('',(#407,#408,#409,#410));
#3105=EDGE_LOOP('',(#411,#412,#413,#414));
#3106=EDGE_LOOP('',(#415,#416,#417,#418));
#3107=EDGE_LOOP('',(#419,#420,#421,#422));
#3108=EDGE_LOOP('',(#423,#424,#425,#426));
#3109=EDGE_LOOP('',(#427,#428,#429,#430));
#3110=EDGE_LOOP('',(#431,#432,#433,#434));
#3111=EDGE_LOOP('',(#435,#436,#437,#438));
#3112=EDGE_LOOP('',(#439,#440,#441,#442));
#3113=EDGE_LOOP('',(#443,#444,#445,#446));
#3114=EDGE_LOOP('',(#447,#448,#449,#450));
#3115=EDGE_LOOP('',(#451,#452,#453,#454));
#3116=EDGE_LOOP('',(#455,#456,#457,#458));
#3117=EDGE_LOOP('',(#459,#460,#461,#462));
#3118=EDGE_LOOP('',(#463,#464,#465,#466));
#3119=EDGE_LOOP('',(#467,#468,#469,#470));
#3120=EDGE_LOOP('',(#471,#472,#473,#474));
#3121=EDGE_LOOP('',(#475,#476,#477,#478));
#3122=EDGE_LOOP('',(#479,#480,#481,#482));
#3123=EDGE_LOOP('',(#483,#484,#485,#486));
#3124=EDGE_LOOP('',(#487,#488,#489,#490));
#3125=EDGE_LOOP('',(#491,#492,#493,#494));
#3126=EDGE_LOOP('',(#495,#496,#497,#498));
#3127=EDGE_LOOP('',(#499,#500,#501,#502));
#3128=EDGE_LOOP('',(#503,#504,#505,#506));
#3129=EDGE_LOOP('',(#507,#508,#509,#510));
#3130=EDGE_LOOP('',(#511,#512,#513,#514));
#3131=EDGE_LOOP('',(#515,#516,#517,#518));
#3132=EDGE_LOOP('',(#519,#520,#521,#522));
#3133=EDGE_LOOP('',(#523,#524,#525,#526));
#3134=EDGE_LOOP('',(#527,#528,#529,#530));
#3135=EDGE_LOOP('',(#531,#532,#533,#534));
#3136=EDGE_LOOP('',(#535,#536,#537,#538));
#3137=EDGE_LOOP('',(#539,#540,#541,#542,#543,#544,#545,#546,#547,#548,#549,
#550,#551,#552,#553,#554,#555,#556,#557,#558));
#3138=EDGE_LOOP('',(#559,#560,#561,#562));
#3139=EDGE_LOOP('',(#563,#564,#565,#566,#567,#568,#569,#570,#571,#572,#573,
#574,#575,#576,#577,#578,#579,#580,#581,#582));
#3140=EDGE_LOOP('',(#583,#584,#585,#586));
#3141=EDGE_LOOP('',(#587,#588,#589,#590));
#3142=EDGE_LOOP('',(#591,#592,#593,#594));
#3143=EDGE_LOOP('',(#595,#596,#597,#598));
#3144=EDGE_LOOP('',(#599,#600,#601,#602));
#3145=EDGE_LOOP('',(#603,#604,#605,#606,#607,#608,#609,#610,#611,#612,#613,
#614,#615,#616,#617,#618,#619,#620,#621,#622));
#3146=EDGE_LOOP('',(#623,#624,#625,#626));
#3147=EDGE_LOOP('',(#627,#628,#629,#630,#631,#632,#633,#634,#635,#636,#637,
#638,#639,#640,#641,#642,#643,#644,#645,#646));
#3148=EDGE_LOOP('',(#647,#648,#649,#650));
#3149=EDGE_LOOP('',(#651,#652,#653,#654));
#3150=EDGE_LOOP('',(#655,#656,#657,#658));
#3151=EDGE_LOOP('',(#659,#660,#661,#662));
#3152=EDGE_LOOP('',(#663,#664,#665,#666));
#3153=EDGE_LOOP('',(#667,#668,#669,#670));
#3154=EDGE_LOOP('',(#671,#672,#673,#674));
#3155=EDGE_LOOP('',(#675,#676,#677,#678));
#3156=EDGE_LOOP('',(#679,#680,#681,#682));
#3157=EDGE_LOOP('',(#683,#684,#685,#686));
#3158=EDGE_LOOP('',(#687,#688,#689,#690));
#3159=EDGE_LOOP('',(#691,#692,#693,#694));
#3160=EDGE_LOOP('',(#695,#696,#697,#698));
#3161=EDGE_LOOP('',(#699,#700,#701,#702,#703,#704,#705,#706,#707,#708,#709,
#710,#711,#712,#713,#714,#715,#716,#717,#718));
#3162=EDGE_LOOP('',(#719,#720,#721,#722));
#3163=EDGE_LOOP('',(#723,#724,#725,#726,#727,#728,#729,#730,#731,#732,#733,
#734,#735,#736,#737,#738,#739,#740,#741,#742));
#3164=EDGE_LOOP('',(#743,#744,#745,#746));
#3165=EDGE_LOOP('',(#747,#748,#749,#750,#751,#752,#753,#754,#755,#756,#757,
#758,#759,#760,#761,#762,#763,#764,#765,#766,#767,#768,#769,#770,#771,#772,
#773,#774));
#3166=EDGE_LOOP('',(#775,#776,#777,#778));
#3167=EDGE_LOOP('',(#779,#780,#781,#782));
#3168=EDGE_LOOP('',(#783,#784,#785,#786,#787,#788,#789,#790));
#3169=EDGE_LOOP('',(#791,#792,#793,#794,#795,#796,#797,#798));
#3170=EDGE_LOOP('',(#799,#800,#801,#802));
#3171=EDGE_LOOP('',(#803,#804,#805,#806,#807,#808,#809,#810));
#3172=EDGE_LOOP('',(#811,#812,#813,#814,#815,#816,#817,#818));
#3173=EDGE_LOOP('',(#819,#820,#821,#822));
#3174=EDGE_LOOP('',(#823,#824,#825,#826,#827,#828,#829,#830));
#3175=EDGE_LOOP('',(#831,#832,#833,#834,#835,#836,#837,#838));
#3176=EDGE_LOOP('',(#839,#840,#841,#842));
#3177=EDGE_LOOP('',(#843,#844,#845,#846,#847,#848,#849,#850));
#3178=EDGE_LOOP('',(#851,#852,#853,#854,#855,#856,#857,#858));
#3179=EDGE_LOOP('',(#859,#860,#861,#862));
#3180=EDGE_LOOP('',(#863,#864,#865,#866,#867,#868,#869,#870,#871,#872,#873,
#874,#875,#876,#877,#878,#879,#880,#881,#882,#883,#884,#885,#886,#887,#888,
#889,#890));
#3181=EDGE_LOOP('',(#891,#892,#893,#894));
#3182=EDGE_LOOP('',(#895,#896,#897,#898));
#3183=EDGE_LOOP('',(#899,#900,#901,#902,#903,#904,#905,#906,#907,#908,#909,
#910));
#3184=EDGE_LOOP('',(#911,#912,#913,#914));
#3185=EDGE_LOOP('',(#915,#916,#917,#918,#919,#920,#921,#922,#923,#924,#925,
#926));
#3186=EDGE_LOOP('',(#927,#928,#929,#930));
#3187=EDGE_LOOP('',(#931,#932,#933,#934));
#3188=EDGE_LOOP('',(#935,#936,#937,#938));
#3189=EDGE_LOOP('',(#939,#940,#941,#942));
#3190=EDGE_LOOP('',(#943,#944,#945,#946,#947,#948,#949,#950,#951,#952,#953,
#954));
#3191=EDGE_LOOP('',(#955,#956,#957,#958));
#3192=EDGE_LOOP('',(#959,#960,#961,#962,#963,#964,#965,#966,#967,#968,#969,
#970));
#3193=EDGE_LOOP('',(#971,#972,#973,#974));
#3194=EDGE_LOOP('',(#975,#976,#977,#978));
#3195=EDGE_LOOP('',(#979,#980,#981,#982));
#3196=EDGE_LOOP('',(#983,#984,#985,#986));
#3197=EDGE_LOOP('',(#987,#988,#989,#990,#991,#992,#993,#994,#995,#996,#997,
#998));
#3198=EDGE_LOOP('',(#999,#1000,#1001,#1002));
#3199=EDGE_LOOP('',(#1003,#1004,#1005,#1006,#1007,#1008,#1009,#1010,#1011,
#1012,#1013,#1014));
#3200=EDGE_LOOP('',(#1015,#1016,#1017,#1018));
#3201=EDGE_LOOP('',(#1019,#1020,#1021,#1022));
#3202=EDGE_LOOP('',(#1023,#1024,#1025,#1026));
#3203=EDGE_LOOP('',(#1027,#1028,#1029,#1030));
#3204=EDGE_LOOP('',(#1031,#1032,#1033,#1034,#1035,#1036,#1037,#1038,#1039,
#1040,#1041,#1042));
#3205=EDGE_LOOP('',(#1043,#1044,#1045,#1046));
#3206=EDGE_LOOP('',(#1047,#1048,#1049,#1050,#1051,#1052,#1053,#1054,#1055,
#1056,#1057,#1058));
#3207=EDGE_LOOP('',(#1059,#1060,#1061,#1062));
#3208=EDGE_LOOP('',(#1063,#1064,#1065,#1066));
#3209=EDGE_LOOP('',(#1067,#1068,#1069,#1070));
#3210=EDGE_LOOP('',(#1071,#1072,#1073,#1074));
#3211=EDGE_LOOP('',(#1075,#1076,#1077,#1078,#1079,#1080,#1081,#1082));
#3212=EDGE_LOOP('',(#1083,#1084,#1085,#1086));
#3213=EDGE_LOOP('',(#1087,#1088,#1089,#1090,#1091,#1092,#1093,#1094));
#3214=EDGE_LOOP('',(#1095,#1096,#1097,#1098,#1099,#1100,#1101,#1102));
#3215=EDGE_LOOP('',(#1103,#1104,#1105,#1106));
#3216=EDGE_LOOP('',(#1107,#1108,#1109,#1110,#1111,#1112,#1113,#1114));
#3217=EDGE_LOOP('',(#1115,#1116,#1117,#1118,#1119,#1120,#1121,#1122));
#3218=EDGE_LOOP('',(#1123,#1124,#1125,#1126));
#3219=EDGE_LOOP('',(#1127,#1128,#1129,#1130,#1131,#1132,#1133,#1134));
#3220=EDGE_LOOP('',(#1135,#1136,#1137,#1138));
#3221=EDGE_LOOP('',(#1139,#1140,#1141,#1142,#1143,#1144,#1145,#1146));
#3222=EDGE_LOOP('',(#1147,#1148,#1149,#1150,#1151,#1152,#1153,#1154));
#3223=FACE_BOUND('',#3027,.T.);
#3224=FACE_BOUND('',#3028,.T.);
#3225=FACE_BOUND('',#3029,.T.);
#3226=FACE_BOUND('',#3030,.T.);
#3227=FACE_BOUND('',#3031,.T.);
#3228=FACE_BOUND('',#3032,.T.);
#3229=FACE_BOUND('',#3033,.T.);
#3230=FACE_BOUND('',#3034,.T.);
#3231=FACE_BOUND('',#3035,.T.);
#3232=FACE_BOUND('',#3036,.T.);
#3233=FACE_BOUND('',#3037,.T.);
#3234=FACE_BOUND('',#3038,.T.);
#3235=FACE_BOUND('',#3039,.T.);
#3236=FACE_BOUND('',#3040,.T.);
#3237=FACE_BOUND('',#3041,.T.);
#3238=FACE_BOUND('',#3042,.T.);
#3239=FACE_BOUND('',#3043,.T.);
#3240=FACE_BOUND('',#3044,.T.);
#3241=FACE_BOUND('',#3045,.T.);
#3242=FACE_BOUND('',#3046,.T.);
#3243=FACE_BOUND('',#3047,.T.);
#3244=FACE_BOUND('',#3048,.T.);
#3245=FACE_BOUND('',#3049,.T.);
#3246=FACE_BOUND('',#3050,.T.);
#3247=FACE_BOUND('',#3051,.T.);
#3248=FACE_BOUND('',#3052,.T.);
#3249=FACE_BOUND('',#3053,.T.);
#3250=FACE_BOUND('',#3054,.T.);
#3251=FACE_BOUND('',#3055,.T.);
#3252=FACE_BOUND('',#3056,.T.);
#3253=FACE_BOUND('',#3057,.T.);
#3254=FACE_BOUND('',#3058,.T.);
#3255=FACE_BOUND('',#3059,.T.);
#3256=FACE_BOUND('',#3060,.T.);
#3257=FACE_BOUND('',#3061,.T.);
#3258=FACE_BOUND('',#3062,.T.);
#3259=FACE_BOUND('',#3063,.T.);
#3260=FACE_BOUND('',#3064,.T.);
#3261=FACE_BOUND('',#3065,.T.);
#3262=FACE_BOUND('',#3066,.T.);
#3263=FACE_BOUND('',#3067,.T.);
#3264=FACE_BOUND('',#3068,.T.);
#3265=FACE_BOUND('',#3069,.T.);
#3266=FACE_BOUND('',#3070,.T.);
#3267=FACE_BOUND('',#3071,.T.);
#3268=FACE_BOUND('',#3072,.T.);
#3269=FACE_BOUND('',#3073,.T.);
#3270=FACE_BOUND('',#3074,.T.);
#3271=FACE_BOUND('',#3075,.T.);
#3272=FACE_BOUND('',#3076,.T.);
#3273=FACE_BOUND('',#3077,.T.);
#3274=FACE_BOUND('',#3078,.T.);
#3275=FACE_BOUND('',#3079,.T.);
#3276=FACE_BOUND('',#3080,.T.);
#3277=FACE_BOUND('',#3081,.T.);
#3278=FACE_BOUND('',#3082,.T.);
#3279=FACE_BOUND('',#3083,.T.);
#3280=FACE_BOUND('',#3084,.T.);
#3281=FACE_BOUND('',#3085,.T.);
#3282=FACE_BOUND('',#3086,.T.);
#3283=FACE_BOUND('',#3087,.T.);
#3284=FACE_BOUND('',#3088,.T.);
#3285=FACE_BOUND('',#3089,.T.);
#3286=FACE_BOUND('',#3090,.T.);
#3287=FACE_BOUND('',#3091,.T.);
#3288=FACE_BOUND('',#3092,.T.);
#3289=FACE_BOUND('',#3093,.T.);
#3290=FACE_BOUND('',#3094,.T.);
#3291=FACE_BOUND('',#3095,.T.);
#3292=FACE_BOUND('',#3096,.T.);
#3293=FACE_BOUND('',#3097,.T.);
#3294=FACE_BOUND('',#3098,.T.);
#3295=FACE_BOUND('',#3099,.T.);
#3296=FACE_BOUND('',#3100,.T.);
#3297=FACE_BOUND('',#3101,.T.);
#3298=FACE_BOUND('',#3102,.T.);
#3299=FACE_BOUND('',#3103,.T.);
#3300=FACE_BOUND('',#3104,.T.);
#3301=FACE_BOUND('',#3105,.T.);
#3302=FACE_BOUND('',#3106,.T.);
#3303=FACE_BOUND('',#3107,.T.);
#3304=FACE_BOUND('',#3108,.T.);
#3305=FACE_BOUND('',#3109,.T.);
#3306=FACE_BOUND('',#3110,.T.);
#3307=FACE_BOUND('',#3111,.T.);
#3308=FACE_BOUND('',#3112,.T.);
#3309=FACE_BOUND('',#3113,.T.);
#3310=FACE_BOUND('',#3114,.T.);
#3311=FACE_BOUND('',#3115,.T.);
#3312=FACE_BOUND('',#3116,.T.);
#3313=FACE_BOUND('',#3117,.T.);
#3314=FACE_BOUND('',#3118,.T.);
#3315=FACE_BOUND('',#3119,.T.);
#3316=FACE_BOUND('',#3120,.T.);
#3317=FACE_BOUND('',#3121,.T.);
#3318=FACE_BOUND('',#3122,.T.);
#3319=FACE_BOUND('',#3123,.T.);
#3320=FACE_BOUND('',#3124,.T.);
#3321=FACE_BOUND('',#3125,.T.);
#3322=FACE_BOUND('',#3126,.T.);
#3323=FACE_BOUND('',#3127,.T.);
#3324=FACE_BOUND('',#3128,.T.);
#3325=FACE_BOUND('',#3129,.T.);
#3326=FACE_BOUND('',#3130,.T.);
#3327=FACE_BOUND('',#3131,.T.);
#3328=FACE_BOUND('',#3132,.T.);
#3329=FACE_BOUND('',#3133,.T.);
#3330=FACE_BOUND('',#3134,.T.);
#3331=FACE_BOUND('',#3135,.T.);
#3332=FACE_BOUND('',#3136,.T.);
#3333=FACE_BOUND('',#3137,.T.);
#3334=FACE_BOUND('',#3138,.T.);
#3335=FACE_BOUND('',#3139,.T.);
#3336=FACE_BOUND('',#3140,.T.);
#3337=FACE_BOUND('',#3141,.T.);
#3338=FACE_BOUND('',#3142,.T.);
#3339=FACE_BOUND('',#3143,.T.);
#3340=FACE_BOUND('',#3144,.T.);
#3341=FACE_BOUND('',#3145,.T.);
#3342=FACE_BOUND('',#3146,.T.);
#3343=FACE_BOUND('',#3147,.T.);
#3344=FACE_BOUND('',#3148,.T.);
#3345=FACE_BOUND('',#3149,.T.);
#3346=FACE_BOUND('',#3150,.T.);
#3347=FACE_BOUND('',#3151,.T.);
#3348=FACE_BOUND('',#3152,.T.);
#3349=FACE_BOUND('',#3153,.T.);
#3350=FACE_BOUND('',#3154,.T.);
#3351=FACE_BOUND('',#3155,.T.);
#3352=FACE_BOUND('',#3156,.T.);
#3353=FACE_BOUND('',#3157,.T.);
#3354=FACE_BOUND('',#3158,.T.);
#3355=FACE_BOUND('',#3159,.T.);
#3356=FACE_BOUND('',#3160,.T.);
#3357=FACE_BOUND('',#3161,.T.);
#3358=FACE_BOUND('',#3162,.T.);
#3359=FACE_BOUND('',#3163,.T.);
#3360=FACE_BOUND('',#3164,.T.);
#3361=FACE_BOUND('',#3165,.T.);
#3362=FACE_BOUND('',#3166,.T.);
#3363=FACE_BOUND('',#3167,.T.);
#3364=FACE_BOUND('',#3168,.T.);
#3365=FACE_BOUND('',#3169,.T.);
#3366=FACE_BOUND('',#3170,.T.);
#3367=FACE_BOUND('',#3171,.T.);
#3368=FACE_BOUND('',#3172,.T.);
#3369=FACE_BOUND('',#3173,.T.);
#3370=FACE_BOUND('',#3174,.T.);
#3371=FACE_BOUND('',#3175,.T.);
#3372=FACE_BOUND('',#3176,.T.);
#3373=FACE_BOUND('',#3177,.T.);
#3374=FACE_BOUND('',#3178,.T.);
#3375=FACE_BOUND('',#3179,.T.);
#3376=FACE_BOUND('',#3180,.T.);
#3377=FACE_BOUND('',#3181,.T.);
#3378=FACE_BOUND('',#3182,.T.);
#3379=FACE_BOUND('',#3183,.T.);
#3380=FACE_BOUND('',#3184,.T.);
#3381=FACE_BOUND('',#3185,.T.);
#3382=FACE_BOUND('',#3186,.T.);
#3383=FACE_BOUND('',#3187,.T.);
#3384=FACE_BOUND('',#3188,.T.);
#3385=FACE_BOUND('',#3189,.T.);
#3386=FACE_BOUND('',#3190,.T.);
#3387=FACE_BOUND('',#3191,.T.);
#3388=FACE_BOUND('',#3192,.T.);
#3389=FACE_BOUND('',#3193,.T.);
#3390=FACE_BOUND('',#3194,.T.);
#3391=FACE_BOUND('',#3195,.T.);
#3392=FACE_BOUND('',#3196,.T.);
#3393=FACE_BOUND('',#3197,.T.);
#3394=FACE_BOUND('',#3198,.T.);
#3395=FACE_BOUND('',#3199,.T.);
#3396=FACE_BOUND('',#3200,.T.);
#3397=FACE_BOUND('',#3201,.T.);
#3398=FACE_BOUND('',#3202,.T.);
#3399=FACE_BOUND('',#3203,.T.);
#3400=FACE_BOUND('',#3204,.T.);
#3401=FACE_BOUND('',#3205,.T.);
#3402=FACE_BOUND('',#3206,.T.);
#3403=FACE_BOUND('',#3207,.T.);
#3404=FACE_BOUND('',#3208,.T.);
#3405=FACE_BOUND('',#3209,.T.);
#3406=FACE_BOUND('',#3210,.T.);
#3407=FACE_BOUND('',#3211,.T.);
#3408=FACE_BOUND('',#3212,.T.);
#3409=FACE_BOUND('',#3213,.T.);
#3410=FACE_BOUND('',#3214,.T.);
#3411=FACE_BOUND('',#3215,.T.);
#3412=FACE_BOUND('',#3216,.T.);
#3413=FACE_BOUND('',#3217,.T.);
#3414=FACE_BOUND('',#3218,.T.);
#3415=FACE_BOUND('',#3219,.T.);
#3416=FACE_BOUND('',#3220,.T.);
#3417=FACE_BOUND('',#3221,.T.);
#3418=FACE_BOUND('',#3222,.T.);
#3419=PLANE('',#3817);
#3420=PLANE('',#3818);
#3421=PLANE('',#3819);
#3422=PLANE('',#3820);
#3423=PLANE('',#3821);
#3424=PLANE('',#3822);
#3425=PLANE('',#3823);
#3426=PLANE('',#3824);
#3427=PLANE('',#3825);
#3428=PLANE('',#3826);
#3429=PLANE('',#3827);
#3430=PLANE('',#3828);
#3431=PLANE('',#3829);
#3432=PLANE('',#3830);
#3433=PLANE('',#3832);
#3434=PLANE('',#3833);
#3435=PLANE('',#3834);
#3436=PLANE('',#3835);
#3437=PLANE('',#3836);
#3438=PLANE('',#3837);
#3439=PLANE('',#3838);
#3440=PLANE('',#3839);
#3441=PLANE('',#3840);
#3442=PLANE('',#3841);
#3443=PLANE('',#3842);
#3444=PLANE('',#3843);
#3445=PLANE('',#3868);
#3446=PLANE('',#3869);
#3447=PLANE('',#3870);
#3448=PLANE('',#3871);
#3449=PLANE('',#3872);
#3450=PLANE('',#3873);
#3451=PLANE('',#3874);
#3452=PLANE('',#3875);
#3453=PLANE('',#3876);
#3454=PLANE('',#3877);
#3455=PLANE('',#3878);
#3456=PLANE('',#3879);
#3457=PLANE('',#3892);
#3458=PLANE('',#3893);
#3459=PLANE('',#3894);
#3460=PLANE('',#3895);
#3461=PLANE('',#3896);
#3462=PLANE('',#3897);
#3463=PLANE('',#3898);
#3464=PLANE('',#3899);
#3465=PLANE('',#3900);
#3466=PLANE('',#3901);
#3467=PLANE('',#3902);
#3468=PLANE('',#3903);
#3469=PLANE('',#3904);
#3470=PLANE('',#3905);
#3471=PLANE('',#3906);
#3472=PLANE('',#3907);
#3473=PLANE('',#3908);
#3474=PLANE('',#3909);
#3475=PLANE('',#3910);
#3476=PLANE('',#3911);
#3477=PLANE('',#3912);
#3478=PLANE('',#3913);
#3479=PLANE('',#3914);
#3480=PLANE('',#3915);
#3481=PLANE('',#3916);
#3482=PLANE('',#3917);
#3483=PLANE('',#3918);
#3484=PLANE('',#3919);
#3485=PLANE('',#3920);
#3486=PLANE('',#3921);
#3487=PLANE('',#3922);
#3488=PLANE('',#3923);
#3489=PLANE('',#3924);
#3490=PLANE('',#3925);
#3491=PLANE('',#3926);
#3492=PLANE('',#3927);
#3493=PLANE('',#3928);
#3494=PLANE('',#3929);
#3495=PLANE('',#3930);
#3496=PLANE('',#3931);
#3497=PLANE('',#3932);
#3498=PLANE('',#3933);
#3499=PLANE('',#3934);
#3500=PLANE('',#3935);
#3501=PLANE('',#3936);
#3502=PLANE('',#3937);
#3503=PLANE('',#3938);
#3504=PLANE('',#3939);
#3505=PLANE('',#3940);
#3506=PLANE('',#3941);
#3507=PLANE('',#3942);
#3508=PLANE('',#3943);
#3509=PLANE('',#3956);
#3510=PLANE('',#3957);
#3511=PLANE('',#3958);
#3512=PLANE('',#3962);
#3513=PLANE('',#3963);
#3514=PLANE('',#3964);
#3515=PLANE('',#3968);
#3516=PLANE('',#3969);
#3517=PLANE('',#3970);
#3518=PLANE('',#3974);
#3519=PLANE('',#3975);
#3520=PLANE('',#3976);
#3521=PLANE('',#3977);
#3522=PLANE('',#3978);
#3523=PLANE('',#3979);
#3524=PLANE('',#3980);
#3525=PLANE('',#3981);
#3526=PLANE('',#3982);
#3527=PLANE('',#3983);
#3528=PLANE('',#3984);
#3529=PLANE('',#3985);
#3530=PLANE('',#3986);
#3531=PLANE('',#3987);
#3532=PLANE('',#3988);
#3533=PLANE('',#3989);
#3534=PLANE('',#3990);
#3535=PLANE('',#3991);
#3536=PLANE('',#3992);
#3537=PLANE('',#3996);
#3538=PLANE('',#3997);
#3539=PLANE('',#3998);
#3540=PLANE('',#3999);
#3541=PLANE('',#4000);
#3542=PLANE('',#4001);
#3543=PLANE('',#4002);
#3544=PLANE('',#4003);
#3545=PLANE('',#4004);
#3546=PLANE('',#4005);
#3547=PLANE('',#4006);
#3548=PLANE('',#4007);
#3549=PLANE('',#4008);
#3550=PLANE('',#4009);
#3551=PLANE('',#4010);
#3552=PLANE('',#4011);
#3553=PLANE('',#4012);
#3554=PLANE('',#4013);
#3555=PLANE('',#4014);
#3556=PLANE('',#4015);
#3557=PLANE('',#4016);
#3558=PLANE('',#4017);
#3559=PLANE('',#4018);
#3560=PLANE('',#4019);
#3561=PLANE('',#4020);
#3562=PLANE('',#4021);
#3563=PLANE('',#4022);
#3564=PLANE('',#4023);
#3565=PLANE('',#4024);
#3566=PLANE('',#4025);
#3567=PLANE('',#4026);
#3568=PLANE('',#4027);
#3569=PLANE('',#4028);
#3570=PLANE('',#4029);
#3571=PLANE('',#4030);
#3572=PLANE('',#4031);
#3573=PLANE('',#4032);
#3574=PLANE('',#4033);
#3575=PLANE('',#4034);
#3576=PLANE('',#4035);
#3577=PLANE('',#4036);
#3578=PLANE('',#4037);
#3579=PLANE('',#4038);
#3580=PLANE('',#4039);
#3581=PLANE('',#4040);
#3582=PLANE('',#4041);
#3583=PLANE('',#4042);
#3584=PLANE('',#4043);
#3585=PLANE('',#4044);
#3586=PLANE('',#4045);
#3587=PLANE('',#4046);
#3588=PLANE('',#4047);
#3589=PLANE('',#4048);
#3590=PLANE('',#4049);
#3591=PLANE('',#4050);
#3592=PLANE('',#4051);
#3593=PLANE('',#4052);
#3594=PLANE('',#4053);
#3595=ADVANCED_FACE('',(#3223),#3419,.F.);
#3596=ADVANCED_FACE('',(#3224),#3420,.F.);
#3597=ADVANCED_FACE('',(#3225),#3421,.F.);
#3598=ADVANCED_FACE('',(#3226),#3422,.F.);
#3599=ADVANCED_FACE('',(#3227),#3423,.F.);
#3600=ADVANCED_FACE('',(#3228),#3424,.F.);
#3601=ADVANCED_FACE('',(#3229),#3425,.F.);
#3602=ADVANCED_FACE('',(#3230),#3426,.F.);
#3603=ADVANCED_FACE('',(#3231),#3427,.F.);
#3604=ADVANCED_FACE('',(#3232),#3428,.F.);
#3605=ADVANCED_FACE('',(#3233),#3429,.F.);
#3606=ADVANCED_FACE('',(#3234),#3430,.F.);
#3607=ADVANCED_FACE('',(#3235),#3431,.T.);
#3608=ADVANCED_FACE('',(#3236),#3432,.F.);
#3609=ADVANCED_FACE('',(#3237),#3433,.F.);
#3610=ADVANCED_FACE('',(#3238),#3434,.F.);
#3611=ADVANCED_FACE('',(#3239),#3435,.F.);
#3612=ADVANCED_FACE('',(#3240),#3436,.F.);
#3613=ADVANCED_FACE('',(#3241),#3437,.F.);
#3614=ADVANCED_FACE('',(#3242),#3438,.F.);
#3615=ADVANCED_FACE('',(#3243),#3439,.F.);
#3616=ADVANCED_FACE('',(#3244),#3440,.F.);
#3617=ADVANCED_FACE('',(#3245),#3441,.F.);
#3618=ADVANCED_FACE('',(#3246),#3442,.F.);
#3619=ADVANCED_FACE('',(#3247),#3443,.F.);
#3620=ADVANCED_FACE('',(#3248),#3444,.F.);
#3621=ADVANCED_FACE('',(#3249),#50,.T.);
#3622=ADVANCED_FACE('',(#3250),#51,.T.);
#3623=ADVANCED_FACE('',(#3251),#52,.T.);
#3624=ADVANCED_FACE('',(#3252),#53,.T.);
#3625=ADVANCED_FACE('',(#3253),#54,.T.);
#3626=ADVANCED_FACE('',(#3254),#55,.T.);
#3627=ADVANCED_FACE('',(#3255),#56,.T.);
#3628=ADVANCED_FACE('',(#3256),#57,.T.);
#3629=ADVANCED_FACE('',(#3257),#3445,.F.);
#3630=ADVANCED_FACE('',(#3258),#3446,.F.);
#3631=ADVANCED_FACE('',(#3259),#3447,.F.);
#3632=ADVANCED_FACE('',(#3260),#3448,.F.);
#3633=ADVANCED_FACE('',(#3261),#3449,.F.);
#3634=ADVANCED_FACE('',(#3262),#3450,.F.);
#3635=ADVANCED_FACE('',(#3263),#3451,.F.);
#3636=ADVANCED_FACE('',(#3264),#3452,.F.);
#3637=ADVANCED_FACE('',(#3265),#3453,.F.);
#3638=ADVANCED_FACE('',(#3266),#3454,.F.);
#3639=ADVANCED_FACE('',(#3267),#3455,.F.);
#3640=ADVANCED_FACE('',(#3268),#3456,.F.);
#3641=ADVANCED_FACE('',(#3269),#58,.F.);
#3642=ADVANCED_FACE('',(#3270),#59,.F.);
#3643=ADVANCED_FACE('',(#3271),#60,.F.);
#3644=ADVANCED_FACE('',(#3272),#61,.F.);
#3645=ADVANCED_FACE('',(#3273),#3457,.F.);
#3646=ADVANCED_FACE('',(#3274),#3458,.F.);
#3647=ADVANCED_FACE('',(#3275),#3459,.F.);
#3648=ADVANCED_FACE('',(#3276),#3460,.F.);
#3649=ADVANCED_FACE('',(#3277),#3461,.F.);
#3650=ADVANCED_FACE('',(#3278),#3462,.F.);
#3651=ADVANCED_FACE('',(#3279),#3463,.F.);
#3652=ADVANCED_FACE('',(#3280),#3464,.F.);
#3653=ADVANCED_FACE('',(#3281),#3465,.F.);
#3654=ADVANCED_FACE('',(#3282),#3466,.F.);
#3655=ADVANCED_FACE('',(#3283),#3467,.F.);
#3656=ADVANCED_FACE('',(#3284),#3468,.F.);
#3657=ADVANCED_FACE('',(#3285),#3469,.F.);
#3658=ADVANCED_FACE('',(#3286),#3470,.F.);
#3659=ADVANCED_FACE('',(#3287),#3471,.F.);
#3660=ADVANCED_FACE('',(#3288),#3472,.F.);
#3661=ADVANCED_FACE('',(#3289),#3473,.F.);
#3662=ADVANCED_FACE('',(#3290),#3474,.F.);
#3663=ADVANCED_FACE('',(#3291),#3475,.F.);
#3664=ADVANCED_FACE('',(#3292),#3476,.F.);
#3665=ADVANCED_FACE('',(#3293),#3477,.F.);
#3666=ADVANCED_FACE('',(#3294),#3478,.F.);
#3667=ADVANCED_FACE('',(#3295),#3479,.F.);
#3668=ADVANCED_FACE('',(#3296),#3480,.F.);
#3669=ADVANCED_FACE('',(#3297),#3481,.F.);
#3670=ADVANCED_FACE('',(#3298),#3482,.F.);
#3671=ADVANCED_FACE('',(#3299),#3483,.F.);
#3672=ADVANCED_FACE('',(#3300),#3484,.F.);
#3673=ADVANCED_FACE('',(#3301),#3485,.F.);
#3674=ADVANCED_FACE('',(#3302),#3486,.F.);
#3675=ADVANCED_FACE('',(#3303),#3487,.F.);
#3676=ADVANCED_FACE('',(#3304),#3488,.F.);
#3677=ADVANCED_FACE('',(#3305),#3489,.F.);
#3678=ADVANCED_FACE('',(#3306),#3490,.F.);
#3679=ADVANCED_FACE('',(#3307),#3491,.F.);
#3680=ADVANCED_FACE('',(#3308),#3492,.F.);
#3681=ADVANCED_FACE('',(#3309),#3493,.F.);
#3682=ADVANCED_FACE('',(#3310),#3494,.F.);
#3683=ADVANCED_FACE('',(#3311),#3495,.F.);
#3684=ADVANCED_FACE('',(#3312),#3496,.F.);
#3685=ADVANCED_FACE('',(#3313),#3497,.F.);
#3686=ADVANCED_FACE('',(#3314),#3498,.F.);
#3687=ADVANCED_FACE('',(#3315),#3499,.F.);
#3688=ADVANCED_FACE('',(#3316),#3500,.F.);
#3689=ADVANCED_FACE('',(#3317),#3501,.F.);
#3690=ADVANCED_FACE('',(#3318),#3502,.F.);
#3691=ADVANCED_FACE('',(#3319),#3503,.F.);
#3692=ADVANCED_FACE('',(#3320),#3504,.F.);
#3693=ADVANCED_FACE('',(#3321),#3505,.F.);
#3694=ADVANCED_FACE('',(#3322),#3506,.F.);
#3695=ADVANCED_FACE('',(#3323),#3507,.F.);
#3696=ADVANCED_FACE('',(#3324),#3508,.F.);
#3697=ADVANCED_FACE('',(#3325),#62,.F.);
#3698=ADVANCED_FACE('',(#3326),#63,.F.);
#3699=ADVANCED_FACE('',(#3327),#64,.F.);
#3700=ADVANCED_FACE('',(#3328),#65,.F.);
#3701=ADVANCED_FACE('',(#3329),#3509,.F.);
#3702=ADVANCED_FACE('',(#3330),#3510,.F.);
#3703=ADVANCED_FACE('',(#3331),#3511,.F.);
#3704=ADVANCED_FACE('',(#3332),#66,.T.);
#3705=ADVANCED_FACE('',(#3333),#3512,.F.);
#3706=ADVANCED_FACE('',(#3334),#3513,.F.);
#3707=ADVANCED_FACE('',(#3335),#3514,.F.);
#3708=ADVANCED_FACE('',(#3336),#67,.T.);
#3709=ADVANCED_FACE('',(#3337),#3515,.F.);
#3710=ADVANCED_FACE('',(#3338),#3516,.F.);
#3711=ADVANCED_FACE('',(#3339),#3517,.F.);
#3712=ADVANCED_FACE('',(#3340),#68,.F.);
#3713=ADVANCED_FACE('',(#3341),#3518,.F.);
#3714=ADVANCED_FACE('',(#3342),#3519,.F.);
#3715=ADVANCED_FACE('',(#3343),#3520,.F.);
#3716=ADVANCED_FACE('',(#3344),#3521,.F.);
#3717=ADVANCED_FACE('',(#3345),#3522,.F.);
#3718=ADVANCED_FACE('',(#3346),#3523,.F.);
#3719=ADVANCED_FACE('',(#3347),#3524,.F.);
#3720=ADVANCED_FACE('',(#3348),#3525,.F.);
#3721=ADVANCED_FACE('',(#3349),#3526,.F.);
#3722=ADVANCED_FACE('',(#3350),#3527,.F.);
#3723=ADVANCED_FACE('',(#3351),#3528,.F.);
#3724=ADVANCED_FACE('',(#3352),#3529,.F.);
#3725=ADVANCED_FACE('',(#3353),#3530,.F.);
#3726=ADVANCED_FACE('',(#3354),#3531,.F.);
#3727=ADVANCED_FACE('',(#3355),#3532,.F.);
#3728=ADVANCED_FACE('',(#3356),#3533,.F.);
#3729=ADVANCED_FACE('',(#3357),#3534,.F.);
#3730=ADVANCED_FACE('',(#3358),#3535,.F.);
#3731=ADVANCED_FACE('',(#3359),#3536,.F.);
#3732=ADVANCED_FACE('',(#3360),#69,.F.);
#3733=ADVANCED_FACE('',(#3361),#3537,.F.);
#3734=ADVANCED_FACE('',(#3362),#3538,.F.);
#3735=ADVANCED_FACE('',(#3363),#3539,.F.);
#3736=ADVANCED_FACE('',(#3364),#3540,.F.);
#3737=ADVANCED_FACE('',(#3365),#3541,.F.);
#3738=ADVANCED_FACE('',(#3366),#3542,.F.);
#3739=ADVANCED_FACE('',(#3367),#3543,.F.);
#3740=ADVANCED_FACE('',(#3368),#3544,.F.);
#3741=ADVANCED_FACE('',(#3369),#3545,.F.);
#3742=ADVANCED_FACE('',(#3370),#3546,.F.);
#3743=ADVANCED_FACE('',(#3371),#3547,.F.);
#3744=ADVANCED_FACE('',(#3372),#3548,.F.);
#3745=ADVANCED_FACE('',(#3373),#3549,.F.);
#3746=ADVANCED_FACE('',(#3374),#3550,.F.);
#3747=ADVANCED_FACE('',(#3375),#3551,.F.);
#3748=ADVANCED_FACE('',(#3376),#3552,.F.);
#3749=ADVANCED_FACE('',(#3377),#3553,.F.);
#3750=ADVANCED_FACE('',(#3378),#3554,.F.);
#3751=ADVANCED_FACE('',(#3379),#3555,.F.);
#3752=ADVANCED_FACE('',(#3380),#3556,.F.);
#3753=ADVANCED_FACE('',(#3381),#3557,.F.);
#3754=ADVANCED_FACE('',(#3382),#3558,.F.);
#3755=ADVANCED_FACE('',(#3383),#3559,.F.);
#3756=ADVANCED_FACE('',(#3384),#3560,.F.);
#3757=ADVANCED_FACE('',(#3385),#3561,.F.);
#3758=ADVANCED_FACE('',(#3386),#3562,.F.);
#3759=ADVANCED_FACE('',(#3387),#3563,.F.);
#3760=ADVANCED_FACE('',(#3388),#3564,.F.);
#3761=ADVANCED_FACE('',(#3389),#3565,.F.);
#3762=ADVANCED_FACE('',(#3390),#3566,.F.);
#3763=ADVANCED_FACE('',(#3391),#3567,.F.);
#3764=ADVANCED_FACE('',(#3392),#3568,.F.);
#3765=ADVANCED_FACE('',(#3393),#3569,.F.);
#3766=ADVANCED_FACE('',(#3394),#3570,.F.);
#3767=ADVANCED_FACE('',(#3395),#3571,.F.);
#3768=ADVANCED_FACE('',(#3396),#3572,.F.);
#3769=ADVANCED_FACE('',(#3397),#3573,.F.);
#3770=ADVANCED_FACE('',(#3398),#3574,.F.);
#3771=ADVANCED_FACE('',(#3399),#3575,.F.);
#3772=ADVANCED_FACE('',(#3400),#3576,.F.);
#3773=ADVANCED_FACE('',(#3401),#3577,.F.);
#3774=ADVANCED_FACE('',(#3402),#3578,.F.);
#3775=ADVANCED_FACE('',(#3403),#3579,.F.);
#3776=ADVANCED_FACE('',(#3404),#3580,.F.);
#3777=ADVANCED_FACE('',(#3405),#3581,.F.);
#3778=ADVANCED_FACE('',(#3406),#3582,.F.);
#3779=ADVANCED_FACE('',(#3407),#3583,.F.);
#3780=ADVANCED_FACE('',(#3408),#3584,.F.);
#3781=ADVANCED_FACE('',(#3409),#3585,.F.);
#3782=ADVANCED_FACE('',(#3410),#3586,.F.);
#3783=ADVANCED_FACE('',(#3411),#3587,.F.);
#3784=ADVANCED_FACE('',(#3412),#3588,.F.);
#3785=ADVANCED_FACE('',(#3413),#3589,.F.);
#3786=ADVANCED_FACE('',(#3414),#3590,.F.);
#3787=ADVANCED_FACE('',(#3415),#3591,.F.);
#3788=ADVANCED_FACE('',(#3416),#3592,.F.);
#3789=ADVANCED_FACE('',(#3417),#3593,.F.);
#3790=ADVANCED_FACE('',(#3418),#3594,.F.);
#3791=CLOSED_SHELL('',(#3595,#3596,#3597,#3598,#3599,#3600,#3601,#3602,
#3603,#3604,#3605,#3606,#3607,#3608));
#3792=CLOSED_SHELL('',(#3609,#3610,#3611,#3612,#3613,#3614,#3615,#3616,
#3617,#3618,#3619,#3620,#3621,#3622,#3623,#3624,#3625,#3626,#3627,#3628,
#3629,#3630,#3631,#3632,#3633,#3634,#3635,#3636,#3637,#3638,#3639,#3640,
#3641,#3642,#3643,#3644,#3645,#3646,#3647,#3648,#3649,#3650,#3651,#3652,
#3653,#3654,#3655,#3656,#3657,#3658,#3659,#3660,#3661,#3662,#3663,#3664,
#3665,#3666,#3667,#3668,#3669,#3670,#3671,#3672,#3673,#3674,#3675,#3676,
#3677,#3678,#3679,#3680,#3681,#3682,#3683,#3684,#3685,#3686,#3687,#3688,
#3689,#3690,#3691,#3692,#3693,#3694,#3695,#3696,#3697,#3698,#3699,#3700,
#3701,#3702,#3703,#3704,#3705,#3706,#3707,#3708,#3709,#3710,#3711,#3712,
#3713,#3714,#3715,#3716,#3717,#3718,#3719,#3720,#3721,#3722,#3723,#3724,
#3725,#3726,#3727,#3728,#3729,#3730,#3731,#3732,#3733,#3734,#3735,#3736,
#3737,#3738,#3739,#3740,#3741,#3742,#3743,#3744,#3745,#3746,#3747,#3748,
#3749,#3750,#3751,#3752,#3753,#3754,#3755,#3756,#3757,#3758,#3759,#3760,
#3761,#3762,#3763,#3764,#3765,#3766,#3767,#3768,#3769,#3770,#3771,#3772,
#3773,#3774,#3775,#3776,#3777,#3778,#3779,#3780,#3781,#3782,#3783,#3784,
#3785,#3786,#3787,#3788,#3789,#3790));
#3793=STYLED_ITEM('',(#3795),#3808);
#3794=STYLED_ITEM('',(#3796),#3809);
#3795=PRESENTATION_STYLE_ASSIGNMENT((#3797));
#3796=PRESENTATION_STYLE_ASSIGNMENT((#3798));
#3797=SURFACE_STYLE_USAGE(.BOTH.,#3799);
#3798=SURFACE_STYLE_USAGE(.BOTH.,#3800);
#3799=SURFACE_SIDE_STYLE('',(#3801));
#3800=SURFACE_SIDE_STYLE('',(#3802));
#3801=SURFACE_STYLE_FILL_AREA(#3803);
#3802=SURFACE_STYLE_FILL_AREA(#3804);
#3803=FILL_AREA_STYLE('',(#3805));
#3804=FILL_AREA_STYLE('',(#3806));
#3805=FILL_AREA_STYLE_COLOUR('',#3807);
#3806=FILL_AREA_STYLE_COLOUR('',#70);
#3807=COLOUR_RGB('',0.5,0.5,0.5);
#3808=MANIFOLD_SOLID_BREP('FTE-105-01-G-DV_body',#3791);
#3809=MANIFOLD_SOLID_BREP('FTE-105-01-G-DV_pins',#3792);
#3810=SHAPE_DEFINITION_REPRESENTATION(#6121,#3813);
#3811=SHAPE_DEFINITION_REPRESENTATION(#6122,#3814);
#3812=SHAPE_DEFINITION_REPRESENTATION(#6124,#3815);
#3813=SHAPE_REPRESENTATION('FTE-105-01-G-DV',(#3816,#3831,#4054),#6109);
#3814=SHAPE_REPRESENTATION('FTE-105-01-G-DV_body',(#3816),#6110);
#3815=SHAPE_REPRESENTATION('FTE-105-01-G-DV_pins',(#3816),#6111);
#3816=AXIS2_PLACEMENT_3D('',#5029,#4055,#4056);
#3817=AXIS2_PLACEMENT_3D('',#5030,#4057,#4058);
#3818=AXIS2_PLACEMENT_3D('',#5039,#4063,#4064);
#3819=AXIS2_PLACEMENT_3D('',#5045,#4068,#4069);
#3820=AXIS2_PLACEMENT_3D('',#5051,#4073,#4074);
#3821=AXIS2_PLACEMENT_3D('',#5057,#4078,#4079);
#3822=AXIS2_PLACEMENT_3D('',#5063,#4083,#4084);
#3823=AXIS2_PLACEMENT_3D('',#5069,#4088,#4089);
#3824=AXIS2_PLACEMENT_3D('',#5075,#4093,#4094);
#3825=AXIS2_PLACEMENT_3D('',#5081,#4098,#4099);
#3826=AXIS2_PLACEMENT_3D('',#5087,#4103,#4104);
#3827=AXIS2_PLACEMENT_3D('',#5093,#4108,#4109);
#3828=AXIS2_PLACEMENT_3D('',#5099,#4113,#4114);
#3829=AXIS2_PLACEMENT_3D('',#5102,#4117,#4118);
#3830=AXIS2_PLACEMENT_3D('',#5103,#4119,#4120);
#3831=AXIS2_PLACEMENT_3D('',#5104,#4121,#4122);
#3832=AXIS2_PLACEMENT_3D('',#5105,#4123,#4124);
#3833=AXIS2_PLACEMENT_3D('',#5114,#4129,#4130);
#3834=AXIS2_PLACEMENT_3D('',#5123,#4135,#4136);
#3835=AXIS2_PLACEMENT_3D('',#5132,#4141,#4142);
#3836=AXIS2_PLACEMENT_3D('',#5141,#4147,#4148);
#3837=AXIS2_PLACEMENT_3D('',#5147,#4152,#4153);
#3838=AXIS2_PLACEMENT_3D('',#5153,#4157,#4158);
#3839=AXIS2_PLACEMENT_3D('',#5159,#4162,#4163);
#3840=AXIS2_PLACEMENT_3D('',#5165,#4167,#4168);
#3841=AXIS2_PLACEMENT_3D('',#5171,#4172,#4173);
#3842=AXIS2_PLACEMENT_3D('',#5177,#4177,#4178);
#3843=AXIS2_PLACEMENT_3D('',#5183,#4182,#4183);
#3844=AXIS2_PLACEMENT_3D('',#5189,#4187,#4188);
#3845=AXIS2_PLACEMENT_3D('',#5193,#4190,#4191);
#3846=AXIS2_PLACEMENT_3D('',#5194,#4192,#4193);
#3847=AXIS2_PLACEMENT_3D('',#5195,#4194,#4195);
#3848=AXIS2_PLACEMENT_3D('',#5199,#4197,#4198);
#3849=AXIS2_PLACEMENT_3D('',#5200,#4199,#4200);
#3850=AXIS2_PLACEMENT_3D('',#5201,#4201,#4202);
#3851=AXIS2_PLACEMENT_3D('',#5205,#4204,#4205);
#3852=AXIS2_PLACEMENT_3D('',#5206,#4206,#4207);
#3853=AXIS2_PLACEMENT_3D('',#5207,#4208,#4209);
#3854=AXIS2_PLACEMENT_3D('',#5211,#4211,#4212);
#3855=AXIS2_PLACEMENT_3D('',#5212,#4213,#4214);
#3856=AXIS2_PLACEMENT_3D('',#5213,#4215,#4216);
#3857=AXIS2_PLACEMENT_3D('',#5217,#4218,#4219);
#3858=AXIS2_PLACEMENT_3D('',#5221,#4221,#4222);
#3859=AXIS2_PLACEMENT_3D('',#5222,#4223,#4224);
#3860=AXIS2_PLACEMENT_3D('',#5226,#4226,#4227);
#3861=AXIS2_PLACEMENT_3D('',#5230,#4229,#4230);
#3862=AXIS2_PLACEMENT_3D('',#5231,#4231,#4232);
#3863=AXIS2_PLACEMENT_3D('',#5235,#4234,#4235);
#3864=AXIS2_PLACEMENT_3D('',#5239,#4237,#4238);
#3865=AXIS2_PLACEMENT_3D('',#5240,#4239,#4240);
#3866=AXIS2_PLACEMENT_3D('',#5244,#4242,#4243);
#3867=AXIS2_PLACEMENT_3D('',#5248,#4245,#4246);
#3868=AXIS2_PLACEMENT_3D('',#5249,#4247,#4248);
#3869=AXIS2_PLACEMENT_3D('',#5255,#4252,#4253);
#3870=AXIS2_PLACEMENT_3D('',#5261,#4257,#4258);
#3871=AXIS2_PLACEMENT_3D('',#5267,#4262,#4263);
#3872=AXIS2_PLACEMENT_3D('',#5273,#4267,#4268);
#3873=AXIS2_PLACEMENT_3D('',#5279,#4272,#4273);
#3874=AXIS2_PLACEMENT_3D('',#5285,#4277,#4278);
#3875=AXIS2_PLACEMENT_3D('',#5291,#4282,#4283);
#3876=AXIS2_PLACEMENT_3D('',#5297,#4287,#4288);
#3877=AXIS2_PLACEMENT_3D('',#5303,#4292,#4293);
#3878=AXIS2_PLACEMENT_3D('',#5309,#4297,#4298);
#3879=AXIS2_PLACEMENT_3D('',#5315,#4302,#4303);
#3880=AXIS2_PLACEMENT_3D('',#5321,#4307,#4308);
#3881=AXIS2_PLACEMENT_3D('',#5322,#4309,#4310);
#3882=AXIS2_PLACEMENT_3D('',#5324,#4311,#4312);
#3883=AXIS2_PLACEMENT_3D('',#5327,#4314,#4315);
#3884=AXIS2_PLACEMENT_3D('',#5328,#4316,#4317);
#3885=AXIS2_PLACEMENT_3D('',#5330,#4318,#4319);
#3886=AXIS2_PLACEMENT_3D('',#5333,#4321,#4322);
#3887=AXIS2_PLACEMENT_3D('',#5334,#4323,#4324);
#3888=AXIS2_PLACEMENT_3D('',#5336,#4325,#4326);
#3889=AXIS2_PLACEMENT_3D('',#5339,#4328,#4329);
#3890=AXIS2_PLACEMENT_3D('',#5340,#4330,#4331);
#3891=AXIS2_PLACEMENT_3D('',#5342,#4332,#4333);
#3892=AXIS2_PLACEMENT_3D('',#5345,#4335,#4336);
#3893=AXIS2_PLACEMENT_3D('',#5354,#4341,#4342);
#3894=AXIS2_PLACEMENT_3D('',#5363,#4347,#4348);
#3895=AXIS2_PLACEMENT_3D('',#5372,#4353,#4354);
#3896=AXIS2_PLACEMENT_3D('',#5381,#4359,#4360);
#3897=AXIS2_PLACEMENT_3D('',#5387,#4364,#4365);
#3898=AXIS2_PLACEMENT_3D('',#5393,#4369,#4370);
#3899=AXIS2_PLACEMENT_3D('',#5399,#4374,#4375);
#3900=AXIS2_PLACEMENT_3D('',#5405,#4379,#4380);
#3901=AXIS2_PLACEMENT_3D('',#5411,#4384,#4385);
#3902=AXIS2_PLACEMENT_3D('',#5417,#4389,#4390);
#3903=AXIS2_PLACEMENT_3D('',#5423,#4394,#4395);
#3904=AXIS2_PLACEMENT_3D('',#5429,#4399,#4400);
#3905=AXIS2_PLACEMENT_3D('',#5435,#4404,#4405);
#3906=AXIS2_PLACEMENT_3D('',#5441,#4409,#4410);
#3907=AXIS2_PLACEMENT_3D('',#5447,#4414,#4415);
#3908=AXIS2_PLACEMENT_3D('',#5453,#4419,#4420);
#3909=AXIS2_PLACEMENT_3D('',#5459,#4424,#4425);
#3910=AXIS2_PLACEMENT_3D('',#5465,#4429,#4430);
#3911=AXIS2_PLACEMENT_3D('',#5471,#4434,#4435);
#3912=AXIS2_PLACEMENT_3D('',#5477,#4439,#4440);
#3913=AXIS2_PLACEMENT_3D('',#5483,#4444,#4445);
#3914=AXIS2_PLACEMENT_3D('',#5489,#4449,#4450);
#3915=AXIS2_PLACEMENT_3D('',#5495,#4454,#4455);
#3916=AXIS2_PLACEMENT_3D('',#5501,#4459,#4460);
#3917=AXIS2_PLACEMENT_3D('',#5507,#4464,#4465);
#3918=AXIS2_PLACEMENT_3D('',#5513,#4469,#4470);
#3919=AXIS2_PLACEMENT_3D('',#5519,#4474,#4475);
#3920=AXIS2_PLACEMENT_3D('',#5525,#4479,#4480);
#3921=AXIS2_PLACEMENT_3D('',#5531,#4484,#4485);
#3922=AXIS2_PLACEMENT_3D('',#5537,#4489,#4490);
#3923=AXIS2_PLACEMENT_3D('',#5543,#4494,#4495);
#3924=AXIS2_PLACEMENT_3D('',#5549,#4499,#4500);
#3925=AXIS2_PLACEMENT_3D('',#5555,#4504,#4505);
#3926=AXIS2_PLACEMENT_3D('',#5561,#4509,#4510);
#3927=AXIS2_PLACEMENT_3D('',#5567,#4514,#4515);
#3928=AXIS2_PLACEMENT_3D('',#5573,#4519,#4520);
#3929=AXIS2_PLACEMENT_3D('',#5579,#4524,#4525);
#3930=AXIS2_PLACEMENT_3D('',#5585,#4529,#4530);
#3931=AXIS2_PLACEMENT_3D('',#5591,#4534,#4535);
#3932=AXIS2_PLACEMENT_3D('',#5597,#4539,#4540);
#3933=AXIS2_PLACEMENT_3D('',#5603,#4544,#4545);
#3934=AXIS2_PLACEMENT_3D('',#5609,#4549,#4550);
#3935=AXIS2_PLACEMENT_3D('',#5615,#4554,#4555);
#3936=AXIS2_PLACEMENT_3D('',#5621,#4559,#4560);
#3937=AXIS2_PLACEMENT_3D('',#5627,#4564,#4565);
#3938=AXIS2_PLACEMENT_3D('',#5633,#4569,#4570);
#3939=AXIS2_PLACEMENT_3D('',#5639,#4574,#4575);
#3940=AXIS2_PLACEMENT_3D('',#5645,#4579,#4580);
#3941=AXIS2_PLACEMENT_3D('',#5651,#4584,#4585);
#3942=AXIS2_PLACEMENT_3D('',#5657,#4589,#4590);
#3943=AXIS2_PLACEMENT_3D('',#5663,#4594,#4595);
#3944=AXIS2_PLACEMENT_3D('',#5669,#4599,#4600);
#3945=AXIS2_PLACEMENT_3D('',#5670,#4601,#4602);
#3946=AXIS2_PLACEMENT_3D('',#5674,#4604,#4605);
#3947=AXIS2_PLACEMENT_3D('',#5675,#4606,#4607);
#3948=AXIS2_PLACEMENT_3D('',#5676,#4608,#4609);
#3949=AXIS2_PLACEMENT_3D('',#5680,#4611,#4612);
#3950=AXIS2_PLACEMENT_3D('',#5681,#4613,#4614);
#3951=AXIS2_PLACEMENT_3D('',#5682,#4615,#4616);
#3952=AXIS2_PLACEMENT_3D('',#5686,#4618,#4619);
#3953=AXIS2_PLACEMENT_3D('',#5687,#4620,#4621);
#3954=AXIS2_PLACEMENT_3D('',#5688,#4622,#4623);
#3955=AXIS2_PLACEMENT_3D('',#5692,#4625,#4626);
#3956=AXIS2_PLACEMENT_3D('',#5693,#4627,#4628);
#3957=AXIS2_PLACEMENT_3D('',#5702,#4633,#4634);
#3958=AXIS2_PLACEMENT_3D('',#5708,#4638,#4639);
#3959=AXIS2_PLACEMENT_3D('',#5714,#4643,#4644);
#3960=AXIS2_PLACEMENT_3D('',#5718,#4646,#4647);
#3961=AXIS2_PLACEMENT_3D('',#5719,#4648,#4649);
#3962=AXIS2_PLACEMENT_3D('',#5720,#4650,#4651);
#3963=AXIS2_PLACEMENT_3D('',#5746,#4667,#4668);
#3964=AXIS2_PLACEMENT_3D('',#5752,#4672,#4673);
#3965=AXIS2_PLACEMENT_3D('',#5778,#4689,#4690);
#3966=AXIS2_PLACEMENT_3D('',#5782,#4692,#4693);
#3967=AXIS2_PLACEMENT_3D('',#5783,#4694,#4695);
#3968=AXIS2_PLACEMENT_3D('',#5784,#4696,#4697);
#3969=AXIS2_PLACEMENT_3D('',#5790,#4701,#4702);
#3970=AXIS2_PLACEMENT_3D('',#5796,#4706,#4707);
#3971=AXIS2_PLACEMENT_3D('',#5802,#4711,#4712);
#3972=AXIS2_PLACEMENT_3D('',#5803,#4713,#4714);
#3973=AXIS2_PLACEMENT_3D('',#5805,#4715,#4716);
#3974=AXIS2_PLACEMENT_3D('',#5808,#4718,#4719);
#3975=AXIS2_PLACEMENT_3D('',#5834,#4735,#4736);
#3976=AXIS2_PLACEMENT_3D('',#5840,#4740,#4741);
#3977=AXIS2_PLACEMENT_3D('',#5866,#4757,#4758);
#3978=AXIS2_PLACEMENT_3D('',#5872,#4762,#4763);
#3979=AXIS2_PLACEMENT_3D('',#5878,#4767,#4768);
#3980=AXIS2_PLACEMENT_3D('',#5884,#4772,#4773);
#3981=AXIS2_PLACEMENT_3D('',#5890,#4777,#4778);
#3982=AXIS2_PLACEMENT_3D('',#5896,#4782,#4783);
#3983=AXIS2_PLACEMENT_3D('',#5902,#4787,#4788);
#3984=AXIS2_PLACEMENT_3D('',#5908,#4792,#4793);
#3985=AXIS2_PLACEMENT_3D('',#5914,#4797,#4798);
#3986=AXIS2_PLACEMENT_3D('',#5920,#4802,#4803);
#3987=AXIS2_PLACEMENT_3D('',#5926,#4807,#4808);
#3988=AXIS2_PLACEMENT_3D('',#5932,#4812,#4813);
#3989=AXIS2_PLACEMENT_3D('',#5938,#4817,#4818);
#3990=AXIS2_PLACEMENT_3D('',#5944,#4822,#4823);
#3991=AXIS2_PLACEMENT_3D('',#5970,#4839,#4840);
#3992=AXIS2_PLACEMENT_3D('',#5976,#4844,#4845);
#3993=AXIS2_PLACEMENT_3D('',#6002,#4861,#4862);
#3994=AXIS2_PLACEMENT_3D('',#6003,#4863,#4864);
#3995=AXIS2_PLACEMENT_3D('',#6004,#4865,#4866);
#3996=AXIS2_PLACEMENT_3D('',#6005,#4867,#4868);
#3997=AXIS2_PLACEMENT_3D('',#6008,#4871,#4872);
#3998=AXIS2_PLACEMENT_3D('',#6009,#4873,#4874);
#3999=AXIS2_PLACEMENT_3D('',#6010,#4875,#4876);
#4000=AXIS2_PLACEMENT_3D('',#6012,#4878,#4879);
#4001=AXIS2_PLACEMENT_3D('',#6014,#4881,#4882);
#4002=AXIS2_PLACEMENT_3D('',#6015,#4883,#4884);
#4003=AXIS2_PLACEMENT_3D('',#6017,#4886,#4887);
#4004=AXIS2_PLACEMENT_3D('',#6019,#4889,#4890);
#4005=AXIS2_PLACEMENT_3D('',#6020,#4891,#4892);
#4006=AXIS2_PLACEMENT_3D('',#6022,#4894,#4895);
#4007=AXIS2_PLACEMENT_3D('',#6024,#4897,#4898);
#4008=AXIS2_PLACEMENT_3D('',#6025,#4899,#4900);
#4009=AXIS2_PLACEMENT_3D('',#6027,#4902,#4903);
#4010=AXIS2_PLACEMENT_3D('',#6029,#4905,#4906);
#4011=AXIS2_PLACEMENT_3D('',#6030,#4907,#4908);
#4012=AXIS2_PLACEMENT_3D('',#6033,#4911,#4912);
#4013=AXIS2_PLACEMENT_3D('',#6034,#4913,#4914);
#4014=AXIS2_PLACEMENT_3D('',#6035,#4915,#4916);
#4015=AXIS2_PLACEMENT_3D('',#6039,#4920,#4921);
#4016=AXIS2_PLACEMENT_3D('',#6041,#4923,#4924);
#4017=AXIS2_PLACEMENT_3D('',#6044,#4927,#4928);
#4018=AXIS2_PLACEMENT_3D('',#6045,#4929,#4930);
#4019=AXIS2_PLACEMENT_3D('',#6046,#4931,#4932);
#4020=AXIS2_PLACEMENT_3D('',#6047,#4933,#4934);
#4021=AXIS2_PLACEMENT_3D('',#6048,#4935,#4936);
#4022=AXIS2_PLACEMENT_3D('',#6052,#4940,#4941);
#4023=AXIS2_PLACEMENT_3D('',#6054,#4943,#4944);
#4024=AXIS2_PLACEMENT_3D('',#6057,#4947,#4948);
#4025=AXIS2_PLACEMENT_3D('',#6058,#4949,#4950);
#4026=AXIS2_PLACEMENT_3D('',#6059,#4951,#4952);
#4027=AXIS2_PLACEMENT_3D('',#6060,#4953,#4954);
#4028=AXIS2_PLACEMENT_3D('',#6061,#4955,#4956);
#4029=AXIS2_PLACEMENT_3D('',#6065,#4960,#4961);
#4030=AXIS2_PLACEMENT_3D('',#6067,#4963,#4964);
#4031=AXIS2_PLACEMENT_3D('',#6070,#4967,#4968);
#4032=AXIS2_PLACEMENT_3D('',#6071,#4969,#4970);
#4033=AXIS2_PLACEMENT_3D('',#6072,#4971,#4972);
#4034=AXIS2_PLACEMENT_3D('',#6073,#4973,#4974);
#4035=AXIS2_PLACEMENT_3D('',#6074,#4975,#4976);
#4036=AXIS2_PLACEMENT_3D('',#6078,#4980,#4981);
#4037=AXIS2_PLACEMENT_3D('',#6080,#4983,#4984);
#4038=AXIS2_PLACEMENT_3D('',#6083,#4987,#4988);
#4039=AXIS2_PLACEMENT_3D('',#6084,#4989,#4990);
#4040=AXIS2_PLACEMENT_3D('',#6085,#4991,#4992);
#4041=AXIS2_PLACEMENT_3D('',#6086,#4993,#4994);
#4042=AXIS2_PLACEMENT_3D('',#6087,#4995,#4996);
#4043=AXIS2_PLACEMENT_3D('',#6089,#4998,#4999);
#4044=AXIS2_PLACEMENT_3D('',#6091,#5001,#5002);
#4045=AXIS2_PLACEMENT_3D('',#6092,#5003,#5004);
#4046=AXIS2_PLACEMENT_3D('',#6094,#5006,#5007);
#4047=AXIS2_PLACEMENT_3D('',#6096,#5009,#5010);
#4048=AXIS2_PLACEMENT_3D('',#6097,#5011,#5012);
#4049=AXIS2_PLACEMENT_3D('',#6099,#5014,#5015);
#4050=AXIS2_PLACEMENT_3D('',#6101,#5017,#5018);
#4051=AXIS2_PLACEMENT_3D('',#6102,#5019,#5020);
#4052=AXIS2_PLACEMENT_3D('',#6105,#5023,#5024);
#4053=AXIS2_PLACEMENT_3D('',#6106,#5025,#5026);
#4054=AXIS2_PLACEMENT_3D('',#6107,#5027,#5028);
#4055=DIRECTION('',(0.,0.,1.));
#4056=DIRECTION('',(1.,0.,0.));
#4057=DIRECTION('',(0.,0.,-1.));
#4058=DIRECTION('',(-1.,0.,0.));
#4059=DIRECTION('',(0.,-1.,0.));
#4060=DIRECTION('',(-1.,0.,0.));
#4061=DIRECTION('',(0.,-1.,0.));
#4062=DIRECTION('',(-1.,0.,0.));
#4063=DIRECTION('',(0.,1.,0.));
#4064=DIRECTION('',(0.,0.,1.));
#4065=DIRECTION('',(0.,0.,-1.));
#4066=DIRECTION('',(-1.,0.,0.));
#4067=DIRECTION('',(0.,0.,-1.));
#4068=DIRECTION('',(0.,0.,1.));
#4069=DIRECTION('',(1.,0.,0.));
#4070=DIRECTION('',(0.,1.,0.));
#4071=DIRECTION('',(-1.,0.,0.));
#4072=DIRECTION('',(0.,1.,0.));
#4073=DIRECTION('',(0.,-1.,0.));
#4074=DIRECTION('',(0.,0.,-1.));
#4075=DIRECTION('',(0.,0.,1.));
#4076=DIRECTION('',(-1.,0.,0.));
#4077=DIRECTION('',(0.,0.,1.));
#4078=DIRECTION('',(0.,0.,1.));
#4079=DIRECTION('',(1.,0.,0.));
#4080=DIRECTION('',(0.,1.,0.));
#4081=DIRECTION('',(-1.,0.,0.));
#4082=DIRECTION('',(0.,1.,0.));
#4083=DIRECTION('',(0.,1.,0.));
#4084=DIRECTION('',(0.,0.,1.));
#4085=DIRECTION('',(0.,0.,-1.));
#4086=DIRECTION('',(-1.,0.,0.));
#4087=DIRECTION('',(0.,0.,-1.));
#4088=DIRECTION('',(0.,0.,1.));
#4089=DIRECTION('',(1.,0.,0.));
#4090=DIRECTION('',(0.,1.,0.));
#4091=DIRECTION('',(-1.,0.,0.));
#4092=DIRECTION('',(0.,1.,0.));
#4093=DIRECTION('',(0.,-1.,0.));
#4094=DIRECTION('',(0.,0.,-1.));
#4095=DIRECTION('',(0.,0.,1.));
#4096=DIRECTION('',(-1.,0.,0.));
#4097=DIRECTION('',(0.,0.,1.));
#4098=DIRECTION('',(0.,0.,-1.));
#4099=DIRECTION('',(-1.,0.,0.));
#4100=DIRECTION('',(0.,-1.,0.));
#4101=DIRECTION('',(-1.,0.,0.));
#4102=DIRECTION('',(0.,-1.,0.));
#4103=DIRECTION('',(0.,1.,0.));
#4104=DIRECTION('',(0.,0.,1.));
#4105=DIRECTION('',(0.,0.,-1.));
#4106=DIRECTION('',(-1.,0.,0.));
#4107=DIRECTION('',(0.,0.,-1.));
#4108=DIRECTION('',(0.,0.,-1.));
#4109=DIRECTION('',(-1.,0.,0.));
#4110=DIRECTION('',(0.,-1.,0.));
#4111=DIRECTION('',(-1.,0.,0.));
#4112=DIRECTION('',(0.,-1.,0.));
#4113=DIRECTION('',(0.,-1.,0.));
#4114=DIRECTION('',(0.,0.,-1.));
#4115=DIRECTION('',(0.,0.,1.));
#4116=DIRECTION('',(0.,0.,1.));
#4117=DIRECTION('',(1.,0.,0.));
#4118=DIRECTION('',(0.,0.,-1.));
#4119=DIRECTION('',(1.,0.,0.));
#4120=DIRECTION('',(0.,0.,-1.));
#4121=DIRECTION('',(0.,0.,1.));
#4122=DIRECTION('',(1.,0.,0.));
#4123=DIRECTION('',(0.,-1.,0.));
#4124=DIRECTION('',(0.,0.,-1.));
#4125=DIRECTION('',(-1.,0.,0.));
#4126=DIRECTION('',(0.,0.,-1.));
#4127=DIRECTION('',(-1.,0.,0.));
#4128=DIRECTION('',(0.,0.,1.));
#4129=DIRECTION('',(0.,-1.,0.));
#4130=DIRECTION('',(0.,0.,-1.));
#4131=DIRECTION('',(-1.,0.,0.));
#4132=DIRECTION('',(0.,0.,-1.));
#4133=DIRECTION('',(-1.,0.,0.));
#4134=DIRECTION('',(0.,0.,1.));
#4135=DIRECTION('',(0.,-1.,0.));
#4136=DIRECTION('',(0.,0.,-1.));
#4137=DIRECTION('',(-1.,0.,0.));
#4138=DIRECTION('',(0.,0.,-1.));
#4139=DIRECTION('',(-1.,0.,0.));
#4140=DIRECTION('',(0.,0.,1.));
#4141=DIRECTION('',(0.,-1.,0.));
#4142=DIRECTION('',(0.,0.,-1.));
#4143=DIRECTION('',(-1.,0.,0.));
#4144=DIRECTION('',(0.,0.,-1.));
#4145=DIRECTION('',(-1.,0.,0.));
#4146=DIRECTION('',(0.,0.,1.));
#4147=DIRECTION('',(0.,0.,-1.));
#4148=DIRECTION('',(-1.,0.,0.));
#4149=DIRECTION('',(-1.,0.,0.));
#4150=DIRECTION('',(0.,1.,0.));
#4151=DIRECTION('',(0.,-1.,0.));
#4152=DIRECTION('',(0.,0.,-1.));
#4153=DIRECTION('',(-1.,0.,0.));
#4154=DIRECTION('',(-1.,0.,0.));
#4155=DIRECTION('',(0.,1.,0.));
#4156=DIRECTION('',(0.,-1.,0.));
#4157=DIRECTION('',(0.,0.,-1.));
#4158=DIRECTION('',(-1.,0.,0.));
#4159=DIRECTION('',(-1.,0.,0.));
#4160=DIRECTION('',(0.,1.,0.));
#4161=DIRECTION('',(0.,-1.,0.));
#4162=DIRECTION('',(0.,0.,-1.));
#4163=DIRECTION('',(-1.,0.,0.));
#4164=DIRECTION('',(-1.,0.,0.));
#4165=DIRECTION('',(0.,1.,0.));
#4166=DIRECTION('',(0.,-1.,0.));
#4167=DIRECTION('',(0.,1.,0.));
#4168=DIRECTION('',(0.,0.,1.));
#4169=DIRECTION('',(-1.,0.,0.));
#4170=DIRECTION('',(0.,0.,1.));
#4171=DIRECTION('',(0.,0.,-1.));
#4172=DIRECTION('',(0.,1.,0.));
#4173=DIRECTION('',(0.,0.,1.));
#4174=DIRECTION('',(-1.,0.,0.));
#4175=DIRECTION('',(0.,0.,1.));
#4176=DIRECTION('',(0.,0.,-1.));
#4177=DIRECTION('',(0.,1.,0.));
#4178=DIRECTION('',(0.,0.,1.));
#4179=DIRECTION('',(-1.,0.,0.));
#4180=DIRECTION('',(0.,0.,1.));
#4181=DIRECTION('',(0.,0.,-1.));
#4182=DIRECTION('',(0.,1.,0.));
#4183=DIRECTION('',(0.,0.,1.));
#4184=DIRECTION('',(-1.,0.,0.));
#4185=DIRECTION('',(0.,0.,1.));
#4186=DIRECTION('',(0.,0.,-1.));
#4187=DIRECTION('',(-1.,0.,0.));
#4188=DIRECTION('',(0.,0.,1.));
#4189=DIRECTION('',(-1.,0.,0.));
#4190=DIRECTION('',(-1.,0.,0.));
#4191=DIRECTION('',(0.,0.,1.));
#4192=DIRECTION('',(1.,0.,0.));
#4193=DIRECTION('',(0.,0.,-1.));
#4194=DIRECTION('',(-1.,0.,0.));
#4195=DIRECTION('',(0.,0.,1.));
#4196=DIRECTION('',(-1.,0.,0.));
#4197=DIRECTION('',(-1.,0.,0.));
#4198=DIRECTION('',(0.,0.,1.));
#4199=DIRECTION('',(1.,0.,0.));
#4200=DIRECTION('',(0.,0.,-1.));
#4201=DIRECTION('',(-1.,0.,0.));
#4202=DIRECTION('',(0.,0.,1.));
#4203=DIRECTION('',(-1.,0.,0.));
#4204=DIRECTION('',(-1.,0.,0.));
#4205=DIRECTION('',(0.,0.,1.));
#4206=DIRECTION('',(1.,0.,0.));
#4207=DIRECTION('',(0.,0.,-1.));
#4208=DIRECTION('',(-1.,0.,0.));
#4209=DIRECTION('',(0.,0.,1.));
#4210=DIRECTION('',(-1.,0.,0.));
#4211=DIRECTION('',(-1.,0.,0.));
#4212=DIRECTION('',(0.,0.,1.));
#4213=DIRECTION('',(1.,0.,0.));
#4214=DIRECTION('',(0.,0.,-1.));
#4215=DIRECTION('',(-1.,0.,0.));
#4216=DIRECTION('',(0.,0.,1.));
#4217=DIRECTION('',(-1.,0.,0.));
#4218=DIRECTION('',(-1.,0.,0.));
#4219=DIRECTION('',(0.,0.,1.));
#4220=DIRECTION('',(-1.,0.,0.));
#4221=DIRECTION('',(1.,0.,0.));
#4222=DIRECTION('',(0.,0.,-1.));
#4223=DIRECTION('',(-1.,0.,0.));
#4224=DIRECTION('',(0.,0.,1.));
#4225=DIRECTION('',(-1.,0.,0.));
#4226=DIRECTION('',(-1.,0.,0.));
#4227=DIRECTION('',(0.,0.,1.));
#4228=DIRECTION('',(-1.,0.,0.));
#4229=DIRECTION('',(1.,0.,0.));
#4230=DIRECTION('',(0.,0.,-1.));
#4231=DIRECTION('',(-1.,0.,0.));
#4232=DIRECTION('',(0.,0.,1.));
#4233=DIRECTION('',(-1.,0.,0.));
#4234=DIRECTION('',(-1.,0.,0.));
#4235=DIRECTION('',(0.,0.,1.));
#4236=DIRECTION('',(-1.,0.,0.));
#4237=DIRECTION('',(1.,0.,0.));
#4238=DIRECTION('',(0.,0.,-1.));
#4239=DIRECTION('',(-1.,0.,0.));
#4240=DIRECTION('',(0.,0.,1.));
#4241=DIRECTION('',(-1.,0.,0.));
#4242=DIRECTION('',(-1.,0.,0.));
#4243=DIRECTION('',(0.,0.,1.));
#4244=DIRECTION('',(-1.,0.,0.));
#4245=DIRECTION('',(1.,0.,0.));
#4246=DIRECTION('',(0.,0.,-1.));
#4247=DIRECTION('',(0.,1.,0.));
#4248=DIRECTION('',(0.,0.,1.));
#4249=DIRECTION('',(-1.,0.,0.));
#4250=DIRECTION('',(0.,0.,1.));
#4251=DIRECTION('',(0.,0.,-1.));
#4252=DIRECTION('',(0.,1.,0.));
#4253=DIRECTION('',(0.,0.,1.));
#4254=DIRECTION('',(-1.,0.,0.));
#4255=DIRECTION('',(0.,0.,1.));
#4256=DIRECTION('',(0.,0.,-1.));
#4257=DIRECTION('',(0.,1.,0.));
#4258=DIRECTION('',(0.,0.,1.));
#4259=DIRECTION('',(-1.,0.,0.));
#4260=DIRECTION('',(0.,0.,1.));
#4261=DIRECTION('',(0.,0.,-1.));
#4262=DIRECTION('',(0.,1.,0.));
#4263=DIRECTION('',(0.,0.,1.));
#4264=DIRECTION('',(-1.,0.,0.));
#4265=DIRECTION('',(0.,0.,1.));
#4266=DIRECTION('',(0.,0.,-1.));
#4267=DIRECTION('',(0.,0.,1.));
#4268=DIRECTION('',(1.,0.,0.));
#4269=DIRECTION('',(-1.,0.,0.));
#4270=DIRECTION('',(0.,-1.,0.));
#4271=DIRECTION('',(0.,1.,0.));
#4272=DIRECTION('',(0.,0.,1.));
#4273=DIRECTION('',(1.,0.,0.));
#4274=DIRECTION('',(-1.,0.,0.));
#4275=DIRECTION('',(0.,-1.,0.));
#4276=DIRECTION('',(0.,1.,0.));
#4277=DIRECTION('',(0.,0.,1.));
#4278=DIRECTION('',(1.,0.,0.));
#4279=DIRECTION('',(-1.,0.,0.));
#4280=DIRECTION('',(0.,-1.,0.));
#4281=DIRECTION('',(0.,1.,0.));
#4282=DIRECTION('',(0.,0.,1.));
#4283=DIRECTION('',(1.,0.,0.));
#4284=DIRECTION('',(-1.,0.,0.));
#4285=DIRECTION('',(0.,-1.,0.));
#4286=DIRECTION('',(0.,1.,0.));
#4287=DIRECTION('',(0.,-1.,-1.01864081951608E-17));
#4288=DIRECTION('',(0.,1.01864081951608E-17,-1.));
#4289=DIRECTION('',(-1.,0.,0.));
#4290=DIRECTION('',(0.,1.01864081951608E-17,-1.));
#4291=DIRECTION('',(0.,-1.01864081951608E-17,1.));
#4292=DIRECTION('',(0.,-1.,-1.01864081951608E-17));
#4293=DIRECTION('',(0.,1.01864081951608E-17,-1.));
#4294=DIRECTION('',(-1.,0.,0.));
#4295=DIRECTION('',(0.,1.01864081951608E-17,-1.));
#4296=DIRECTION('',(0.,-1.01864081951608E-17,1.));
#4297=DIRECTION('',(0.,-1.,-1.01864081951608E-17));
#4298=DIRECTION('',(0.,1.01864081951608E-17,-1.));
#4299=DIRECTION('',(-1.,0.,0.));
#4300=DIRECTION('',(0.,1.01864081951608E-17,-1.));
#4301=DIRECTION('',(0.,-1.01864081951608E-17,1.));
#4302=DIRECTION('',(0.,-1.,-1.01864081951608E-17));
#4303=DIRECTION('',(0.,1.01864081951608E-17,-1.));
#4304=DIRECTION('',(-1.,0.,0.));
#4305=DIRECTION('',(0.,1.01864081951608E-17,-1.));
#4306=DIRECTION('',(0.,-1.01864081951608E-17,1.));
#4307=DIRECTION('',(-1.,0.,0.));
#4308=DIRECTION('',(0.,0.,1.));
#4309=DIRECTION('',(-1.,0.,0.));
#4310=DIRECTION('',(0.,0.,1.));
#4311=DIRECTION('',(1.,0.,0.));
#4312=DIRECTION('',(0.,0.,-1.));
#4313=DIRECTION('',(-1.,0.,0.));
#4314=DIRECTION('',(-1.,0.,0.));
#4315=DIRECTION('',(0.,0.,1.));
#4316=DIRECTION('',(-1.,0.,0.));
#4317=DIRECTION('',(0.,0.,1.));
#4318=DIRECTION('',(1.,0.,0.));
#4319=DIRECTION('',(0.,0.,-1.));
#4320=DIRECTION('',(-1.,0.,0.));
#4321=DIRECTION('',(-1.,0.,0.));
#4322=DIRECTION('',(0.,0.,1.));
#4323=DIRECTION('',(-1.,0.,0.));
#4324=DIRECTION('',(0.,0.,1.));
#4325=DIRECTION('',(1.,0.,0.));
#4326=DIRECTION('',(0.,0.,-1.));
#4327=DIRECTION('',(-1.,0.,0.));
#4328=DIRECTION('',(-1.,0.,0.));
#4329=DIRECTION('',(0.,0.,1.));
#4330=DIRECTION('',(-1.,0.,0.));
#4331=DIRECTION('',(0.,0.,1.));
#4332=DIRECTION('',(1.,0.,0.));
#4333=DIRECTION('',(0.,0.,-1.));
#4334=DIRECTION('',(-1.,0.,0.));
#4335=DIRECTION('',(0.,-1.,0.));
#4336=DIRECTION('',(0.,0.,-1.));
#4337=DIRECTION('',(-1.,0.,0.));
#4338=DIRECTION('',(0.,0.,-1.));
#4339=DIRECTION('',(-1.,0.,0.));
#4340=DIRECTION('',(0.,0.,1.));
#4341=DIRECTION('',(0.,-1.,0.));
#4342=DIRECTION('',(0.,0.,-1.));
#4343=DIRECTION('',(-1.,0.,0.));
#4344=DIRECTION('',(0.,0.,1.));
#4345=DIRECTION('',(-1.,0.,0.));
#4346=DIRECTION('',(0.,0.,-1.));
#4347=DIRECTION('',(0.,-1.,0.));
#4348=DIRECTION('',(0.,0.,-1.));
#4349=DIRECTION('',(-1.,0.,0.));
#4350=DIRECTION('',(0.,0.,1.));
#4351=DIRECTION('',(-1.,0.,0.));
#4352=DIRECTION('',(0.,0.,-1.));
#4353=DIRECTION('',(0.,-1.,0.));
#4354=DIRECTION('',(0.,0.,-1.));
#4355=DIRECTION('',(-1.,0.,0.));
#4356=DIRECTION('',(0.,0.,1.));
#4357=DIRECTION('',(-1.,0.,0.));
#4358=DIRECTION('',(0.,0.,-1.));
#4359=DIRECTION('',(0.,0.,1.));
#4360=DIRECTION('',(1.,0.,0.));
#4361=DIRECTION('',(-1.,0.,0.));
#4362=DIRECTION('',(0.,-1.,0.));
#4363=DIRECTION('',(0.,1.,0.));
#4364=DIRECTION('',(0.,0.,1.));
#4365=DIRECTION('',(1.,0.,0.));
#4366=DIRECTION('',(0.,1.,0.));
#4367=DIRECTION('',(-1.,0.,0.));
#4368=DIRECTION('',(0.,-1.,0.));
#4369=DIRECTION('',(0.,0.,1.));
#4370=DIRECTION('',(1.,0.,0.));
#4371=DIRECTION('',(0.,1.,0.));
#4372=DIRECTION('',(-1.,0.,0.));
#4373=DIRECTION('',(0.,-1.,0.));
#4374=DIRECTION('',(0.,0.,1.));
#4375=DIRECTION('',(1.,0.,0.));
#4376=DIRECTION('',(0.,1.,0.));
#4377=DIRECTION('',(-1.,0.,0.));
#4378=DIRECTION('',(0.,-1.,0.));
#4379=DIRECTION('',(0.,-0.707106781186549,0.707106781186547));
#4380=DIRECTION('',(0.,-0.707106781186547,-0.707106781186549));
#4381=DIRECTION('',(0.577350269189626,0.577350269189625,0.577350269189626));
#4382=DIRECTION('',(-1.,0.,0.));
#4383=DIRECTION('',(0.577350269189628,-0.577350269189624,-0.577350269189626));
#4384=DIRECTION('',(0.,-0.707106781186549,0.707106781186547));
#4385=DIRECTION('',(0.,-0.707106781186547,-0.707106781186549));
#4386=DIRECTION('',(0.577350269189626,0.577350269189625,0.577350269189626));
#4387=DIRECTION('',(-1.,0.,0.));
#4388=DIRECTION('',(0.577350269189627,-0.577350269189624,-0.577350269189626));
#4389=DIRECTION('',(0.,-0.707106781186549,0.707106781186547));
#4390=DIRECTION('',(0.,-0.707106781186547,-0.707106781186549));
#4391=DIRECTION('',(0.577350269189627,0.577350269189625,0.577350269189626));
#4392=DIRECTION('',(-1.,0.,0.));
#4393=DIRECTION('',(0.577350269189627,-0.577350269189625,-0.577350269189626));
#4394=DIRECTION('',(0.,-0.707106781186549,0.707106781186547));
#4395=DIRECTION('',(0.,-0.707106781186547,-0.707106781186549));
#4396=DIRECTION('',(0.577350269189626,0.577350269189625,0.577350269189626));
#4397=DIRECTION('',(-1.,0.,0.));
#4398=DIRECTION('',(0.577350269189626,-0.577350269189625,-0.577350269189626));
#4399=DIRECTION('',(0.,-1.,0.));
#4400=DIRECTION('',(0.,0.,-1.));
#4401=DIRECTION('',(0.,0.,-1.));
#4402=DIRECTION('',(-1.,0.,0.));
#4403=DIRECTION('',(0.,0.,-1.));
#4404=DIRECTION('',(0.,-1.,0.));
#4405=DIRECTION('',(0.,0.,-1.));
#4406=DIRECTION('',(0.,0.,-1.));
#4407=DIRECTION('',(-1.,0.,0.));
#4408=DIRECTION('',(0.,0.,-1.));
#4409=DIRECTION('',(0.,-1.,0.));
#4410=DIRECTION('',(0.,0.,-1.));
#4411=DIRECTION('',(0.,0.,-1.));
#4412=DIRECTION('',(-1.,0.,0.));
#4413=DIRECTION('',(0.,0.,-1.));
#4414=DIRECTION('',(0.,-1.,0.));
#4415=DIRECTION('',(0.,0.,-1.));
#4416=DIRECTION('',(0.,0.,-1.));
#4417=DIRECTION('',(-1.,0.,0.));
#4418=DIRECTION('',(0.,0.,-1.));
#4419=DIRECTION('',(0.,-0.707106781186549,-0.707106781186547));
#4420=DIRECTION('',(0.,0.707106781186547,-0.707106781186549));
#4421=DIRECTION('',(-0.577350269189626,-0.577350269189625,0.577350269189626));
#4422=DIRECTION('',(-1.,0.,0.));
#4423=DIRECTION('',(-0.577350269189628,0.577350269189624,-0.577350269189626));
#4424=DIRECTION('',(0.,-0.707106781186549,-0.707106781186547));
#4425=DIRECTION('',(0.,0.707106781186547,-0.707106781186549));
#4426=DIRECTION('',(-0.577350269189626,-0.577350269189625,0.577350269189626));
#4427=DIRECTION('',(-1.,0.,0.));
#4428=DIRECTION('',(-0.577350269189627,0.577350269189624,-0.577350269189626));
#4429=DIRECTION('',(0.,-0.707106781186549,-0.707106781186547));
#4430=DIRECTION('',(0.,0.707106781186547,-0.707106781186549));
#4431=DIRECTION('',(-0.577350269189627,-0.577350269189625,0.577350269189626));
#4432=DIRECTION('',(-1.,0.,0.));
#4433=DIRECTION('',(-0.577350269189627,0.577350269189625,-0.577350269189626));
#4434=DIRECTION('',(0.,-0.707106781186549,-0.707106781186547));
#4435=DIRECTION('',(0.,0.707106781186547,-0.707106781186549));
#4436=DIRECTION('',(-0.577350269189626,-0.577350269189625,0.577350269189626));
#4437=DIRECTION('',(-1.,0.,0.));
#4438=DIRECTION('',(-0.577350269189626,0.577350269189625,-0.577350269189626));
#4439=DIRECTION('',(0.,0.,-1.));
#4440=DIRECTION('',(-1.,0.,0.));
#4441=DIRECTION('',(-1.,0.,0.));
#4442=DIRECTION('',(0.,1.,0.));
#4443=DIRECTION('',(0.,-1.,0.));
#4444=DIRECTION('',(0.,0.,-1.));
#4445=DIRECTION('',(-1.,0.,0.));
#4446=DIRECTION('',(0.,-1.,0.));
#4447=DIRECTION('',(-1.,0.,0.));
#4448=DIRECTION('',(0.,1.,0.));
#4449=DIRECTION('',(0.,0.,-1.));
#4450=DIRECTION('',(-1.,0.,0.));
#4451=DIRECTION('',(0.,-1.,0.));
#4452=DIRECTION('',(-1.,0.,0.));
#4453=DIRECTION('',(0.,1.,0.));
#4454=DIRECTION('',(0.,0.,-1.));
#4455=DIRECTION('',(-1.,0.,0.));
#4456=DIRECTION('',(0.,-1.,0.));
#4457=DIRECTION('',(-1.,0.,0.));
#4458=DIRECTION('',(0.,1.,0.));
#4459=DIRECTION('',(0.,-1.,0.));
#4460=DIRECTION('',(0.,0.,-1.));
#4461=DIRECTION('',(-1.,0.,0.));
#4462=DIRECTION('',(0.,0.,-1.));
#4463=DIRECTION('',(0.,0.,1.));
#4464=DIRECTION('',(0.,-1.,0.));
#4465=DIRECTION('',(0.,0.,-1.));
#4466=DIRECTION('',(0.,0.,1.));
#4467=DIRECTION('',(-1.,0.,0.));
#4468=DIRECTION('',(0.,0.,-1.));
#4469=DIRECTION('',(0.,-1.,0.));
#4470=DIRECTION('',(0.,0.,-1.));
#4471=DIRECTION('',(0.,0.,1.));
#4472=DIRECTION('',(-1.,0.,0.));
#4473=DIRECTION('',(0.,0.,-1.));
#4474=DIRECTION('',(0.,-1.,0.));
#4475=DIRECTION('',(0.,0.,-1.));
#4476=DIRECTION('',(0.,0.,1.));
#4477=DIRECTION('',(-1.,0.,0.));
#4478=DIRECTION('',(0.,0.,-1.));
#4479=DIRECTION('',(0.,0.,1.));
#4480=DIRECTION('',(1.,0.,0.));
#4481=DIRECTION('',(-1.,0.,0.));
#4482=DIRECTION('',(0.,-1.,0.));
#4483=DIRECTION('',(0.,1.,0.));
#4484=DIRECTION('',(0.,0.,1.));
#4485=DIRECTION('',(1.,0.,0.));
#4486=DIRECTION('',(0.,1.,0.));
#4487=DIRECTION('',(-1.,0.,0.));
#4488=DIRECTION('',(0.,-1.,0.));
#4489=DIRECTION('',(0.,0.,1.));
#4490=DIRECTION('',(1.,0.,0.));
#4491=DIRECTION('',(0.,1.,0.));
#4492=DIRECTION('',(-1.,0.,0.));
#4493=DIRECTION('',(0.,-1.,0.));
#4494=DIRECTION('',(0.,0.,1.));
#4495=DIRECTION('',(1.,0.,0.));
#4496=DIRECTION('',(0.,1.,0.));
#4497=DIRECTION('',(-1.,0.,0.));
#4498=DIRECTION('',(0.,-1.,0.));
#4499=DIRECTION('',(0.,-0.707106781186548,0.707106781186547));
#4500=DIRECTION('',(0.,-0.707106781186547,-0.707106781186548));
#4501=DIRECTION('',(0.577350269189626,0.577350269189625,0.577350269189626));
#4502=DIRECTION('',(-1.,0.,0.));
#4503=DIRECTION('',(0.577350269189628,-0.577350269189624,-0.577350269189625));
#4504=DIRECTION('',(0.,-0.707106781186548,0.707106781186547));
#4505=DIRECTION('',(0.,-0.707106781186547,-0.707106781186548));
#4506=DIRECTION('',(0.577350269189626,0.577350269189625,0.577350269189626));
#4507=DIRECTION('',(-1.,0.,0.));
#4508=DIRECTION('',(0.577350269189627,-0.577350269189625,-0.577350269189626));
#4509=DIRECTION('',(0.,-0.707106781186548,0.707106781186547));
#4510=DIRECTION('',(0.,-0.707106781186547,-0.707106781186548));
#4511=DIRECTION('',(0.577350269189627,0.577350269189625,0.577350269189626));
#4512=DIRECTION('',(-1.,0.,0.));
#4513=DIRECTION('',(0.577350269189627,-0.577350269189625,-0.577350269189626));
#4514=DIRECTION('',(0.,-0.707106781186548,0.707106781186547));
#4515=DIRECTION('',(0.,-0.707106781186547,-0.707106781186548));
#4516=DIRECTION('',(0.577350269189626,0.577350269189625,0.577350269189626));
#4517=DIRECTION('',(-1.,0.,0.));
#4518=DIRECTION('',(0.577350269189626,-0.577350269189625,-0.577350269189626));
#4519=DIRECTION('',(0.,-1.,0.));
#4520=DIRECTION('',(0.,0.,-1.));
#4521=DIRECTION('',(0.,0.,-1.));
#4522=DIRECTION('',(-1.,0.,0.));
#4523=DIRECTION('',(0.,0.,-1.));
#4524=DIRECTION('',(0.,-1.,0.));
#4525=DIRECTION('',(0.,0.,-1.));
#4526=DIRECTION('',(0.,0.,-1.));
#4527=DIRECTION('',(-1.,0.,0.));
#4528=DIRECTION('',(0.,0.,-1.));
#4529=DIRECTION('',(0.,-1.,0.));
#4530=DIRECTION('',(0.,0.,-1.));
#4531=DIRECTION('',(0.,0.,-1.));
#4532=DIRECTION('',(-1.,0.,0.));
#4533=DIRECTION('',(0.,0.,-1.));
#4534=DIRECTION('',(0.,-1.,0.));
#4535=DIRECTION('',(0.,0.,-1.));
#4536=DIRECTION('',(0.,0.,-1.));
#4537=DIRECTION('',(-1.,0.,0.));
#4538=DIRECTION('',(0.,0.,-1.));
#4539=DIRECTION('',(0.,-0.707106781186549,-0.707106781186547));
#4540=DIRECTION('',(0.,0.707106781186547,-0.707106781186549));
#4541=DIRECTION('',(-0.577350269189626,-0.577350269189625,0.577350269189626));
#4542=DIRECTION('',(-1.,0.,0.));
#4543=DIRECTION('',(-0.577350269189628,0.577350269189624,-0.577350269189626));
#4544=DIRECTION('',(0.,-0.707106781186549,-0.707106781186547));
#4545=DIRECTION('',(0.,0.707106781186547,-0.707106781186549));
#4546=DIRECTION('',(-0.577350269189626,-0.577350269189625,0.577350269189626));
#4547=DIRECTION('',(-1.,0.,0.));
#4548=DIRECTION('',(-0.577350269189627,0.577350269189624,-0.577350269189626));
#4549=DIRECTION('',(0.,-0.707106781186549,-0.707106781186547));
#4550=DIRECTION('',(0.,0.707106781186547,-0.707106781186549));
#4551=DIRECTION('',(-0.577350269189627,-0.577350269189625,0.577350269189626));
#4552=DIRECTION('',(-1.,0.,0.));
#4553=DIRECTION('',(-0.577350269189627,0.577350269189625,-0.577350269189626));
#4554=DIRECTION('',(0.,-0.707106781186549,-0.707106781186547));
#4555=DIRECTION('',(0.,0.707106781186547,-0.707106781186549));
#4556=DIRECTION('',(-0.577350269189626,-0.577350269189625,0.577350269189626));
#4557=DIRECTION('',(-1.,0.,0.));
#4558=DIRECTION('',(-0.577350269189626,0.577350269189625,-0.577350269189626));
#4559=DIRECTION('',(0.,0.,-1.));
#4560=DIRECTION('',(-1.,0.,0.));
#4561=DIRECTION('',(-1.,0.,0.));
#4562=DIRECTION('',(0.,1.,0.));
#4563=DIRECTION('',(0.,-1.,0.));
#4564=DIRECTION('',(0.,0.,-1.));
#4565=DIRECTION('',(-1.,0.,0.));
#4566=DIRECTION('',(0.,-1.,0.));
#4567=DIRECTION('',(-1.,0.,0.));
#4568=DIRECTION('',(0.,1.,0.));
#4569=DIRECTION('',(0.,0.,-1.));
#4570=DIRECTION('',(-1.,0.,0.));
#4571=DIRECTION('',(0.,-1.,0.));
#4572=DIRECTION('',(-1.,0.,0.));
#4573=DIRECTION('',(0.,1.,0.));
#4574=DIRECTION('',(0.,0.,-1.));
#4575=DIRECTION('',(-1.,0.,0.));
#4576=DIRECTION('',(0.,-1.,0.));
#4577=DIRECTION('',(-1.,0.,0.));
#4578=DIRECTION('',(0.,1.,0.));
#4579=DIRECTION('',(0.,-1.,0.));
#4580=DIRECTION('',(0.,0.,-1.));
#4581=DIRECTION('',(-1.,0.,0.));
#4582=DIRECTION('',(0.,0.,-1.));
#4583=DIRECTION('',(0.,0.,1.));
#4584=DIRECTION('',(0.,-1.,0.));
#4585=DIRECTION('',(0.,0.,-1.));
#4586=DIRECTION('',(0.,0.,1.));
#4587=DIRECTION('',(-1.,0.,0.));
#4588=DIRECTION('',(0.,0.,-1.));
#4589=DIRECTION('',(0.,-1.,0.));
#4590=DIRECTION('',(0.,0.,-1.));
#4591=DIRECTION('',(0.,0.,1.));
#4592=DIRECTION('',(-1.,0.,0.));
#4593=DIRECTION('',(0.,0.,-1.));
#4594=DIRECTION('',(0.,-1.,0.));
#4595=DIRECTION('',(0.,0.,-1.));
#4596=DIRECTION('',(0.,0.,1.));
#4597=DIRECTION('',(-1.,0.,0.));
#4598=DIRECTION('',(0.,0.,-1.));
#4599=DIRECTION('',(-1.,0.,0.));
#4600=DIRECTION('',(0.,0.,1.));
#4601=DIRECTION('',(-1.,0.,0.));
#4602=DIRECTION('',(0.,0.,1.));
#4603=DIRECTION('',(-1.,0.,0.));
#4604=DIRECTION('',(1.,0.,0.));
#4605=DIRECTION('',(0.,0.,-1.));
#4606=DIRECTION('',(-1.,0.,0.));
#4607=DIRECTION('',(0.,0.,1.));
#4608=DIRECTION('',(-1.,0.,0.));
#4609=DIRECTION('',(0.,0.,1.));
#4610=DIRECTION('',(-1.,0.,0.));
#4611=DIRECTION('',(1.,0.,0.));
#4612=DIRECTION('',(0.,0.,-1.));
#4613=DIRECTION('',(-1.,0.,0.));
#4614=DIRECTION('',(0.,0.,1.));
#4615=DIRECTION('',(-1.,0.,0.));
#4616=DIRECTION('',(0.,0.,1.));
#4617=DIRECTION('',(-1.,0.,0.));
#4618=DIRECTION('',(1.,0.,0.));
#4619=DIRECTION('',(0.,0.,-1.));
#4620=DIRECTION('',(-1.,0.,0.));
#4621=DIRECTION('',(0.,0.,1.));
#4622=DIRECTION('',(-1.,0.,0.));
#4623=DIRECTION('',(0.,0.,1.));
#4624=DIRECTION('',(-1.,0.,0.));
#4625=DIRECTION('',(1.,0.,0.));
#4626=DIRECTION('',(0.,0.,-1.));
#4627=DIRECTION('',(0.,-1.,0.));
#4628=DIRECTION('',(0.,0.,-1.));
#4629=DIRECTION('',(-1.,0.,0.));
#4630=DIRECTION('',(0.,0.,-1.));
#4631=DIRECTION('',(-1.,0.,0.));
#4632=DIRECTION('',(0.,0.,1.));
#4633=DIRECTION('',(0.,0.,-1.));
#4634=DIRECTION('',(-1.,0.,0.));
#4635=DIRECTION('',(-1.,0.,0.));
#4636=DIRECTION('',(0.,1.,0.));
#4637=DIRECTION('',(0.,-1.,0.));
#4638=DIRECTION('',(0.,1.,0.));
#4639=DIRECTION('',(0.,0.,1.));
#4640=DIRECTION('',(-1.,0.,0.));
#4641=DIRECTION('',(0.,0.,1.));
#4642=DIRECTION('',(0.,0.,-1.));
#4643=DIRECTION('',(-1.,0.,0.));
#4644=DIRECTION('',(0.,0.,1.));
#4645=DIRECTION('',(-1.,0.,0.));
#4646=DIRECTION('',(-1.,0.,0.));
#4647=DIRECTION('',(0.,0.,1.));
#4648=DIRECTION('',(1.,0.,0.));
#4649=DIRECTION('',(0.,0.,-1.));
#4650=DIRECTION('',(0.,-0.000128143577983717,0.999999991789612));
#4651=DIRECTION('',(0.,-0.999999991789612,-0.000128143577983717));
#4652=DIRECTION('',(-1.,0.,0.));
#4653=DIRECTION('',(0.,-0.999999991789612,-0.000128143577983717));
#4654=DIRECTION('',(0.,0.999999991789612,0.000128143577983717));
#4655=DIRECTION('',(-1.,0.,0.));
#4656=DIRECTION('',(0.,-0.999999991789612,-0.000128143577983717));
#4657=DIRECTION('',(0.,0.999999991789612,0.000128143577983717));
#4658=DIRECTION('',(-1.,0.,0.));
#4659=DIRECTION('',(0.,-0.999999991789612,-0.000128143577983717));
#4660=DIRECTION('',(0.,0.999999991789612,0.000128143577983717));
#4661=DIRECTION('',(-1.,0.,0.));
#4662=DIRECTION('',(0.,-0.999999991789612,-0.000128143577983717));
#4663=DIRECTION('',(0.,0.999999991789612,0.000128143577983717));
#4664=DIRECTION('',(-1.,0.,0.));
#4665=DIRECTION('',(0.,-0.999999991789612,-0.000128143577983717));
#4666=DIRECTION('',(0.,0.999999991789612,0.000128143577983717));
#4667=DIRECTION('',(0.,1.,0.));
#4668=DIRECTION('',(0.,0.,1.));
#4669=DIRECTION('',(-1.,0.,0.));
#4670=DIRECTION('',(0.,0.,1.));
#4671=DIRECTION('',(0.,0.,-1.));
#4672=DIRECTION('',(0.,-0.000122362664252537,-0.999999992513689));
#4673=DIRECTION('',(0.,0.999999992513689,-0.000122362664252537));
#4674=DIRECTION('',(0.,0.999999992513689,-0.000122362664252537));
#4675=DIRECTION('',(0.,-0.999999992513689,0.000122362664252537));
#4676=DIRECTION('',(-1.,0.,0.));
#4677=DIRECTION('',(0.,0.999999992513689,-0.000122362664252537));
#4678=DIRECTION('',(1.,0.,0.));
#4679=DIRECTION('',(0.,-0.999999992513689,0.000122362664252537));
#4680=DIRECTION('',(0.,0.999999992513689,-0.000122362664252537));
#4681=DIRECTION('',(1.,0.,0.));
#4682=DIRECTION('',(0.,-0.999999992513689,0.000122362664252537));
#4683=DIRECTION('',(0.,0.999999992513689,-0.000122362664252537));
#4684=DIRECTION('',(1.,0.,0.));
#4685=DIRECTION('',(0.,-0.999999992513689,0.000122362664252537));
#4686=DIRECTION('',(0.,0.999999992513689,-0.000122362664252537));
#4687=DIRECTION('',(1.,0.,0.));
#4688=DIRECTION('',(0.,-0.999999992513689,0.000122362664252537));
#4689=DIRECTION('',(-1.,0.,0.));
#4690=DIRECTION('',(0.,0.,1.));
#4691=DIRECTION('',(-1.,0.,0.));
#4692=DIRECTION('',(-1.,0.,0.));
#4693=DIRECTION('',(0.,0.,1.));
#4694=DIRECTION('',(1.,0.,0.));
#4695=DIRECTION('',(0.,0.,-1.));
#4696=DIRECTION('',(0.,1.,0.));
#4697=DIRECTION('',(0.,0.,1.));
#4698=DIRECTION('',(-1.,0.,0.));
#4699=DIRECTION('',(0.,0.,1.));
#4700=DIRECTION('',(0.,0.,-1.));
#4701=DIRECTION('',(0.,0.,1.));
#4702=DIRECTION('',(1.,0.,0.));
#4703=DIRECTION('',(-1.,0.,0.));
#4704=DIRECTION('',(0.,-1.,0.));
#4705=DIRECTION('',(0.,1.,0.));
#4706=DIRECTION('',(0.,-1.,-1.01864081951608E-17));
#4707=DIRECTION('',(0.,1.01864081951608E-17,-1.));
#4708=DIRECTION('',(-1.,0.,0.));
#4709=DIRECTION('',(0.,1.01864081951608E-17,-1.));
#4710=DIRECTION('',(0.,-1.01864081951608E-17,1.));
#4711=DIRECTION('',(-1.,0.,0.));
#4712=DIRECTION('',(0.,0.,1.));
#4713=DIRECTION('',(-1.,0.,0.));
#4714=DIRECTION('',(0.,0.,1.));
#4715=DIRECTION('',(1.,0.,0.));
#4716=DIRECTION('',(0.,0.,-1.));
#4717=DIRECTION('',(-1.,0.,0.));
#4718=DIRECTION('',(0.,0.,1.));
#4719=DIRECTION('',(1.,0.,0.));
#4720=DIRECTION('',(-1.,0.,0.));
#4721=DIRECTION('',(0.,-1.,0.));
#4722=DIRECTION('',(0.,1.,0.));
#4723=DIRECTION('',(-1.,0.,0.));
#4724=DIRECTION('',(0.,-1.,0.));
#4725=DIRECTION('',(0.,1.,0.));
#4726=DIRECTION('',(-1.,0.,0.));
#4727=DIRECTION('',(0.,-1.,0.));
#4728=DIRECTION('',(0.,1.,0.));
#4729=DIRECTION('',(-1.,0.,0.));
#4730=DIRECTION('',(0.,-1.,0.));
#4731=DIRECTION('',(0.,1.,0.));
#4732=DIRECTION('',(-1.,0.,0.));
#4733=DIRECTION('',(0.,-1.,0.));
#4734=DIRECTION('',(0.,1.,0.));
#4735=DIRECTION('',(0.,1.,0.));
#4736=DIRECTION('',(0.,0.,1.));
#4737=DIRECTION('',(-1.,0.,0.));
#4738=DIRECTION('',(0.,0.,1.));
#4739=DIRECTION('',(0.,0.,-1.));
#4740=DIRECTION('',(0.,0.,1.));
#4741=DIRECTION('',(1.,0.,0.));
#4742=DIRECTION('',(0.,-1.,0.));
#4743=DIRECTION('',(1.,0.,0.));
#4744=DIRECTION('',(0.,1.,0.));
#4745=DIRECTION('',(0.,-1.,0.));
#4746=DIRECTION('',(1.,0.,0.));
#4747=DIRECTION('',(0.,1.,0.));
#4748=DIRECTION('',(0.,-1.,0.));
#4749=DIRECTION('',(1.,0.,0.));
#4750=DIRECTION('',(0.,1.,0.));
#4751=DIRECTION('',(0.,-1.,0.));
#4752=DIRECTION('',(1.,0.,0.));
#4753=DIRECTION('',(0.,1.,0.));
#4754=DIRECTION('',(-1.,0.,0.));
#4755=DIRECTION('',(0.,-1.,0.));
#4756=DIRECTION('',(0.,1.,0.));
#4757=DIRECTION('',(0.,-1.,0.));
#4758=DIRECTION('',(0.,0.,-1.));
#4759=DIRECTION('',(0.,0.,1.));
#4760=DIRECTION('',(-1.,0.,0.));
#4761=DIRECTION('',(0.,0.,-1.));
#4762=DIRECTION('',(0.,0.,1.));
#4763=DIRECTION('',(1.,0.,0.));
#4764=DIRECTION('',(0.,1.,0.));
#4765=DIRECTION('',(-1.,0.,0.));
#4766=DIRECTION('',(0.,-1.,0.));
#4767=DIRECTION('',(0.,-0.707106781186549,0.707106781186547));
#4768=DIRECTION('',(0.,-0.707106781186547,-0.707106781186549));
#4769=DIRECTION('',(0.577350269189626,0.577350269189625,0.577350269189626));
#4770=DIRECTION('',(-1.,0.,0.));
#4771=DIRECTION('',(0.577350269189626,-0.577350269189625,-0.577350269189626));
#4772=DIRECTION('',(0.,-1.,0.));
#4773=DIRECTION('',(0.,0.,-1.));
#4774=DIRECTION('',(0.,0.,-1.));
#4775=DIRECTION('',(-1.,0.,0.));
#4776=DIRECTION('',(0.,0.,-1.));
#4777=DIRECTION('',(0.,-0.707106781186549,-0.707106781186547));
#4778=DIRECTION('',(0.,0.707106781186547,-0.707106781186549));
#4779=DIRECTION('',(-0.577350269189626,-0.577350269189625,0.577350269189626));
#4780=DIRECTION('',(-1.,0.,0.));
#4781=DIRECTION('',(-0.577350269189626,0.577350269189625,-0.577350269189626));
#4782=DIRECTION('',(0.,0.,-1.));
#4783=DIRECTION('',(-1.,0.,0.));
#4784=DIRECTION('',(0.,-1.,0.));
#4785=DIRECTION('',(-1.,0.,0.));
#4786=DIRECTION('',(0.,1.,0.));
#4787=DIRECTION('',(0.,-1.,0.));
#4788=DIRECTION('',(0.,0.,-1.));
#4789=DIRECTION('',(0.,0.,1.));
#4790=DIRECTION('',(-1.,0.,0.));
#4791=DIRECTION('',(0.,0.,-1.));
#4792=DIRECTION('',(0.,0.,1.));
#4793=DIRECTION('',(1.,0.,0.));
#4794=DIRECTION('',(0.,1.,0.));
#4795=DIRECTION('',(-1.,0.,0.));
#4796=DIRECTION('',(0.,-1.,0.));
#4797=DIRECTION('',(0.,-0.707106781186548,0.707106781186547));
#4798=DIRECTION('',(0.,-0.707106781186547,-0.707106781186548));
#4799=DIRECTION('',(0.577350269189626,0.577350269189625,0.577350269189626));
#4800=DIRECTION('',(-1.,0.,0.));
#4801=DIRECTION('',(0.577350269189626,-0.577350269189625,-0.577350269189626));
#4802=DIRECTION('',(0.,-1.,0.));
#4803=DIRECTION('',(0.,0.,-1.));
#4804=DIRECTION('',(0.,0.,-1.));
#4805=DIRECTION('',(-1.,0.,0.));
#4806=DIRECTION('',(0.,0.,-1.));
#4807=DIRECTION('',(0.,-0.707106781186549,-0.707106781186547));
#4808=DIRECTION('',(0.,0.707106781186547,-0.707106781186549));
#4809=DIRECTION('',(-0.577350269189626,-0.577350269189625,0.577350269189626));
#4810=DIRECTION('',(-1.,0.,0.));
#4811=DIRECTION('',(-0.577350269189626,0.577350269189625,-0.577350269189626));
#4812=DIRECTION('',(0.,0.,-1.));
#4813=DIRECTION('',(-1.,0.,0.));
#4814=DIRECTION('',(0.,-1.,0.));
#4815=DIRECTION('',(-1.,0.,0.));
#4816=DIRECTION('',(0.,1.,0.));
#4817=DIRECTION('',(0.,-1.,0.));
#4818=DIRECTION('',(0.,0.,-1.));
#4819=DIRECTION('',(0.,0.,1.));
#4820=DIRECTION('',(-1.,0.,0.));
#4821=DIRECTION('',(0.,0.,-1.));
#4822=DIRECTION('',(0.,0.,-1.));
#4823=DIRECTION('',(-1.,0.,0.));
#4824=DIRECTION('',(-1.,0.,0.));
#4825=DIRECTION('',(0.,1.,0.));
#4826=DIRECTION('',(0.,-1.,0.));
#4827=DIRECTION('',(-1.,0.,0.));
#4828=DIRECTION('',(0.,1.,0.));
#4829=DIRECTION('',(0.,-1.,0.));
#4830=DIRECTION('',(-1.,0.,0.));
#4831=DIRECTION('',(0.,1.,0.));
#4832=DIRECTION('',(0.,-1.,0.));
#4833=DIRECTION('',(-1.,0.,0.));
#4834=DIRECTION('',(0.,1.,0.));
#4835=DIRECTION('',(0.,-1.,0.));
#4836=DIRECTION('',(-1.,0.,0.));
#4837=DIRECTION('',(0.,1.,0.));
#4838=DIRECTION('',(0.,-1.,0.));
#4839=DIRECTION('',(0.,1.,0.));
#4840=DIRECTION('',(0.,0.,1.));
#4841=DIRECTION('',(-1.,0.,0.));
#4842=DIRECTION('',(0.,0.,1.));
#4843=DIRECTION('',(0.,0.,-1.));
#4844=DIRECTION('',(0.,0.,-1.));
#4845=DIRECTION('',(-1.,0.,0.));
#4846=DIRECTION('',(0.,1.,0.));
#4847=DIRECTION('',(0.,-1.,0.));
#4848=DIRECTION('',(-1.,0.,0.));
#4849=DIRECTION('',(0.,1.,0.));
#4850=DIRECTION('',(1.,0.,0.));
#4851=DIRECTION('',(0.,-1.,0.));
#4852=DIRECTION('',(0.,1.,0.));
#4853=DIRECTION('',(1.,0.,0.));
#4854=DIRECTION('',(0.,-1.,0.));
#4855=DIRECTION('',(0.,1.,0.));
#4856=DIRECTION('',(1.,0.,0.));
#4857=DIRECTION('',(0.,-1.,0.));
#4858=DIRECTION('',(0.,1.,0.));
#4859=DIRECTION('',(1.,0.,0.));
#4860=DIRECTION('',(0.,-1.,0.));
#4861=DIRECTION('',(-1.,0.,0.));
#4862=DIRECTION('',(0.,0.,1.));
#4863=DIRECTION('',(-1.,0.,0.));
#4864=DIRECTION('',(0.,0.,1.));
#4865=DIRECTION('',(1.,0.,0.));
#4866=DIRECTION('',(0.,0.,-1.));
#4867=DIRECTION('',(1.,0.,0.));
#4868=DIRECTION('',(0.,0.,-1.));
#4869=DIRECTION('',(0.,0.,-1.));
#4870=DIRECTION('',(0.,0.,-1.));
#4871=DIRECTION('',(0.707106781186547,-0.707106781186549,0.));
#4872=DIRECTION('',(0.707106781186549,0.707106781186547,0.));
#4873=DIRECTION('',(0.707106781186547,-0.707106781186549,0.));
#4874=DIRECTION('',(0.707106781186549,0.707106781186547,0.));
#4875=DIRECTION('',(-1.,0.,0.));
#4876=DIRECTION('',(0.,0.,1.));
#4877=DIRECTION('',(0.,0.,-1.));
#4878=DIRECTION('',(1.,0.,0.));
#4879=DIRECTION('',(0.,0.,-1.));
#4880=DIRECTION('',(0.,0.,-1.));
#4881=DIRECTION('',(0.,1.,0.));
#4882=DIRECTION('',(0.,0.,1.));
#4883=DIRECTION('',(-1.,0.,0.));
#4884=DIRECTION('',(0.,0.,1.));
#4885=DIRECTION('',(0.,0.,-1.));
#4886=DIRECTION('',(1.,0.,0.));
#4887=DIRECTION('',(0.,0.,-1.));
#4888=DIRECTION('',(0.,0.,-1.));
#4889=DIRECTION('',(0.,1.,0.));
#4890=DIRECTION('',(0.,0.,1.));
#4891=DIRECTION('',(-1.,0.,0.));
#4892=DIRECTION('',(0.,0.,1.));
#4893=DIRECTION('',(0.,0.,-1.));
#4894=DIRECTION('',(1.,0.,0.));
#4895=DIRECTION('',(0.,0.,-1.));
#4896=DIRECTION('',(0.,0.,-1.));
#4897=DIRECTION('',(0.,1.,0.));
#4898=DIRECTION('',(0.,0.,1.));
#4899=DIRECTION('',(-1.,0.,0.));
#4900=DIRECTION('',(0.,0.,1.));
#4901=DIRECTION('',(0.,0.,-1.));
#4902=DIRECTION('',(1.,0.,0.));
#4903=DIRECTION('',(0.,0.,-1.));
#4904=DIRECTION('',(0.,0.,-1.));
#4905=DIRECTION('',(0.,1.,0.));
#4906=DIRECTION('',(0.,0.,1.));
#4907=DIRECTION('',(-1.,0.,0.));
#4908=DIRECTION('',(0.,0.,1.));
#4909=DIRECTION('',(0.,0.,-1.));
#4910=DIRECTION('',(0.,0.,-1.));
#4911=DIRECTION('',(-0.707106781186547,-0.707106781186549,0.));
#4912=DIRECTION('',(0.707106781186549,-0.707106781186547,0.));
#4913=DIRECTION('',(-0.707106781186547,-0.707106781186549,0.));
#4914=DIRECTION('',(0.707106781186549,-0.707106781186547,0.));
#4915=DIRECTION('',(1.,0.,0.));
#4916=DIRECTION('',(0.,0.,-1.));
#4917=DIRECTION('',(0.,0.,-1.));
#4918=DIRECTION('',(0.,0.,-1.));
#4919=DIRECTION('',(0.,0.,-1.));
#4920=DIRECTION('',(0.,-1.,0.));
#4921=DIRECTION('',(0.,0.,-1.));
#4922=DIRECTION('',(0.,0.,-1.));
#4923=DIRECTION('',(-1.,0.,0.));
#4924=DIRECTION('',(0.,0.,1.));
#4925=DIRECTION('',(0.,0.,-1.));
#4926=DIRECTION('',(0.,0.,-1.));
#4927=DIRECTION('',(0.707106781186547,-0.707106781186549,0.));
#4928=DIRECTION('',(0.707106781186549,0.707106781186547,0.));
#4929=DIRECTION('',(-0.707106781186547,-0.707106781186549,0.));
#4930=DIRECTION('',(0.707106781186549,-0.707106781186547,0.));
#4931=DIRECTION('',(0.707106781186547,-0.707106781186549,0.));
#4932=DIRECTION('',(0.707106781186549,0.707106781186547,0.));
#4933=DIRECTION('',(-0.707106781186547,-0.707106781186549,0.));
#4934=DIRECTION('',(0.707106781186549,-0.707106781186547,0.));
#4935=DIRECTION('',(1.,0.,0.));
#4936=DIRECTION('',(0.,0.,-1.));
#4937=DIRECTION('',(0.,0.,-1.));
#4938=DIRECTION('',(0.,0.,-1.));
#4939=DIRECTION('',(0.,0.,-1.));
#4940=DIRECTION('',(0.,-1.,0.));
#4941=DIRECTION('',(0.,0.,-1.));
#4942=DIRECTION('',(0.,0.,-1.));
#4943=DIRECTION('',(-1.,0.,0.));
#4944=DIRECTION('',(0.,0.,1.));
#4945=DIRECTION('',(0.,0.,-1.));
#4946=DIRECTION('',(0.,0.,-1.));
#4947=DIRECTION('',(0.707106781186547,-0.707106781186549,0.));
#4948=DIRECTION('',(0.707106781186549,0.707106781186547,0.));
#4949=DIRECTION('',(-0.707106781186546,-0.707106781186549,0.));
#4950=DIRECTION('',(0.707106781186549,-0.707106781186546,0.));
#4951=DIRECTION('',(0.707106781186547,-0.707106781186549,0.));
#4952=DIRECTION('',(0.707106781186549,0.707106781186547,0.));
#4953=DIRECTION('',(-0.707106781186546,-0.707106781186549,0.));
#4954=DIRECTION('',(0.707106781186549,-0.707106781186546,0.));
#4955=DIRECTION('',(1.,0.,0.));
#4956=DIRECTION('',(0.,0.,-1.));
#4957=DIRECTION('',(0.,0.,-1.));
#4958=DIRECTION('',(0.,0.,-1.));
#4959=DIRECTION('',(0.,0.,-1.));
#4960=DIRECTION('',(0.,-1.,0.));
#4961=DIRECTION('',(0.,0.,-1.));
#4962=DIRECTION('',(0.,0.,-1.));
#4963=DIRECTION('',(-1.,0.,0.));
#4964=DIRECTION('',(0.,0.,1.));
#4965=DIRECTION('',(0.,0.,-1.));
#4966=DIRECTION('',(0.,0.,-1.));
#4967=DIRECTION('',(0.707106781186546,-0.707106781186549,0.));
#4968=DIRECTION('',(0.707106781186549,0.707106781186546,0.));
#4969=DIRECTION('',(-0.707106781186546,-0.707106781186549,0.));
#4970=DIRECTION('',(0.707106781186549,-0.707106781186546,0.));
#4971=DIRECTION('',(0.707106781186546,-0.707106781186549,0.));
#4972=DIRECTION('',(0.707106781186549,0.707106781186546,0.));
#4973=DIRECTION('',(-0.707106781186546,-0.707106781186549,0.));
#4974=DIRECTION('',(0.707106781186549,-0.707106781186546,0.));
#4975=DIRECTION('',(1.,0.,0.));
#4976=DIRECTION('',(0.,0.,-1.));
#4977=DIRECTION('',(0.,0.,-1.));
#4978=DIRECTION('',(0.,0.,-1.));
#4979=DIRECTION('',(0.,0.,-1.));
#4980=DIRECTION('',(0.,-1.,0.));
#4981=DIRECTION('',(0.,0.,-1.));
#4982=DIRECTION('',(0.,0.,-1.));
#4983=DIRECTION('',(-1.,0.,0.));
#4984=DIRECTION('',(0.,0.,1.));
#4985=DIRECTION('',(0.,0.,-1.));
#4986=DIRECTION('',(0.,0.,-1.));
#4987=DIRECTION('',(0.707106781186547,-0.707106781186549,0.));
#4988=DIRECTION('',(0.707106781186549,0.707106781186547,0.));
#4989=DIRECTION('',(-0.707106781186545,-0.70710678118655,0.));
#4990=DIRECTION('',(0.70710678118655,-0.707106781186545,0.));
#4991=DIRECTION('',(0.707106781186547,-0.707106781186549,0.));
#4992=DIRECTION('',(0.707106781186549,0.707106781186547,0.));
#4993=DIRECTION('',(-0.707106781186545,-0.70710678118655,0.));
#4994=DIRECTION('',(0.70710678118655,-0.707106781186545,0.));
#4995=DIRECTION('',(-1.,0.,0.));
#4996=DIRECTION('',(0.,0.,1.));
#4997=DIRECTION('',(0.,0.,-1.));
#4998=DIRECTION('',(0.,1.,0.));
#4999=DIRECTION('',(0.,0.,1.));
#5000=DIRECTION('',(0.,0.,-1.));
#5001=DIRECTION('',(1.,0.,0.));
#5002=DIRECTION('',(0.,0.,-1.));
#5003=DIRECTION('',(-1.,0.,0.));
#5004=DIRECTION('',(0.,0.,1.));
#5005=DIRECTION('',(0.,0.,-1.));
#5006=DIRECTION('',(0.,1.,0.));
#5007=DIRECTION('',(0.,0.,1.));
#5008=DIRECTION('',(0.,0.,-1.));
#5009=DIRECTION('',(1.,0.,0.));
#5010=DIRECTION('',(0.,0.,-1.));
#5011=DIRECTION('',(-1.,0.,0.));
#5012=DIRECTION('',(0.,0.,1.));
#5013=DIRECTION('',(0.,0.,-1.));
#5014=DIRECTION('',(0.,1.,0.));
#5015=DIRECTION('',(0.,0.,1.));
#5016=DIRECTION('',(0.,0.,-1.));
#5017=DIRECTION('',(1.,0.,0.));
#5018=DIRECTION('',(0.,0.,-1.));
#5019=DIRECTION('',(0.,1.,0.));
#5020=DIRECTION('',(0.,0.,1.));
#5021=DIRECTION('',(0.,0.,-1.));
#5022=DIRECTION('',(0.,0.,-1.));
#5023=DIRECTION('',(1.,0.,0.));
#5024=DIRECTION('',(0.,0.,-1.));
#5025=DIRECTION('',(-1.,0.,0.));
#5026=DIRECTION('',(0.,0.,1.));
#5027=DIRECTION('',(0.,0.,1.));
#5028=DIRECTION('',(1.,0.,0.));
#5029=CARTESIAN_POINT('',(0.,0.,0.));
#5030=CARTESIAN_POINT('',(0.07875,0.0155,0.06));
#5031=CARTESIAN_POINT('',(-0.07875,0.0155,0.06));
#5032=CARTESIAN_POINT('',(-0.07875,0.0155,0.06));
#5033=CARTESIAN_POINT('',(-0.07875,0.,0.06));
#5034=CARTESIAN_POINT('',(0.07875,0.,0.06));
#5035=CARTESIAN_POINT('',(0.07875,0.,0.06));
#5036=CARTESIAN_POINT('',(0.07875,0.0155,0.06));
#5037=CARTESIAN_POINT('',(0.07875,0.0155,0.06));
#5038=CARTESIAN_POINT('',(0.07875,0.0155,0.06));
#5039=CARTESIAN_POINT('',(0.07875,0.,0.06));
#5040=CARTESIAN_POINT('',(-0.07875,0.,0.06));
#5041=CARTESIAN_POINT('',(-0.07875,0.,-0.06));
#5042=CARTESIAN_POINT('',(0.07875,0.,-0.06));
#5043=CARTESIAN_POINT('',(0.07875,0.,-0.06));
#5044=CARTESIAN_POINT('',(0.07875,0.,0.06));
#5045=CARTESIAN_POINT('',(0.07875,0.,-0.06));
#5046=CARTESIAN_POINT('',(-0.07875,0.,-0.06));
#5047=CARTESIAN_POINT('',(-0.07875,0.0155,-0.06));
#5048=CARTESIAN_POINT('',(0.07875,0.0155,-0.06));
#5049=CARTESIAN_POINT('',(0.07875,0.0155,-0.06));
#5050=CARTESIAN_POINT('',(0.07875,0.,-0.06));
#5051=CARTESIAN_POINT('',(0.07875,0.0155,-0.06));
#5052=CARTESIAN_POINT('',(-0.07875,0.0155,-0.06));
#5053=CARTESIAN_POINT('',(-0.07875,0.0155,-0.050000000000004));
#5054=CARTESIAN_POINT('',(0.07875,0.0155,-0.050000000000004));
#5055=CARTESIAN_POINT('',(0.07875,0.0155,-0.050000000000004));
#5056=CARTESIAN_POINT('',(0.07875,0.0155,-0.06));
#5057=CARTESIAN_POINT('',(0.07875,0.0155,-0.050000000000004));
#5058=CARTESIAN_POINT('',(-0.07875,0.0155,-0.050000000000004));
#5059=CARTESIAN_POINT('',(-0.07875,0.0395,-0.050000000000004));
#5060=CARTESIAN_POINT('',(0.07875,0.0395,-0.050000000000004));
#5061=CARTESIAN_POINT('',(0.07875,0.0395,-0.050000000000004));
#5062=CARTESIAN_POINT('',(0.07875,0.0155,-0.050000000000004));
#5063=CARTESIAN_POINT('',(0.07875,0.0395,-0.050000000000004));
#5064=CARTESIAN_POINT('',(-0.07875,0.0395,-0.050000000000004));
#5065=CARTESIAN_POINT('',(-0.07875,0.0395,-0.06));
#5066=CARTESIAN_POINT('',(0.07875,0.0395,-0.06));
#5067=CARTESIAN_POINT('',(0.07875,0.0395,-0.06));
#5068=CARTESIAN_POINT('',(0.07875,0.0395,-0.050000000000004));
#5069=CARTESIAN_POINT('',(0.07875,0.0395,-0.06));
#5070=CARTESIAN_POINT('',(-0.07875,0.0395,-0.06));
#5071=CARTESIAN_POINT('',(-0.07875,0.055,-0.06));
#5072=CARTESIAN_POINT('',(0.07875,0.055,-0.06));
#5073=CARTESIAN_POINT('',(0.07875,0.055,-0.06));
#5074=CARTESIAN_POINT('',(0.07875,0.0395,-0.06));
#5075=CARTESIAN_POINT('',(0.07875,0.055,-0.06));
#5076=CARTESIAN_POINT('',(-0.07875,0.055,-0.06));
#5077=CARTESIAN_POINT('',(-0.07875,0.055,0.06));
#5078=CARTESIAN_POINT('',(0.07875,0.055,0.06));
#5079=CARTESIAN_POINT('',(0.07875,0.055,0.06));
#5080=CARTESIAN_POINT('',(0.07875,0.055,-0.06));
#5081=CARTESIAN_POINT('',(0.07875,0.055,0.06));
#5082=CARTESIAN_POINT('',(-0.07875,0.055,0.06));
#5083=CARTESIAN_POINT('',(-0.07875,0.0395,0.06));
#5084=CARTESIAN_POINT('',(0.07875,0.0395,0.06));
#5085=CARTESIAN_POINT('',(0.07875,0.0395,0.06));
#5086=CARTESIAN_POINT('',(0.07875,0.055,0.06));
#5087=CARTESIAN_POINT('',(0.07875,0.0395,0.06));
#5088=CARTESIAN_POINT('',(-0.07875,0.0395,0.06));
#5089=CARTESIAN_POINT('',(-0.07875,0.0395,0.050000000000004));
#5090=CARTESIAN_POINT('',(0.07875,0.0395,0.050000000000004));
#5091=CARTESIAN_POINT('',(0.07875,0.0395,0.050000000000004));
#5092=CARTESIAN_POINT('',(0.07875,0.0395,0.06));
#5093=CARTESIAN_POINT('',(0.07875,0.0395,0.050000000000004));
#5094=CARTESIAN_POINT('',(-0.07875,0.0395,0.050000000000004));
#5095=CARTESIAN_POINT('',(-0.07875,0.0155,0.050000000000004));
#5096=CARTESIAN_POINT('',(0.07875,0.0155,0.050000000000004));
#5097=CARTESIAN_POINT('',(0.07875,0.0155,0.050000000000004));
#5098=CARTESIAN_POINT('',(0.07875,0.0395,0.050000000000004));
#5099=CARTESIAN_POINT('',(0.07875,0.0155,0.050000000000004));
#5100=CARTESIAN_POINT('',(-0.07875,0.0155,0.050000000000004));
#5101=CARTESIAN_POINT('',(0.07875,0.0155,0.050000000000004));
#5102=CARTESIAN_POINT('',(0.07875,0.,0.));
#5103=CARTESIAN_POINT('',(-0.07875,0.,0.));
#5104=CARTESIAN_POINT('',(0.,0.,0.));
#5105=CARTESIAN_POINT('',(0.07575,-0.003,0.0376199999999916));
#5106=CARTESIAN_POINT('',(0.07575,-0.003,0.089999999999995));
#5107=CARTESIAN_POINT('',(0.069,-0.003,0.089999999999995));
#5108=CARTESIAN_POINT('',(0.057,-0.003,0.089999999999995));
#5109=CARTESIAN_POINT('',(0.069,-0.003,0.0376199999999916));
#5110=CARTESIAN_POINT('',(0.069,-0.003,0.0376199999999916));
#5111=CARTESIAN_POINT('',(0.07575,-0.003,0.0376199999999916));
#5112=CARTESIAN_POINT('',(0.057,-0.003,0.0376199999999916));
#5113=CARTESIAN_POINT('',(0.057,-0.003,0.0376199999999916));
#5114=CARTESIAN_POINT('',(0.07575,-0.003,0.0376199999999916));
#5115=CARTESIAN_POINT('',(0.07575,-0.003,0.089999999999995));
#5116=CARTESIAN_POINT('',(0.0375,-0.003,0.089999999999995));
#5117=CARTESIAN_POINT('',(0.0255,-0.003,0.089999999999995));
#5118=CARTESIAN_POINT('',(0.0375,-0.003,0.0376199999999916));
#5119=CARTESIAN_POINT('',(0.0375,-0.003,0.0376199999999916));
#5120=CARTESIAN_POINT('',(0.07575,-0.003,0.0376199999999916));
#5121=CARTESIAN_POINT('',(0.0255,-0.003,0.0376199999999916));
#5122=CARTESIAN_POINT('',(0.0255,-0.003,0.0376199999999916));
#5123=CARTESIAN_POINT('',(0.07575,-0.003,0.0376199999999916));
#5124=CARTESIAN_POINT('',(0.07575,-0.003,0.089999999999995));
#5125=CARTESIAN_POINT('',(0.006,-0.003,0.089999999999995));
#5126=CARTESIAN_POINT('',(-0.00599999999999998,-0.003,0.089999999999995));
#5127=CARTESIAN_POINT('',(0.006,-0.003,0.0376199999999916));
#5128=CARTESIAN_POINT('',(0.006,-0.003,0.0376199999999916));
#5129=CARTESIAN_POINT('',(0.07575,-0.003,0.0376199999999916));
#5130=CARTESIAN_POINT('',(-0.00599999999999998,-0.003,0.0376199999999916));
#5131=CARTESIAN_POINT('',(-0.00599999999999998,-0.003,0.0376199999999916));
#5132=CARTESIAN_POINT('',(0.07575,-0.003,0.0376199999999916));
#5133=CARTESIAN_POINT('',(0.07575,-0.003,0.089999999999995));
#5134=CARTESIAN_POINT('',(-0.0255,-0.003,0.089999999999995));
#5135=CARTESIAN_POINT('',(-0.0375,-0.003,0.089999999999995));
#5136=CARTESIAN_POINT('',(-0.0255,-0.003,0.0376199999999916));
#5137=CARTESIAN_POINT('',(-0.0255,-0.003,0.0376199999999916));
#5138=CARTESIAN_POINT('',(0.07575,-0.003,0.0376199999999916));
#5139=CARTESIAN_POINT('',(-0.0375,-0.003,0.0376199999999916));
#5140=CARTESIAN_POINT('',(-0.0375,-0.003,0.0376199999999916));
#5141=CARTESIAN_POINT('',(0.07575,-0.003,0.089999999999995));
#5142=CARTESIAN_POINT('',(0.07575,-0.015,0.089999999999995));
#5143=CARTESIAN_POINT('',(0.069,-0.015,0.089999999999995));
#5144=CARTESIAN_POINT('',(0.057,-0.015,0.089999999999995));
#5145=CARTESIAN_POINT('',(0.069,-0.003,0.089999999999995));
#5146=CARTESIAN_POINT('',(0.057,-0.003,0.089999999999995));
#5147=CARTESIAN_POINT('',(0.07575,-0.003,0.089999999999995));
#5148=CARTESIAN_POINT('',(0.07575,-0.015,0.089999999999995));
#5149=CARTESIAN_POINT('',(0.0375,-0.015,0.089999999999995));
#5150=CARTESIAN_POINT('',(0.0255,-0.015,0.089999999999995));
#5151=CARTESIAN_POINT('',(0.0375,-0.003,0.089999999999995));
#5152=CARTESIAN_POINT('',(0.0255,-0.003,0.089999999999995));
#5153=CARTESIAN_POINT('',(0.07575,-0.003,0.089999999999995));
#5154=CARTESIAN_POINT('',(0.07575,-0.015,0.089999999999995));
#5155=CARTESIAN_POINT('',(0.006,-0.015,0.089999999999995));
#5156=CARTESIAN_POINT('',(-0.00599999999999998,-0.015,0.089999999999995));
#5157=CARTESIAN_POINT('',(0.006,-0.003,0.089999999999995));
#5158=CARTESIAN_POINT('',(-0.00599999999999998,-0.003,0.089999999999995));
#5159=CARTESIAN_POINT('',(0.07575,-0.003,0.089999999999995));
#5160=CARTESIAN_POINT('',(0.07575,-0.015,0.089999999999995));
#5161=CARTESIAN_POINT('',(-0.0255,-0.015,0.089999999999995));
#5162=CARTESIAN_POINT('',(-0.0375,-0.015,0.089999999999995));
#5163=CARTESIAN_POINT('',(-0.0255,-0.003,0.089999999999995));
#5164=CARTESIAN_POINT('',(-0.0375,-0.003,0.089999999999995));
#5165=CARTESIAN_POINT('',(0.07575,-0.015,0.089999999999995));
#5166=CARTESIAN_POINT('',(0.07575,-0.015,0.0376199999999925));
#5167=CARTESIAN_POINT('',(0.069,-0.015,0.0376199999999925));
#5168=CARTESIAN_POINT('',(0.057,-0.015,0.0376199999999925));
#5169=CARTESIAN_POINT('',(0.069,-0.015,0.089999999999995));
#5170=CARTESIAN_POINT('',(0.057,-0.015,0.089999999999995));
#5171=CARTESIAN_POINT('',(0.07575,-0.015,0.089999999999995));
#5172=CARTESIAN_POINT('',(0.07575,-0.015,0.0376199999999925));
#5173=CARTESIAN_POINT('',(0.0375,-0.015,0.0376199999999925));
#5174=CARTESIAN_POINT('',(0.0255,-0.015,0.0376199999999925));
#5175=CARTESIAN_POINT('',(0.0375,-0.015,0.089999999999995));
#5176=CARTESIAN_POINT('',(0.0255,-0.015,0.089999999999995));
#5177=CARTESIAN_POINT('',(0.07575,-0.015,0.089999999999995));
#5178=CARTESIAN_POINT('',(0.07575,-0.015,0.0376199999999925));
#5179=CARTESIAN_POINT('',(0.006,-0.015,0.0376199999999925));
#5180=CARTESIAN_POINT('',(-0.00599999999999998,-0.015,0.0376199999999925));
#5181=CARTESIAN_POINT('',(0.006,-0.015,0.089999999999995));
#5182=CARTESIAN_POINT('',(-0.00599999999999998,-0.015,0.089999999999995));
#5183=CARTESIAN_POINT('',(0.07575,-0.015,0.089999999999995));
#5184=CARTESIAN_POINT('',(0.07575,-0.015,0.0376199999999925));
#5185=CARTESIAN_POINT('',(-0.0255,-0.015,0.0376199999999925));
#5186=CARTESIAN_POINT('',(-0.0375,-0.015,0.0376199999999925));
#5187=CARTESIAN_POINT('',(-0.0255,-0.015,0.089999999999995));
#5188=CARTESIAN_POINT('',(-0.0375,-0.015,0.089999999999995));
#5189=CARTESIAN_POINT('',(0.07575,0.00499999999631002,0.0376196157334627));
#5190=CARTESIAN_POINT('',(0.07575,0.00500256292080248,0.0176196158976757));
#5191=CARTESIAN_POINT('',(0.069,0.00500256292080248,0.0176196158976757));
#5192=CARTESIAN_POINT('',(0.057,0.00500256292080248,0.0176196158976757));
#5193=CARTESIAN_POINT('',(0.069,0.00499999999631002,0.0376196157334627));
#5194=CARTESIAN_POINT('',(0.057,0.00499999999631002,0.0376196157334627));
#5195=CARTESIAN_POINT('',(0.07575,0.00499999999631002,0.0376196157334627));
#5196=CARTESIAN_POINT('',(0.07575,0.00500256292080248,0.0176196158976757));
#5197=CARTESIAN_POINT('',(0.0375,0.00500256292080248,0.0176196158976757));
#5198=CARTESIAN_POINT('',(0.0255,0.00500256292080248,0.0176196158976757));
#5199=CARTESIAN_POINT('',(0.0375,0.00499999999631002,0.0376196157334627));
#5200=CARTESIAN_POINT('',(0.0255,0.00499999999631002,0.0376196157334627));
#5201=CARTESIAN_POINT('',(0.07575,0.00499999999631002,0.0376196157334627));
#5202=CARTESIAN_POINT('',(0.07575,0.00500256292080248,0.0176196158976757));
#5203=CARTESIAN_POINT('',(0.006,0.00500256292080248,0.0176196158976757));
#5204=CARTESIAN_POINT('',(-0.00599999999999998,0.00500256292080248,0.0176196158976757));
#5205=CARTESIAN_POINT('',(0.006,0.00499999999631002,0.0376196157334627));
#5206=CARTESIAN_POINT('',(-0.00599999999999998,0.00499999999631002,0.0376196157334627));
#5207=CARTESIAN_POINT('',(0.07575,0.00499999999631002,0.0376196157334627));
#5208=CARTESIAN_POINT('',(0.07575,0.00500256292080248,0.0176196158976757));
#5209=CARTESIAN_POINT('',(-0.0255,0.00500256292080248,0.0176196158976757));
#5210=CARTESIAN_POINT('',(-0.0375,0.00500256292080248,0.0176196158976757));
#5211=CARTESIAN_POINT('',(-0.0255,0.00499999999631002,0.0376196157334627));
#5212=CARTESIAN_POINT('',(-0.0375,0.00499999999631002,0.0376196157334627));
#5213=CARTESIAN_POINT('',(0.07575,0.00499999999663374,-0.0376196330617301));
#5214=CARTESIAN_POINT('',(0.07575,-0.015,-0.0376199999999998));
#5215=CARTESIAN_POINT('',(0.069,-0.015,-0.0376199999999998));
#5216=CARTESIAN_POINT('',(0.057,-0.015,-0.0376199999999998));
#5217=CARTESIAN_POINT('',(0.069,0.00499999999663374,-0.0376196330617301));
#5218=CARTESIAN_POINT('',(0.069,0.00500244729818442,-0.0176196332114624));
#5219=CARTESIAN_POINT('',(0.07575,0.00500244729818442,-0.0176196332114624));
#5220=CARTESIAN_POINT('',(0.057,0.00500244729818442,-0.0176196332114624));
#5221=CARTESIAN_POINT('',(0.057,0.00499999999663374,-0.0376196330617301));
#5222=CARTESIAN_POINT('',(0.07575,0.00499999999663374,-0.0376196330617301));
#5223=CARTESIAN_POINT('',(0.07575,-0.015,-0.0376199999999998));
#5224=CARTESIAN_POINT('',(0.0375,-0.015,-0.0376199999999998));
#5225=CARTESIAN_POINT('',(0.0255,-0.015,-0.0376199999999998));
#5226=CARTESIAN_POINT('',(0.0375,0.00499999999663374,-0.0376196330617301));
#5227=CARTESIAN_POINT('',(0.0375,0.00500244729818442,-0.0176196332114624));
#5228=CARTESIAN_POINT('',(0.07575,0.00500244729818442,-0.0176196332114624));
#5229=CARTESIAN_POINT('',(0.0255,0.00500244729818442,-0.0176196332114624));
#5230=CARTESIAN_POINT('',(0.0255,0.00499999999663374,-0.0376196330617301));
#5231=CARTESIAN_POINT('',(0.07575,0.00499999999663374,-0.0376196330617301));
#5232=CARTESIAN_POINT('',(0.07575,-0.015,-0.0376199999999998));
#5233=CARTESIAN_POINT('',(0.006,-0.015,-0.0376199999999998));
#5234=CARTESIAN_POINT('',(-0.00599999999999998,-0.015,-0.0376199999999998));
#5235=CARTESIAN_POINT('',(0.006,0.00499999999663374,-0.0376196330617301));
#5236=CARTESIAN_POINT('',(0.006,0.00500244729818442,-0.0176196332114624));
#5237=CARTESIAN_POINT('',(0.07575,0.00500244729818442,-0.0176196332114624));
#5238=CARTESIAN_POINT('',(-0.00599999999999998,0.00500244729818442,-0.0176196332114624));
#5239=CARTESIAN_POINT('',(-0.00599999999999998,0.00499999999663374,-0.0376196330617301));
#5240=CARTESIAN_POINT('',(0.07575,0.00499999999663374,-0.0376196330617301));
#5241=CARTESIAN_POINT('',(0.07575,-0.015,-0.0376199999999998));
#5242=CARTESIAN_POINT('',(-0.0255,-0.015,-0.0376199999999998));
#5243=CARTESIAN_POINT('',(-0.0375,-0.015,-0.0376199999999998));
#5244=CARTESIAN_POINT('',(-0.0255,0.00499999999663374,-0.0376196330617301));
#5245=CARTESIAN_POINT('',(-0.0255,0.00500244729818442,-0.0176196332114624));
#5246=CARTESIAN_POINT('',(0.07575,0.00500244729818442,-0.0176196332114624));
#5247=CARTESIAN_POINT('',(-0.0375,0.00500244729818442,-0.0176196332114624));
#5248=CARTESIAN_POINT('',(-0.0375,0.00499999999663374,-0.0376196330617301));
#5249=CARTESIAN_POINT('',(0.07575,-0.015,-0.0376199999999998));
#5250=CARTESIAN_POINT('',(0.07575,-0.015,-0.090000000000004));
#5251=CARTESIAN_POINT('',(0.069,-0.015,-0.090000000000004));
#5252=CARTESIAN_POINT('',(0.057,-0.015,-0.090000000000004));
#5253=CARTESIAN_POINT('',(0.069,-0.015,-0.0376199999999998));
#5254=CARTESIAN_POINT('',(0.057,-0.015,-0.0376199999999998));
#5255=CARTESIAN_POINT('',(0.07575,-0.015,-0.0376199999999998));
#5256=CARTESIAN_POINT('',(0.07575,-0.015,-0.090000000000004));
#5257=CARTESIAN_POINT('',(0.0375,-0.015,-0.090000000000004));
#5258=CARTESIAN_POINT('',(0.0255,-0.015,-0.090000000000004));
#5259=CARTESIAN_POINT('',(0.0375,-0.015,-0.0376199999999998));
#5260=CARTESIAN_POINT('',(0.0255,-0.015,-0.0376199999999998));
#5261=CARTESIAN_POINT('',(0.07575,-0.015,-0.0376199999999998));
#5262=CARTESIAN_POINT('',(0.07575,-0.015,-0.090000000000004));
#5263=CARTESIAN_POINT('',(0.006,-0.015,-0.090000000000004));
#5264=CARTESIAN_POINT('',(-0.00599999999999998,-0.015,-0.090000000000004));
#5265=CARTESIAN_POINT('',(0.006,-0.015,-0.0376199999999998));
#5266=CARTESIAN_POINT('',(-0.00599999999999998,-0.015,-0.0376199999999998));
#5267=CARTESIAN_POINT('',(0.07575,-0.015,-0.0376199999999998));
#5268=CARTESIAN_POINT('',(0.07575,-0.015,-0.090000000000004));
#5269=CARTESIAN_POINT('',(-0.0255,-0.015,-0.090000000000004));
#5270=CARTESIAN_POINT('',(-0.0375,-0.015,-0.090000000000004));
#5271=CARTESIAN_POINT('',(-0.0255,-0.015,-0.0376199999999998));
#5272=CARTESIAN_POINT('',(-0.0375,-0.015,-0.0376199999999998));
#5273=CARTESIAN_POINT('',(0.07575,-0.015,-0.090000000000004));
#5274=CARTESIAN_POINT('',(0.07575,-0.003,-0.090000000000004));
#5275=CARTESIAN_POINT('',(0.069,-0.003,-0.090000000000004));
#5276=CARTESIAN_POINT('',(0.057,-0.003,-0.090000000000004));
#5277=CARTESIAN_POINT('',(0.069,-0.015,-0.090000000000004));
#5278=CARTESIAN_POINT('',(0.057,-0.015,-0.090000000000004));
#5279=CARTESIAN_POINT('',(0.07575,-0.015,-0.090000000000004));
#5280=CARTESIAN_POINT('',(0.07575,-0.003,-0.090000000000004));
#5281=CARTESIAN_POINT('',(0.0375,-0.003,-0.090000000000004));
#5282=CARTESIAN_POINT('',(0.0255,-0.003,-0.090000000000004));
#5283=CARTESIAN_POINT('',(0.0375,-0.015,-0.090000000000004));
#5284=CARTESIAN_POINT('',(0.0255,-0.015,-0.090000000000004));
#5285=CARTESIAN_POINT('',(0.07575,-0.015,-0.090000000000004));
#5286=CARTESIAN_POINT('',(0.07575,-0.003,-0.090000000000004));
#5287=CARTESIAN_POINT('',(0.006,-0.003,-0.090000000000004));
#5288=CARTESIAN_POINT('',(-0.00599999999999998,-0.003,-0.090000000000004));
#5289=CARTESIAN_POINT('',(0.006,-0.015,-0.090000000000004));
#5290=CARTESIAN_POINT('',(-0.00599999999999998,-0.015,-0.090000000000004));
#5291=CARTESIAN_POINT('',(0.07575,-0.015,-0.090000000000004));
#5292=CARTESIAN_POINT('',(0.07575,-0.003,-0.090000000000004));
#5293=CARTESIAN_POINT('',(-0.0255,-0.003,-0.090000000000004));
#5294=CARTESIAN_POINT('',(-0.0375,-0.003,-0.090000000000004));
#5295=CARTESIAN_POINT('',(-0.0255,-0.015,-0.090000000000004));
#5296=CARTESIAN_POINT('',(-0.0375,-0.015,-0.090000000000004));
#5297=CARTESIAN_POINT('',(0.07575,-0.003,-0.090000000000004));
#5298=CARTESIAN_POINT('',(0.07575,-0.003,-0.0376200000000013));
#5299=CARTESIAN_POINT('',(0.069,-0.003,-0.0376200000000013));
#5300=CARTESIAN_POINT('',(0.057,-0.003,-0.0376200000000013));
#5301=CARTESIAN_POINT('',(0.069,-0.003,-0.090000000000004));
#5302=CARTESIAN_POINT('',(0.057,-0.003,-0.090000000000004));
#5303=CARTESIAN_POINT('',(0.07575,-0.003,-0.090000000000004));
#5304=CARTESIAN_POINT('',(0.07575,-0.003,-0.0376200000000013));
#5305=CARTESIAN_POINT('',(0.0375,-0.003,-0.0376200000000013));
#5306=CARTESIAN_POINT('',(0.0255,-0.003,-0.0376200000000013));
#5307=CARTESIAN_POINT('',(0.0375,-0.003,-0.090000000000004));
#5308=CARTESIAN_POINT('',(0.0255,-0.003,-0.090000000000004));
#5309=CARTESIAN_POINT('',(0.07575,-0.003,-0.090000000000004));
#5310=CARTESIAN_POINT('',(0.07575,-0.003,-0.0376200000000013));
#5311=CARTESIAN_POINT('',(0.006,-0.003,-0.0376200000000013));
#5312=CARTESIAN_POINT('',(-0.00599999999999998,-0.003,-0.0376200000000013));
#5313=CARTESIAN_POINT('',(0.006,-0.003,-0.090000000000004));
#5314=CARTESIAN_POINT('',(-0.00599999999999998,-0.003,-0.090000000000004));
#5315=CARTESIAN_POINT('',(0.07575,-0.003,-0.090000000000004));
#5316=CARTESIAN_POINT('',(0.07575,-0.003,-0.0376200000000013));
#5317=CARTESIAN_POINT('',(-0.0255,-0.003,-0.0376200000000013));
#5318=CARTESIAN_POINT('',(-0.0375,-0.003,-0.0376200000000013));
#5319=CARTESIAN_POINT('',(-0.0255,-0.003,-0.090000000000004));
#5320=CARTESIAN_POINT('',(-0.0375,-0.003,-0.090000000000004));
#5321=CARTESIAN_POINT('',(0.07575,0.0050000000000013,-0.0376200000000013));
#5322=CARTESIAN_POINT('',(0.069,0.0050000000000013,-0.0376200000000013));
#5323=CARTESIAN_POINT('',(0.069,0.0050000000000013,-0.02962));
#5324=CARTESIAN_POINT('',(0.057,0.0050000000000013,-0.0376200000000013));
#5325=CARTESIAN_POINT('',(0.057,0.0050000000000013,-0.02962));
#5326=CARTESIAN_POINT('',(0.07575,0.0050000000000013,-0.02962));
#5327=CARTESIAN_POINT('',(0.07575,0.0050000000000013,-0.0376200000000013));
#5328=CARTESIAN_POINT('',(0.0375,0.0050000000000013,-0.0376200000000013));
#5329=CARTESIAN_POINT('',(0.0375,0.0050000000000013,-0.02962));
#5330=CARTESIAN_POINT('',(0.0255,0.0050000000000013,-0.0376200000000013));
#5331=CARTESIAN_POINT('',(0.0255,0.0050000000000013,-0.02962));
#5332=CARTESIAN_POINT('',(0.07575,0.0050000000000013,-0.02962));
#5333=CARTESIAN_POINT('',(0.07575,0.0050000000000013,-0.0376200000000013));
#5334=CARTESIAN_POINT('',(0.006,0.0050000000000013,-0.0376200000000013));
#5335=CARTESIAN_POINT('',(0.00600000000000002,0.0050000000000013,-0.02962));
#5336=CARTESIAN_POINT('',(-0.00599999999999998,0.0050000000000013,-0.0376200000000013));
#5337=CARTESIAN_POINT('',(-0.00599999999999998,0.0050000000000013,-0.02962));
#5338=CARTESIAN_POINT('',(0.07575,0.0050000000000013,-0.02962));
#5339=CARTESIAN_POINT('',(0.07575,0.0050000000000013,-0.0376200000000013));
#5340=CARTESIAN_POINT('',(-0.0255,0.0050000000000013,-0.0376200000000013));
#5341=CARTESIAN_POINT('',(-0.0254999999999999,0.0050000000000013,-0.02962));
#5342=CARTESIAN_POINT('',(-0.0375,0.0050000000000013,-0.0376200000000013));
#5343=CARTESIAN_POINT('',(-0.0375,0.0050000000000013,-0.02962));
#5344=CARTESIAN_POINT('',(0.07575,0.0050000000000013,-0.02962));
#5345=CARTESIAN_POINT('',(0.07575,0.030790855075325,-0.033399134447192));
#5346=CARTESIAN_POINT('',(0.07575,0.030790855075325,-0.029622));
#5347=CARTESIAN_POINT('',(-0.057,0.030790855075325,-0.029622));
#5348=CARTESIAN_POINT('',(-0.069,0.030790855075325,-0.029622));
#5349=CARTESIAN_POINT('',(-0.057,0.030790855075325,-0.033399134447192));
#5350=CARTESIAN_POINT('',(-0.057,0.030790855075325,-0.033399134447192));
#5351=CARTESIAN_POINT('',(0.07575,0.030790855075325,-0.033399134447192));
#5352=CARTESIAN_POINT('',(-0.069,0.030790855075325,-0.033399134447192));
#5353=CARTESIAN_POINT('',(-0.069,0.030790855075325,-0.033399134447192));
#5354=CARTESIAN_POINT('',(0.07575,0.030790855075325,-0.033399134447192));
#5355=CARTESIAN_POINT('',(0.07575,0.030790855075325,-0.033399134447192));
#5356=CARTESIAN_POINT('',(-0.0255,0.030790855075325,-0.033399134447192));
#5357=CARTESIAN_POINT('',(-0.0375,0.030790855075325,-0.033399134447192));
#5358=CARTESIAN_POINT('',(-0.0375,0.030790855075325,-0.033399134447192));
#5359=CARTESIAN_POINT('',(-0.0375,0.030790855075325,-0.029622));
#5360=CARTESIAN_POINT('',(0.07575,0.030790855075325,-0.029622));
#5361=CARTESIAN_POINT('',(-0.0255,0.030790855075325,-0.029622));
#5362=CARTESIAN_POINT('',(-0.0255,0.030790855075325,-0.033399134447192));
#5363=CARTESIAN_POINT('',(0.07575,0.030790855075325,-0.033399134447192));
#5364=CARTESIAN_POINT('',(0.07575,0.030790855075325,-0.033399134447192));
#5365=CARTESIAN_POINT('',(0.006,0.030790855075325,-0.033399134447192));
#5366=CARTESIAN_POINT('',(-0.00599999999999998,0.030790855075325,-0.033399134447192));
#5367=CARTESIAN_POINT('',(-0.00599999999999998,0.030790855075325,-0.033399134447192));
#5368=CARTESIAN_POINT('',(-0.00599999999999998,0.030790855075325,-0.029622));
#5369=CARTESIAN_POINT('',(0.07575,0.030790855075325,-0.029622));
#5370=CARTESIAN_POINT('',(0.006,0.030790855075325,-0.029622));
#5371=CARTESIAN_POINT('',(0.006,0.030790855075325,-0.033399134447192));
#5372=CARTESIAN_POINT('',(0.07575,0.030790855075325,-0.033399134447192));
#5373=CARTESIAN_POINT('',(0.07575,0.030790855075325,-0.033399134447192));
#5374=CARTESIAN_POINT('',(0.0375,0.030790855075325,-0.033399134447192));
#5375=CARTESIAN_POINT('',(0.0255,0.030790855075325,-0.033399134447192));
#5376=CARTESIAN_POINT('',(0.0255,0.030790855075325,-0.033399134447192));
#5377=CARTESIAN_POINT('',(0.0255,0.030790855075325,-0.029622));
#5378=CARTESIAN_POINT('',(0.07575,0.030790855075325,-0.029622));
#5379=CARTESIAN_POINT('',(0.0375,0.030790855075325,-0.029622));
#5380=CARTESIAN_POINT('',(0.0375,0.030790855075325,-0.033399134447192));
#5381=CARTESIAN_POINT('',(0.07575,0.030790855075325,-0.029622));
#5382=CARTESIAN_POINT('',(0.07575,0.127,-0.029622));
#5383=CARTESIAN_POINT('',(-0.057,0.127,-0.029622));
#5384=CARTESIAN_POINT('',(-0.069,0.127,-0.029622));
#5385=CARTESIAN_POINT('',(-0.057,0.030790855075325,-0.029622));
#5386=CARTESIAN_POINT('',(-0.069,0.030790855075325,-0.029622));
#5387=CARTESIAN_POINT('',(0.07575,0.030790855075325,-0.029622));
#5388=CARTESIAN_POINT('',(-0.0375,0.030790855075325,-0.029622));
#5389=CARTESIAN_POINT('',(-0.0375,0.127,-0.029622));
#5390=CARTESIAN_POINT('',(0.07575,0.127,-0.029622));
#5391=CARTESIAN_POINT('',(-0.0255,0.127,-0.029622));
#5392=CARTESIAN_POINT('',(-0.0255,0.030790855075325,-0.029622));
#5393=CARTESIAN_POINT('',(0.07575,0.030790855075325,-0.029622));
#5394=CARTESIAN_POINT('',(-0.00599999999999998,0.030790855075325,-0.029622));
#5395=CARTESIAN_POINT('',(-0.00599999999999997,0.127,-0.029622));
#5396=CARTESIAN_POINT('',(0.07575,0.127,-0.029622));
#5397=CARTESIAN_POINT('',(0.00600000000000002,0.127,-0.029622));
#5398=CARTESIAN_POINT('',(0.006,0.030790855075325,-0.029622));
#5399=CARTESIAN_POINT('',(0.07575,0.030790855075325,-0.029622));
#5400=CARTESIAN_POINT('',(0.0255,0.030790855075325,-0.029622));
#5401=CARTESIAN_POINT('',(0.0255,0.127,-0.029622));
#5402=CARTESIAN_POINT('',(0.07575,0.127,-0.029622));
#5403=CARTESIAN_POINT('',(0.0375,0.127,-0.029622));
#5404=CARTESIAN_POINT('',(0.0375,0.030790855075325,-0.029622));
#5405=CARTESIAN_POINT('',(0.07575,0.127,-0.029622));
#5406=CARTESIAN_POINT('',(-0.0207499999999999,0.17525,0.0186280000000001));
#5407=CARTESIAN_POINT('',(-0.066,0.13,-0.026622));
#5408=CARTESIAN_POINT('',(0.07575,0.13,-0.026622));
#5409=CARTESIAN_POINT('',(-0.06,0.13,-0.026622));
#5410=CARTESIAN_POINT('',(-0.0127499999999997,0.08275,-0.0738720000000001));
#5411=CARTESIAN_POINT('',(0.07575,0.127,-0.029622));
#5412=CARTESIAN_POINT('',(0.000250000000000078,0.16475,0.00812800000000006));
#5413=CARTESIAN_POINT('',(-0.0345,0.13,-0.026622));
#5414=CARTESIAN_POINT('',(0.07575,0.13,-0.026622));
#5415=CARTESIAN_POINT('',(-0.0285,0.13,-0.026622));
#5416=CARTESIAN_POINT('',(0.00825000000000016,0.09325,-0.0633720000000001));
#5417=CARTESIAN_POINT('',(0.07575,0.127,-0.029622));
#5418=CARTESIAN_POINT('',(0.0212500000000001,0.15425,-0.00237199999999996));
#5419=CARTESIAN_POINT('',(-0.00299999999999997,0.13,-0.026622));
#5420=CARTESIAN_POINT('',(0.07575,0.13,-0.026622));
#5421=CARTESIAN_POINT('',(0.003,0.13,-0.026622));
#5422=CARTESIAN_POINT('',(0.0292500000000001,0.10375,-0.052872));
#5423=CARTESIAN_POINT('',(0.07575,0.127,-0.029622));
#5424=CARTESIAN_POINT('',(0.04225,0.14375,-0.012872));
#5425=CARTESIAN_POINT('',(0.0285,0.13,-0.026622));
#5426=CARTESIAN_POINT('',(0.07575,0.13,-0.026622));
#5427=CARTESIAN_POINT('',(0.0345,0.13,-0.026622));
#5428=CARTESIAN_POINT('',(0.05025,0.11425,-0.042372));
#5429=CARTESIAN_POINT('',(0.07575,0.13,-0.026622));
#5430=CARTESIAN_POINT('',(-0.066,0.13,0.126));
#5431=CARTESIAN_POINT('',(-0.066,0.13,-0.020622));
#5432=CARTESIAN_POINT('',(0.07575,0.13,-0.020622));
#5433=CARTESIAN_POINT('',(-0.06,0.13,-0.020622));
#5434=CARTESIAN_POINT('',(-0.06,0.13,0.126));
#5435=CARTESIAN_POINT('',(0.07575,0.13,-0.026622));
#5436=CARTESIAN_POINT('',(-0.0345,0.13,0.126));
#5437=CARTESIAN_POINT('',(-0.0345,0.13,-0.020622));
#5438=CARTESIAN_POINT('',(0.07575,0.13,-0.020622));
#5439=CARTESIAN_POINT('',(-0.0285,0.13,-0.020622));
#5440=CARTESIAN_POINT('',(-0.0285,0.13,0.126));
#5441=CARTESIAN_POINT('',(0.07575,0.13,-0.026622));
#5442=CARTESIAN_POINT('',(-0.00299999999999997,0.13,0.126));
#5443=CARTESIAN_POINT('',(-0.00299999999999997,0.13,-0.020622));
#5444=CARTESIAN_POINT('',(0.07575,0.13,-0.020622));
#5445=CARTESIAN_POINT('',(0.003,0.13,-0.020622));
#5446=CARTESIAN_POINT('',(0.003,0.13,0.126));
#5447=CARTESIAN_POINT('',(0.07575,0.13,-0.026622));
#5448=CARTESIAN_POINT('',(0.0285,0.13,0.126));
#5449=CARTESIAN_POINT('',(0.0285,0.13,-0.020622));
#5450=CARTESIAN_POINT('',(0.07575,0.13,-0.020622));
#5451=CARTESIAN_POINT('',(0.0345,0.13,-0.020622));
#5452=CARTESIAN_POINT('',(0.0345,0.13,0.126));
#5453=CARTESIAN_POINT('',(0.07575,0.13,-0.020622));
#5454=CARTESIAN_POINT('',(-0.0187499999999999,0.17725,-0.0678720000000001));
#5455=CARTESIAN_POINT('',(-0.069,0.127,-0.017622));
#5456=CARTESIAN_POINT('',(0.07575,0.127,-0.017622));
#5457=CARTESIAN_POINT('',(-0.057,0.127,-0.017622));
#5458=CARTESIAN_POINT('',(-0.0147499999999997,0.08475,0.0246280000000001));
#5459=CARTESIAN_POINT('',(0.07575,0.13,-0.020622));
#5460=CARTESIAN_POINT('',(0.00225000000000007,0.16675,-0.0573720000000001));
#5461=CARTESIAN_POINT('',(-0.0375,0.127,-0.017622));
#5462=CARTESIAN_POINT('',(0.07575,0.127,-0.017622));
#5463=CARTESIAN_POINT('',(-0.0255,0.127,-0.017622));
#5464=CARTESIAN_POINT('',(0.00625000000000016,0.09525,0.0141280000000001));
#5465=CARTESIAN_POINT('',(0.07575,0.13,-0.020622));
#5466=CARTESIAN_POINT('',(0.0232500000000001,0.15625,-0.046872));
#5467=CARTESIAN_POINT('',(-0.00599999999999998,0.127,-0.017622));
#5468=CARTESIAN_POINT('',(0.07575,0.127,-0.017622));
#5469=CARTESIAN_POINT('',(0.00600000000000001,0.127,-0.017622));
#5470=CARTESIAN_POINT('',(0.0272500000000001,0.10575,0.00362800000000004));
#5471=CARTESIAN_POINT('',(0.07575,0.13,-0.020622));
#5472=CARTESIAN_POINT('',(0.04425,0.14575,-0.036372));
#5473=CARTESIAN_POINT('',(0.0255,0.127,-0.017622));
#5474=CARTESIAN_POINT('',(0.07575,0.127,-0.017622));
#5475=CARTESIAN_POINT('',(0.0375,0.127,-0.017622));
#5476=CARTESIAN_POINT('',(0.04825,0.11625,-0.00687199999999997));
#5477=CARTESIAN_POINT('',(0.07575,0.127,-0.017622));
#5478=CARTESIAN_POINT('',(0.07575,0.030790855075325,-0.017622));
#5479=CARTESIAN_POINT('',(-0.057,0.030790855075325,-0.017622));
#5480=CARTESIAN_POINT('',(-0.069,0.030790855075325,-0.017622));
#5481=CARTESIAN_POINT('',(-0.057,0.127,-0.017622));
#5482=CARTESIAN_POINT('',(-0.069,0.127,-0.017622));
#5483=CARTESIAN_POINT('',(0.07575,0.127,-0.017622));
#5484=CARTESIAN_POINT('',(-0.0375,0.127,-0.017622));
#5485=CARTESIAN_POINT('',(-0.0375,0.030790855075325,-0.017622));
#5486=CARTESIAN_POINT('',(0.07575,0.030790855075325,-0.017622));
#5487=CARTESIAN_POINT('',(-0.0255,0.030790855075325,-0.017622));
#5488=CARTESIAN_POINT('',(-0.0255,0.127,-0.017622));
#5489=CARTESIAN_POINT('',(0.07575,0.127,-0.017622));
#5490=CARTESIAN_POINT('',(-0.00599999999999998,0.127,-0.017622));
#5491=CARTESIAN_POINT('',(-0.00599999999999998,0.030790855075325,-0.017622));
#5492=CARTESIAN_POINT('',(0.07575,0.030790855075325,-0.017622));
#5493=CARTESIAN_POINT('',(0.006,0.030790855075325,-0.017622));
#5494=CARTESIAN_POINT('',(0.006,0.127,-0.017622));
#5495=CARTESIAN_POINT('',(0.07575,0.127,-0.017622));
#5496=CARTESIAN_POINT('',(0.0255,0.127,-0.017622));
#5497=CARTESIAN_POINT('',(0.0255,0.030790855075325,-0.017622));
#5498=CARTESIAN_POINT('',(0.07575,0.030790855075325,-0.017622));
#5499=CARTESIAN_POINT('',(0.0375,0.030790855075325,-0.017622));
#5500=CARTESIAN_POINT('',(0.0375,0.127,-0.017622));
#5501=CARTESIAN_POINT('',(0.07575,0.030790855075325,-0.017622));
#5502=CARTESIAN_POINT('',(0.07575,0.030790855075325,0.017622094488189));
#5503=CARTESIAN_POINT('',(-0.057,0.030790855075325,0.017622094488189));
#5504=CARTESIAN_POINT('',(-0.069,0.030790855075325,0.017622094488189));
#5505=CARTESIAN_POINT('',(-0.057,0.030790855075325,-0.017622));
#5506=CARTESIAN_POINT('',(-0.069,0.030790855075325,-0.017622));
#5507=CARTESIAN_POINT('',(0.07575,0.030790855075325,-0.017622));
#5508=CARTESIAN_POINT('',(-0.0375,0.030790855075325,-0.017622));
#5509=CARTESIAN_POINT('',(-0.0375,0.030790855075325,0.017622094488189));
#5510=CARTESIAN_POINT('',(0.07575,0.030790855075325,0.017622094488189));
#5511=CARTESIAN_POINT('',(-0.0255,0.030790855075325,0.017622094488189));
#5512=CARTESIAN_POINT('',(-0.0255,0.030790855075325,-0.017622));
#5513=CARTESIAN_POINT('',(0.07575,0.030790855075325,-0.017622));
#5514=CARTESIAN_POINT('',(-0.00599999999999998,0.030790855075325,-0.017622));
#5515=CARTESIAN_POINT('',(-0.00599999999999998,0.030790855075325,0.017622094488189));
#5516=CARTESIAN_POINT('',(0.07575,0.030790855075325,0.017622094488189));
#5517=CARTESIAN_POINT('',(0.006,0.030790855075325,0.017622094488189));
#5518=CARTESIAN_POINT('',(0.006,0.030790855075325,-0.017622));
#5519=CARTESIAN_POINT('',(0.07575,0.030790855075325,-0.017622));
#5520=CARTESIAN_POINT('',(0.0255,0.030790855075325,-0.017622));
#5521=CARTESIAN_POINT('',(0.0255,0.030790855075325,0.017622094488189));
#5522=CARTESIAN_POINT('',(0.07575,0.030790855075325,0.017622094488189));
#5523=CARTESIAN_POINT('',(0.0375,0.030790855075325,0.017622094488189));
#5524=CARTESIAN_POINT('',(0.0375,0.030790855075325,-0.017622));
#5525=CARTESIAN_POINT('',(0.07575,0.030790855075325,0.017622094488189));
#5526=CARTESIAN_POINT('',(0.07575,0.127,0.017622094488189));
#5527=CARTESIAN_POINT('',(-0.057,0.127,0.0176220944881889));
#5528=CARTESIAN_POINT('',(-0.069,0.127,0.017622094488189));
#5529=CARTESIAN_POINT('',(-0.057,0.030790855075325,0.017622094488189));
#5530=CARTESIAN_POINT('',(-0.069,0.030790855075325,0.017622094488189));
#5531=CARTESIAN_POINT('',(0.07575,0.030790855075325,0.017622094488189));
#5532=CARTESIAN_POINT('',(-0.0375,0.030790855075325,0.017622094488189));
#5533=CARTESIAN_POINT('',(-0.0375,0.127,0.017622094488189));
#5534=CARTESIAN_POINT('',(0.07575,0.127,0.017622094488189));
#5535=CARTESIAN_POINT('',(-0.0255,0.127,0.017622094488189));
#5536=CARTESIAN_POINT('',(-0.0255,0.030790855075325,0.017622094488189));
#5537=CARTESIAN_POINT('',(0.07575,0.030790855075325,0.017622094488189));
#5538=CARTESIAN_POINT('',(-0.00599999999999998,0.030790855075325,0.017622094488189));
#5539=CARTESIAN_POINT('',(-0.00599999999999998,0.127,0.017622094488189));
#5540=CARTESIAN_POINT('',(0.07575,0.127,0.017622094488189));
#5541=CARTESIAN_POINT('',(0.00600000000000001,0.127,0.017622094488189));
#5542=CARTESIAN_POINT('',(0.006,0.030790855075325,0.017622094488189));
#5543=CARTESIAN_POINT('',(0.07575,0.030790855075325,0.017622094488189));
#5544=CARTESIAN_POINT('',(0.0255,0.030790855075325,0.017622094488189));
#5545=CARTESIAN_POINT('',(0.0255,0.127,0.017622094488189));
#5546=CARTESIAN_POINT('',(0.07575,0.127,0.017622094488189));
#5547=CARTESIAN_POINT('',(0.0375,0.127,0.017622094488189));
#5548=CARTESIAN_POINT('',(0.0375,0.030790855075325,0.017622094488189));
#5549=CARTESIAN_POINT('',(0.07575,0.127,0.017622094488189));
#5550=CARTESIAN_POINT('',(-0.0207499999999999,0.17525,0.0658720944881891));
#5551=CARTESIAN_POINT('',(-0.066,0.13,0.020622094488189));
#5552=CARTESIAN_POINT('',(0.07575,0.13,0.020622094488189));
#5553=CARTESIAN_POINT('',(-0.06,0.13,0.020622094488189));
#5554=CARTESIAN_POINT('',(-0.0127499999999997,0.08275,-0.0266279055118111));
#5555=CARTESIAN_POINT('',(0.07575,0.127,0.017622094488189));
#5556=CARTESIAN_POINT('',(0.000250000000000095,0.16475,0.055372094488189));
#5557=CARTESIAN_POINT('',(-0.0345,0.13,0.020622094488189));
#5558=CARTESIAN_POINT('',(0.07575,0.13,0.020622094488189));
#5559=CARTESIAN_POINT('',(-0.0285,0.13,0.020622094488189));
#5560=CARTESIAN_POINT('',(0.00825000000000018,0.09325,-0.0161279055118111));
#5561=CARTESIAN_POINT('',(0.07575,0.127,0.017622094488189));
#5562=CARTESIAN_POINT('',(0.0212500000000001,0.15425,0.044872094488189));
#5563=CARTESIAN_POINT('',(-0.00299999999999997,0.13,0.020622094488189));
#5564=CARTESIAN_POINT('',(0.07575,0.13,0.020622094488189));
#5565=CARTESIAN_POINT('',(0.003,0.13,0.020622094488189));
#5566=CARTESIAN_POINT('',(0.0292500000000001,0.10375,-0.00562790551181103));
#5567=CARTESIAN_POINT('',(0.07575,0.127,0.017622094488189));
#5568=CARTESIAN_POINT('',(0.04225,0.14375,0.034372094488189));
#5569=CARTESIAN_POINT('',(0.0285,0.13,0.020622094488189));
#5570=CARTESIAN_POINT('',(0.07575,0.13,0.020622094488189));
#5571=CARTESIAN_POINT('',(0.0345,0.13,0.020622094488189));
#5572=CARTESIAN_POINT('',(0.05025,0.11425,0.00487209448818898));
#5573=CARTESIAN_POINT('',(0.07575,0.13,0.020622094488189));
#5574=CARTESIAN_POINT('',(-0.066,0.13,0.126));
#5575=CARTESIAN_POINT('',(-0.066,0.13,0.026622094488189));
#5576=CARTESIAN_POINT('',(0.07575,0.13,0.026622094488189));
#5577=CARTESIAN_POINT('',(-0.06,0.13,0.026622094488189));
#5578=CARTESIAN_POINT('',(-0.06,0.13,0.126));
#5579=CARTESIAN_POINT('',(0.07575,0.13,0.020622094488189));
#5580=CARTESIAN_POINT('',(-0.0345,0.13,0.126));
#5581=CARTESIAN_POINT('',(-0.0345,0.13,0.026622094488189));
#5582=CARTESIAN_POINT('',(0.07575,0.13,0.026622094488189));
#5583=CARTESIAN_POINT('',(-0.0285,0.13,0.026622094488189));
#5584=CARTESIAN_POINT('',(-0.0285,0.13,0.126));
#5585=CARTESIAN_POINT('',(0.07575,0.13,0.020622094488189));
#5586=CARTESIAN_POINT('',(-0.00299999999999997,0.13,0.126));
#5587=CARTESIAN_POINT('',(-0.00299999999999997,0.13,0.026622094488189));
#5588=CARTESIAN_POINT('',(0.07575,0.13,0.026622094488189));
#5589=CARTESIAN_POINT('',(0.003,0.13,0.026622094488189));
#5590=CARTESIAN_POINT('',(0.003,0.13,0.126));
#5591=CARTESIAN_POINT('',(0.07575,0.13,0.020622094488189));
#5592=CARTESIAN_POINT('',(0.0285,0.13,0.126));
#5593=CARTESIAN_POINT('',(0.0285,0.13,0.026622094488189));
#5594=CARTESIAN_POINT('',(0.07575,0.13,0.026622094488189));
#5595=CARTESIAN_POINT('',(0.0345,0.13,0.026622094488189));
#5596=CARTESIAN_POINT('',(0.0345,0.13,0.126));
#5597=CARTESIAN_POINT('',(0.07575,0.13,0.026622094488189));
#5598=CARTESIAN_POINT('',(-0.0187499999999999,0.17725,-0.0206279055118111));
#5599=CARTESIAN_POINT('',(-0.069,0.127,0.029622094488189));
#5600=CARTESIAN_POINT('',(0.07575,0.127,0.029622094488189));
#5601=CARTESIAN_POINT('',(-0.057,0.127,0.029622094488189));
#5602=CARTESIAN_POINT('',(-0.0147499999999997,0.08475,0.0718720944881891));
#5603=CARTESIAN_POINT('',(0.07575,0.13,0.026622094488189));
#5604=CARTESIAN_POINT('',(0.00225000000000007,0.16675,-0.0101279055118111));
#5605=CARTESIAN_POINT('',(-0.0375,0.127,0.029622094488189));
#5606=CARTESIAN_POINT('',(0.07575,0.127,0.029622094488189));
#5607=CARTESIAN_POINT('',(-0.0255,0.127,0.029622094488189));
#5608=CARTESIAN_POINT('',(0.00625000000000016,0.09525,0.0613720944881891));
#5609=CARTESIAN_POINT('',(0.07575,0.13,0.026622094488189));
#5610=CARTESIAN_POINT('',(0.0232500000000001,0.15625,0.00037209448818896));
#5611=CARTESIAN_POINT('',(-0.00599999999999998,0.127,0.029622094488189));
#5612=CARTESIAN_POINT('',(0.07575,0.127,0.029622094488189));
#5613=CARTESIAN_POINT('',(0.00600000000000001,0.127,0.029622094488189));
#5614=CARTESIAN_POINT('',(0.0272500000000001,0.10575,0.050872094488189));
#5615=CARTESIAN_POINT('',(0.07575,0.13,0.026622094488189));
#5616=CARTESIAN_POINT('',(0.04425,0.14575,0.010872094488189));
#5617=CARTESIAN_POINT('',(0.0255,0.127,0.029622094488189));
#5618=CARTESIAN_POINT('',(0.07575,0.127,0.029622094488189));
#5619=CARTESIAN_POINT('',(0.0375,0.127,0.029622094488189));
#5620=CARTESIAN_POINT('',(0.04825,0.11625,0.040372094488189));
#5621=CARTESIAN_POINT('',(0.07575,0.127,0.029622094488189));
#5622=CARTESIAN_POINT('',(0.07575,0.030790855075325,0.029622094488189));
#5623=CARTESIAN_POINT('',(-0.057,0.030790855075325,0.029622094488189));
#5624=CARTESIAN_POINT('',(-0.069,0.030790855075325,0.029622094488189));
#5625=CARTESIAN_POINT('',(-0.057,0.127,0.029622094488189));
#5626=CARTESIAN_POINT('',(-0.069,0.127,0.029622094488189));
#5627=CARTESIAN_POINT('',(0.07575,0.127,0.029622094488189));
#5628=CARTESIAN_POINT('',(-0.0375,0.127,0.029622094488189));
#5629=CARTESIAN_POINT('',(-0.0375,0.030790855075325,0.029622094488189));
#5630=CARTESIAN_POINT('',(0.07575,0.030790855075325,0.029622094488189));
#5631=CARTESIAN_POINT('',(-0.0255,0.030790855075325,0.029622094488189));
#5632=CARTESIAN_POINT('',(-0.0255,0.127,0.029622094488189));
#5633=CARTESIAN_POINT('',(0.07575,0.127,0.029622094488189));
#5634=CARTESIAN_POINT('',(-0.00599999999999998,0.127,0.029622094488189));
#5635=CARTESIAN_POINT('',(-0.00599999999999998,0.030790855075325,0.029622094488189));
#5636=CARTESIAN_POINT('',(0.07575,0.030790855075325,0.029622094488189));
#5637=CARTESIAN_POINT('',(0.006,0.030790855075325,0.029622094488189));
#5638=CARTESIAN_POINT('',(0.006,0.127,0.029622094488189));
#5639=CARTESIAN_POINT('',(0.07575,0.127,0.029622094488189));
#5640=CARTESIAN_POINT('',(0.0255,0.127,0.029622094488189));
#5641=CARTESIAN_POINT('',(0.0255,0.030790855075325,0.029622094488189));
#5642=CARTESIAN_POINT('',(0.07575,0.030790855075325,0.029622094488189));
#5643=CARTESIAN_POINT('',(0.0375,0.030790855075325,0.029622094488189));
#5644=CARTESIAN_POINT('',(0.0375,0.127,0.029622094488189));
#5645=CARTESIAN_POINT('',(0.07575,0.030790855075325,0.029622094488189));
#5646=CARTESIAN_POINT('',(0.07575,0.030790855075325,0.034165621840059));
#5647=CARTESIAN_POINT('',(-0.057,0.030790855075325,0.034165621840059));
#5648=CARTESIAN_POINT('',(-0.069,0.030790855075325,0.034165621840059));
#5649=CARTESIAN_POINT('',(-0.057,0.030790855075325,0.029622094488189));
#5650=CARTESIAN_POINT('',(-0.069,0.030790855075325,0.029622094488189));
#5651=CARTESIAN_POINT('',(0.07575,0.030790855075325,0.029622094488189));
#5652=CARTESIAN_POINT('',(-0.0375,0.030790855075325,0.029622094488189));
#5653=CARTESIAN_POINT('',(-0.0375,0.030790855075325,0.034165621840059));
#5654=CARTESIAN_POINT('',(0.07575,0.030790855075325,0.034165621840059));
#5655=CARTESIAN_POINT('',(-0.0255,0.030790855075325,0.034165621840059));
#5656=CARTESIAN_POINT('',(-0.0255,0.030790855075325,0.029622094488189));
#5657=CARTESIAN_POINT('',(0.07575,0.030790855075325,0.029622094488189));
#5658=CARTESIAN_POINT('',(-0.00599999999999998,0.030790855075325,0.029622094488189));
#5659=CARTESIAN_POINT('',(-0.00599999999999998,0.030790855075325,0.034165621840059));
#5660=CARTESIAN_POINT('',(0.07575,0.030790855075325,0.034165621840059));
#5661=CARTESIAN_POINT('',(0.006,0.030790855075325,0.034165621840059));
#5662=CARTESIAN_POINT('',(0.006,0.030790855075325,0.029622094488189));
#5663=CARTESIAN_POINT('',(0.07575,0.030790855075325,0.029622094488189));
#5664=CARTESIAN_POINT('',(0.0255,0.030790855075325,0.029622094488189));
#5665=CARTESIAN_POINT('',(0.0255,0.030790855075325,0.034165621840059));
#5666=CARTESIAN_POINT('',(0.07575,0.030790855075325,0.034165621840059));
#5667=CARTESIAN_POINT('',(0.0375,0.030790855075325,0.034165621840059));
#5668=CARTESIAN_POINT('',(0.0375,0.030790855075325,0.029622094488189));
#5669=CARTESIAN_POINT('',(0.07575,0.00499999999999961,0.0376199999999916));
#5670=CARTESIAN_POINT('',(0.069,0.00499999999999961,0.0376199999999916));
#5671=CARTESIAN_POINT('',(0.069,0.00499999999999959,0.029619999999992));
#5672=CARTESIAN_POINT('',(0.07575,0.00499999999999959,0.029619999999992));
#5673=CARTESIAN_POINT('',(0.057,0.00499999999999961,0.029619999999992));
#5674=CARTESIAN_POINT('',(0.057,0.00499999999999961,0.0376199999999916));
#5675=CARTESIAN_POINT('',(0.07575,0.00499999999999961,0.0376199999999916));
#5676=CARTESIAN_POINT('',(0.0375,0.00499999999999961,0.0376199999999916));
#5677=CARTESIAN_POINT('',(0.0375,0.00499999999999959,0.029619999999992));
#5678=CARTESIAN_POINT('',(0.07575,0.00499999999999959,0.029619999999992));
#5679=CARTESIAN_POINT('',(0.0255,0.00499999999999961,0.029619999999992));
#5680=CARTESIAN_POINT('',(0.0255,0.00499999999999961,0.0376199999999916));
#5681=CARTESIAN_POINT('',(0.07575,0.00499999999999961,0.0376199999999916));
#5682=CARTESIAN_POINT('',(0.006,0.00499999999999961,0.0376199999999916));
#5683=CARTESIAN_POINT('',(0.00600000000000002,0.00499999999999959,0.029619999999992));
#5684=CARTESIAN_POINT('',(0.07575,0.00499999999999959,0.029619999999992));
#5685=CARTESIAN_POINT('',(-0.00599999999999998,0.00499999999999961,0.029619999999992));
#5686=CARTESIAN_POINT('',(-0.00599999999999998,0.00499999999999961,0.0376199999999916));
#5687=CARTESIAN_POINT('',(0.07575,0.00499999999999961,0.0376199999999916));
#5688=CARTESIAN_POINT('',(-0.0255,0.00499999999999961,0.0376199999999916));
#5689=CARTESIAN_POINT('',(-0.0254999999999999,0.00499999999999959,0.029619999999992));
#5690=CARTESIAN_POINT('',(0.07575,0.00499999999999959,0.029619999999992));
#5691=CARTESIAN_POINT('',(-0.0375,0.00499999999999961,0.029619999999992));
#5692=CARTESIAN_POINT('',(-0.0375,0.00499999999999961,0.0376199999999916));
#5693=CARTESIAN_POINT('',(0.07575,-0.003,0.0376199999999916));
#5694=CARTESIAN_POINT('',(0.07575,-0.003,0.089999999999995));
#5695=CARTESIAN_POINT('',(-0.057,-0.003,0.089999999999995));
#5696=CARTESIAN_POINT('',(-0.069,-0.003,0.089999999999995));
#5697=CARTESIAN_POINT('',(-0.057,-0.003,0.0376199999999916));
#5698=CARTESIAN_POINT('',(-0.057,-0.003,0.0376199999999916));
#5699=CARTESIAN_POINT('',(0.07575,-0.003,0.0376199999999916));
#5700=CARTESIAN_POINT('',(-0.069,-0.003,0.0376199999999916));
#5701=CARTESIAN_POINT('',(-0.069,-0.003,0.0376199999999916));
#5702=CARTESIAN_POINT('',(0.07575,-0.003,0.089999999999995));
#5703=CARTESIAN_POINT('',(0.07575,-0.015,0.089999999999995));
#5704=CARTESIAN_POINT('',(-0.057,-0.015,0.089999999999995));
#5705=CARTESIAN_POINT('',(-0.069,-0.015,0.089999999999995));
#5706=CARTESIAN_POINT('',(-0.057,-0.003,0.089999999999995));
#5707=CARTESIAN_POINT('',(-0.069,-0.003,0.089999999999995));
#5708=CARTESIAN_POINT('',(0.07575,-0.015,0.089999999999995));
#5709=CARTESIAN_POINT('',(0.07575,-0.015,0.0376199999999925));
#5710=CARTESIAN_POINT('',(-0.057,-0.015,0.0376199999999925));
#5711=CARTESIAN_POINT('',(-0.069,-0.015,0.0376199999999925));
#5712=CARTESIAN_POINT('',(-0.057,-0.015,0.089999999999995));
#5713=CARTESIAN_POINT('',(-0.069,-0.015,0.089999999999995));
#5714=CARTESIAN_POINT('',(0.07575,0.00499999999631002,0.0376196157334627));
#5715=CARTESIAN_POINT('',(0.07575,0.00500256292080248,0.0176196158976757));
#5716=CARTESIAN_POINT('',(-0.057,0.00500256292080248,0.0176196158976757));
#5717=CARTESIAN_POINT('',(-0.069,0.00500256292080248,0.0176196158976757));
#5718=CARTESIAN_POINT('',(-0.057,0.00499999999631002,0.0376196157334627));
#5719=CARTESIAN_POINT('',(-0.069,0.00499999999631002,0.0376196157334627));
#5720=CARTESIAN_POINT('',(0.07575,0.0050025629208025,0.0176196158976757));
#5721=CARTESIAN_POINT('',(0.07575,0.0243448548398567,0.017622094488189));
#5722=CARTESIAN_POINT('',(0.069,0.0243448548398567,0.017622094488189));
#5723=CARTESIAN_POINT('',(-0.069,0.0243448548398567,0.017622094488189));
#5724=CARTESIAN_POINT('',(0.069,0.0050025629208025,0.0176196158976757));
#5725=CARTESIAN_POINT('',(0.057,0.0050025629208025,0.0176196158976757));
#5726=CARTESIAN_POINT('',(0.057,0.0240150549385206,0.0176220522264493));
#5727=CARTESIAN_POINT('',(0.07575,0.0240150549385206,0.0176220522264493));
#5728=CARTESIAN_POINT('',(0.0375,0.0240150549385206,0.0176220522264493));
#5729=CARTESIAN_POINT('',(0.0375,0.0050025629208025,0.0176196158976757));
#5730=CARTESIAN_POINT('',(0.0255,0.0050025629208025,0.0176196158976757));
#5731=CARTESIAN_POINT('',(0.0255,0.0240150549385206,0.0176220522264493));
#5732=CARTESIAN_POINT('',(0.07575,0.0240150549385206,0.0176220522264493));
#5733=CARTESIAN_POINT('',(0.006,0.0240150549385206,0.0176220522264493));
#5734=CARTESIAN_POINT('',(0.006,0.0050025629208025,0.0176196158976757));
#5735=CARTESIAN_POINT('',(-0.00599999999999998,0.0050025629208025,0.0176196158976757));
#5736=CARTESIAN_POINT('',(-0.00599999999999997,0.0240150549385206,0.0176220522264493));
#5737=CARTESIAN_POINT('',(0.07575,0.0240150549385206,0.0176220522264493));
#5738=CARTESIAN_POINT('',(-0.0255,0.0240150549385206,0.0176220522264493));
#5739=CARTESIAN_POINT('',(-0.0255,0.0050025629208025,0.0176196158976757));
#5740=CARTESIAN_POINT('',(-0.0375,0.0050025629208025,0.0176196158976757));
#5741=CARTESIAN_POINT('',(-0.0375,0.0240150549385206,0.0176220522264493));
#5742=CARTESIAN_POINT('',(0.07575,0.0240150549385206,0.0176220522264493));
#5743=CARTESIAN_POINT('',(-0.057,0.0240150549385206,0.0176220522264493));
#5744=CARTESIAN_POINT('',(-0.057,0.0050025629208025,0.0176196158976757));
#5745=CARTESIAN_POINT('',(-0.069,0.0050025629208025,0.0176196158976757));
#5746=CARTESIAN_POINT('',(0.07575,0.0243448548398567,0.017622094488189));
#5747=CARTESIAN_POINT('',(0.07575,0.0243448548398567,-0.017622));
#5748=CARTESIAN_POINT('',(0.069,0.0243448548398567,-0.017622));
#5749=CARTESIAN_POINT('',(-0.069,0.0243448548398567,-0.017622));
#5750=CARTESIAN_POINT('',(0.069,0.0243448548398567,0.017622094488189));
#5751=CARTESIAN_POINT('',(-0.069,0.0243448548398567,0.017622094488189));
#5752=CARTESIAN_POINT('',(0.07575,0.0243448548398567,-0.017622));
#5753=CARTESIAN_POINT('',(0.069,0.0243448548398567,-0.017622));
#5754=CARTESIAN_POINT('',(-0.069,0.0243448548398567,-0.017622));
#5755=CARTESIAN_POINT('',(-0.069,0.00500244729818442,-0.0176196332114624));
#5756=CARTESIAN_POINT('',(0.07575,0.00500244729818442,-0.0176196332114624));
#5757=CARTESIAN_POINT('',(-0.057,0.00500244729818442,-0.0176196332114624));
#5758=CARTESIAN_POINT('',(-0.057,0.0243448548398567,-0.017622));
#5759=CARTESIAN_POINT('',(-0.057,0.0240150549385206,-0.0176219596448051));
#5760=CARTESIAN_POINT('',(0.07575,0.0240150549385206,-0.0176219596448051));
#5761=CARTESIAN_POINT('',(-0.0375,0.0240150549385206,-0.0176219596448051));
#5762=CARTESIAN_POINT('',(-0.0375,0.0243448548398567,-0.017622));
#5763=CARTESIAN_POINT('',(-0.0255,0.0243448548398567,-0.017622));
#5764=CARTESIAN_POINT('',(-0.0255,0.0240150549385206,-0.0176219596448051));
#5765=CARTESIAN_POINT('',(0.07575,0.0240150549385206,-0.0176219596448051));
#5766=CARTESIAN_POINT('',(-0.00599999999999997,0.0240150549385206,-0.0176219596448051));
#5767=CARTESIAN_POINT('',(-0.00599999999999998,0.0243448548398567,-0.017622));
#5768=CARTESIAN_POINT('',(0.006,0.0243448548398567,-0.017622));
#5769=CARTESIAN_POINT('',(0.006,0.0240150549385206,-0.0176219596448051));
#5770=CARTESIAN_POINT('',(0.07575,0.0240150549385206,-0.0176219596448051));
#5771=CARTESIAN_POINT('',(0.0255,0.0240150549385206,-0.0176219596448051));
#5772=CARTESIAN_POINT('',(0.0255,0.0243448548398567,-0.017622));
#5773=CARTESIAN_POINT('',(0.0375,0.0243448548398567,-0.017622));
#5774=CARTESIAN_POINT('',(0.0375,0.0240150549385206,-0.0176219596448051));
#5775=CARTESIAN_POINT('',(0.07575,0.0240150549385206,-0.0176219596448051));
#5776=CARTESIAN_POINT('',(0.057,0.0240150549385206,-0.0176219596448051));
#5777=CARTESIAN_POINT('',(0.057,0.0243448548398567,-0.017622));
#5778=CARTESIAN_POINT('',(0.07575,0.00499999999663374,-0.0376196330617301));
#5779=CARTESIAN_POINT('',(0.07575,-0.015,-0.0376199999999998));
#5780=CARTESIAN_POINT('',(-0.057,-0.015,-0.0376199999999998));
#5781=CARTESIAN_POINT('',(-0.069,-0.015,-0.0376199999999998));
#5782=CARTESIAN_POINT('',(-0.057,0.00499999999663374,-0.0376196330617301));
#5783=CARTESIAN_POINT('',(-0.069,0.00499999999663374,-0.0376196330617301));
#5784=CARTESIAN_POINT('',(0.07575,-0.015,-0.0376199999999998));
#5785=CARTESIAN_POINT('',(0.07575,-0.015,-0.090000000000004));
#5786=CARTESIAN_POINT('',(-0.057,-0.015,-0.090000000000004));
#5787=CARTESIAN_POINT('',(-0.069,-0.015,-0.090000000000004));
#5788=CARTESIAN_POINT('',(-0.057,-0.015,-0.0376199999999998));
#5789=CARTESIAN_POINT('',(-0.069,-0.015,-0.0376199999999998));
#5790=CARTESIAN_POINT('',(0.07575,-0.015,-0.090000000000004));
#5791=CARTESIAN_POINT('',(0.07575,-0.003,-0.090000000000004));
#5792=CARTESIAN_POINT('',(-0.057,-0.003,-0.090000000000004));
#5793=CARTESIAN_POINT('',(-0.069,-0.003,-0.090000000000004));
#5794=CARTESIAN_POINT('',(-0.057,-0.015,-0.090000000000004));
#5795=CARTESIAN_POINT('',(-0.069,-0.015,-0.090000000000004));
#5796=CARTESIAN_POINT('',(0.07575,-0.003,-0.090000000000004));
#5797=CARTESIAN_POINT('',(0.07575,-0.003,-0.0376200000000013));
#5798=CARTESIAN_POINT('',(-0.057,-0.003,-0.0376200000000013));
#5799=CARTESIAN_POINT('',(-0.069,-0.003,-0.0376200000000013));
#5800=CARTESIAN_POINT('',(-0.057,-0.003,-0.090000000000004));
#5801=CARTESIAN_POINT('',(-0.069,-0.003,-0.090000000000004));
#5802=CARTESIAN_POINT('',(0.07575,0.0050000000000013,-0.0376200000000013));
#5803=CARTESIAN_POINT('',(-0.057,0.0050000000000013,-0.0376200000000013));
#5804=CARTESIAN_POINT('',(-0.0569999999999999,0.0050000000000013,-0.02962));
#5805=CARTESIAN_POINT('',(-0.069,0.0050000000000013,-0.0376200000000013));
#5806=CARTESIAN_POINT('',(-0.069,0.0050000000000013,-0.02962));
#5807=CARTESIAN_POINT('',(0.07575,0.0050000000000013,-0.02962));
#5808=CARTESIAN_POINT('',(0.07575,0.0050000000000013,-0.02962));
#5809=CARTESIAN_POINT('',(0.07575,0.0243448548398567,-0.02962));
#5810=CARTESIAN_POINT('',(0.069,0.0243448548398567,-0.02962));
#5811=CARTESIAN_POINT('',(-0.069,0.0243448548398567,-0.02962));
#5812=CARTESIAN_POINT('',(0.069,0.0050000000000013,-0.02962));
#5813=CARTESIAN_POINT('',(0.057,0.0050000000000013,-0.02962));
#5814=CARTESIAN_POINT('',(0.057,0.0240150549385206,-0.02962));
#5815=CARTESIAN_POINT('',(0.07575,0.0240150549385206,-0.02962));
#5816=CARTESIAN_POINT('',(0.0375,0.0240150549385206,-0.02962));
#5817=CARTESIAN_POINT('',(0.0375,0.0050000000000013,-0.02962));
#5818=CARTESIAN_POINT('',(0.0255,0.0050000000000013,-0.02962));
#5819=CARTESIAN_POINT('',(0.0255,0.0240150549385206,-0.02962));
#5820=CARTESIAN_POINT('',(0.07575,0.0240150549385206,-0.02962));
#5821=CARTESIAN_POINT('',(0.00600000000000001,0.0240150549385206,-0.02962));
#5822=CARTESIAN_POINT('',(0.006,0.0050000000000013,-0.02962));
#5823=CARTESIAN_POINT('',(-0.00599999999999998,0.0050000000000013,-0.02962));
#5824=CARTESIAN_POINT('',(-0.00599999999999997,0.0240150549385206,-0.02962));
#5825=CARTESIAN_POINT('',(0.07575,0.0240150549385206,-0.02962));
#5826=CARTESIAN_POINT('',(-0.0255,0.0240150549385206,-0.02962));
#5827=CARTESIAN_POINT('',(-0.0255,0.0050000000000013,-0.02962));
#5828=CARTESIAN_POINT('',(-0.0375,0.0050000000000013,-0.02962));
#5829=CARTESIAN_POINT('',(-0.0375,0.0240150549385206,-0.02962));
#5830=CARTESIAN_POINT('',(0.07575,0.0240150549385206,-0.02962));
#5831=CARTESIAN_POINT('',(-0.057,0.0240150549385206,-0.02962));
#5832=CARTESIAN_POINT('',(-0.057,0.0050000000000013,-0.02962));
#5833=CARTESIAN_POINT('',(-0.069,0.0050000000000013,-0.02962));
#5834=CARTESIAN_POINT('',(0.07575,0.0243448548398567,-0.02962));
#5835=CARTESIAN_POINT('',(0.07575,0.0243448548398567,-0.033399134447192));
#5836=CARTESIAN_POINT('',(0.069,0.0243448548398567,-0.033399134447192));
#5837=CARTESIAN_POINT('',(-0.069,0.0243448548398567,-0.033399134447192));
#5838=CARTESIAN_POINT('',(0.069,0.0243448548398567,-0.02962));
#5839=CARTESIAN_POINT('',(-0.069,0.0243448548398567,-0.02962));
#5840=CARTESIAN_POINT('',(0.07575,0.0243448548398567,-0.033399134447192));
#5841=CARTESIAN_POINT('',(-0.057,0.0243448548398567,-0.033399134447192));
#5842=CARTESIAN_POINT('',(-0.057,0.0302377260581385,-0.033399134447192));
#5843=CARTESIAN_POINT('',(0.07575,0.0302377260581385,-0.033399134447192));
#5844=CARTESIAN_POINT('',(-0.0375,0.0302377260581385,-0.033399134447192));
#5845=CARTESIAN_POINT('',(-0.0375,0.0243448548398567,-0.033399134447192));
#5846=CARTESIAN_POINT('',(-0.0255,0.0243448548398567,-0.033399134447192));
#5847=CARTESIAN_POINT('',(-0.0255,0.0302377260581385,-0.033399134447192));
#5848=CARTESIAN_POINT('',(0.07575,0.0302377260581385,-0.033399134447192));
#5849=CARTESIAN_POINT('',(-0.00599999999999998,0.0302377260581385,-0.033399134447192));
#5850=CARTESIAN_POINT('',(-0.00599999999999998,0.0243448548398567,-0.033399134447192));
#5851=CARTESIAN_POINT('',(0.006,0.0243448548398567,-0.033399134447192));
#5852=CARTESIAN_POINT('',(0.00600000000000001,0.0302377260581385,-0.033399134447192));
#5853=CARTESIAN_POINT('',(0.07575,0.0302377260581385,-0.033399134447192));
#5854=CARTESIAN_POINT('',(0.0255,0.0302377260581385,-0.033399134447192));
#5855=CARTESIAN_POINT('',(0.0255,0.0243448548398567,-0.033399134447192));
#5856=CARTESIAN_POINT('',(0.0375,0.0243448548398567,-0.033399134447192));
#5857=CARTESIAN_POINT('',(0.0375,0.0302377260581385,-0.033399134447192));
#5858=CARTESIAN_POINT('',(0.07575,0.0302377260581385,-0.033399134447192));
#5859=CARTESIAN_POINT('',(0.057,0.0302377260581385,-0.033399134447192));
#5860=CARTESIAN_POINT('',(0.057,0.0243448548398567,-0.033399134447192));
#5861=CARTESIAN_POINT('',(0.057,0.030790855075325,-0.033399134447192));
#5862=CARTESIAN_POINT('',(0.07575,0.030790855075325,-0.033399134447192));
#5863=CARTESIAN_POINT('',(0.069,0.030790855075325,-0.033399134447192));
#5864=CARTESIAN_POINT('',(0.069,0.0243448548398567,-0.033399134447192));
#5865=CARTESIAN_POINT('',(-0.069,0.0243448548398567,-0.033399134447192));
#5866=CARTESIAN_POINT('',(0.07575,0.030790855075325,-0.033399134447192));
#5867=CARTESIAN_POINT('',(0.057,0.030790855075325,-0.033399134447192));
#5868=CARTESIAN_POINT('',(0.057,0.030790855075325,-0.029622));
#5869=CARTESIAN_POINT('',(0.07575,0.030790855075325,-0.029622));
#5870=CARTESIAN_POINT('',(0.069,0.030790855075325,-0.029622));
#5871=CARTESIAN_POINT('',(0.069,0.030790855075325,-0.033399134447192));
#5872=CARTESIAN_POINT('',(0.07575,0.030790855075325,-0.029622));
#5873=CARTESIAN_POINT('',(0.057,0.030790855075325,-0.029622));
#5874=CARTESIAN_POINT('',(0.057,0.127,-0.029622));
#5875=CARTESIAN_POINT('',(0.07575,0.127,-0.029622));
#5876=CARTESIAN_POINT('',(0.069,0.127,-0.0296220000000001));
#5877=CARTESIAN_POINT('',(0.069,0.030790855075325,-0.029622));
#5878=CARTESIAN_POINT('',(0.07575,0.127,-0.029622));
#5879=CARTESIAN_POINT('',(0.06325,0.13325,-0.023372));
#5880=CARTESIAN_POINT('',(0.06,0.13,-0.026622));
#5881=CARTESIAN_POINT('',(0.07575,0.13,-0.026622));
#5882=CARTESIAN_POINT('',(0.0659999999999999,0.13,-0.026622));
#5883=CARTESIAN_POINT('',(0.07125,0.12475,-0.031872));
#5884=CARTESIAN_POINT('',(0.07575,0.13,-0.026622));
#5885=CARTESIAN_POINT('',(0.06,0.13,0.126));
#5886=CARTESIAN_POINT('',(0.06,0.13,-0.020622));
#5887=CARTESIAN_POINT('',(0.07575,0.13,-0.020622));
#5888=CARTESIAN_POINT('',(0.066,0.13,-0.020622));
#5889=CARTESIAN_POINT('',(0.0659999999999999,0.13,0.126));
#5890=CARTESIAN_POINT('',(0.07575,0.13,-0.020622));
#5891=CARTESIAN_POINT('',(0.06525,0.13525,-0.025872));
#5892=CARTESIAN_POINT('',(0.057,0.127,-0.017622));
#5893=CARTESIAN_POINT('',(0.07575,0.127,-0.017622));
#5894=CARTESIAN_POINT('',(0.069,0.127,-0.017622));
#5895=CARTESIAN_POINT('',(0.06925,0.12675,-0.017372));
#5896=CARTESIAN_POINT('',(0.07575,0.127,-0.017622));
#5897=CARTESIAN_POINT('',(0.057,0.127,-0.017622));
#5898=CARTESIAN_POINT('',(0.057,0.030790855075325,-0.017622));
#5899=CARTESIAN_POINT('',(0.07575,0.030790855075325,-0.017622));
#5900=CARTESIAN_POINT('',(0.069,0.030790855075325,-0.017622));
#5901=CARTESIAN_POINT('',(0.069,0.127,-0.017622));
#5902=CARTESIAN_POINT('',(0.07575,0.030790855075325,-0.017622));
#5903=CARTESIAN_POINT('',(0.057,0.030790855075325,-0.017622));
#5904=CARTESIAN_POINT('',(0.057,0.030790855075325,0.017622094488189));
#5905=CARTESIAN_POINT('',(0.07575,0.030790855075325,0.017622094488189));
#5906=CARTESIAN_POINT('',(0.069,0.030790855075325,0.017622094488189));
#5907=CARTESIAN_POINT('',(0.069,0.030790855075325,-0.017622));
#5908=CARTESIAN_POINT('',(0.07575,0.030790855075325,0.017622094488189));
#5909=CARTESIAN_POINT('',(0.057,0.030790855075325,0.017622094488189));
#5910=CARTESIAN_POINT('',(0.057,0.127,0.017622094488189));
#5911=CARTESIAN_POINT('',(0.07575,0.127,0.017622094488189));
#5912=CARTESIAN_POINT('',(0.069,0.127,0.0176220944881889));
#5913=CARTESIAN_POINT('',(0.069,0.030790855075325,0.017622094488189));
#5914=CARTESIAN_POINT('',(0.07575,0.127,0.017622094488189));
#5915=CARTESIAN_POINT('',(0.06325,0.13325,0.023872094488189));
#5916=CARTESIAN_POINT('',(0.06,0.13,0.020622094488189));
#5917=CARTESIAN_POINT('',(0.07575,0.13,0.020622094488189));
#5918=CARTESIAN_POINT('',(0.0659999999999999,0.13,0.020622094488189));
#5919=CARTESIAN_POINT('',(0.07125,0.12475,0.015372094488189));
#5920=CARTESIAN_POINT('',(0.07575,0.13,0.020622094488189));
#5921=CARTESIAN_POINT('',(0.06,0.13,0.126));
#5922=CARTESIAN_POINT('',(0.06,0.13,0.026622094488189));
#5923=CARTESIAN_POINT('',(0.07575,0.13,0.026622094488189));
#5924=CARTESIAN_POINT('',(0.0659999999999999,0.13,0.026622094488189));
#5925=CARTESIAN_POINT('',(0.0659999999999999,0.13,0.126));
#5926=CARTESIAN_POINT('',(0.07575,0.13,0.026622094488189));
#5927=CARTESIAN_POINT('',(0.06525,0.13525,0.021372094488189));
#5928=CARTESIAN_POINT('',(0.057,0.127,0.029622094488189));
#5929=CARTESIAN_POINT('',(0.07575,0.127,0.029622094488189));
#5930=CARTESIAN_POINT('',(0.069,0.127,0.029622094488189));
#5931=CARTESIAN_POINT('',(0.06925,0.12675,0.029872094488189));
#5932=CARTESIAN_POINT('',(0.07575,0.127,0.029622094488189));
#5933=CARTESIAN_POINT('',(0.057,0.127,0.029622094488189));
#5934=CARTESIAN_POINT('',(0.057,0.030790855075325,0.029622094488189));
#5935=CARTESIAN_POINT('',(0.07575,0.030790855075325,0.029622094488189));
#5936=CARTESIAN_POINT('',(0.069,0.030790855075325,0.029622094488189));
#5937=CARTESIAN_POINT('',(0.069,0.127,0.029622094488189));
#5938=CARTESIAN_POINT('',(0.07575,0.030790855075325,0.029622094488189));
#5939=CARTESIAN_POINT('',(0.057,0.030790855075325,0.029622094488189));
#5940=CARTESIAN_POINT('',(0.057,0.030790855075325,0.034165621840059));
#5941=CARTESIAN_POINT('',(0.07575,0.030790855075325,0.034165621840059));
#5942=CARTESIAN_POINT('',(0.069,0.030790855075325,0.034165621840059));
#5943=CARTESIAN_POINT('',(0.069,0.030790855075325,0.029622094488189));
#5944=CARTESIAN_POINT('',(0.07575,0.030790855075325,0.034165621840059));
#5945=CARTESIAN_POINT('',(0.07575,0.0302377260581385,0.034165621840059));
#5946=CARTESIAN_POINT('',(-0.0375,0.0302377260581385,0.034165621840059));
#5947=CARTESIAN_POINT('',(-0.057,0.0302377260581385,0.034165621840059));
#5948=CARTESIAN_POINT('',(-0.057,0.030790855075325,0.034165621840059));
#5949=CARTESIAN_POINT('',(-0.069,0.030790855075325,0.034165621840059));
#5950=CARTESIAN_POINT('',(-0.069,0.0243448548398567,0.034165621840059));
#5951=CARTESIAN_POINT('',(0.07575,0.0243448548398567,0.034165621840059));
#5952=CARTESIAN_POINT('',(0.069,0.0243448548398567,0.034165621840059));
#5953=CARTESIAN_POINT('',(0.069,0.030790855075325,0.034165621840059));
#5954=CARTESIAN_POINT('',(0.057,0.030790855075325,0.034165621840059));
#5955=CARTESIAN_POINT('',(0.057,0.0302377260581385,0.034165621840059));
#5956=CARTESIAN_POINT('',(0.07575,0.0302377260581385,0.034165621840059));
#5957=CARTESIAN_POINT('',(0.0375,0.0302377260581385,0.034165621840059));
#5958=CARTESIAN_POINT('',(0.0375,0.030790855075325,0.034165621840059));
#5959=CARTESIAN_POINT('',(0.0255,0.030790855075325,0.034165621840059));
#5960=CARTESIAN_POINT('',(0.0255,0.0302377260581385,0.034165621840059));
#5961=CARTESIAN_POINT('',(0.07575,0.0302377260581385,0.034165621840059));
#5962=CARTESIAN_POINT('',(0.00600000000000001,0.0302377260581385,0.034165621840059));
#5963=CARTESIAN_POINT('',(0.006,0.030790855075325,0.034165621840059));
#5964=CARTESIAN_POINT('',(-0.00599999999999998,0.030790855075325,0.034165621840059));
#5965=CARTESIAN_POINT('',(-0.00599999999999998,0.0302377260581385,0.034165621840059));
#5966=CARTESIAN_POINT('',(0.07575,0.0302377260581385,0.034165621840059));
#5967=CARTESIAN_POINT('',(-0.0255,0.0302377260581385,0.034165621840059));
#5968=CARTESIAN_POINT('',(-0.0255,0.030790855075325,0.034165621840059));
#5969=CARTESIAN_POINT('',(-0.0375,0.030790855075325,0.034165621840059));
#5970=CARTESIAN_POINT('',(0.07575,0.0243448548398567,0.034165621840059));
#5971=CARTESIAN_POINT('',(0.07575,0.0243448548398567,0.029619999999992));
#5972=CARTESIAN_POINT('',(0.069,0.0243448548398567,0.029619999999992));
#5973=CARTESIAN_POINT('',(-0.069,0.0243448548398567,0.029619999999992));
#5974=CARTESIAN_POINT('',(0.069,0.0243448548398567,0.034165621840059));
#5975=CARTESIAN_POINT('',(-0.069,0.0243448548398567,0.034165621840059));
#5976=CARTESIAN_POINT('',(0.07575,0.0243448548398567,0.029619999999992));
#5977=CARTESIAN_POINT('',(0.069,0.0243448548398567,0.029619999999992));
#5978=CARTESIAN_POINT('',(-0.069,0.0243448548398567,0.029619999999992));
#5979=CARTESIAN_POINT('',(-0.069,0.00499999999999959,0.029619999999992));
#5980=CARTESIAN_POINT('',(0.07575,0.00499999999999959,0.029619999999992));
#5981=CARTESIAN_POINT('',(-0.0569999999999999,0.00499999999999959,0.029619999999992));
#5982=CARTESIAN_POINT('',(-0.057,0.0243448548398567,0.029619999999992));
#5983=CARTESIAN_POINT('',(-0.057,0.0240150549385206,0.029619999999992));
#5984=CARTESIAN_POINT('',(0.07575,0.0240150549385206,0.029619999999992));
#5985=CARTESIAN_POINT('',(-0.0375,0.0240150549385206,0.029619999999992));
#5986=CARTESIAN_POINT('',(-0.0375,0.0243448548398567,0.029619999999992));
#5987=CARTESIAN_POINT('',(-0.0255,0.0243448548398567,0.029619999999992));
#5988=CARTESIAN_POINT('',(-0.0255,0.0240150549385206,0.029619999999992));
#5989=CARTESIAN_POINT('',(0.07575,0.0240150549385206,0.029619999999992));
#5990=CARTESIAN_POINT('',(-0.00599999999999997,0.0240150549385206,0.029619999999992));
#5991=CARTESIAN_POINT('',(-0.00599999999999998,0.0243448548398567,0.029619999999992));
#5992=CARTESIAN_POINT('',(0.006,0.0243448548398567,0.029619999999992));
#5993=CARTESIAN_POINT('',(0.00600000000000001,0.0240150549385206,0.029619999999992));
#5994=CARTESIAN_POINT('',(0.07575,0.0240150549385206,0.029619999999992));
#5995=CARTESIAN_POINT('',(0.0255,0.0240150549385206,0.029619999999992));
#5996=CARTESIAN_POINT('',(0.0255,0.0243448548398567,0.029619999999992));
#5997=CARTESIAN_POINT('',(0.0375,0.0243448548398567,0.029619999999992));
#5998=CARTESIAN_POINT('',(0.0375,0.0240150549385206,0.029619999999992));
#5999=CARTESIAN_POINT('',(0.07575,0.0240150549385206,0.029619999999992));
#6000=CARTESIAN_POINT('',(0.057,0.0240150549385206,0.029619999999992));
#6001=CARTESIAN_POINT('',(0.057,0.0243448548398567,0.029619999999992));
#6002=CARTESIAN_POINT('',(0.07575,0.00499999999999961,0.0376199999999916));
#6003=CARTESIAN_POINT('',(-0.057,0.00499999999999961,0.0376199999999916));
#6004=CARTESIAN_POINT('',(-0.069,0.00499999999999961,0.0376199999999916));
#6005=CARTESIAN_POINT('',(-0.069,0.00499999999631002,0.0376196157334627));
#6006=CARTESIAN_POINT('',(-0.069,0.127,0.0376196157334627));
#6007=CARTESIAN_POINT('',(-0.069,0.127,0.0376196157334627));
#6008=CARTESIAN_POINT('',(-0.066,0.13,0.126));
#6009=CARTESIAN_POINT('',(-0.066,0.13,0.126));
#6010=CARTESIAN_POINT('',(-0.057,-0.2,0.126));
#6011=CARTESIAN_POINT('',(-0.057,0.0240150549385206,0.126));
#6012=CARTESIAN_POINT('',(-0.0375,0.0240150549385206,0.126));
#6013=CARTESIAN_POINT('',(-0.0375,0.0240150549385206,0.126));
#6014=CARTESIAN_POINT('',(-0.057,0.0240150549385206,0.126));
#6015=CARTESIAN_POINT('',(-0.0255,-0.2,0.126));
#6016=CARTESIAN_POINT('',(-0.0255,0.0240150549385206,0.126));
#6017=CARTESIAN_POINT('',(-0.00599999999999998,0.0240150549385206,0.126));
#6018=CARTESIAN_POINT('',(-0.00599999999999997,0.0240150549385206,0.126));
#6019=CARTESIAN_POINT('',(-0.0255,0.0240150549385206,0.126));
#6020=CARTESIAN_POINT('',(0.00600000000000001,-0.2,0.126));
#6021=CARTESIAN_POINT('',(0.00600000000000001,0.0240150549385206,0.126));
#6022=CARTESIAN_POINT('',(0.0255,0.0240150549385206,0.126));
#6023=CARTESIAN_POINT('',(0.0255,0.0240150549385206,0.126));
#6024=CARTESIAN_POINT('',(0.00600000000000001,0.0240150549385206,0.126));
#6025=CARTESIAN_POINT('',(0.0375,-0.2,0.126));
#6026=CARTESIAN_POINT('',(0.0375,0.0240150549385206,0.126));
#6027=CARTESIAN_POINT('',(0.057,0.0240150549385206,0.126));
#6028=CARTESIAN_POINT('',(0.057,0.0240150549385206,0.126));
#6029=CARTESIAN_POINT('',(0.0375,0.0240150549385206,0.126));
#6030=CARTESIAN_POINT('',(0.069,-0.2,0.126));
#6031=CARTESIAN_POINT('',(0.069,0.127,0.126));
#6032=CARTESIAN_POINT('',(0.069,0.127,0.126));
#6033=CARTESIAN_POINT('',(0.069,0.127,0.126));
#6034=CARTESIAN_POINT('',(0.069,0.127,0.126));
#6035=CARTESIAN_POINT('',(0.057,0.127,0.126));
#6036=CARTESIAN_POINT('',(0.057,0.0302377260581385,0.126));
#6037=CARTESIAN_POINT('',(0.057,0.127,0.126));
#6038=CARTESIAN_POINT('',(0.057,0.127,0.126));
#6039=CARTESIAN_POINT('',(0.057,0.0302377260581385,0.126));
#6040=CARTESIAN_POINT('',(0.0375,0.0302377260581385,0.126));
#6041=CARTESIAN_POINT('',(0.0375,0.0302377260581385,0.126));
#6042=CARTESIAN_POINT('',(0.0375,0.127,0.126));
#6043=CARTESIAN_POINT('',(0.0375,0.127,0.126));
#6044=CARTESIAN_POINT('',(0.06,0.13,0.126));
#6045=CARTESIAN_POINT('',(0.0375,0.127,0.126));
#6046=CARTESIAN_POINT('',(0.06,0.13,0.126));
#6047=CARTESIAN_POINT('',(0.0375,0.127,0.126));
#6048=CARTESIAN_POINT('',(0.0255,0.127,0.126));
#6049=CARTESIAN_POINT('',(0.0255,0.0302377260581385,0.126));
#6050=CARTESIAN_POINT('',(0.0255,0.127,0.126));
#6051=CARTESIAN_POINT('',(0.0255,0.127,0.126));
#6052=CARTESIAN_POINT('',(0.0255,0.0302377260581385,0.126));
#6053=CARTESIAN_POINT('',(0.00600000000000001,0.0302377260581385,0.126));
#6054=CARTESIAN_POINT('',(0.00600000000000001,0.0302377260581385,0.126));
#6055=CARTESIAN_POINT('',(0.00600000000000001,0.127,0.126));
#6056=CARTESIAN_POINT('',(0.00600000000000001,0.127,0.126));
#6057=CARTESIAN_POINT('',(0.0285,0.13,0.126));
#6058=CARTESIAN_POINT('',(0.00600000000000001,0.127,0.126));
#6059=CARTESIAN_POINT('',(0.0285,0.13,0.126));
#6060=CARTESIAN_POINT('',(0.00600000000000001,0.127,0.126));
#6061=CARTESIAN_POINT('',(-0.00599999999999998,0.127,0.126));
#6062=CARTESIAN_POINT('',(-0.00599999999999998,0.0302377260581385,0.126));
#6063=CARTESIAN_POINT('',(-0.00599999999999998,0.127,0.126));
#6064=CARTESIAN_POINT('',(-0.00599999999999998,0.127,0.126));
#6065=CARTESIAN_POINT('',(-0.00599999999999998,0.0302377260581385,0.126));
#6066=CARTESIAN_POINT('',(-0.0255,0.0302377260581385,0.126));
#6067=CARTESIAN_POINT('',(-0.0255,0.0302377260581385,0.126));
#6068=CARTESIAN_POINT('',(-0.0255,0.127,0.126));
#6069=CARTESIAN_POINT('',(-0.0255,0.127,0.126));
#6070=CARTESIAN_POINT('',(-0.00299999999999997,0.13,0.126));
#6071=CARTESIAN_POINT('',(-0.0255,0.127,0.126));
#6072=CARTESIAN_POINT('',(-0.00299999999999997,0.13,0.126));
#6073=CARTESIAN_POINT('',(-0.0255,0.127,0.126));
#6074=CARTESIAN_POINT('',(-0.0375,0.127,0.126));
#6075=CARTESIAN_POINT('',(-0.0375,0.0302377260581385,0.126));
#6076=CARTESIAN_POINT('',(-0.0375,0.127,0.126));
#6077=CARTESIAN_POINT('',(-0.0375,0.127,0.126));
#6078=CARTESIAN_POINT('',(-0.0375,0.0302377260581385,0.126));
#6079=CARTESIAN_POINT('',(-0.057,0.0302377260581385,0.126));
#6080=CARTESIAN_POINT('',(-0.057,0.0302377260581385,0.126));
#6081=CARTESIAN_POINT('',(-0.057,0.127,0.126));
#6082=CARTESIAN_POINT('',(-0.057,0.127,0.126));
#6083=CARTESIAN_POINT('',(-0.0345,0.13,0.126));
#6084=CARTESIAN_POINT('',(-0.057,0.127,0.126));
#6085=CARTESIAN_POINT('',(-0.0345,0.13,0.126));
#6086=CARTESIAN_POINT('',(-0.057,0.127,0.126));
#6087=CARTESIAN_POINT('',(-0.057,-0.2,0.126));
#6088=CARTESIAN_POINT('',(-0.057,0.0240150549385206,0.126));
#6089=CARTESIAN_POINT('',(-0.057,0.0240150549385206,0.126));
#6090=CARTESIAN_POINT('',(-0.0375,0.0240150549385206,0.126));
#6091=CARTESIAN_POINT('',(-0.0375,0.0240150549385206,0.126));
#6092=CARTESIAN_POINT('',(-0.0255,-0.2,0.126));
#6093=CARTESIAN_POINT('',(-0.0255,0.0240150549385206,0.126));
#6094=CARTESIAN_POINT('',(-0.0255,0.0240150549385206,0.126));
#6095=CARTESIAN_POINT('',(-0.00599999999999997,0.0240150549385206,0.126));
#6096=CARTESIAN_POINT('',(-0.00599999999999998,0.0240150549385206,0.126));
#6097=CARTESIAN_POINT('',(0.00600000000000001,-0.2,0.126));
#6098=CARTESIAN_POINT('',(0.00600000000000001,0.0240150549385206,0.126));
#6099=CARTESIAN_POINT('',(0.00600000000000001,0.0240150549385206,0.126));
#6100=CARTESIAN_POINT('',(0.0255,0.0240150549385206,0.126));
#6101=CARTESIAN_POINT('',(0.0255,0.0240150549385206,0.126));
#6102=CARTESIAN_POINT('',(0.0375,0.0240150549385206,0.126));
#6103=CARTESIAN_POINT('',(0.0375,0.0240150549385206,0.126));
#6104=CARTESIAN_POINT('',(0.057,0.0240150549385206,0.126));
#6105=CARTESIAN_POINT('',(0.057,0.0240150549385206,0.126));
#6106=CARTESIAN_POINT('',(0.0375,-0.2,0.126));
#6107=CARTESIAN_POINT('',(0.,0.,0.));
#6108=MECHANICAL_DESIGN_GEOMETRIC_PRESENTATION_REPRESENTATION('',(#3793,
#3794),#6109);
#6109=(
GEOMETRIC_REPRESENTATION_CONTEXT(3)
GLOBAL_UNCERTAINTY_ASSIGNED_CONTEXT((#6112))
GLOBAL_UNIT_ASSIGNED_CONTEXT((#6117,#6116,#6115))
REPRESENTATION_CONTEXT('FTE-105-01-G-DV','TOP_LEVEL_ASSEMBLY_PART')
);
#6110=(
GEOMETRIC_REPRESENTATION_CONTEXT(3)
GLOBAL_UNCERTAINTY_ASSIGNED_CONTEXT((#6113))
GLOBAL_UNIT_ASSIGNED_CONTEXT((#6117,#6116,#6115))
REPRESENTATION_CONTEXT('FTE-105-01-G-DV_body','COMPONENT_PART')
);
#6111=(
GEOMETRIC_REPRESENTATION_CONTEXT(3)
GLOBAL_UNCERTAINTY_ASSIGNED_CONTEXT((#6114))
GLOBAL_UNIT_ASSIGNED_CONTEXT((#6117,#6116,#6115))
REPRESENTATION_CONTEXT('FTE-105-01-G-DV_pins','COMPONENT_PART')
);
#6112=UNCERTAINTY_MEASURE_WITH_UNIT(LENGTH_MEASURE(3.93700787401575E-7),
#6117,'DISTANCE_ACCURACY_VALUE','Maximum Tolerance applied to model');
#6113=UNCERTAINTY_MEASURE_WITH_UNIT(LENGTH_MEASURE(3.93700787401575E-7),
#6117,'DISTANCE_ACCURACY_VALUE','Maximum Tolerance applied to model');
#6114=UNCERTAINTY_MEASURE_WITH_UNIT(LENGTH_MEASURE(3.93700787401575E-7),
#6117,'DISTANCE_ACCURACY_VALUE','Maximum Tolerance applied to model');
#6115=(
NAMED_UNIT(*)
SI_UNIT($,.STERADIAN.)
SOLID_ANGLE_UNIT()
);
#6116=(
NAMED_UNIT(*)
PLANE_ANGLE_UNIT()
SI_UNIT($,.RADIAN.)
);
#6117=(
CONVERSION_BASED_UNIT('INCH',#6119)
LENGTH_UNIT()
NAMED_UNIT(#6118)
);
#6118=DIMENSIONAL_EXPONENTS(1.,0.,0.,0.,0.,0.,0.);
#6119=LENGTH_MEASURE_WITH_UNIT(LENGTH_MEASURE(25.4),#6120);
#6120=(
LENGTH_UNIT()
NAMED_UNIT(*)
SI_UNIT(.MILLI.,.METRE.)
);
#6121=PRODUCT_DEFINITION_SHAPE('','',#6126);
#6122=PRODUCT_DEFINITION_SHAPE('','',#6127);
#6123=PRODUCT_DEFINITION_SHAPE(' ','NAUO PRDDFN',#73);
#6124=PRODUCT_DEFINITION_SHAPE('','',#6128);
#6125=PRODUCT_DEFINITION_SHAPE(' ','NAUO PRDDFN',#74);
#6126=PRODUCT_DEFINITION('','',#6132,#6129);
#6127=PRODUCT_DEFINITION('','',#6133,#6130);
#6128=PRODUCT_DEFINITION('','',#6134,#6131);
#6129=PRODUCT_DEFINITION_CONTEXT('',#6148,'design');
#6130=PRODUCT_DEFINITION_CONTEXT('',#6148,'design');
#6131=PRODUCT_DEFINITION_CONTEXT('',#6148,'design');
#6132=PRODUCT_DEFINITION_FORMATION_WITH_SPECIFIED_SOURCE('','',#6138,
 .NOT_KNOWN.);
#6133=PRODUCT_DEFINITION_FORMATION_WITH_SPECIFIED_SOURCE('','',#6139,
 .NOT_KNOWN.);
#6134=PRODUCT_DEFINITION_FORMATION_WITH_SPECIFIED_SOURCE('','',#6140,
 .NOT_KNOWN.);
#6135=PRODUCT_RELATED_PRODUCT_CATEGORY('','',(#6138));
#6136=PRODUCT_RELATED_PRODUCT_CATEGORY('','',(#6139));
#6137=PRODUCT_RELATED_PRODUCT_CATEGORY('','',(#6140));
#6138=PRODUCT('FTE-105-01-G-DV','FTE-105-01-G-DV','FTE-105-01-G-DV',(#6144));
#6139=PRODUCT('FTE-105-01-G-DV_body','FTE-105-01-G-DV_body',
'FTE-105-01-G-DV_body',(#6145));
#6140=PRODUCT('FTE-105-01-G-DV_pins','FTE-105-01-G-DV_pins',
'FTE-105-01-G-DV_pins',(#6146));
#6141=PRODUCT_CATEGORY('','');
#6142=PRODUCT_CATEGORY('','');
#6143=PRODUCT_CATEGORY('','');
#6144=PRODUCT_CONTEXT('',#6148,'mechanical');
#6145=PRODUCT_CONTEXT('',#6148,'mechanical');
#6146=PRODUCT_CONTEXT('',#6148,'mechanical');
#6147=APPLICATION_PROTOCOL_DEFINITION('international standard',
'ap242_managed_model_based_3d_engineering',2011,#6148);
#6148=APPLICATION_CONTEXT('managed model based 3d engineering');
ENDSEC;
END-ISO-10303-21;
