ISO-10303-21;
HEADER;
FILE_DESCRIPTION(('STEP AP214'),'1');
FILE_NAME('UFQFPN-32_STM','2026-09-06T03:35:35',(''),(''),'','','');
FILE_SCHEMA(('AUTOMOTIVE_DESIGN'));
ENDSEC;
DATA;
#1=SHAPE_DEFINITION_REPRESENTATION(#2,#3);
#2=PRODUCT_DEFINITION_SHAPE('',$,#4);
#3=SHAPE_REPRESENTATION('',(#188,#244,#541,#975,#1409,#1843,#2277,#2711,#3145,#3579,#4013,#4447,#4881,#5315,#5749,#6183,#6617,#7051,#7485,#7919,#8353,#8787,#9221,#9655,#10089,#10523,#10957,#11391,#11825,#12259,#12693,#13127,#13561,#13995,#19),#11);
#4=PRODUCT_DEFINITION('design','example product_definition',#6,#5);
#5=PRODUCT_DEFINITION_CONTEXT('3D Mechanical Parts',#10,'design');
#6=PRODUCT_DEFINITION_FORMATION('1.0','first version',#8);
#7=APPLICATION_PROTOCOL_DEFINITION('international standard','automotive_design',2003,#10);
#8=PRODUCT('product','part','',(#9));
#9=PRODUCT_CONTEXT('3D Mechanical Parts',#10,'mechanical');
#10=APPLICATION_CONTEXT('Core Data for Automotive Mechanical Design Process');
#11=(GEOMETRIC_REPRESENTATION_CONTEXT(3) GLOBAL_UNCERTAINTY_ASSIGNED_CONTEXT((#12)) GLOBAL_UNIT_ASSIGNED_CONTEXT((#13,#14,#18)) REPRESENTATION_CONTEXT('ID1','3D'));
#12=UNCERTAINTY_MEASURE_WITH_UNIT(LENGTH_MEASURE(1.E-005),#13,'DISTANCE_ACCURACY_VALUE','Maximum model space distance between geometric entities at asserted connectivities');
#13=(LENGTH_UNIT() NAMED_UNIT(*) SI_UNIT(.MILLI.,.METRE.));
#14=(CONVERSION_BASED_UNIT('degree',#16) NAMED_UNIT(#15) PLANE_ANGLE_UNIT());
#15=DIMENSIONAL_EXPONENTS(0.,0.,0.,0.,0.,0.,0.);
#16=MEASURE_WITH_UNIT(PLANE_ANGLE_MEASURE(0.01745329252),#17);
#17=(NAMED_UNIT(*) PLANE_ANGLE_UNIT() SI_UNIT($,.RADIAN.));
#18=(NAMED_UNIT(*) SI_UNIT($,.STERADIAN.) SOLID_ANGLE_UNIT());
#19=AXIS2_PLACEMENT_3D('',#20,#21,#22);
#20=CARTESIAN_POINT('',(0.0,0.0,0.0));
#21=DIRECTION('',(0.0,0.0,1.0));
#22=DIRECTION('',(1.0,0.0,0.0));
#25=MECHANICAL_DESIGN_GEOMETRIC_PRESENTATION_REPRESENTATION($,(#240,#241,#242,#246,#295,#344,#393,#442,#491,#543,#612,#681,#730,#779,#828,#877,#926,#977,#1046,#1115,#1164,#1213,#1262,#1311,#1360,#1411,#1480,#1549,#1598,#1647,#1696,#1745,#1794,#1845,#1914,#1983,#2032,#2081,#2130,#2179,#2228,#2279,#2348,#2417,#2466,#2515,#2564,#2613,#2662,#2713,#2782,#2851,#2900,#2949,#2998,#3047,#3096,#3147,#3216,#3285,#3334,#3383,#3432,#3481,#3530,#3581,#3650,#3719,#3768,#3817,#3866,#3915,#3964,#4015,#4084,#4153,#4202,#4251,#4300,#4349,#4398,#4449,#4518,#4587,#4636,#4685,#4734,#4783,#4832,#4883,#4952,#5021,#5070,#5119,#5168,#5217,#5266,#5317,#5386,#5455,#5504,#5553,#5602,#5651,#5700,#5751,#5820,#5889,#5938,#5987,#6036,#6085,#6134,#6185,#6254,#6323,#6372,#6421,#6470,#6519,#6568,#6619,#6688,#6757,#6806,#6855,#6904,#6953,#7002,#7053,#7122,#7191,#7240,#7289,#7338,#7387,#7436,#7487,#7556,#7625,#7674,#7723,#7772,#7821,#7870,#7921,#7990,#8059,#8108,#8157,#8206,#8255,#8304,#8355,#8424,#8493,#8542,#8591,#8640,#8689,#8738,#8789,#8858,#8927,#8976,#9025,#9074,#9123,#9172,#9223,#9292,#9361,#9410,#9459,#9508,#9557,#9606,#9657,#9726,#9795,#9844,#9893,#9942,#9991,#10040,#10091,#10160,#10229,#10278,#10327,#10376,#10425,#10474,#10525,#10594,#10663,#10712,#10761,#10810,#10859,#10908,#10959,#11028,#11097,#11146,#11195,#11244,#11293,#11342,#11393,#11462,#11531,#11580,#11629,#11678,#11727,#11776,#11827,#11896,#11965,#12014,#12063,#12112,#12161,#12210,#12261,#12330,#12399,#12448,#12497,#12546,#12595,#12644,#12695,#12764,#12833,#12882,#12931,#12980,#13029,#13078,#13129,#13198,#13267,#13316,#13365,#13414,#13463,#13512,#13563,#13632,#13701,#13750,#13799,#13848,#13897,#13946,#13997,#14066,#14135,#14184,#14233,#14282,#14331,#14380),#11);
#26=PRODUCT_CATEGORY_RELATIONSHIP('','',#27,#28);
#27=PRODUCT_CATEGORY('part','');
#28=PRODUCT_RELATED_PRODUCT_CATEGORY('','',(#8));
#34=PRESENTATION_STYLE_ASSIGNMENT((#35,#40));
#35=SURFACE_STYLE_USAGE(.BOTH.,#36);
#36=SURFACE_SIDE_STYLE('',(#37));
#37=SURFACE_STYLE_FILL_AREA(#38);
#38=FILL_AREA_STYLE('',(#39));
#39=FILL_AREA_STYLE_COLOUR('',#41);
#40=CURVE_STYLE('',#42,POSITIVE_LENGTH_MEASURE(0.1),#41);
#41=COLOUR_RGB('Aluminum',0.725,0.725,0.725);
#42=DRAUGHTING_PRE_DEFINED_CURVE_FONT('continuous');
#43=PRESENTATION_STYLE_ASSIGNMENT((#44,#49));
#44=SURFACE_STYLE_USAGE(.BOTH.,#45);
#45=SURFACE_SIDE_STYLE('',(#46));
#46=SURFACE_STYLE_FILL_AREA(#47);
#47=FILL_AREA_STYLE('',(#48));
#48=FILL_AREA_STYLE_COLOUR('',#50);
#49=CURVE_STYLE('',#51,POSITIVE_LENGTH_MEASURE(0.1),#50);
#50=COLOUR_RGB('Black',0.196,0.196,0.196);
#51=DRAUGHTING_PRE_DEFINED_CURVE_FONT('continuous');
#52=PRESENTATION_STYLE_ASSIGNMENT((#53,#58));
#53=SURFACE_STYLE_USAGE(.BOTH.,#54);
#54=SURFACE_SIDE_STYLE('',(#55));
#55=SURFACE_STYLE_FILL_AREA(#56);
#56=FILL_AREA_STYLE('',(#57));
#57=FILL_AREA_STYLE_COLOUR('',#59);
#58=CURVE_STYLE('',#60,POSITIVE_LENGTH_MEASURE(0.1),#59);
#59=COLOUR_RGB('Pin1',0.588,0.588,0.588);
#60=DRAUGHTING_PRE_DEFINED_CURVE_FONT('continuous');
#61=PRESENTATION_STYLE_ASSIGNMENT((#62,#67));
#62=SURFACE_STYLE_USAGE(.BOTH.,#63);
#63=SURFACE_SIDE_STYLE('',(#64));
#64=SURFACE_STYLE_FILL_AREA(#65);
#65=FILL_AREA_STYLE('',(#66));
#66=FILL_AREA_STYLE_COLOUR('',#68);
#67=CURVE_STYLE('',#69,POSITIVE_LENGTH_MEASURE(0.1),#68);
#68=COLOUR_RGB('HeatTab',0.588,0.588,0.588);
#69=DRAUGHTING_PRE_DEFINED_CURVE_FONT('continuous');
#70=PRESENTATION_STYLE_ASSIGNMENT((#71,#76));
#71=SURFACE_STYLE_USAGE(.BOTH.,#72);
#72=SURFACE_SIDE_STYLE('',(#73));
#73=SURFACE_STYLE_FILL_AREA(#74);
#74=FILL_AREA_STYLE('',(#75));
#75=FILL_AREA_STYLE_COLOUR('',#77);
#76=CURVE_STYLE('',#78,POSITIVE_LENGTH_MEASURE(0.1),#77);
#77=COLOUR_RGB('Gold',0.843,0.686,0.0);
#78=DRAUGHTING_PRE_DEFINED_CURVE_FONT('continuous');
#79=PRESENTATION_STYLE_ASSIGNMENT((#80,#85));
#80=SURFACE_STYLE_USAGE(.BOTH.,#81);
#81=SURFACE_SIDE_STYLE('',(#82));
#82=SURFACE_STYLE_FILL_AREA(#83);
#83=FILL_AREA_STYLE('',(#84));
#84=FILL_AREA_STYLE_COLOUR('',#86);
#85=CURVE_STYLE('',#87,POSITIVE_LENGTH_MEASURE(0.1),#86);
#86=COLOUR_RGB('Brown',0.459,0.345,0.176);
#87=DRAUGHTING_PRE_DEFINED_CURVE_FONT('continuous');
#88=PRESENTATION_STYLE_ASSIGNMENT((#89,#94));
#89=SURFACE_STYLE_USAGE(.BOTH.,#90);
#90=SURFACE_SIDE_STYLE('',(#91));
#91=SURFACE_STYLE_FILL_AREA(#92);
#92=FILL_AREA_STYLE('',(#93));
#93=FILL_AREA_STYLE_COLOUR('',#95);
#94=CURVE_STYLE('',#96,POSITIVE_LENGTH_MEASURE(0.1),#95);
#95=COLOUR_RGB('Tan',0.784,0.686,0.51);
#96=DRAUGHTING_PRE_DEFINED_CURVE_FONT('continuous');
#97=PRESENTATION_STYLE_ASSIGNMENT((#98,#103));
#98=SURFACE_STYLE_USAGE(.BOTH.,#99);
#99=SURFACE_SIDE_STYLE('',(#100));
#100=SURFACE_STYLE_FILL_AREA(#101);
#101=FILL_AREA_STYLE('',(#102));
#102=FILL_AREA_STYLE_COLOUR('',#104);
#103=CURVE_STYLE('',#105,POSITIVE_LENGTH_MEASURE(0.1),#104);
#104=COLOUR_RGB('Gray',0.431,0.431,0.431);
#105=DRAUGHTING_PRE_DEFINED_CURVE_FONT('continuous');
#106=PRESENTATION_STYLE_ASSIGNMENT((#107,#112));
#107=SURFACE_STYLE_USAGE(.BOTH.,#108);
#108=SURFACE_SIDE_STYLE('',(#109));
#109=SURFACE_STYLE_FILL_AREA(#110);
#110=FILL_AREA_STYLE('',(#111));
#111=FILL_AREA_STYLE_COLOUR('',#113);
#112=CURVE_STYLE('',#114,POSITIVE_LENGTH_MEASURE(0.1),#113);
#113=COLOUR_RGB('Red',0.6,0.0,0.0);
#114=DRAUGHTING_PRE_DEFINED_CURVE_FONT('continuous');
#115=PRESENTATION_STYLE_ASSIGNMENT((#116,#121));
#116=SURFACE_STYLE_USAGE(.BOTH.,#117);
#117=SURFACE_SIDE_STYLE('',(#118));
#118=SURFACE_STYLE_FILL_AREA(#119);
#119=FILL_AREA_STYLE('',(#120));
#120=FILL_AREA_STYLE_COLOUR('',#122);
#121=CURVE_STYLE('',#123,POSITIVE_LENGTH_MEASURE(0.1),#122);
#122=COLOUR_RGB('Blue',0.157,0.157,0.588);
#123=DRAUGHTING_PRE_DEFINED_CURVE_FONT('continuous');
#124=PRESENTATION_STYLE_ASSIGNMENT((#125,#130));
#125=SURFACE_STYLE_USAGE(.BOTH.,#126);
#126=SURFACE_SIDE_STYLE('',(#127));
#127=SURFACE_STYLE_FILL_AREA(#128);
#128=FILL_AREA_STYLE('',(#129));
#129=FILL_AREA_STYLE_COLOUR('',#131);
#130=CURVE_STYLE('',#132,POSITIVE_LENGTH_MEASURE(0.1),#131);
#131=COLOUR_RGB('Maroon',0.294,0.0,0.0);
#132=DRAUGHTING_PRE_DEFINED_CURVE_FONT('continuous');
#133=PRESENTATION_STYLE_ASSIGNMENT((#134,#139));
#134=SURFACE_STYLE_USAGE(.BOTH.,#135);
#135=SURFACE_SIDE_STYLE('',(#136));
#136=SURFACE_STYLE_FILL_AREA(#137);
#137=FILL_AREA_STYLE('',(#138));
#138=FILL_AREA_STYLE_COLOUR('',#140);
#139=CURVE_STYLE('',#141,POSITIVE_LENGTH_MEASURE(0.1),#140);
#140=COLOUR_RGB('Green',0.0,0.294,0.0);
#141=DRAUGHTING_PRE_DEFINED_CURVE_FONT('continuous');
#142=PRESENTATION_STYLE_ASSIGNMENT((#143,#148));
#143=SURFACE_STYLE_USAGE(.BOTH.,#144);
#144=SURFACE_SIDE_STYLE('',(#145));
#145=SURFACE_STYLE_FILL_AREA(#146);
#146=FILL_AREA_STYLE('',(#147));
#147=FILL_AREA_STYLE_COLOUR('',#149);
#148=CURVE_STYLE('',#150,POSITIVE_LENGTH_MEASURE(0.1),#149);
#149=COLOUR_RGB('Pin1Wrap',0.98,0.706,0.176);
#150=DRAUGHTING_PRE_DEFINED_CURVE_FONT('continuous');
#151=PRESENTATION_STYLE_ASSIGNMENT((#152,#157));
#152=SURFACE_STYLE_USAGE(.BOTH.,#153);
#153=SURFACE_SIDE_STYLE('',(#154));
#154=SURFACE_STYLE_FILL_AREA(#155);
#155=FILL_AREA_STYLE('',(#156));
#156=FILL_AREA_STYLE_COLOUR('',#158);
#157=CURVE_STYLE('',#159,POSITIVE_LENGTH_MEASURE(0.1),#158);
#158=COLOUR_RGB('Pin1Rad',0.588,0.588,0.588);
#159=DRAUGHTING_PRE_DEFINED_CURVE_FONT('continuous');
#160=PRESENTATION_STYLE_ASSIGNMENT((#161,#166));
#161=SURFACE_STYLE_USAGE(.BOTH.,#162);
#162=SURFACE_SIDE_STYLE('',(#163));
#163=SURFACE_STYLE_FILL_AREA(#164);
#164=FILL_AREA_STYLE('',(#165));
#165=FILL_AREA_STYLE_COLOUR('',#167);
#166=CURVE_STYLE('',#168,POSITIVE_LENGTH_MEASURE(0.1),#167);
#167=COLOUR_RGB('Pin1Axial',0.98,0.706,0.176);
#168=DRAUGHTING_PRE_DEFINED_CURVE_FONT('continuous');
#169=PRESENTATION_STYLE_ASSIGNMENT((#170,#175));
#170=SURFACE_STYLE_USAGE(.BOTH.,#171);
#171=SURFACE_SIDE_STYLE('',(#172));
#172=SURFACE_STYLE_FILL_AREA(#173);
#173=FILL_AREA_STYLE('',(#174));
#174=FILL_AREA_STYLE_COLOUR('',#176);
#175=CURVE_STYLE('',#177,POSITIVE_LENGTH_MEASURE(0.1),#176);
#176=COLOUR_RGB('Pin1Tant',0.459,0.345,0.176);
#177=DRAUGHTING_PRE_DEFINED_CURVE_FONT('continuous');
#178=PRESENTATION_STYLE_ASSIGNMENT((#179,#184));
#179=SURFACE_STYLE_USAGE(.BOTH.,#180);
#180=SURFACE_SIDE_STYLE('',(#181));
#181=SURFACE_STYLE_FILL_AREA(#182);
#182=FILL_AREA_STYLE('',(#183));
#183=FILL_AREA_STYLE_COLOUR('',#185);
#184=CURVE_STYLE('',#186,POSITIVE_LENGTH_MEASURE(0.1),#185);
#185=COLOUR_RGB('Shroud',0.235,0.235,0.235);
#186=DRAUGHTING_PRE_DEFINED_CURVE_FONT('continuous');
#188=MANIFOLD_SOLID_BREP($,#189);
#189=CLOSED_SHELL('',(#190,#191,#192));
#190=ADVANCED_FACE($,(#196,#195),#213,.T.);
#191=ADVANCED_FACE($,(#197),#193,.F.);
#192=ADVANCED_FACE($,(#198),#194,.T.);
#193=PLANE($,#218);
#194=PLANE($,#219);
#195=FACE_BOUND($,#200,.T.);
#196=FACE_OUTER_BOUND($,#199,.T.);
#197=FACE_OUTER_BOUND($,#201,.T.);
#198=FACE_OUTER_BOUND($,#202,.T.);
#199=EDGE_LOOP($,(#209));
#200=EDGE_LOOP($,(#210));
#201=EDGE_LOOP($,(#211));
#202=EDGE_LOOP($,(#212));
#203=CIRCLE($,#216,0.127508);
#204=CIRCLE($,#217,0.127508);
#205=VERTEX_POINT('',#234);
#206=VERTEX_POINT('',#236);
#207=EDGE_CURVE($,#205,#205,#203,.T.);
#208=EDGE_CURVE($,#206,#206,#204,.T.);
#209=ORIENTED_EDGE($,*,*,#207,.F.);
#210=ORIENTED_EDGE($,*,*,#208,.F.);
#211=ORIENTED_EDGE($,*,*,#208,.T.);
#212=ORIENTED_EDGE($,*,*,#207,.T.);
#213=CYLINDRICAL_SURFACE($,#215,0.127508);
#214=AXIS2_PLACEMENT_3D('placement',#232,#220,#221);
#215=AXIS2_PLACEMENT_3D($,#233,#222,#223);
#216=AXIS2_PLACEMENT_3D($,#235,#224,#225);
#217=AXIS2_PLACEMENT_3D($,#237,#226,#227);
#218=AXIS2_PLACEMENT_3D($,#238,#228,#229);
#219=AXIS2_PLACEMENT_3D($,#239,#230,#231);
#220=DIRECTION('axis',(0.,1.,0.));
#221=DIRECTION('refdir',(1.,0.,0.));
#222=DIRECTION('',(0.,0.,1.));
#223=DIRECTION('',(1.,0.,0.));
#224=DIRECTION('',(0.,0.,1.));
#225=DIRECTION('',(1.,0.,0.));
#226=DIRECTION('',(0.,0.,-1.));
#227=DIRECTION('',(1.,0.,0.));
#228=DIRECTION('',(0.,0.,1.));
#229=DIRECTION('',(0.,1.,0.));
#230=DIRECTION('',(0.,0.,1.));
#231=DIRECTION('',(0.,1.,0.));
#232=CARTESIAN_POINT('',(0.,0.,0.));
#233=CARTESIAN_POINT('',(-2.04,1.75,1.397));
#234=CARTESIAN_POINT('',(-2.168,1.75,1.4));
#235=CARTESIAN_POINT('',(-2.04,1.75,1.4));
#236=CARTESIAN_POINT('',(-2.168,1.75,1.397));
#237=CARTESIAN_POINT('',(-2.04,1.75,1.397));
#238=CARTESIAN_POINT('',(-2.04,1.75,1.397));
#239=CARTESIAN_POINT('',(-2.04,1.75,1.4));
#240=STYLED_ITEM('color',(#52),#190);
#241=STYLED_ITEM('color',(#52),#191);
#242=STYLED_ITEM('color',(#52),#192);
#244=MANIFOLD_SOLID_BREP($,#245);
#245=CLOSED_SHELL('',(#247,#296,#345,#394,#443,#492));
#246=STYLED_ITEM('',(#43),#247);
#247=ADVANCED_FACE('',(#253),#248,.T.);
#248=PLANE('',#249);
#249=AXIS2_PLACEMENT_3D('',#250,#251,#252);
#250=CARTESIAN_POINT('',(-2.55,-2.55,0.051));
#251=DIRECTION('',(0.0,-1.0,0.0));
#252=DIRECTION('',(0.,0.,1.));
#253=FACE_OUTER_BOUND('',#254,.T.);
#254=EDGE_LOOP('',(#255,#265,#275,#285));
#258=CARTESIAN_POINT('',(2.55,-2.55,0.051));
#257=VERTEX_POINT('',#258);
#260=CARTESIAN_POINT('',(-2.55,-2.55,0.051));
#259=VERTEX_POINT('',#260);
#256=EDGE_CURVE('',#257,#259,#261,.T.);
#261=LINE('',#258,#263);
#263=VECTOR('',#264,5.10032);
#264=DIRECTION('',(-1.0,0.0,0.0));
#255=ORIENTED_EDGE('',*,*,#256,.F.);
#268=CARTESIAN_POINT('',(2.55,-2.55,1.397));
#267=VERTEX_POINT('',#268);
#266=EDGE_CURVE('',#267,#257,#271,.T.);
#271=LINE('',#268,#273);
#273=VECTOR('',#274,1.3461746);
#274=DIRECTION('',(0.0,0.0,-1.0));
#265=ORIENTED_EDGE('',*,*,#266,.F.);
#278=CARTESIAN_POINT('',(-2.55,-2.55,1.397));
#277=VERTEX_POINT('',#278);
#276=EDGE_CURVE('',#277,#267,#281,.T.);
#281=LINE('',#278,#283);
#283=VECTOR('',#284,5.10032);
#284=DIRECTION('',(1.0,0.0,0.0));
#275=ORIENTED_EDGE('',*,*,#276,.F.);
#286=EDGE_CURVE('',#259,#277,#291,.T.);
#291=LINE('',#260,#293);
#293=VECTOR('',#294,1.3461746);
#294=DIRECTION('',(0.0,0.0,1.0));
#285=ORIENTED_EDGE('',*,*,#286,.F.);
#295=STYLED_ITEM('',(#43),#296);
#296=ADVANCED_FACE('',(#302),#297,.T.);
#297=PLANE('',#298);
#298=AXIS2_PLACEMENT_3D('',#299,#300,#301);
#299=CARTESIAN_POINT('',(2.55,-2.55,0.051));
#300=DIRECTION('',(1.0,0.0,0.0));
#301=DIRECTION('',(0.,0.,1.));
#302=FACE_OUTER_BOUND('',#303,.T.);
#303=EDGE_LOOP('',(#304,#314,#324,#334));
#307=CARTESIAN_POINT('',(2.55,2.55,0.051));
#306=VERTEX_POINT('',#307);
#305=EDGE_CURVE('',#306,#257,#310,.T.);
#310=LINE('',#307,#312);
#312=VECTOR('',#313,5.10032);
#313=DIRECTION('',(0.0,-1.0,0.0));
#304=ORIENTED_EDGE('',*,*,#305,.F.);
#317=CARTESIAN_POINT('',(2.55,2.55,1.397));
#316=VERTEX_POINT('',#317);
#315=EDGE_CURVE('',#316,#306,#320,.T.);
#320=LINE('',#317,#322);
#322=VECTOR('',#323,1.3461746);
#323=DIRECTION('',(0.0,0.0,-1.0));
#314=ORIENTED_EDGE('',*,*,#315,.F.);
#325=EDGE_CURVE('',#267,#316,#330,.T.);
#330=LINE('',#268,#332);
#332=VECTOR('',#333,5.10032);
#333=DIRECTION('',(0.0,1.0,0.0));
#324=ORIENTED_EDGE('',*,*,#325,.F.);
#334=ORIENTED_EDGE('',*,*,#266,.T.);
#344=STYLED_ITEM('',(#43),#345);
#345=ADVANCED_FACE('',(#351),#346,.T.);
#346=PLANE('',#347);
#347=AXIS2_PLACEMENT_3D('',#348,#349,#350);
#348=CARTESIAN_POINT('',(2.55,2.55,0.051));
#349=DIRECTION('',(0.0,1.0,0.0));
#350=DIRECTION('',(0.,0.,1.));
#351=FACE_OUTER_BOUND('',#352,.T.);
#352=EDGE_LOOP('',(#353,#363,#373,#383));
#356=CARTESIAN_POINT('',(-2.55,2.55,0.051));
#355=VERTEX_POINT('',#356);
#354=EDGE_CURVE('',#355,#306,#359,.T.);
#359=LINE('',#356,#361);
#361=VECTOR('',#362,5.10032);
#362=DIRECTION('',(1.0,0.0,0.0));
#353=ORIENTED_EDGE('',*,*,#354,.F.);
#366=CARTESIAN_POINT('',(-2.55,2.55,1.397));
#365=VERTEX_POINT('',#366);
#364=EDGE_CURVE('',#365,#355,#369,.T.);
#369=LINE('',#366,#371);
#371=VECTOR('',#372,1.3461746);
#372=DIRECTION('',(0.0,0.0,-1.0));
#363=ORIENTED_EDGE('',*,*,#364,.F.);
#374=EDGE_CURVE('',#316,#365,#379,.T.);
#379=LINE('',#317,#381);
#381=VECTOR('',#382,5.10032);
#382=DIRECTION('',(-1.0,0.0,0.0));
#373=ORIENTED_EDGE('',*,*,#374,.F.);
#383=ORIENTED_EDGE('',*,*,#315,.T.);
#393=STYLED_ITEM('',(#43),#394);
#394=ADVANCED_FACE('',(#400),#395,.T.);
#395=PLANE('',#396);
#396=AXIS2_PLACEMENT_3D('',#397,#398,#399);
#397=CARTESIAN_POINT('',(-2.55,2.55,0.051));
#398=DIRECTION('',(-1.0,0.0,0.0));
#399=DIRECTION('',(0.,0.,1.));
#400=FACE_OUTER_BOUND('',#401,.T.);
#401=EDGE_LOOP('',(#402,#412,#422,#432));
#403=EDGE_CURVE('',#259,#355,#408,.T.);
#408=LINE('',#260,#410);
#410=VECTOR('',#411,5.10032);
#411=DIRECTION('',(0.0,1.0,0.0));
#402=ORIENTED_EDGE('',*,*,#403,.F.);
#412=ORIENTED_EDGE('',*,*,#286,.T.);
#423=EDGE_CURVE('',#365,#277,#428,.T.);
#428=LINE('',#366,#430);
#430=VECTOR('',#431,5.10032);
#431=DIRECTION('',(0.0,-1.0,0.0));
#422=ORIENTED_EDGE('',*,*,#423,.F.);
#432=ORIENTED_EDGE('',*,*,#364,.T.);
#442=STYLED_ITEM('',(#43),#443);
#443=ADVANCED_FACE('',(#449),#444,.T.);
#444=PLANE('',#445);
#445=AXIS2_PLACEMENT_3D('',#446,#447,#448);
#446=CARTESIAN_POINT('',(-2.55,2.55,0.051));
#447=DIRECTION('',(0.0,0.0,-1.0));
#448=DIRECTION('',(0.,1.,0.));
#449=FACE_OUTER_BOUND('',#450,.T.);
#450=EDGE_LOOP('',(#451,#461,#471,#481));
#451=ORIENTED_EDGE('',*,*,#354,.T.);
#461=ORIENTED_EDGE('',*,*,#305,.T.);
#471=ORIENTED_EDGE('',*,*,#256,.T.);
#481=ORIENTED_EDGE('',*,*,#403,.T.);
#491=STYLED_ITEM('',(#43),#492);
#492=ADVANCED_FACE('',(#498),#493,.T.);
#493=PLANE('',#494);
#494=AXIS2_PLACEMENT_3D('',#495,#496,#497);
#495=CARTESIAN_POINT('',(-2.55,-2.55,1.397));
#496=DIRECTION('',(0.0,0.0,1.0));
#497=DIRECTION('',(0.,1.,0.));
#498=FACE_OUTER_BOUND('',#499,.T.);
#499=EDGE_LOOP('',(#500,#510,#520,#530));
#500=ORIENTED_EDGE('',*,*,#276,.T.);
#510=ORIENTED_EDGE('',*,*,#325,.T.);
#520=ORIENTED_EDGE('',*,*,#374,.T.);
#530=ORIENTED_EDGE('',*,*,#423,.T.);
#541=MANIFOLD_SOLID_BREP($,#542);
#542=CLOSED_SHELL('',(#544,#613,#682,#731,#780,#829,#878,#927));
#543=STYLED_ITEM('',(#34),#544);
#544=ADVANCED_FACE('',(#550),#545,.T.);
#545=PLANE('',#546);
#546=AXIS2_PLACEMENT_3D('',#547,#548,#549);
#547=CARTESIAN_POINT('',(2.601,1.9,0.0));
#548=DIRECTION('',(0.0,1.0,0.0));
#549=DIRECTION('',(0.,0.,1.));
#550=FACE_OUTER_BOUND('',#551,.T.);
#551=EDGE_LOOP('',(#552,#562,#572,#582,#592,#602));
#555=CARTESIAN_POINT('',(2.05,1.9,0.0));
#554=VERTEX_POINT('',#555);
#557=CARTESIAN_POINT('',(2.601,1.9,0.0));
#556=VERTEX_POINT('',#557);
#553=EDGE_CURVE('',#554,#556,#558,.T.);
#558=LINE('',#555,#560);
#560=VECTOR('',#561,0.550959655);
#561=DIRECTION('',(1.0,0.0,0.0));
#552=ORIENTED_EDGE('',*,*,#553,.F.);
#565=CARTESIAN_POINT('',(2.05,1.9,0.051));
#564=VERTEX_POINT('',#565);
#563=EDGE_CURVE('',#564,#554,#568,.T.);
#568=LINE('',#565,#570);
#570=VECTOR('',#571,0.0508);
#571=DIRECTION('',(0.0,0.0,-1.0));
#562=ORIENTED_EDGE('',*,*,#563,.F.);
#575=CARTESIAN_POINT('',(2.55,1.9,0.051));
#574=VERTEX_POINT('',#575);
#573=EDGE_CURVE('',#574,#564,#578,.T.);
#578=LINE('',#575,#580);
#580=VECTOR('',#581,0.500159655);
#581=DIRECTION('',(-1.0,0.0,0.0));
#572=ORIENTED_EDGE('',*,*,#573,.F.);
#585=CARTESIAN_POINT('',(2.55,1.9,0.698));
#584=VERTEX_POINT('',#585);
#583=EDGE_CURVE('',#584,#574,#588,.T.);
#588=LINE('',#585,#590);
#590=VECTOR('',#591,0.6476873);
#591=DIRECTION('',(0.0,0.0,-1.0));
#582=ORIENTED_EDGE('',*,*,#583,.F.);
#595=CARTESIAN_POINT('',(2.601,1.9,0.698));
#594=VERTEX_POINT('',#595);
#593=EDGE_CURVE('',#594,#584,#598,.T.);
#598=LINE('',#595,#600);
#600=VECTOR('',#601,0.0508);
#601=DIRECTION('',(-1.0,0.0,0.0));
#592=ORIENTED_EDGE('',*,*,#593,.F.);
#603=EDGE_CURVE('',#556,#594,#608,.T.);
#608=LINE('',#557,#610);
#610=VECTOR('',#611,0.6984873);
#611=DIRECTION('',(0.0,0.0,1.0));
#602=ORIENTED_EDGE('',*,*,#603,.F.);
#612=STYLED_ITEM('',(#34),#613);
#613=ADVANCED_FACE('',(#619),#614,.T.);
#614=PLANE('',#615);
#615=AXIS2_PLACEMENT_3D('',#616,#617,#618);
#616=CARTESIAN_POINT('',(2.05,1.6,0.0));
#617=DIRECTION('',(0.0,-1.0,0.0));
#618=DIRECTION('',(0.,0.,1.));
#619=FACE_OUTER_BOUND('',#620,.T.);
#620=EDGE_LOOP('',(#621,#631,#641,#651,#661,#671));
#624=CARTESIAN_POINT('',(2.601,1.6,0.0));
#623=VERTEX_POINT('',#624);
#626=CARTESIAN_POINT('',(2.05,1.6,0.0));
#625=VERTEX_POINT('',#626);
#622=EDGE_CURVE('',#623,#625,#627,.T.);
#627=LINE('',#624,#629);
#629=VECTOR('',#630,0.550959655);
#630=DIRECTION('',(-1.0,0.0,0.0));
#621=ORIENTED_EDGE('',*,*,#622,.F.);
#634=CARTESIAN_POINT('',(2.601,1.6,0.698));
#633=VERTEX_POINT('',#634);
#632=EDGE_CURVE('',#633,#623,#637,.T.);
#637=LINE('',#634,#639);
#639=VECTOR('',#640,0.6984873);
#640=DIRECTION('',(0.0,0.0,-1.0));
#631=ORIENTED_EDGE('',*,*,#632,.F.);
#644=CARTESIAN_POINT('',(2.55,1.6,0.698));
#643=VERTEX_POINT('',#644);
#642=EDGE_CURVE('',#643,#633,#647,.T.);
#647=LINE('',#644,#649);
#649=VECTOR('',#650,0.0508);
#650=DIRECTION('',(1.0,0.0,0.0));
#641=ORIENTED_EDGE('',*,*,#642,.F.);
#654=CARTESIAN_POINT('',(2.55,1.6,0.051));
#653=VERTEX_POINT('',#654);
#652=EDGE_CURVE('',#653,#643,#657,.T.);
#657=LINE('',#654,#659);
#659=VECTOR('',#660,0.6476873);
#660=DIRECTION('',(0.0,0.0,1.0));
#651=ORIENTED_EDGE('',*,*,#652,.F.);
#664=CARTESIAN_POINT('',(2.05,1.6,0.051));
#663=VERTEX_POINT('',#664);
#662=EDGE_CURVE('',#663,#653,#667,.T.);
#667=LINE('',#664,#669);
#669=VECTOR('',#670,0.500159655);
#670=DIRECTION('',(1.0,0.0,0.0));
#661=ORIENTED_EDGE('',*,*,#662,.F.);
#672=EDGE_CURVE('',#625,#663,#677,.T.);
#677=LINE('',#626,#679);
#679=VECTOR('',#680,0.0508);
#680=DIRECTION('',(0.0,0.0,1.0));
#671=ORIENTED_EDGE('',*,*,#672,.F.);
#681=STYLED_ITEM('',(#34),#682);
#682=ADVANCED_FACE('',(#688),#683,.T.);
#683=PLANE('',#684);
#684=AXIS2_PLACEMENT_3D('',#685,#686,#687);
#685=CARTESIAN_POINT('',(2.601,1.9,0.698));
#686=DIRECTION('',(0.0,0.0,1.0));
#687=DIRECTION('',(0.,1.,0.));
#688=FACE_OUTER_BOUND('',#689,.T.);
#689=EDGE_LOOP('',(#690,#700,#710,#720));
#690=ORIENTED_EDGE('',*,*,#593,.T.);
#701=EDGE_CURVE('',#643,#584,#706,.T.);
#706=LINE('',#644,#708);
#708=VECTOR('',#709,0.299999908);
#709=DIRECTION('',(0.0,1.0,0.0));
#700=ORIENTED_EDGE('',*,*,#701,.F.);
#710=ORIENTED_EDGE('',*,*,#642,.T.);
#721=EDGE_CURVE('',#594,#633,#726,.T.);
#726=LINE('',#595,#728);
#728=VECTOR('',#729,0.299999908);
#729=DIRECTION('',(0.0,-1.0,0.0));
#720=ORIENTED_EDGE('',*,*,#721,.F.);
#730=STYLED_ITEM('',(#34),#731);
#731=ADVANCED_FACE('',(#737),#732,.T.);
#732=PLANE('',#733);
#733=AXIS2_PLACEMENT_3D('',#734,#735,#736);
#734=CARTESIAN_POINT('',(2.55,1.9,0.051));
#735=DIRECTION('',(0.0,0.0,1.0));
#736=DIRECTION('',(0.,1.,0.));
#737=FACE_OUTER_BOUND('',#738,.T.);
#738=EDGE_LOOP('',(#739,#749,#759,#769));
#739=ORIENTED_EDGE('',*,*,#573,.T.);
#750=EDGE_CURVE('',#663,#564,#755,.T.);
#755=LINE('',#664,#757);
#757=VECTOR('',#758,0.299999908);
#758=DIRECTION('',(0.0,1.0,0.0));
#749=ORIENTED_EDGE('',*,*,#750,.F.);
#759=ORIENTED_EDGE('',*,*,#662,.T.);
#770=EDGE_CURVE('',#574,#653,#775,.T.);
#775=LINE('',#575,#777);
#777=VECTOR('',#778,0.299999908);
#778=DIRECTION('',(0.0,-1.0,0.0));
#769=ORIENTED_EDGE('',*,*,#770,.F.);
#779=STYLED_ITEM('',(#34),#780);
#780=ADVANCED_FACE('',(#786),#781,.T.);
#781=PLANE('',#782);
#782=AXIS2_PLACEMENT_3D('',#783,#784,#785);
#783=CARTESIAN_POINT('',(2.601,1.6,0.0));
#784=DIRECTION('',(1.0,0.0,0.0));
#785=DIRECTION('',(0.,0.,1.));
#786=FACE_OUTER_BOUND('',#787,.T.);
#787=EDGE_LOOP('',(#788,#798,#808,#818));
#789=EDGE_CURVE('',#556,#623,#794,.T.);
#794=LINE('',#557,#796);
#796=VECTOR('',#797,0.299999908);
#797=DIRECTION('',(0.0,-1.0,0.0));
#788=ORIENTED_EDGE('',*,*,#789,.F.);
#798=ORIENTED_EDGE('',*,*,#603,.T.);
#808=ORIENTED_EDGE('',*,*,#721,.T.);
#818=ORIENTED_EDGE('',*,*,#632,.T.);
#828=STYLED_ITEM('',(#34),#829);
#829=ADVANCED_FACE('',(#835),#830,.T.);
#830=PLANE('',#831);
#831=AXIS2_PLACEMENT_3D('',#832,#833,#834);
#832=CARTESIAN_POINT('',(2.05,1.9,0.0));
#833=DIRECTION('',(-1.0,0.0,0.0));
#834=DIRECTION('',(0.,0.,1.));
#835=FACE_OUTER_BOUND('',#836,.T.);
#836=EDGE_LOOP('',(#837,#847,#857,#867));
#838=EDGE_CURVE('',#625,#554,#843,.T.);
#843=LINE('',#626,#845);
#845=VECTOR('',#846,0.299999908);
#846=DIRECTION('',(0.0,1.0,0.0));
#837=ORIENTED_EDGE('',*,*,#838,.F.);
#847=ORIENTED_EDGE('',*,*,#672,.T.);
#857=ORIENTED_EDGE('',*,*,#750,.T.);
#867=ORIENTED_EDGE('',*,*,#563,.T.);
#877=STYLED_ITEM('',(#34),#878);
#878=ADVANCED_FACE('',(#884),#879,.T.);
#879=PLANE('',#880);
#880=AXIS2_PLACEMENT_3D('',#881,#882,#883);
#881=CARTESIAN_POINT('',(2.55,1.9,0.051));
#882=DIRECTION('',(-1.0,0.0,0.0));
#883=DIRECTION('',(0.,0.,1.));
#884=FACE_OUTER_BOUND('',#885,.T.);
#885=EDGE_LOOP('',(#886,#896,#906,#916));
#886=ORIENTED_EDGE('',*,*,#770,.T.);
#896=ORIENTED_EDGE('',*,*,#652,.T.);
#906=ORIENTED_EDGE('',*,*,#701,.T.);
#916=ORIENTED_EDGE('',*,*,#583,.T.);
#926=STYLED_ITEM('',(#34),#927);
#927=ADVANCED_FACE('',(#933),#928,.T.);
#928=PLANE('',#929);
#929=AXIS2_PLACEMENT_3D('',#930,#931,#932);
#930=CARTESIAN_POINT('',(2.601,1.6,0.0));
#931=DIRECTION('',(0.0,0.0,-1.0));
#932=DIRECTION('',(0.,1.,0.));
#933=FACE_OUTER_BOUND('',#934,.T.);
#934=EDGE_LOOP('',(#935,#945,#955,#965));
#935=ORIENTED_EDGE('',*,*,#622,.T.);
#945=ORIENTED_EDGE('',*,*,#838,.T.);
#955=ORIENTED_EDGE('',*,*,#553,.T.);
#965=ORIENTED_EDGE('',*,*,#789,.T.);
#975=MANIFOLD_SOLID_BREP($,#976);
#976=CLOSED_SHELL('',(#978,#1047,#1116,#1165,#1214,#1263,#1312,#1361));
#977=STYLED_ITEM('',(#34),#978);
#978=ADVANCED_FACE('',(#984),#979,.T.);
#979=PLANE('',#980);
#980=AXIS2_PLACEMENT_3D('',#981,#982,#983);
#981=CARTESIAN_POINT('',(2.601,1.4,0.0));
#982=DIRECTION('',(0.0,1.0,0.0));
#983=DIRECTION('',(0.,0.,1.));
#984=FACE_OUTER_BOUND('',#985,.T.);
#985=EDGE_LOOP('',(#986,#996,#1006,#1016,#1026,#1036));
#989=CARTESIAN_POINT('',(2.05,1.4,0.0));
#988=VERTEX_POINT('',#989);
#991=CARTESIAN_POINT('',(2.601,1.4,0.0));
#990=VERTEX_POINT('',#991);
#987=EDGE_CURVE('',#988,#990,#992,.T.);
#992=LINE('',#989,#994);
#994=VECTOR('',#995,0.550959655);
#995=DIRECTION('',(1.0,0.0,0.0));
#986=ORIENTED_EDGE('',*,*,#987,.F.);
#999=CARTESIAN_POINT('',(2.05,1.4,0.051));
#998=VERTEX_POINT('',#999);
#997=EDGE_CURVE('',#998,#988,#1002,.T.);
#1002=LINE('',#999,#1004);
#1004=VECTOR('',#1005,0.0508);
#1005=DIRECTION('',(0.0,0.0,-1.0));
#996=ORIENTED_EDGE('',*,*,#997,.F.);
#1009=CARTESIAN_POINT('',(2.55,1.4,0.051));
#1008=VERTEX_POINT('',#1009);
#1007=EDGE_CURVE('',#1008,#998,#1012,.T.);
#1012=LINE('',#1009,#1014);
#1014=VECTOR('',#1015,0.500159655);
#1015=DIRECTION('',(-1.0,0.0,0.0));
#1006=ORIENTED_EDGE('',*,*,#1007,.F.);
#1019=CARTESIAN_POINT('',(2.55,1.4,0.698));
#1018=VERTEX_POINT('',#1019);
#1017=EDGE_CURVE('',#1018,#1008,#1022,.T.);
#1022=LINE('',#1019,#1024);
#1024=VECTOR('',#1025,0.6476873);
#1025=DIRECTION('',(0.0,0.0,-1.0));
#1016=ORIENTED_EDGE('',*,*,#1017,.F.);
#1029=CARTESIAN_POINT('',(2.601,1.4,0.698));
#1028=VERTEX_POINT('',#1029);
#1027=EDGE_CURVE('',#1028,#1018,#1032,.T.);
#1032=LINE('',#1029,#1034);
#1034=VECTOR('',#1035,0.0508);
#1035=DIRECTION('',(-1.0,0.0,0.0));
#1026=ORIENTED_EDGE('',*,*,#1027,.F.);
#1037=EDGE_CURVE('',#990,#1028,#1042,.T.);
#1042=LINE('',#991,#1044);
#1044=VECTOR('',#1045,0.6984873);
#1045=DIRECTION('',(0.0,0.0,1.0));
#1036=ORIENTED_EDGE('',*,*,#1037,.F.);
#1046=STYLED_ITEM('',(#34),#1047);
#1047=ADVANCED_FACE('',(#1053),#1048,.T.);
#1048=PLANE('',#1049);
#1049=AXIS2_PLACEMENT_3D('',#1050,#1051,#1052);
#1050=CARTESIAN_POINT('',(2.05,1.1,0.0));
#1051=DIRECTION('',(0.0,-1.0,0.0));
#1052=DIRECTION('',(0.,0.,1.));
#1053=FACE_OUTER_BOUND('',#1054,.T.);
#1054=EDGE_LOOP('',(#1055,#1065,#1075,#1085,#1095,#1105));
#1058=CARTESIAN_POINT('',(2.601,1.1,0.0));
#1057=VERTEX_POINT('',#1058);
#1060=CARTESIAN_POINT('',(2.05,1.1,0.0));
#1059=VERTEX_POINT('',#1060);
#1056=EDGE_CURVE('',#1057,#1059,#1061,.T.);
#1061=LINE('',#1058,#1063);
#1063=VECTOR('',#1064,0.550959655);
#1064=DIRECTION('',(-1.0,0.0,0.0));
#1055=ORIENTED_EDGE('',*,*,#1056,.F.);
#1068=CARTESIAN_POINT('',(2.601,1.1,0.698));
#1067=VERTEX_POINT('',#1068);
#1066=EDGE_CURVE('',#1067,#1057,#1071,.T.);
#1071=LINE('',#1068,#1073);
#1073=VECTOR('',#1074,0.6984873);
#1074=DIRECTION('',(0.0,0.0,-1.0));
#1065=ORIENTED_EDGE('',*,*,#1066,.F.);
#1078=CARTESIAN_POINT('',(2.55,1.1,0.698));
#1077=VERTEX_POINT('',#1078);
#1076=EDGE_CURVE('',#1077,#1067,#1081,.T.);
#1081=LINE('',#1078,#1083);
#1083=VECTOR('',#1084,0.0508);
#1084=DIRECTION('',(1.0,0.0,0.0));
#1075=ORIENTED_EDGE('',*,*,#1076,.F.);
#1088=CARTESIAN_POINT('',(2.55,1.1,0.051));
#1087=VERTEX_POINT('',#1088);
#1086=EDGE_CURVE('',#1087,#1077,#1091,.T.);
#1091=LINE('',#1088,#1093);
#1093=VECTOR('',#1094,0.6476873);
#1094=DIRECTION('',(0.0,0.0,1.0));
#1085=ORIENTED_EDGE('',*,*,#1086,.F.);
#1098=CARTESIAN_POINT('',(2.05,1.1,0.051));
#1097=VERTEX_POINT('',#1098);
#1096=EDGE_CURVE('',#1097,#1087,#1101,.T.);
#1101=LINE('',#1098,#1103);
#1103=VECTOR('',#1104,0.500159655);
#1104=DIRECTION('',(1.0,0.0,0.0));
#1095=ORIENTED_EDGE('',*,*,#1096,.F.);
#1106=EDGE_CURVE('',#1059,#1097,#1111,.T.);
#1111=LINE('',#1060,#1113);
#1113=VECTOR('',#1114,0.0508);
#1114=DIRECTION('',(0.0,0.0,1.0));
#1105=ORIENTED_EDGE('',*,*,#1106,.F.);
#1115=STYLED_ITEM('',(#34),#1116);
#1116=ADVANCED_FACE('',(#1122),#1117,.T.);
#1117=PLANE('',#1118);
#1118=AXIS2_PLACEMENT_3D('',#1119,#1120,#1121);
#1119=CARTESIAN_POINT('',(2.601,1.4,0.698));
#1120=DIRECTION('',(0.0,0.0,1.0));
#1121=DIRECTION('',(0.,1.,0.));
#1122=FACE_OUTER_BOUND('',#1123,.T.);
#1123=EDGE_LOOP('',(#1124,#1134,#1144,#1154));
#1124=ORIENTED_EDGE('',*,*,#1027,.T.);
#1135=EDGE_CURVE('',#1077,#1018,#1140,.T.);
#1140=LINE('',#1078,#1142);
#1142=VECTOR('',#1143,0.299999908);
#1143=DIRECTION('',(0.0,1.0,0.0));
#1134=ORIENTED_EDGE('',*,*,#1135,.F.);
#1144=ORIENTED_EDGE('',*,*,#1076,.T.);
#1155=EDGE_CURVE('',#1028,#1067,#1160,.T.);
#1160=LINE('',#1029,#1162);
#1162=VECTOR('',#1163,0.299999908);
#1163=DIRECTION('',(0.0,-1.0,0.0));
#1154=ORIENTED_EDGE('',*,*,#1155,.F.);
#1164=STYLED_ITEM('',(#34),#1165);
#1165=ADVANCED_FACE('',(#1171),#1166,.T.);
#1166=PLANE('',#1167);
#1167=AXIS2_PLACEMENT_3D('',#1168,#1169,#1170);
#1168=CARTESIAN_POINT('',(2.55,1.4,0.051));
#1169=DIRECTION('',(0.0,0.0,1.0));
#1170=DIRECTION('',(0.,1.,0.));
#1171=FACE_OUTER_BOUND('',#1172,.T.);
#1172=EDGE_LOOP('',(#1173,#1183,#1193,#1203));
#1173=ORIENTED_EDGE('',*,*,#1007,.T.);
#1184=EDGE_CURVE('',#1097,#998,#1189,.T.);
#1189=LINE('',#1098,#1191);
#1191=VECTOR('',#1192,0.299999908);
#1192=DIRECTION('',(0.0,1.0,0.0));
#1183=ORIENTED_EDGE('',*,*,#1184,.F.);
#1193=ORIENTED_EDGE('',*,*,#1096,.T.);
#1204=EDGE_CURVE('',#1008,#1087,#1209,.T.);
#1209=LINE('',#1009,#1211);
#1211=VECTOR('',#1212,0.299999908);
#1212=DIRECTION('',(0.0,-1.0,0.0));
#1203=ORIENTED_EDGE('',*,*,#1204,.F.);
#1213=STYLED_ITEM('',(#34),#1214);
#1214=ADVANCED_FACE('',(#1220),#1215,.T.);
#1215=PLANE('',#1216);
#1216=AXIS2_PLACEMENT_3D('',#1217,#1218,#1219);
#1217=CARTESIAN_POINT('',(2.601,1.1,0.0));
#1218=DIRECTION('',(1.0,0.0,0.0));
#1219=DIRECTION('',(0.,0.,1.));
#1220=FACE_OUTER_BOUND('',#1221,.T.);
#1221=EDGE_LOOP('',(#1222,#1232,#1242,#1252));
#1223=EDGE_CURVE('',#990,#1057,#1228,.T.);
#1228=LINE('',#991,#1230);
#1230=VECTOR('',#1231,0.299999908);
#1231=DIRECTION('',(0.0,-1.0,0.0));
#1222=ORIENTED_EDGE('',*,*,#1223,.F.);
#1232=ORIENTED_EDGE('',*,*,#1037,.T.);
#1242=ORIENTED_EDGE('',*,*,#1155,.T.);
#1252=ORIENTED_EDGE('',*,*,#1066,.T.);
#1262=STYLED_ITEM('',(#34),#1263);
#1263=ADVANCED_FACE('',(#1269),#1264,.T.);
#1264=PLANE('',#1265);
#1265=AXIS2_PLACEMENT_3D('',#1266,#1267,#1268);
#1266=CARTESIAN_POINT('',(2.05,1.4,0.0));
#1267=DIRECTION('',(-1.0,0.0,0.0));
#1268=DIRECTION('',(0.,0.,1.));
#1269=FACE_OUTER_BOUND('',#1270,.T.);
#1270=EDGE_LOOP('',(#1271,#1281,#1291,#1301));
#1272=EDGE_CURVE('',#1059,#988,#1277,.T.);
#1277=LINE('',#1060,#1279);
#1279=VECTOR('',#1280,0.299999908);
#1280=DIRECTION('',(0.0,1.0,0.0));
#1271=ORIENTED_EDGE('',*,*,#1272,.F.);
#1281=ORIENTED_EDGE('',*,*,#1106,.T.);
#1291=ORIENTED_EDGE('',*,*,#1184,.T.);
#1301=ORIENTED_EDGE('',*,*,#997,.T.);
#1311=STYLED_ITEM('',(#34),#1312);
#1312=ADVANCED_FACE('',(#1318),#1313,.T.);
#1313=PLANE('',#1314);
#1314=AXIS2_PLACEMENT_3D('',#1315,#1316,#1317);
#1315=CARTESIAN_POINT('',(2.55,1.4,0.051));
#1316=DIRECTION('',(-1.0,0.0,0.0));
#1317=DIRECTION('',(0.,0.,1.));
#1318=FACE_OUTER_BOUND('',#1319,.T.);
#1319=EDGE_LOOP('',(#1320,#1330,#1340,#1350));
#1320=ORIENTED_EDGE('',*,*,#1204,.T.);
#1330=ORIENTED_EDGE('',*,*,#1086,.T.);
#1340=ORIENTED_EDGE('',*,*,#1135,.T.);
#1350=ORIENTED_EDGE('',*,*,#1017,.T.);
#1360=STYLED_ITEM('',(#34),#1361);
#1361=ADVANCED_FACE('',(#1367),#1362,.T.);
#1362=PLANE('',#1363);
#1363=AXIS2_PLACEMENT_3D('',#1364,#1365,#1366);
#1364=CARTESIAN_POINT('',(2.601,1.1,0.0));
#1365=DIRECTION('',(0.0,0.0,-1.0));
#1366=DIRECTION('',(0.,1.,0.));
#1367=FACE_OUTER_BOUND('',#1368,.T.);
#1368=EDGE_LOOP('',(#1369,#1379,#1389,#1399));
#1369=ORIENTED_EDGE('',*,*,#1056,.T.);
#1379=ORIENTED_EDGE('',*,*,#1272,.T.);
#1389=ORIENTED_EDGE('',*,*,#987,.T.);
#1399=ORIENTED_EDGE('',*,*,#1223,.T.);
#1409=MANIFOLD_SOLID_BREP($,#1410);
#1410=CLOSED_SHELL('',(#1412,#1481,#1550,#1599,#1648,#1697,#1746,#1795));
#1411=STYLED_ITEM('',(#34),#1412);
#1412=ADVANCED_FACE('',(#1418),#1413,.T.);
#1413=PLANE('',#1414);
#1414=AXIS2_PLACEMENT_3D('',#1415,#1416,#1417);
#1415=CARTESIAN_POINT('',(2.601,0.9,0.0));
#1416=DIRECTION('',(0.0,1.0,0.0));
#1417=DIRECTION('',(0.,0.,1.));
#1418=FACE_OUTER_BOUND('',#1419,.T.);
#1419=EDGE_LOOP('',(#1420,#1430,#1440,#1450,#1460,#1470));
#1423=CARTESIAN_POINT('',(2.05,0.9,0.0));
#1422=VERTEX_POINT('',#1423);
#1425=CARTESIAN_POINT('',(2.601,0.9,0.0));
#1424=VERTEX_POINT('',#1425);
#1421=EDGE_CURVE('',#1422,#1424,#1426,.T.);
#1426=LINE('',#1423,#1428);
#1428=VECTOR('',#1429,0.550959655);
#1429=DIRECTION('',(1.0,0.0,0.0));
#1420=ORIENTED_EDGE('',*,*,#1421,.F.);
#1433=CARTESIAN_POINT('',(2.05,0.9,0.051));
#1432=VERTEX_POINT('',#1433);
#1431=EDGE_CURVE('',#1432,#1422,#1436,.T.);
#1436=LINE('',#1433,#1438);
#1438=VECTOR('',#1439,0.0508);
#1439=DIRECTION('',(0.0,0.0,-1.0));
#1430=ORIENTED_EDGE('',*,*,#1431,.F.);
#1443=CARTESIAN_POINT('',(2.55,0.9,0.051));
#1442=VERTEX_POINT('',#1443);
#1441=EDGE_CURVE('',#1442,#1432,#1446,.T.);
#1446=LINE('',#1443,#1448);
#1448=VECTOR('',#1449,0.500159655);
#1449=DIRECTION('',(-1.0,0.0,0.0));
#1440=ORIENTED_EDGE('',*,*,#1441,.F.);
#1453=CARTESIAN_POINT('',(2.55,0.9,0.698));
#1452=VERTEX_POINT('',#1453);
#1451=EDGE_CURVE('',#1452,#1442,#1456,.T.);
#1456=LINE('',#1453,#1458);
#1458=VECTOR('',#1459,0.6476873);
#1459=DIRECTION('',(0.0,0.0,-1.0));
#1450=ORIENTED_EDGE('',*,*,#1451,.F.);
#1463=CARTESIAN_POINT('',(2.601,0.9,0.698));
#1462=VERTEX_POINT('',#1463);
#1461=EDGE_CURVE('',#1462,#1452,#1466,.T.);
#1466=LINE('',#1463,#1468);
#1468=VECTOR('',#1469,0.0508);
#1469=DIRECTION('',(-1.0,0.0,0.0));
#1460=ORIENTED_EDGE('',*,*,#1461,.F.);
#1471=EDGE_CURVE('',#1424,#1462,#1476,.T.);
#1476=LINE('',#1425,#1478);
#1478=VECTOR('',#1479,0.6984873);
#1479=DIRECTION('',(0.0,0.0,1.0));
#1470=ORIENTED_EDGE('',*,*,#1471,.F.);
#1480=STYLED_ITEM('',(#34),#1481);
#1481=ADVANCED_FACE('',(#1487),#1482,.T.);
#1482=PLANE('',#1483);
#1483=AXIS2_PLACEMENT_3D('',#1484,#1485,#1486);
#1484=CARTESIAN_POINT('',(2.05,0.6,0.0));
#1485=DIRECTION('',(0.0,-1.0,0.0));
#1486=DIRECTION('',(0.,0.,1.));
#1487=FACE_OUTER_BOUND('',#1488,.T.);
#1488=EDGE_LOOP('',(#1489,#1499,#1509,#1519,#1529,#1539));
#1492=CARTESIAN_POINT('',(2.601,0.6,0.0));
#1491=VERTEX_POINT('',#1492);
#1494=CARTESIAN_POINT('',(2.05,0.6,0.0));
#1493=VERTEX_POINT('',#1494);
#1490=EDGE_CURVE('',#1491,#1493,#1495,.T.);
#1495=LINE('',#1492,#1497);
#1497=VECTOR('',#1498,0.550959655);
#1498=DIRECTION('',(-1.0,0.0,0.0));
#1489=ORIENTED_EDGE('',*,*,#1490,.F.);
#1502=CARTESIAN_POINT('',(2.601,0.6,0.698));
#1501=VERTEX_POINT('',#1502);
#1500=EDGE_CURVE('',#1501,#1491,#1505,.T.);
#1505=LINE('',#1502,#1507);
#1507=VECTOR('',#1508,0.6984873);
#1508=DIRECTION('',(0.0,0.0,-1.0));
#1499=ORIENTED_EDGE('',*,*,#1500,.F.);
#1512=CARTESIAN_POINT('',(2.55,0.6,0.698));
#1511=VERTEX_POINT('',#1512);
#1510=EDGE_CURVE('',#1511,#1501,#1515,.T.);
#1515=LINE('',#1512,#1517);
#1517=VECTOR('',#1518,0.0508);
#1518=DIRECTION('',(1.0,0.0,0.0));
#1509=ORIENTED_EDGE('',*,*,#1510,.F.);
#1522=CARTESIAN_POINT('',(2.55,0.6,0.051));
#1521=VERTEX_POINT('',#1522);
#1520=EDGE_CURVE('',#1521,#1511,#1525,.T.);
#1525=LINE('',#1522,#1527);
#1527=VECTOR('',#1528,0.6476873);
#1528=DIRECTION('',(0.0,0.0,1.0));
#1519=ORIENTED_EDGE('',*,*,#1520,.F.);
#1532=CARTESIAN_POINT('',(2.05,0.6,0.051));
#1531=VERTEX_POINT('',#1532);
#1530=EDGE_CURVE('',#1531,#1521,#1535,.T.);
#1535=LINE('',#1532,#1537);
#1537=VECTOR('',#1538,0.500159655);
#1538=DIRECTION('',(1.0,0.0,0.0));
#1529=ORIENTED_EDGE('',*,*,#1530,.F.);
#1540=EDGE_CURVE('',#1493,#1531,#1545,.T.);
#1545=LINE('',#1494,#1547);
#1547=VECTOR('',#1548,0.0508);
#1548=DIRECTION('',(0.0,0.0,1.0));
#1539=ORIENTED_EDGE('',*,*,#1540,.F.);
#1549=STYLED_ITEM('',(#34),#1550);
#1550=ADVANCED_FACE('',(#1556),#1551,.T.);
#1551=PLANE('',#1552);
#1552=AXIS2_PLACEMENT_3D('',#1553,#1554,#1555);
#1553=CARTESIAN_POINT('',(2.601,0.9,0.698));
#1554=DIRECTION('',(0.0,0.0,1.0));
#1555=DIRECTION('',(0.,1.,0.));
#1556=FACE_OUTER_BOUND('',#1557,.T.);
#1557=EDGE_LOOP('',(#1558,#1568,#1578,#1588));
#1558=ORIENTED_EDGE('',*,*,#1461,.T.);
#1569=EDGE_CURVE('',#1511,#1452,#1574,.T.);
#1574=LINE('',#1512,#1576);
#1576=VECTOR('',#1577,0.299999908);
#1577=DIRECTION('',(0.0,1.0,0.0));
#1568=ORIENTED_EDGE('',*,*,#1569,.F.);
#1578=ORIENTED_EDGE('',*,*,#1510,.T.);
#1589=EDGE_CURVE('',#1462,#1501,#1594,.T.);
#1594=LINE('',#1463,#1596);
#1596=VECTOR('',#1597,0.299999908);
#1597=DIRECTION('',(0.0,-1.0,0.0));
#1588=ORIENTED_EDGE('',*,*,#1589,.F.);
#1598=STYLED_ITEM('',(#34),#1599);
#1599=ADVANCED_FACE('',(#1605),#1600,.T.);
#1600=PLANE('',#1601);
#1601=AXIS2_PLACEMENT_3D('',#1602,#1603,#1604);
#1602=CARTESIAN_POINT('',(2.55,0.9,0.051));
#1603=DIRECTION('',(0.0,0.0,1.0));
#1604=DIRECTION('',(0.,1.,0.));
#1605=FACE_OUTER_BOUND('',#1606,.T.);
#1606=EDGE_LOOP('',(#1607,#1617,#1627,#1637));
#1607=ORIENTED_EDGE('',*,*,#1441,.T.);
#1618=EDGE_CURVE('',#1531,#1432,#1623,.T.);
#1623=LINE('',#1532,#1625);
#1625=VECTOR('',#1626,0.299999908);
#1626=DIRECTION('',(0.0,1.0,0.0));
#1617=ORIENTED_EDGE('',*,*,#1618,.F.);
#1627=ORIENTED_EDGE('',*,*,#1530,.T.);
#1638=EDGE_CURVE('',#1442,#1521,#1643,.T.);
#1643=LINE('',#1443,#1645);
#1645=VECTOR('',#1646,0.299999908);
#1646=DIRECTION('',(0.0,-1.0,0.0));
#1637=ORIENTED_EDGE('',*,*,#1638,.F.);
#1647=STYLED_ITEM('',(#34),#1648);
#1648=ADVANCED_FACE('',(#1654),#1649,.T.);
#1649=PLANE('',#1650);
#1650=AXIS2_PLACEMENT_3D('',#1651,#1652,#1653);
#1651=CARTESIAN_POINT('',(2.601,0.6,0.0));
#1652=DIRECTION('',(1.0,0.0,0.0));
#1653=DIRECTION('',(0.,0.,1.));
#1654=FACE_OUTER_BOUND('',#1655,.T.);
#1655=EDGE_LOOP('',(#1656,#1666,#1676,#1686));
#1657=EDGE_CURVE('',#1424,#1491,#1662,.T.);
#1662=LINE('',#1425,#1664);
#1664=VECTOR('',#1665,0.299999908);
#1665=DIRECTION('',(0.0,-1.0,0.0));
#1656=ORIENTED_EDGE('',*,*,#1657,.F.);
#1666=ORIENTED_EDGE('',*,*,#1471,.T.);
#1676=ORIENTED_EDGE('',*,*,#1589,.T.);
#1686=ORIENTED_EDGE('',*,*,#1500,.T.);
#1696=STYLED_ITEM('',(#34),#1697);
#1697=ADVANCED_FACE('',(#1703),#1698,.T.);
#1698=PLANE('',#1699);
#1699=AXIS2_PLACEMENT_3D('',#1700,#1701,#1702);
#1700=CARTESIAN_POINT('',(2.05,0.9,0.0));
#1701=DIRECTION('',(-1.0,0.0,0.0));
#1702=DIRECTION('',(0.,0.,1.));
#1703=FACE_OUTER_BOUND('',#1704,.T.);
#1704=EDGE_LOOP('',(#1705,#1715,#1725,#1735));
#1706=EDGE_CURVE('',#1493,#1422,#1711,.T.);
#1711=LINE('',#1494,#1713);
#1713=VECTOR('',#1714,0.299999908);
#1714=DIRECTION('',(0.0,1.0,0.0));
#1705=ORIENTED_EDGE('',*,*,#1706,.F.);
#1715=ORIENTED_EDGE('',*,*,#1540,.T.);
#1725=ORIENTED_EDGE('',*,*,#1618,.T.);
#1735=ORIENTED_EDGE('',*,*,#1431,.T.);
#1745=STYLED_ITEM('',(#34),#1746);
#1746=ADVANCED_FACE('',(#1752),#1747,.T.);
#1747=PLANE('',#1748);
#1748=AXIS2_PLACEMENT_3D('',#1749,#1750,#1751);
#1749=CARTESIAN_POINT('',(2.55,0.9,0.051));
#1750=DIRECTION('',(-1.0,0.0,0.0));
#1751=DIRECTION('',(0.,0.,1.));
#1752=FACE_OUTER_BOUND('',#1753,.T.);
#1753=EDGE_LOOP('',(#1754,#1764,#1774,#1784));
#1754=ORIENTED_EDGE('',*,*,#1638,.T.);
#1764=ORIENTED_EDGE('',*,*,#1520,.T.);
#1774=ORIENTED_EDGE('',*,*,#1569,.T.);
#1784=ORIENTED_EDGE('',*,*,#1451,.T.);
#1794=STYLED_ITEM('',(#34),#1795);
#1795=ADVANCED_FACE('',(#1801),#1796,.T.);
#1796=PLANE('',#1797);
#1797=AXIS2_PLACEMENT_3D('',#1798,#1799,#1800);
#1798=CARTESIAN_POINT('',(2.601,0.6,0.0));
#1799=DIRECTION('',(0.0,0.0,-1.0));
#1800=DIRECTION('',(0.,1.,0.));
#1801=FACE_OUTER_BOUND('',#1802,.T.);
#1802=EDGE_LOOP('',(#1803,#1813,#1823,#1833));
#1803=ORIENTED_EDGE('',*,*,#1490,.T.);
#1813=ORIENTED_EDGE('',*,*,#1706,.T.);
#1823=ORIENTED_EDGE('',*,*,#1421,.T.);
#1833=ORIENTED_EDGE('',*,*,#1657,.T.);
#1843=MANIFOLD_SOLID_BREP($,#1844);
#1844=CLOSED_SHELL('',(#1846,#1915,#1984,#2033,#2082,#2131,#2180,#2229));
#1845=STYLED_ITEM('',(#34),#1846);
#1846=ADVANCED_FACE('',(#1852),#1847,.T.);
#1847=PLANE('',#1848);
#1848=AXIS2_PLACEMENT_3D('',#1849,#1850,#1851);
#1849=CARTESIAN_POINT('',(2.601,0.4,0.0));
#1850=DIRECTION('',(0.0,1.0,0.0));
#1851=DIRECTION('',(0.,0.,1.));
#1852=FACE_OUTER_BOUND('',#1853,.T.);
#1853=EDGE_LOOP('',(#1854,#1864,#1874,#1884,#1894,#1904));
#1857=CARTESIAN_POINT('',(2.05,0.4,0.0));
#1856=VERTEX_POINT('',#1857);
#1859=CARTESIAN_POINT('',(2.601,0.4,0.0));
#1858=VERTEX_POINT('',#1859);
#1855=EDGE_CURVE('',#1856,#1858,#1860,.T.);
#1860=LINE('',#1857,#1862);
#1862=VECTOR('',#1863,0.550959655);
#1863=DIRECTION('',(1.0,0.0,0.0));
#1854=ORIENTED_EDGE('',*,*,#1855,.F.);
#1867=CARTESIAN_POINT('',(2.05,0.4,0.051));
#1866=VERTEX_POINT('',#1867);
#1865=EDGE_CURVE('',#1866,#1856,#1870,.T.);
#1870=LINE('',#1867,#1872);
#1872=VECTOR('',#1873,0.0508);
#1873=DIRECTION('',(0.0,0.0,-1.0));
#1864=ORIENTED_EDGE('',*,*,#1865,.F.);
#1877=CARTESIAN_POINT('',(2.55,0.4,0.051));
#1876=VERTEX_POINT('',#1877);
#1875=EDGE_CURVE('',#1876,#1866,#1880,.T.);
#1880=LINE('',#1877,#1882);
#1882=VECTOR('',#1883,0.500159655);
#1883=DIRECTION('',(-1.0,0.0,0.0));
#1874=ORIENTED_EDGE('',*,*,#1875,.F.);
#1887=CARTESIAN_POINT('',(2.55,0.4,0.698));
#1886=VERTEX_POINT('',#1887);
#1885=EDGE_CURVE('',#1886,#1876,#1890,.T.);
#1890=LINE('',#1887,#1892);
#1892=VECTOR('',#1893,0.6476873);
#1893=DIRECTION('',(0.0,0.0,-1.0));
#1884=ORIENTED_EDGE('',*,*,#1885,.F.);
#1897=CARTESIAN_POINT('',(2.601,0.4,0.698));
#1896=VERTEX_POINT('',#1897);
#1895=EDGE_CURVE('',#1896,#1886,#1900,.T.);
#1900=LINE('',#1897,#1902);
#1902=VECTOR('',#1903,0.0508);
#1903=DIRECTION('',(-1.0,0.0,0.0));
#1894=ORIENTED_EDGE('',*,*,#1895,.F.);
#1905=EDGE_CURVE('',#1858,#1896,#1910,.T.);
#1910=LINE('',#1859,#1912);
#1912=VECTOR('',#1913,0.6984873);
#1913=DIRECTION('',(0.0,0.0,1.0));
#1904=ORIENTED_EDGE('',*,*,#1905,.F.);
#1914=STYLED_ITEM('',(#34),#1915);
#1915=ADVANCED_FACE('',(#1921),#1916,.T.);
#1916=PLANE('',#1917);
#1917=AXIS2_PLACEMENT_3D('',#1918,#1919,#1920);
#1918=CARTESIAN_POINT('',(2.05,0.1,0.0));
#1919=DIRECTION('',(0.0,-1.0,0.0));
#1920=DIRECTION('',(0.,0.,1.));
#1921=FACE_OUTER_BOUND('',#1922,.T.);
#1922=EDGE_LOOP('',(#1923,#1933,#1943,#1953,#1963,#1973));
#1926=CARTESIAN_POINT('',(2.601,0.1,0.0));
#1925=VERTEX_POINT('',#1926);
#1928=CARTESIAN_POINT('',(2.05,0.1,0.0));
#1927=VERTEX_POINT('',#1928);
#1924=EDGE_CURVE('',#1925,#1927,#1929,.T.);
#1929=LINE('',#1926,#1931);
#1931=VECTOR('',#1932,0.550959655);
#1932=DIRECTION('',(-1.0,0.0,0.0));
#1923=ORIENTED_EDGE('',*,*,#1924,.F.);
#1936=CARTESIAN_POINT('',(2.601,0.1,0.698));
#1935=VERTEX_POINT('',#1936);
#1934=EDGE_CURVE('',#1935,#1925,#1939,.T.);
#1939=LINE('',#1936,#1941);
#1941=VECTOR('',#1942,0.6984873);
#1942=DIRECTION('',(0.0,0.0,-1.0));
#1933=ORIENTED_EDGE('',*,*,#1934,.F.);
#1946=CARTESIAN_POINT('',(2.55,0.1,0.698));
#1945=VERTEX_POINT('',#1946);
#1944=EDGE_CURVE('',#1945,#1935,#1949,.T.);
#1949=LINE('',#1946,#1951);
#1951=VECTOR('',#1952,0.0508);
#1952=DIRECTION('',(1.0,0.0,0.0));
#1943=ORIENTED_EDGE('',*,*,#1944,.F.);
#1956=CARTESIAN_POINT('',(2.55,0.1,0.051));
#1955=VERTEX_POINT('',#1956);
#1954=EDGE_CURVE('',#1955,#1945,#1959,.T.);
#1959=LINE('',#1956,#1961);
#1961=VECTOR('',#1962,0.6476873);
#1962=DIRECTION('',(0.0,0.0,1.0));
#1953=ORIENTED_EDGE('',*,*,#1954,.F.);
#1966=CARTESIAN_POINT('',(2.05,0.1,0.051));
#1965=VERTEX_POINT('',#1966);
#1964=EDGE_CURVE('',#1965,#1955,#1969,.T.);
#1969=LINE('',#1966,#1971);
#1971=VECTOR('',#1972,0.500159655);
#1972=DIRECTION('',(1.0,0.0,0.0));
#1963=ORIENTED_EDGE('',*,*,#1964,.F.);
#1974=EDGE_CURVE('',#1927,#1965,#1979,.T.);
#1979=LINE('',#1928,#1981);
#1981=VECTOR('',#1982,0.0508);
#1982=DIRECTION('',(0.0,0.0,1.0));
#1973=ORIENTED_EDGE('',*,*,#1974,.F.);
#1983=STYLED_ITEM('',(#34),#1984);
#1984=ADVANCED_FACE('',(#1990),#1985,.T.);
#1985=PLANE('',#1986);
#1986=AXIS2_PLACEMENT_3D('',#1987,#1988,#1989);
#1987=CARTESIAN_POINT('',(2.601,0.4,0.698));
#1988=DIRECTION('',(0.0,0.0,1.0));
#1989=DIRECTION('',(0.,1.,0.));
#1990=FACE_OUTER_BOUND('',#1991,.T.);
#1991=EDGE_LOOP('',(#1992,#2002,#2012,#2022));
#1992=ORIENTED_EDGE('',*,*,#1895,.T.);
#2003=EDGE_CURVE('',#1945,#1886,#2008,.T.);
#2008=LINE('',#1946,#2010);
#2010=VECTOR('',#2011,0.299999908);
#2011=DIRECTION('',(0.0,1.0,0.0));
#2002=ORIENTED_EDGE('',*,*,#2003,.F.);
#2012=ORIENTED_EDGE('',*,*,#1944,.T.);
#2023=EDGE_CURVE('',#1896,#1935,#2028,.T.);
#2028=LINE('',#1897,#2030);
#2030=VECTOR('',#2031,0.299999908);
#2031=DIRECTION('',(0.0,-1.0,0.0));
#2022=ORIENTED_EDGE('',*,*,#2023,.F.);
#2032=STYLED_ITEM('',(#34),#2033);
#2033=ADVANCED_FACE('',(#2039),#2034,.T.);
#2034=PLANE('',#2035);
#2035=AXIS2_PLACEMENT_3D('',#2036,#2037,#2038);
#2036=CARTESIAN_POINT('',(2.55,0.4,0.051));
#2037=DIRECTION('',(0.0,0.0,1.0));
#2038=DIRECTION('',(0.,1.,0.));
#2039=FACE_OUTER_BOUND('',#2040,.T.);
#2040=EDGE_LOOP('',(#2041,#2051,#2061,#2071));
#2041=ORIENTED_EDGE('',*,*,#1875,.T.);
#2052=EDGE_CURVE('',#1965,#1866,#2057,.T.);
#2057=LINE('',#1966,#2059);
#2059=VECTOR('',#2060,0.299999908);
#2060=DIRECTION('',(0.0,1.0,0.0));
#2051=ORIENTED_EDGE('',*,*,#2052,.F.);
#2061=ORIENTED_EDGE('',*,*,#1964,.T.);
#2072=EDGE_CURVE('',#1876,#1955,#2077,.T.);
#2077=LINE('',#1877,#2079);
#2079=VECTOR('',#2080,0.299999908);
#2080=DIRECTION('',(0.0,-1.0,0.0));
#2071=ORIENTED_EDGE('',*,*,#2072,.F.);
#2081=STYLED_ITEM('',(#34),#2082);
#2082=ADVANCED_FACE('',(#2088),#2083,.T.);
#2083=PLANE('',#2084);
#2084=AXIS2_PLACEMENT_3D('',#2085,#2086,#2087);
#2085=CARTESIAN_POINT('',(2.601,0.1,0.0));
#2086=DIRECTION('',(1.0,0.0,0.0));
#2087=DIRECTION('',(0.,0.,1.));
#2088=FACE_OUTER_BOUND('',#2089,.T.);
#2089=EDGE_LOOP('',(#2090,#2100,#2110,#2120));
#2091=EDGE_CURVE('',#1858,#1925,#2096,.T.);
#2096=LINE('',#1859,#2098);
#2098=VECTOR('',#2099,0.299999908);
#2099=DIRECTION('',(0.0,-1.0,0.0));
#2090=ORIENTED_EDGE('',*,*,#2091,.F.);
#2100=ORIENTED_EDGE('',*,*,#1905,.T.);
#2110=ORIENTED_EDGE('',*,*,#2023,.T.);
#2120=ORIENTED_EDGE('',*,*,#1934,.T.);
#2130=STYLED_ITEM('',(#34),#2131);
#2131=ADVANCED_FACE('',(#2137),#2132,.T.);
#2132=PLANE('',#2133);
#2133=AXIS2_PLACEMENT_3D('',#2134,#2135,#2136);
#2134=CARTESIAN_POINT('',(2.05,0.4,0.0));
#2135=DIRECTION('',(-1.0,0.0,0.0));
#2136=DIRECTION('',(0.,0.,1.));
#2137=FACE_OUTER_BOUND('',#2138,.T.);
#2138=EDGE_LOOP('',(#2139,#2149,#2159,#2169));
#2140=EDGE_CURVE('',#1927,#1856,#2145,.T.);
#2145=LINE('',#1928,#2147);
#2147=VECTOR('',#2148,0.299999908);
#2148=DIRECTION('',(0.0,1.0,0.0));
#2139=ORIENTED_EDGE('',*,*,#2140,.F.);
#2149=ORIENTED_EDGE('',*,*,#1974,.T.);
#2159=ORIENTED_EDGE('',*,*,#2052,.T.);
#2169=ORIENTED_EDGE('',*,*,#1865,.T.);
#2179=STYLED_ITEM('',(#34),#2180);
#2180=ADVANCED_FACE('',(#2186),#2181,.T.);
#2181=PLANE('',#2182);
#2182=AXIS2_PLACEMENT_3D('',#2183,#2184,#2185);
#2183=CARTESIAN_POINT('',(2.55,0.4,0.051));
#2184=DIRECTION('',(-1.0,0.0,0.0));
#2185=DIRECTION('',(0.,0.,1.));
#2186=FACE_OUTER_BOUND('',#2187,.T.);
#2187=EDGE_LOOP('',(#2188,#2198,#2208,#2218));
#2188=ORIENTED_EDGE('',*,*,#2072,.T.);
#2198=ORIENTED_EDGE('',*,*,#1954,.T.);
#2208=ORIENTED_EDGE('',*,*,#2003,.T.);
#2218=ORIENTED_EDGE('',*,*,#1885,.T.);
#2228=STYLED_ITEM('',(#34),#2229);
#2229=ADVANCED_FACE('',(#2235),#2230,.T.);
#2230=PLANE('',#2231);
#2231=AXIS2_PLACEMENT_3D('',#2232,#2233,#2234);
#2232=CARTESIAN_POINT('',(2.601,0.1,0.0));
#2233=DIRECTION('',(0.0,0.0,-1.0));
#2234=DIRECTION('',(0.,1.,0.));
#2235=FACE_OUTER_BOUND('',#2236,.T.);
#2236=EDGE_LOOP('',(#2237,#2247,#2257,#2267));
#2237=ORIENTED_EDGE('',*,*,#1924,.T.);
#2247=ORIENTED_EDGE('',*,*,#2140,.T.);
#2257=ORIENTED_EDGE('',*,*,#1855,.T.);
#2267=ORIENTED_EDGE('',*,*,#2091,.T.);
#2277=MANIFOLD_SOLID_BREP($,#2278);
#2278=CLOSED_SHELL('',(#2280,#2349,#2418,#2467,#2516,#2565,#2614,#2663));
#2279=STYLED_ITEM('',(#34),#2280);
#2280=ADVANCED_FACE('',(#2286),#2281,.T.);
#2281=PLANE('',#2282);
#2282=AXIS2_PLACEMENT_3D('',#2283,#2284,#2285);
#2283=CARTESIAN_POINT('',(2.601,-0.1,0.0));
#2284=DIRECTION('',(0.0,1.0,0.0));
#2285=DIRECTION('',(0.,0.,1.));
#2286=FACE_OUTER_BOUND('',#2287,.T.);
#2287=EDGE_LOOP('',(#2288,#2298,#2308,#2318,#2328,#2338));
#2291=CARTESIAN_POINT('',(2.05,-0.1,0.0));
#2290=VERTEX_POINT('',#2291);
#2293=CARTESIAN_POINT('',(2.601,-0.1,0.0));
#2292=VERTEX_POINT('',#2293);
#2289=EDGE_CURVE('',#2290,#2292,#2294,.T.);
#2294=LINE('',#2291,#2296);
#2296=VECTOR('',#2297,0.550959655);
#2297=DIRECTION('',(1.0,0.0,0.0));
#2288=ORIENTED_EDGE('',*,*,#2289,.F.);
#2301=CARTESIAN_POINT('',(2.05,-0.1,0.051));
#2300=VERTEX_POINT('',#2301);
#2299=EDGE_CURVE('',#2300,#2290,#2304,.T.);
#2304=LINE('',#2301,#2306);
#2306=VECTOR('',#2307,0.0508);
#2307=DIRECTION('',(0.0,0.0,-1.0));
#2298=ORIENTED_EDGE('',*,*,#2299,.F.);
#2311=CARTESIAN_POINT('',(2.55,-0.1,0.051));
#2310=VERTEX_POINT('',#2311);
#2309=EDGE_CURVE('',#2310,#2300,#2314,.T.);
#2314=LINE('',#2311,#2316);
#2316=VECTOR('',#2317,0.500159655);
#2317=DIRECTION('',(-1.0,0.0,0.0));
#2308=ORIENTED_EDGE('',*,*,#2309,.F.);
#2321=CARTESIAN_POINT('',(2.55,-0.1,0.698));
#2320=VERTEX_POINT('',#2321);
#2319=EDGE_CURVE('',#2320,#2310,#2324,.T.);
#2324=LINE('',#2321,#2326);
#2326=VECTOR('',#2327,0.6476873);
#2327=DIRECTION('',(0.0,0.0,-1.0));
#2318=ORIENTED_EDGE('',*,*,#2319,.F.);
#2331=CARTESIAN_POINT('',(2.601,-0.1,0.698));
#2330=VERTEX_POINT('',#2331);
#2329=EDGE_CURVE('',#2330,#2320,#2334,.T.);
#2334=LINE('',#2331,#2336);
#2336=VECTOR('',#2337,0.0508);
#2337=DIRECTION('',(-1.0,0.0,0.0));
#2328=ORIENTED_EDGE('',*,*,#2329,.F.);
#2339=EDGE_CURVE('',#2292,#2330,#2344,.T.);
#2344=LINE('',#2293,#2346);
#2346=VECTOR('',#2347,0.6984873);
#2347=DIRECTION('',(0.0,0.0,1.0));
#2338=ORIENTED_EDGE('',*,*,#2339,.F.);
#2348=STYLED_ITEM('',(#34),#2349);
#2349=ADVANCED_FACE('',(#2355),#2350,.T.);
#2350=PLANE('',#2351);
#2351=AXIS2_PLACEMENT_3D('',#2352,#2353,#2354);
#2352=CARTESIAN_POINT('',(2.05,-0.4,0.0));
#2353=DIRECTION('',(0.0,-1.0,0.0));
#2354=DIRECTION('',(0.,0.,1.));
#2355=FACE_OUTER_BOUND('',#2356,.T.);
#2356=EDGE_LOOP('',(#2357,#2367,#2377,#2387,#2397,#2407));
#2360=CARTESIAN_POINT('',(2.601,-0.4,0.0));
#2359=VERTEX_POINT('',#2360);
#2362=CARTESIAN_POINT('',(2.05,-0.4,0.0));
#2361=VERTEX_POINT('',#2362);
#2358=EDGE_CURVE('',#2359,#2361,#2363,.T.);
#2363=LINE('',#2360,#2365);
#2365=VECTOR('',#2366,0.550959655);
#2366=DIRECTION('',(-1.0,0.0,0.0));
#2357=ORIENTED_EDGE('',*,*,#2358,.F.);
#2370=CARTESIAN_POINT('',(2.601,-0.4,0.698));
#2369=VERTEX_POINT('',#2370);
#2368=EDGE_CURVE('',#2369,#2359,#2373,.T.);
#2373=LINE('',#2370,#2375);
#2375=VECTOR('',#2376,0.6984873);
#2376=DIRECTION('',(0.0,0.0,-1.0));
#2367=ORIENTED_EDGE('',*,*,#2368,.F.);
#2380=CARTESIAN_POINT('',(2.55,-0.4,0.698));
#2379=VERTEX_POINT('',#2380);
#2378=EDGE_CURVE('',#2379,#2369,#2383,.T.);
#2383=LINE('',#2380,#2385);
#2385=VECTOR('',#2386,0.0508);
#2386=DIRECTION('',(1.0,0.0,0.0));
#2377=ORIENTED_EDGE('',*,*,#2378,.F.);
#2390=CARTESIAN_POINT('',(2.55,-0.4,0.051));
#2389=VERTEX_POINT('',#2390);
#2388=EDGE_CURVE('',#2389,#2379,#2393,.T.);
#2393=LINE('',#2390,#2395);
#2395=VECTOR('',#2396,0.6476873);
#2396=DIRECTION('',(0.0,0.0,1.0));
#2387=ORIENTED_EDGE('',*,*,#2388,.F.);
#2400=CARTESIAN_POINT('',(2.05,-0.4,0.051));
#2399=VERTEX_POINT('',#2400);
#2398=EDGE_CURVE('',#2399,#2389,#2403,.T.);
#2403=LINE('',#2400,#2405);
#2405=VECTOR('',#2406,0.500159655);
#2406=DIRECTION('',(1.0,0.0,0.0));
#2397=ORIENTED_EDGE('',*,*,#2398,.F.);
#2408=EDGE_CURVE('',#2361,#2399,#2413,.T.);
#2413=LINE('',#2362,#2415);
#2415=VECTOR('',#2416,0.0508);
#2416=DIRECTION('',(0.0,0.0,1.0));
#2407=ORIENTED_EDGE('',*,*,#2408,.F.);
#2417=STYLED_ITEM('',(#34),#2418);
#2418=ADVANCED_FACE('',(#2424),#2419,.T.);
#2419=PLANE('',#2420);
#2420=AXIS2_PLACEMENT_3D('',#2421,#2422,#2423);
#2421=CARTESIAN_POINT('',(2.601,-0.1,0.698));
#2422=DIRECTION('',(0.0,0.0,1.0));
#2423=DIRECTION('',(0.,1.,0.));
#2424=FACE_OUTER_BOUND('',#2425,.T.);
#2425=EDGE_LOOP('',(#2426,#2436,#2446,#2456));
#2426=ORIENTED_EDGE('',*,*,#2329,.T.);
#2437=EDGE_CURVE('',#2379,#2320,#2442,.T.);
#2442=LINE('',#2380,#2444);
#2444=VECTOR('',#2445,0.299999908);
#2445=DIRECTION('',(0.0,1.0,0.0));
#2436=ORIENTED_EDGE('',*,*,#2437,.F.);
#2446=ORIENTED_EDGE('',*,*,#2378,.T.);
#2457=EDGE_CURVE('',#2330,#2369,#2462,.T.);
#2462=LINE('',#2331,#2464);
#2464=VECTOR('',#2465,0.299999908);
#2465=DIRECTION('',(0.0,-1.0,0.0));
#2456=ORIENTED_EDGE('',*,*,#2457,.F.);
#2466=STYLED_ITEM('',(#34),#2467);
#2467=ADVANCED_FACE('',(#2473),#2468,.T.);
#2468=PLANE('',#2469);
#2469=AXIS2_PLACEMENT_3D('',#2470,#2471,#2472);
#2470=CARTESIAN_POINT('',(2.55,-0.1,0.051));
#2471=DIRECTION('',(0.0,0.0,1.0));
#2472=DIRECTION('',(0.,1.,0.));
#2473=FACE_OUTER_BOUND('',#2474,.T.);
#2474=EDGE_LOOP('',(#2475,#2485,#2495,#2505));
#2475=ORIENTED_EDGE('',*,*,#2309,.T.);
#2486=EDGE_CURVE('',#2399,#2300,#2491,.T.);
#2491=LINE('',#2400,#2493);
#2493=VECTOR('',#2494,0.299999908);
#2494=DIRECTION('',(0.0,1.0,0.0));
#2485=ORIENTED_EDGE('',*,*,#2486,.F.);
#2495=ORIENTED_EDGE('',*,*,#2398,.T.);
#2506=EDGE_CURVE('',#2310,#2389,#2511,.T.);
#2511=LINE('',#2311,#2513);
#2513=VECTOR('',#2514,0.299999908);
#2514=DIRECTION('',(0.0,-1.0,0.0));
#2505=ORIENTED_EDGE('',*,*,#2506,.F.);
#2515=STYLED_ITEM('',(#34),#2516);
#2516=ADVANCED_FACE('',(#2522),#2517,.T.);
#2517=PLANE('',#2518);
#2518=AXIS2_PLACEMENT_3D('',#2519,#2520,#2521);
#2519=CARTESIAN_POINT('',(2.601,-0.4,0.0));
#2520=DIRECTION('',(1.0,0.0,0.0));
#2521=DIRECTION('',(0.,0.,1.));
#2522=FACE_OUTER_BOUND('',#2523,.T.);
#2523=EDGE_LOOP('',(#2524,#2534,#2544,#2554));
#2525=EDGE_CURVE('',#2292,#2359,#2530,.T.);
#2530=LINE('',#2293,#2532);
#2532=VECTOR('',#2533,0.299999908);
#2533=DIRECTION('',(0.0,-1.0,0.0));
#2524=ORIENTED_EDGE('',*,*,#2525,.F.);
#2534=ORIENTED_EDGE('',*,*,#2339,.T.);
#2544=ORIENTED_EDGE('',*,*,#2457,.T.);
#2554=ORIENTED_EDGE('',*,*,#2368,.T.);
#2564=STYLED_ITEM('',(#34),#2565);
#2565=ADVANCED_FACE('',(#2571),#2566,.T.);
#2566=PLANE('',#2567);
#2567=AXIS2_PLACEMENT_3D('',#2568,#2569,#2570);
#2568=CARTESIAN_POINT('',(2.05,-0.1,0.0));
#2569=DIRECTION('',(-1.0,0.0,0.0));
#2570=DIRECTION('',(0.,0.,1.));
#2571=FACE_OUTER_BOUND('',#2572,.T.);
#2572=EDGE_LOOP('',(#2573,#2583,#2593,#2603));
#2574=EDGE_CURVE('',#2361,#2290,#2579,.T.);
#2579=LINE('',#2362,#2581);
#2581=VECTOR('',#2582,0.299999908);
#2582=DIRECTION('',(0.0,1.0,0.0));
#2573=ORIENTED_EDGE('',*,*,#2574,.F.);
#2583=ORIENTED_EDGE('',*,*,#2408,.T.);
#2593=ORIENTED_EDGE('',*,*,#2486,.T.);
#2603=ORIENTED_EDGE('',*,*,#2299,.T.);
#2613=STYLED_ITEM('',(#34),#2614);
#2614=ADVANCED_FACE('',(#2620),#2615,.T.);
#2615=PLANE('',#2616);
#2616=AXIS2_PLACEMENT_3D('',#2617,#2618,#2619);
#2617=CARTESIAN_POINT('',(2.55,-0.1,0.051));
#2618=DIRECTION('',(-1.0,0.0,0.0));
#2619=DIRECTION('',(0.,0.,1.));
#2620=FACE_OUTER_BOUND('',#2621,.T.);
#2621=EDGE_LOOP('',(#2622,#2632,#2642,#2652));
#2622=ORIENTED_EDGE('',*,*,#2506,.T.);
#2632=ORIENTED_EDGE('',*,*,#2388,.T.);
#2642=ORIENTED_EDGE('',*,*,#2437,.T.);
#2652=ORIENTED_EDGE('',*,*,#2319,.T.);
#2662=STYLED_ITEM('',(#34),#2663);
#2663=ADVANCED_FACE('',(#2669),#2664,.T.);
#2664=PLANE('',#2665);
#2665=AXIS2_PLACEMENT_3D('',#2666,#2667,#2668);
#2666=CARTESIAN_POINT('',(2.601,-0.4,0.0));
#2667=DIRECTION('',(0.0,0.0,-1.0));
#2668=DIRECTION('',(0.,1.,0.));
#2669=FACE_OUTER_BOUND('',#2670,.T.);
#2670=EDGE_LOOP('',(#2671,#2681,#2691,#2701));
#2671=ORIENTED_EDGE('',*,*,#2358,.T.);
#2681=ORIENTED_EDGE('',*,*,#2574,.T.);
#2691=ORIENTED_EDGE('',*,*,#2289,.T.);
#2701=ORIENTED_EDGE('',*,*,#2525,.T.);
#2711=MANIFOLD_SOLID_BREP($,#2712);
#2712=CLOSED_SHELL('',(#2714,#2783,#2852,#2901,#2950,#2999,#3048,#3097));
#2713=STYLED_ITEM('',(#34),#2714);
#2714=ADVANCED_FACE('',(#2720),#2715,.T.);
#2715=PLANE('',#2716);
#2716=AXIS2_PLACEMENT_3D('',#2717,#2718,#2719);
#2717=CARTESIAN_POINT('',(2.601,-0.6,0.0));
#2718=DIRECTION('',(0.0,1.0,0.0));
#2719=DIRECTION('',(0.,0.,1.));
#2720=FACE_OUTER_BOUND('',#2721,.T.);
#2721=EDGE_LOOP('',(#2722,#2732,#2742,#2752,#2762,#2772));
#2725=CARTESIAN_POINT('',(2.05,-0.6,0.0));
#2724=VERTEX_POINT('',#2725);
#2727=CARTESIAN_POINT('',(2.601,-0.6,0.0));
#2726=VERTEX_POINT('',#2727);
#2723=EDGE_CURVE('',#2724,#2726,#2728,.T.);
#2728=LINE('',#2725,#2730);
#2730=VECTOR('',#2731,0.550959655);
#2731=DIRECTION('',(1.0,0.0,0.0));
#2722=ORIENTED_EDGE('',*,*,#2723,.F.);
#2735=CARTESIAN_POINT('',(2.05,-0.6,0.051));
#2734=VERTEX_POINT('',#2735);
#2733=EDGE_CURVE('',#2734,#2724,#2738,.T.);
#2738=LINE('',#2735,#2740);
#2740=VECTOR('',#2741,0.0508);
#2741=DIRECTION('',(0.0,0.0,-1.0));
#2732=ORIENTED_EDGE('',*,*,#2733,.F.);
#2745=CARTESIAN_POINT('',(2.55,-0.6,0.051));
#2744=VERTEX_POINT('',#2745);
#2743=EDGE_CURVE('',#2744,#2734,#2748,.T.);
#2748=LINE('',#2745,#2750);
#2750=VECTOR('',#2751,0.500159655);
#2751=DIRECTION('',(-1.0,0.0,0.0));
#2742=ORIENTED_EDGE('',*,*,#2743,.F.);
#2755=CARTESIAN_POINT('',(2.55,-0.6,0.698));
#2754=VERTEX_POINT('',#2755);
#2753=EDGE_CURVE('',#2754,#2744,#2758,.T.);
#2758=LINE('',#2755,#2760);
#2760=VECTOR('',#2761,0.6476873);
#2761=DIRECTION('',(0.0,0.0,-1.0));
#2752=ORIENTED_EDGE('',*,*,#2753,.F.);
#2765=CARTESIAN_POINT('',(2.601,-0.6,0.698));
#2764=VERTEX_POINT('',#2765);
#2763=EDGE_CURVE('',#2764,#2754,#2768,.T.);
#2768=LINE('',#2765,#2770);
#2770=VECTOR('',#2771,0.0508);
#2771=DIRECTION('',(-1.0,0.0,0.0));
#2762=ORIENTED_EDGE('',*,*,#2763,.F.);
#2773=EDGE_CURVE('',#2726,#2764,#2778,.T.);
#2778=LINE('',#2727,#2780);
#2780=VECTOR('',#2781,0.6984873);
#2781=DIRECTION('',(0.0,0.0,1.0));
#2772=ORIENTED_EDGE('',*,*,#2773,.F.);
#2782=STYLED_ITEM('',(#34),#2783);
#2783=ADVANCED_FACE('',(#2789),#2784,.T.);
#2784=PLANE('',#2785);
#2785=AXIS2_PLACEMENT_3D('',#2786,#2787,#2788);
#2786=CARTESIAN_POINT('',(2.05,-0.9,0.0));
#2787=DIRECTION('',(0.0,-1.0,0.0));
#2788=DIRECTION('',(0.,0.,1.));
#2789=FACE_OUTER_BOUND('',#2790,.T.);
#2790=EDGE_LOOP('',(#2791,#2801,#2811,#2821,#2831,#2841));
#2794=CARTESIAN_POINT('',(2.601,-0.9,0.0));
#2793=VERTEX_POINT('',#2794);
#2796=CARTESIAN_POINT('',(2.05,-0.9,0.0));
#2795=VERTEX_POINT('',#2796);
#2792=EDGE_CURVE('',#2793,#2795,#2797,.T.);
#2797=LINE('',#2794,#2799);
#2799=VECTOR('',#2800,0.550959655);
#2800=DIRECTION('',(-1.0,0.0,0.0));
#2791=ORIENTED_EDGE('',*,*,#2792,.F.);
#2804=CARTESIAN_POINT('',(2.601,-0.9,0.698));
#2803=VERTEX_POINT('',#2804);
#2802=EDGE_CURVE('',#2803,#2793,#2807,.T.);
#2807=LINE('',#2804,#2809);
#2809=VECTOR('',#2810,0.6984873);
#2810=DIRECTION('',(0.0,0.0,-1.0));
#2801=ORIENTED_EDGE('',*,*,#2802,.F.);
#2814=CARTESIAN_POINT('',(2.55,-0.9,0.698));
#2813=VERTEX_POINT('',#2814);
#2812=EDGE_CURVE('',#2813,#2803,#2817,.T.);
#2817=LINE('',#2814,#2819);
#2819=VECTOR('',#2820,0.0508);
#2820=DIRECTION('',(1.0,0.0,0.0));
#2811=ORIENTED_EDGE('',*,*,#2812,.F.);
#2824=CARTESIAN_POINT('',(2.55,-0.9,0.051));
#2823=VERTEX_POINT('',#2824);
#2822=EDGE_CURVE('',#2823,#2813,#2827,.T.);
#2827=LINE('',#2824,#2829);
#2829=VECTOR('',#2830,0.6476873);
#2830=DIRECTION('',(0.0,0.0,1.0));
#2821=ORIENTED_EDGE('',*,*,#2822,.F.);
#2834=CARTESIAN_POINT('',(2.05,-0.9,0.051));
#2833=VERTEX_POINT('',#2834);
#2832=EDGE_CURVE('',#2833,#2823,#2837,.T.);
#2837=LINE('',#2834,#2839);
#2839=VECTOR('',#2840,0.500159655);
#2840=DIRECTION('',(1.0,0.0,0.0));
#2831=ORIENTED_EDGE('',*,*,#2832,.F.);
#2842=EDGE_CURVE('',#2795,#2833,#2847,.T.);
#2847=LINE('',#2796,#2849);
#2849=VECTOR('',#2850,0.0508);
#2850=DIRECTION('',(0.0,0.0,1.0));
#2841=ORIENTED_EDGE('',*,*,#2842,.F.);
#2851=STYLED_ITEM('',(#34),#2852);
#2852=ADVANCED_FACE('',(#2858),#2853,.T.);
#2853=PLANE('',#2854);
#2854=AXIS2_PLACEMENT_3D('',#2855,#2856,#2857);
#2855=CARTESIAN_POINT('',(2.601,-0.6,0.698));
#2856=DIRECTION('',(0.0,0.0,1.0));
#2857=DIRECTION('',(0.,1.,0.));
#2858=FACE_OUTER_BOUND('',#2859,.T.);
#2859=EDGE_LOOP('',(#2860,#2870,#2880,#2890));
#2860=ORIENTED_EDGE('',*,*,#2763,.T.);
#2871=EDGE_CURVE('',#2813,#2754,#2876,.T.);
#2876=LINE('',#2814,#2878);
#2878=VECTOR('',#2879,0.299999908);
#2879=DIRECTION('',(0.0,1.0,0.0));
#2870=ORIENTED_EDGE('',*,*,#2871,.F.);
#2880=ORIENTED_EDGE('',*,*,#2812,.T.);
#2891=EDGE_CURVE('',#2764,#2803,#2896,.T.);
#2896=LINE('',#2765,#2898);
#2898=VECTOR('',#2899,0.299999908);
#2899=DIRECTION('',(0.0,-1.0,0.0));
#2890=ORIENTED_EDGE('',*,*,#2891,.F.);
#2900=STYLED_ITEM('',(#34),#2901);
#2901=ADVANCED_FACE('',(#2907),#2902,.T.);
#2902=PLANE('',#2903);
#2903=AXIS2_PLACEMENT_3D('',#2904,#2905,#2906);
#2904=CARTESIAN_POINT('',(2.55,-0.6,0.051));
#2905=DIRECTION('',(0.0,0.0,1.0));
#2906=DIRECTION('',(0.,1.,0.));
#2907=FACE_OUTER_BOUND('',#2908,.T.);
#2908=EDGE_LOOP('',(#2909,#2919,#2929,#2939));
#2909=ORIENTED_EDGE('',*,*,#2743,.T.);
#2920=EDGE_CURVE('',#2833,#2734,#2925,.T.);
#2925=LINE('',#2834,#2927);
#2927=VECTOR('',#2928,0.299999908);
#2928=DIRECTION('',(0.0,1.0,0.0));
#2919=ORIENTED_EDGE('',*,*,#2920,.F.);
#2929=ORIENTED_EDGE('',*,*,#2832,.T.);
#2940=EDGE_CURVE('',#2744,#2823,#2945,.T.);
#2945=LINE('',#2745,#2947);
#2947=VECTOR('',#2948,0.299999908);
#2948=DIRECTION('',(0.0,-1.0,0.0));
#2939=ORIENTED_EDGE('',*,*,#2940,.F.);
#2949=STYLED_ITEM('',(#34),#2950);
#2950=ADVANCED_FACE('',(#2956),#2951,.T.);
#2951=PLANE('',#2952);
#2952=AXIS2_PLACEMENT_3D('',#2953,#2954,#2955);
#2953=CARTESIAN_POINT('',(2.601,-0.9,0.0));
#2954=DIRECTION('',(1.0,0.0,0.0));
#2955=DIRECTION('',(0.,0.,1.));
#2956=FACE_OUTER_BOUND('',#2957,.T.);
#2957=EDGE_LOOP('',(#2958,#2968,#2978,#2988));
#2959=EDGE_CURVE('',#2726,#2793,#2964,.T.);
#2964=LINE('',#2727,#2966);
#2966=VECTOR('',#2967,0.299999908);
#2967=DIRECTION('',(0.0,-1.0,0.0));
#2958=ORIENTED_EDGE('',*,*,#2959,.F.);
#2968=ORIENTED_EDGE('',*,*,#2773,.T.);
#2978=ORIENTED_EDGE('',*,*,#2891,.T.);
#2988=ORIENTED_EDGE('',*,*,#2802,.T.);
#2998=STYLED_ITEM('',(#34),#2999);
#2999=ADVANCED_FACE('',(#3005),#3000,.T.);
#3000=PLANE('',#3001);
#3001=AXIS2_PLACEMENT_3D('',#3002,#3003,#3004);
#3002=CARTESIAN_POINT('',(2.05,-0.6,0.0));
#3003=DIRECTION('',(-1.0,0.0,0.0));
#3004=DIRECTION('',(0.,0.,1.));
#3005=FACE_OUTER_BOUND('',#3006,.T.);
#3006=EDGE_LOOP('',(#3007,#3017,#3027,#3037));
#3008=EDGE_CURVE('',#2795,#2724,#3013,.T.);
#3013=LINE('',#2796,#3015);
#3015=VECTOR('',#3016,0.299999908);
#3016=DIRECTION('',(0.0,1.0,0.0));
#3007=ORIENTED_EDGE('',*,*,#3008,.F.);
#3017=ORIENTED_EDGE('',*,*,#2842,.T.);
#3027=ORIENTED_EDGE('',*,*,#2920,.T.);
#3037=ORIENTED_EDGE('',*,*,#2733,.T.);
#3047=STYLED_ITEM('',(#34),#3048);
#3048=ADVANCED_FACE('',(#3054),#3049,.T.);
#3049=PLANE('',#3050);
#3050=AXIS2_PLACEMENT_3D('',#3051,#3052,#3053);
#3051=CARTESIAN_POINT('',(2.55,-0.6,0.051));
#3052=DIRECTION('',(-1.0,0.0,0.0));
#3053=DIRECTION('',(0.,0.,1.));
#3054=FACE_OUTER_BOUND('',#3055,.T.);
#3055=EDGE_LOOP('',(#3056,#3066,#3076,#3086));
#3056=ORIENTED_EDGE('',*,*,#2940,.T.);
#3066=ORIENTED_EDGE('',*,*,#2822,.T.);
#3076=ORIENTED_EDGE('',*,*,#2871,.T.);
#3086=ORIENTED_EDGE('',*,*,#2753,.T.);
#3096=STYLED_ITEM('',(#34),#3097);
#3097=ADVANCED_FACE('',(#3103),#3098,.T.);
#3098=PLANE('',#3099);
#3099=AXIS2_PLACEMENT_3D('',#3100,#3101,#3102);
#3100=CARTESIAN_POINT('',(2.601,-0.9,0.0));
#3101=DIRECTION('',(0.0,0.0,-1.0));
#3102=DIRECTION('',(0.,1.,0.));
#3103=FACE_OUTER_BOUND('',#3104,.T.);
#3104=EDGE_LOOP('',(#3105,#3115,#3125,#3135));
#3105=ORIENTED_EDGE('',*,*,#2792,.T.);
#3115=ORIENTED_EDGE('',*,*,#3008,.T.);
#3125=ORIENTED_EDGE('',*,*,#2723,.T.);
#3135=ORIENTED_EDGE('',*,*,#2959,.T.);
#3145=MANIFOLD_SOLID_BREP($,#3146);
#3146=CLOSED_SHELL('',(#3148,#3217,#3286,#3335,#3384,#3433,#3482,#3531));
#3147=STYLED_ITEM('',(#34),#3148);
#3148=ADVANCED_FACE('',(#3154),#3149,.T.);
#3149=PLANE('',#3150);
#3150=AXIS2_PLACEMENT_3D('',#3151,#3152,#3153);
#3151=CARTESIAN_POINT('',(2.601,-1.1,0.0));
#3152=DIRECTION('',(0.0,1.0,0.0));
#3153=DIRECTION('',(0.,0.,1.));
#3154=FACE_OUTER_BOUND('',#3155,.T.);
#3155=EDGE_LOOP('',(#3156,#3166,#3176,#3186,#3196,#3206));
#3159=CARTESIAN_POINT('',(2.05,-1.1,0.0));
#3158=VERTEX_POINT('',#3159);
#3161=CARTESIAN_POINT('',(2.601,-1.1,0.0));
#3160=VERTEX_POINT('',#3161);
#3157=EDGE_CURVE('',#3158,#3160,#3162,.T.);
#3162=LINE('',#3159,#3164);
#3164=VECTOR('',#3165,0.550959655);
#3165=DIRECTION('',(1.0,0.0,0.0));
#3156=ORIENTED_EDGE('',*,*,#3157,.F.);
#3169=CARTESIAN_POINT('',(2.05,-1.1,0.051));
#3168=VERTEX_POINT('',#3169);
#3167=EDGE_CURVE('',#3168,#3158,#3172,.T.);
#3172=LINE('',#3169,#3174);
#3174=VECTOR('',#3175,0.0508);
#3175=DIRECTION('',(0.0,0.0,-1.0));
#3166=ORIENTED_EDGE('',*,*,#3167,.F.);
#3179=CARTESIAN_POINT('',(2.55,-1.1,0.051));
#3178=VERTEX_POINT('',#3179);
#3177=EDGE_CURVE('',#3178,#3168,#3182,.T.);
#3182=LINE('',#3179,#3184);
#3184=VECTOR('',#3185,0.500159655);
#3185=DIRECTION('',(-1.0,0.0,0.0));
#3176=ORIENTED_EDGE('',*,*,#3177,.F.);
#3189=CARTESIAN_POINT('',(2.55,-1.1,0.698));
#3188=VERTEX_POINT('',#3189);
#3187=EDGE_CURVE('',#3188,#3178,#3192,.T.);
#3192=LINE('',#3189,#3194);
#3194=VECTOR('',#3195,0.6476873);
#3195=DIRECTION('',(0.0,0.0,-1.0));
#3186=ORIENTED_EDGE('',*,*,#3187,.F.);
#3199=CARTESIAN_POINT('',(2.601,-1.1,0.698));
#3198=VERTEX_POINT('',#3199);
#3197=EDGE_CURVE('',#3198,#3188,#3202,.T.);
#3202=LINE('',#3199,#3204);
#3204=VECTOR('',#3205,0.0508);
#3205=DIRECTION('',(-1.0,0.0,0.0));
#3196=ORIENTED_EDGE('',*,*,#3197,.F.);
#3207=EDGE_CURVE('',#3160,#3198,#3212,.T.);
#3212=LINE('',#3161,#3214);
#3214=VECTOR('',#3215,0.6984873);
#3215=DIRECTION('',(0.0,0.0,1.0));
#3206=ORIENTED_EDGE('',*,*,#3207,.F.);
#3216=STYLED_ITEM('',(#34),#3217);
#3217=ADVANCED_FACE('',(#3223),#3218,.T.);
#3218=PLANE('',#3219);
#3219=AXIS2_PLACEMENT_3D('',#3220,#3221,#3222);
#3220=CARTESIAN_POINT('',(2.05,-1.4,0.0));
#3221=DIRECTION('',(0.0,-1.0,0.0));
#3222=DIRECTION('',(0.,0.,1.));
#3223=FACE_OUTER_BOUND('',#3224,.T.);
#3224=EDGE_LOOP('',(#3225,#3235,#3245,#3255,#3265,#3275));
#3228=CARTESIAN_POINT('',(2.601,-1.4,0.0));
#3227=VERTEX_POINT('',#3228);
#3230=CARTESIAN_POINT('',(2.05,-1.4,0.0));
#3229=VERTEX_POINT('',#3230);
#3226=EDGE_CURVE('',#3227,#3229,#3231,.T.);
#3231=LINE('',#3228,#3233);
#3233=VECTOR('',#3234,0.550959655);
#3234=DIRECTION('',(-1.0,0.0,0.0));
#3225=ORIENTED_EDGE('',*,*,#3226,.F.);
#3238=CARTESIAN_POINT('',(2.601,-1.4,0.698));
#3237=VERTEX_POINT('',#3238);
#3236=EDGE_CURVE('',#3237,#3227,#3241,.T.);
#3241=LINE('',#3238,#3243);
#3243=VECTOR('',#3244,0.6984873);
#3244=DIRECTION('',(0.0,0.0,-1.0));
#3235=ORIENTED_EDGE('',*,*,#3236,.F.);
#3248=CARTESIAN_POINT('',(2.55,-1.4,0.698));
#3247=VERTEX_POINT('',#3248);
#3246=EDGE_CURVE('',#3247,#3237,#3251,.T.);
#3251=LINE('',#3248,#3253);
#3253=VECTOR('',#3254,0.0508);
#3254=DIRECTION('',(1.0,0.0,0.0));
#3245=ORIENTED_EDGE('',*,*,#3246,.F.);
#3258=CARTESIAN_POINT('',(2.55,-1.4,0.051));
#3257=VERTEX_POINT('',#3258);
#3256=EDGE_CURVE('',#3257,#3247,#3261,.T.);
#3261=LINE('',#3258,#3263);
#3263=VECTOR('',#3264,0.6476873);
#3264=DIRECTION('',(0.0,0.0,1.0));
#3255=ORIENTED_EDGE('',*,*,#3256,.F.);
#3268=CARTESIAN_POINT('',(2.05,-1.4,0.051));
#3267=VERTEX_POINT('',#3268);
#3266=EDGE_CURVE('',#3267,#3257,#3271,.T.);
#3271=LINE('',#3268,#3273);
#3273=VECTOR('',#3274,0.500159655);
#3274=DIRECTION('',(1.0,0.0,0.0));
#3265=ORIENTED_EDGE('',*,*,#3266,.F.);
#3276=EDGE_CURVE('',#3229,#3267,#3281,.T.);
#3281=LINE('',#3230,#3283);
#3283=VECTOR('',#3284,0.0508);
#3284=DIRECTION('',(0.0,0.0,1.0));
#3275=ORIENTED_EDGE('',*,*,#3276,.F.);
#3285=STYLED_ITEM('',(#34),#3286);
#3286=ADVANCED_FACE('',(#3292),#3287,.T.);
#3287=PLANE('',#3288);
#3288=AXIS2_PLACEMENT_3D('',#3289,#3290,#3291);
#3289=CARTESIAN_POINT('',(2.601,-1.1,0.698));
#3290=DIRECTION('',(0.0,0.0,1.0));
#3291=DIRECTION('',(0.,1.,0.));
#3292=FACE_OUTER_BOUND('',#3293,.T.);
#3293=EDGE_LOOP('',(#3294,#3304,#3314,#3324));
#3294=ORIENTED_EDGE('',*,*,#3197,.T.);
#3305=EDGE_CURVE('',#3247,#3188,#3310,.T.);
#3310=LINE('',#3248,#3312);
#3312=VECTOR('',#3313,0.299999908);
#3313=DIRECTION('',(0.0,1.0,0.0));
#3304=ORIENTED_EDGE('',*,*,#3305,.F.);
#3314=ORIENTED_EDGE('',*,*,#3246,.T.);
#3325=EDGE_CURVE('',#3198,#3237,#3330,.T.);
#3330=LINE('',#3199,#3332);
#3332=VECTOR('',#3333,0.299999908);
#3333=DIRECTION('',(0.0,-1.0,0.0));
#3324=ORIENTED_EDGE('',*,*,#3325,.F.);
#3334=STYLED_ITEM('',(#34),#3335);
#3335=ADVANCED_FACE('',(#3341),#3336,.T.);
#3336=PLANE('',#3337);
#3337=AXIS2_PLACEMENT_3D('',#3338,#3339,#3340);
#3338=CARTESIAN_POINT('',(2.55,-1.1,0.051));
#3339=DIRECTION('',(0.0,0.0,1.0));
#3340=DIRECTION('',(0.,1.,0.));
#3341=FACE_OUTER_BOUND('',#3342,.T.);
#3342=EDGE_LOOP('',(#3343,#3353,#3363,#3373));
#3343=ORIENTED_EDGE('',*,*,#3177,.T.);
#3354=EDGE_CURVE('',#3267,#3168,#3359,.T.);
#3359=LINE('',#3268,#3361);
#3361=VECTOR('',#3362,0.299999908);
#3362=DIRECTION('',(0.0,1.0,0.0));
#3353=ORIENTED_EDGE('',*,*,#3354,.F.);
#3363=ORIENTED_EDGE('',*,*,#3266,.T.);
#3374=EDGE_CURVE('',#3178,#3257,#3379,.T.);
#3379=LINE('',#3179,#3381);
#3381=VECTOR('',#3382,0.299999908);
#3382=DIRECTION('',(0.0,-1.0,0.0));
#3373=ORIENTED_EDGE('',*,*,#3374,.F.);
#3383=STYLED_ITEM('',(#34),#3384);
#3384=ADVANCED_FACE('',(#3390),#3385,.T.);
#3385=PLANE('',#3386);
#3386=AXIS2_PLACEMENT_3D('',#3387,#3388,#3389);
#3387=CARTESIAN_POINT('',(2.601,-1.4,0.0));
#3388=DIRECTION('',(1.0,0.0,0.0));
#3389=DIRECTION('',(0.,0.,1.));
#3390=FACE_OUTER_BOUND('',#3391,.T.);
#3391=EDGE_LOOP('',(#3392,#3402,#3412,#3422));
#3393=EDGE_CURVE('',#3160,#3227,#3398,.T.);
#3398=LINE('',#3161,#3400);
#3400=VECTOR('',#3401,0.299999908);
#3401=DIRECTION('',(0.0,-1.0,0.0));
#3392=ORIENTED_EDGE('',*,*,#3393,.F.);
#3402=ORIENTED_EDGE('',*,*,#3207,.T.);
#3412=ORIENTED_EDGE('',*,*,#3325,.T.);
#3422=ORIENTED_EDGE('',*,*,#3236,.T.);
#3432=STYLED_ITEM('',(#34),#3433);
#3433=ADVANCED_FACE('',(#3439),#3434,.T.);
#3434=PLANE('',#3435);
#3435=AXIS2_PLACEMENT_3D('',#3436,#3437,#3438);
#3436=CARTESIAN_POINT('',(2.05,-1.1,0.0));
#3437=DIRECTION('',(-1.0,0.0,0.0));
#3438=DIRECTION('',(0.,0.,1.));
#3439=FACE_OUTER_BOUND('',#3440,.T.);
#3440=EDGE_LOOP('',(#3441,#3451,#3461,#3471));
#3442=EDGE_CURVE('',#3229,#3158,#3447,.T.);
#3447=LINE('',#3230,#3449);
#3449=VECTOR('',#3450,0.299999908);
#3450=DIRECTION('',(0.0,1.0,0.0));
#3441=ORIENTED_EDGE('',*,*,#3442,.F.);
#3451=ORIENTED_EDGE('',*,*,#3276,.T.);
#3461=ORIENTED_EDGE('',*,*,#3354,.T.);
#3471=ORIENTED_EDGE('',*,*,#3167,.T.);
#3481=STYLED_ITEM('',(#34),#3482);
#3482=ADVANCED_FACE('',(#3488),#3483,.T.);
#3483=PLANE('',#3484);
#3484=AXIS2_PLACEMENT_3D('',#3485,#3486,#3487);
#3485=CARTESIAN_POINT('',(2.55,-1.1,0.051));
#3486=DIRECTION('',(-1.0,0.0,0.0));
#3487=DIRECTION('',(0.,0.,1.));
#3488=FACE_OUTER_BOUND('',#3489,.T.);
#3489=EDGE_LOOP('',(#3490,#3500,#3510,#3520));
#3490=ORIENTED_EDGE('',*,*,#3374,.T.);
#3500=ORIENTED_EDGE('',*,*,#3256,.T.);
#3510=ORIENTED_EDGE('',*,*,#3305,.T.);
#3520=ORIENTED_EDGE('',*,*,#3187,.T.);
#3530=STYLED_ITEM('',(#34),#3531);
#3531=ADVANCED_FACE('',(#3537),#3532,.T.);
#3532=PLANE('',#3533);
#3533=AXIS2_PLACEMENT_3D('',#3534,#3535,#3536);
#3534=CARTESIAN_POINT('',(2.601,-1.4,0.0));
#3535=DIRECTION('',(0.0,0.0,-1.0));
#3536=DIRECTION('',(0.,1.,0.));
#3537=FACE_OUTER_BOUND('',#3538,.T.);
#3538=EDGE_LOOP('',(#3539,#3549,#3559,#3569));
#3539=ORIENTED_EDGE('',*,*,#3226,.T.);
#3549=ORIENTED_EDGE('',*,*,#3442,.T.);
#3559=ORIENTED_EDGE('',*,*,#3157,.T.);
#3569=ORIENTED_EDGE('',*,*,#3393,.T.);
#3579=MANIFOLD_SOLID_BREP($,#3580);
#3580=CLOSED_SHELL('',(#3582,#3651,#3720,#3769,#3818,#3867,#3916,#3965));
#3581=STYLED_ITEM('',(#34),#3582);
#3582=ADVANCED_FACE('',(#3588),#3583,.T.);
#3583=PLANE('',#3584);
#3584=AXIS2_PLACEMENT_3D('',#3585,#3586,#3587);
#3585=CARTESIAN_POINT('',(2.601,-1.6,0.0));
#3586=DIRECTION('',(0.0,1.0,0.0));
#3587=DIRECTION('',(0.,0.,1.));
#3588=FACE_OUTER_BOUND('',#3589,.T.);
#3589=EDGE_LOOP('',(#3590,#3600,#3610,#3620,#3630,#3640));
#3593=CARTESIAN_POINT('',(2.05,-1.6,0.0));
#3592=VERTEX_POINT('',#3593);
#3595=CARTESIAN_POINT('',(2.601,-1.6,0.0));
#3594=VERTEX_POINT('',#3595);
#3591=EDGE_CURVE('',#3592,#3594,#3596,.T.);
#3596=LINE('',#3593,#3598);
#3598=VECTOR('',#3599,0.550959655);
#3599=DIRECTION('',(1.0,0.0,0.0));
#3590=ORIENTED_EDGE('',*,*,#3591,.F.);
#3603=CARTESIAN_POINT('',(2.05,-1.6,0.051));
#3602=VERTEX_POINT('',#3603);
#3601=EDGE_CURVE('',#3602,#3592,#3606,.T.);
#3606=LINE('',#3603,#3608);
#3608=VECTOR('',#3609,0.0508);
#3609=DIRECTION('',(0.0,0.0,-1.0));
#3600=ORIENTED_EDGE('',*,*,#3601,.F.);
#3613=CARTESIAN_POINT('',(2.55,-1.6,0.051));
#3612=VERTEX_POINT('',#3613);
#3611=EDGE_CURVE('',#3612,#3602,#3616,.T.);
#3616=LINE('',#3613,#3618);
#3618=VECTOR('',#3619,0.500159655);
#3619=DIRECTION('',(-1.0,0.0,0.0));
#3610=ORIENTED_EDGE('',*,*,#3611,.F.);
#3623=CARTESIAN_POINT('',(2.55,-1.6,0.698));
#3622=VERTEX_POINT('',#3623);
#3621=EDGE_CURVE('',#3622,#3612,#3626,.T.);
#3626=LINE('',#3623,#3628);
#3628=VECTOR('',#3629,0.6476873);
#3629=DIRECTION('',(0.0,0.0,-1.0));
#3620=ORIENTED_EDGE('',*,*,#3621,.F.);
#3633=CARTESIAN_POINT('',(2.601,-1.6,0.698));
#3632=VERTEX_POINT('',#3633);
#3631=EDGE_CURVE('',#3632,#3622,#3636,.T.);
#3636=LINE('',#3633,#3638);
#3638=VECTOR('',#3639,0.0508);
#3639=DIRECTION('',(-1.0,0.0,0.0));
#3630=ORIENTED_EDGE('',*,*,#3631,.F.);
#3641=EDGE_CURVE('',#3594,#3632,#3646,.T.);
#3646=LINE('',#3595,#3648);
#3648=VECTOR('',#3649,0.6984873);
#3649=DIRECTION('',(0.0,0.0,1.0));
#3640=ORIENTED_EDGE('',*,*,#3641,.F.);
#3650=STYLED_ITEM('',(#34),#3651);
#3651=ADVANCED_FACE('',(#3657),#3652,.T.);
#3652=PLANE('',#3653);
#3653=AXIS2_PLACEMENT_3D('',#3654,#3655,#3656);
#3654=CARTESIAN_POINT('',(2.05,-1.9,0.0));
#3655=DIRECTION('',(0.0,-1.0,0.0));
#3656=DIRECTION('',(0.,0.,1.));
#3657=FACE_OUTER_BOUND('',#3658,.T.);
#3658=EDGE_LOOP('',(#3659,#3669,#3679,#3689,#3699,#3709));
#3662=CARTESIAN_POINT('',(2.601,-1.9,0.0));
#3661=VERTEX_POINT('',#3662);
#3664=CARTESIAN_POINT('',(2.05,-1.9,0.0));
#3663=VERTEX_POINT('',#3664);
#3660=EDGE_CURVE('',#3661,#3663,#3665,.T.);
#3665=LINE('',#3662,#3667);
#3667=VECTOR('',#3668,0.550959655);
#3668=DIRECTION('',(-1.0,0.0,0.0));
#3659=ORIENTED_EDGE('',*,*,#3660,.F.);
#3672=CARTESIAN_POINT('',(2.601,-1.9,0.698));
#3671=VERTEX_POINT('',#3672);
#3670=EDGE_CURVE('',#3671,#3661,#3675,.T.);
#3675=LINE('',#3672,#3677);
#3677=VECTOR('',#3678,0.6984873);
#3678=DIRECTION('',(0.0,0.0,-1.0));
#3669=ORIENTED_EDGE('',*,*,#3670,.F.);
#3682=CARTESIAN_POINT('',(2.55,-1.9,0.698));
#3681=VERTEX_POINT('',#3682);
#3680=EDGE_CURVE('',#3681,#3671,#3685,.T.);
#3685=LINE('',#3682,#3687);
#3687=VECTOR('',#3688,0.0508);
#3688=DIRECTION('',(1.0,0.0,0.0));
#3679=ORIENTED_EDGE('',*,*,#3680,.F.);
#3692=CARTESIAN_POINT('',(2.55,-1.9,0.051));
#3691=VERTEX_POINT('',#3692);
#3690=EDGE_CURVE('',#3691,#3681,#3695,.T.);
#3695=LINE('',#3692,#3697);
#3697=VECTOR('',#3698,0.6476873);
#3698=DIRECTION('',(0.0,0.0,1.0));
#3689=ORIENTED_EDGE('',*,*,#3690,.F.);
#3702=CARTESIAN_POINT('',(2.05,-1.9,0.051));
#3701=VERTEX_POINT('',#3702);
#3700=EDGE_CURVE('',#3701,#3691,#3705,.T.);
#3705=LINE('',#3702,#3707);
#3707=VECTOR('',#3708,0.500159655);
#3708=DIRECTION('',(1.0,0.0,0.0));
#3699=ORIENTED_EDGE('',*,*,#3700,.F.);
#3710=EDGE_CURVE('',#3663,#3701,#3715,.T.);
#3715=LINE('',#3664,#3717);
#3717=VECTOR('',#3718,0.0508);
#3718=DIRECTION('',(0.0,0.0,1.0));
#3709=ORIENTED_EDGE('',*,*,#3710,.F.);
#3719=STYLED_ITEM('',(#34),#3720);
#3720=ADVANCED_FACE('',(#3726),#3721,.T.);
#3721=PLANE('',#3722);
#3722=AXIS2_PLACEMENT_3D('',#3723,#3724,#3725);
#3723=CARTESIAN_POINT('',(2.601,-1.6,0.698));
#3724=DIRECTION('',(0.0,0.0,1.0));
#3725=DIRECTION('',(0.,1.,0.));
#3726=FACE_OUTER_BOUND('',#3727,.T.);
#3727=EDGE_LOOP('',(#3728,#3738,#3748,#3758));
#3728=ORIENTED_EDGE('',*,*,#3631,.T.);
#3739=EDGE_CURVE('',#3681,#3622,#3744,.T.);
#3744=LINE('',#3682,#3746);
#3746=VECTOR('',#3747,0.299999908);
#3747=DIRECTION('',(0.0,1.0,0.0));
#3738=ORIENTED_EDGE('',*,*,#3739,.F.);
#3748=ORIENTED_EDGE('',*,*,#3680,.T.);
#3759=EDGE_CURVE('',#3632,#3671,#3764,.T.);
#3764=LINE('',#3633,#3766);
#3766=VECTOR('',#3767,0.299999908);
#3767=DIRECTION('',(0.0,-1.0,0.0));
#3758=ORIENTED_EDGE('',*,*,#3759,.F.);
#3768=STYLED_ITEM('',(#34),#3769);
#3769=ADVANCED_FACE('',(#3775),#3770,.T.);
#3770=PLANE('',#3771);
#3771=AXIS2_PLACEMENT_3D('',#3772,#3773,#3774);
#3772=CARTESIAN_POINT('',(2.55,-1.6,0.051));
#3773=DIRECTION('',(0.0,0.0,1.0));
#3774=DIRECTION('',(0.,1.,0.));
#3775=FACE_OUTER_BOUND('',#3776,.T.);
#3776=EDGE_LOOP('',(#3777,#3787,#3797,#3807));
#3777=ORIENTED_EDGE('',*,*,#3611,.T.);
#3788=EDGE_CURVE('',#3701,#3602,#3793,.T.);
#3793=LINE('',#3702,#3795);
#3795=VECTOR('',#3796,0.299999908);
#3796=DIRECTION('',(0.0,1.0,0.0));
#3787=ORIENTED_EDGE('',*,*,#3788,.F.);
#3797=ORIENTED_EDGE('',*,*,#3700,.T.);
#3808=EDGE_CURVE('',#3612,#3691,#3813,.T.);
#3813=LINE('',#3613,#3815);
#3815=VECTOR('',#3816,0.299999908);
#3816=DIRECTION('',(0.0,-1.0,0.0));
#3807=ORIENTED_EDGE('',*,*,#3808,.F.);
#3817=STYLED_ITEM('',(#34),#3818);
#3818=ADVANCED_FACE('',(#3824),#3819,.T.);
#3819=PLANE('',#3820);
#3820=AXIS2_PLACEMENT_3D('',#3821,#3822,#3823);
#3821=CARTESIAN_POINT('',(2.601,-1.9,0.0));
#3822=DIRECTION('',(1.0,0.0,0.0));
#3823=DIRECTION('',(0.,0.,1.));
#3824=FACE_OUTER_BOUND('',#3825,.T.);
#3825=EDGE_LOOP('',(#3826,#3836,#3846,#3856));
#3827=EDGE_CURVE('',#3594,#3661,#3832,.T.);
#3832=LINE('',#3595,#3834);
#3834=VECTOR('',#3835,0.299999908);
#3835=DIRECTION('',(0.0,-1.0,0.0));
#3826=ORIENTED_EDGE('',*,*,#3827,.F.);
#3836=ORIENTED_EDGE('',*,*,#3641,.T.);
#3846=ORIENTED_EDGE('',*,*,#3759,.T.);
#3856=ORIENTED_EDGE('',*,*,#3670,.T.);
#3866=STYLED_ITEM('',(#34),#3867);
#3867=ADVANCED_FACE('',(#3873),#3868,.T.);
#3868=PLANE('',#3869);
#3869=AXIS2_PLACEMENT_3D('',#3870,#3871,#3872);
#3870=CARTESIAN_POINT('',(2.05,-1.6,0.0));
#3871=DIRECTION('',(-1.0,0.0,0.0));
#3872=DIRECTION('',(0.,0.,1.));
#3873=FACE_OUTER_BOUND('',#3874,.T.);
#3874=EDGE_LOOP('',(#3875,#3885,#3895,#3905));
#3876=EDGE_CURVE('',#3663,#3592,#3881,.T.);
#3881=LINE('',#3664,#3883);
#3883=VECTOR('',#3884,0.299999908);
#3884=DIRECTION('',(0.0,1.0,0.0));
#3875=ORIENTED_EDGE('',*,*,#3876,.F.);
#3885=ORIENTED_EDGE('',*,*,#3710,.T.);
#3895=ORIENTED_EDGE('',*,*,#3788,.T.);
#3905=ORIENTED_EDGE('',*,*,#3601,.T.);
#3915=STYLED_ITEM('',(#34),#3916);
#3916=ADVANCED_FACE('',(#3922),#3917,.T.);
#3917=PLANE('',#3918);
#3918=AXIS2_PLACEMENT_3D('',#3919,#3920,#3921);
#3919=CARTESIAN_POINT('',(2.55,-1.6,0.051));
#3920=DIRECTION('',(-1.0,0.0,0.0));
#3921=DIRECTION('',(0.,0.,1.));
#3922=FACE_OUTER_BOUND('',#3923,.T.);
#3923=EDGE_LOOP('',(#3924,#3934,#3944,#3954));
#3924=ORIENTED_EDGE('',*,*,#3808,.T.);
#3934=ORIENTED_EDGE('',*,*,#3690,.T.);
#3944=ORIENTED_EDGE('',*,*,#3739,.T.);
#3954=ORIENTED_EDGE('',*,*,#3621,.T.);
#3964=STYLED_ITEM('',(#34),#3965);
#3965=ADVANCED_FACE('',(#3971),#3966,.T.);
#3966=PLANE('',#3967);
#3967=AXIS2_PLACEMENT_3D('',#3968,#3969,#3970);
#3968=CARTESIAN_POINT('',(2.601,-1.9,0.0));
#3969=DIRECTION('',(0.0,0.0,-1.0));
#3970=DIRECTION('',(0.,1.,0.));
#3971=FACE_OUTER_BOUND('',#3972,.T.);
#3972=EDGE_LOOP('',(#3973,#3983,#3993,#4003));
#3973=ORIENTED_EDGE('',*,*,#3660,.T.);
#3983=ORIENTED_EDGE('',*,*,#3876,.T.);
#3993=ORIENTED_EDGE('',*,*,#3591,.T.);
#4003=ORIENTED_EDGE('',*,*,#3827,.T.);
#4013=MANIFOLD_SOLID_BREP($,#4014);
#4014=CLOSED_SHELL('',(#4016,#4085,#4154,#4203,#4252,#4301,#4350,#4399));
#4015=STYLED_ITEM('',(#34),#4016);
#4016=ADVANCED_FACE('',(#4022),#4017,.T.);
#4017=PLANE('',#4018);
#4018=AXIS2_PLACEMENT_3D('',#4019,#4020,#4021);
#4019=CARTESIAN_POINT('',(-2.601,-1.9,0.0));
#4020=DIRECTION('',(0.0,-1.0,0.0));
#4021=DIRECTION('',(0.,0.,1.));
#4022=FACE_OUTER_BOUND('',#4023,.T.);
#4023=EDGE_LOOP('',(#4024,#4034,#4044,#4054,#4064,#4074));
#4027=CARTESIAN_POINT('',(-2.05,-1.9,0.0));
#4026=VERTEX_POINT('',#4027);
#4029=CARTESIAN_POINT('',(-2.601,-1.9,0.0));
#4028=VERTEX_POINT('',#4029);
#4025=EDGE_CURVE('',#4026,#4028,#4030,.T.);
#4030=LINE('',#4027,#4032);
#4032=VECTOR('',#4033,0.550959655);
#4033=DIRECTION('',(-1.0,0.0,0.0));
#4024=ORIENTED_EDGE('',*,*,#4025,.F.);
#4037=CARTESIAN_POINT('',(-2.05,-1.9,0.051));
#4036=VERTEX_POINT('',#4037);
#4035=EDGE_CURVE('',#4036,#4026,#4040,.T.);
#4040=LINE('',#4037,#4042);
#4042=VECTOR('',#4043,0.0508);
#4043=DIRECTION('',(0.0,0.0,-1.0));
#4034=ORIENTED_EDGE('',*,*,#4035,.F.);
#4047=CARTESIAN_POINT('',(-2.55,-1.9,0.051));
#4046=VERTEX_POINT('',#4047);
#4045=EDGE_CURVE('',#4046,#4036,#4050,.T.);
#4050=LINE('',#4047,#4052);
#4052=VECTOR('',#4053,0.500159655);
#4053=DIRECTION('',(1.0,0.0,0.0));
#4044=ORIENTED_EDGE('',*,*,#4045,.F.);
#4057=CARTESIAN_POINT('',(-2.55,-1.9,0.698));
#4056=VERTEX_POINT('',#4057);
#4055=EDGE_CURVE('',#4056,#4046,#4060,.T.);
#4060=LINE('',#4057,#4062);
#4062=VECTOR('',#4063,0.6476873);
#4063=DIRECTION('',(0.0,0.0,-1.0));
#4054=ORIENTED_EDGE('',*,*,#4055,.F.);
#4067=CARTESIAN_POINT('',(-2.601,-1.9,0.698));
#4066=VERTEX_POINT('',#4067);
#4065=EDGE_CURVE('',#4066,#4056,#4070,.T.);
#4070=LINE('',#4067,#4072);
#4072=VECTOR('',#4073,0.0508);
#4073=DIRECTION('',(1.0,0.0,0.0));
#4064=ORIENTED_EDGE('',*,*,#4065,.F.);
#4075=EDGE_CURVE('',#4028,#4066,#4080,.T.);
#4080=LINE('',#4029,#4082);
#4082=VECTOR('',#4083,0.6984873);
#4083=DIRECTION('',(0.0,0.0,1.0));
#4074=ORIENTED_EDGE('',*,*,#4075,.F.);
#4084=STYLED_ITEM('',(#34),#4085);
#4085=ADVANCED_FACE('',(#4091),#4086,.T.);
#4086=PLANE('',#4087);
#4087=AXIS2_PLACEMENT_3D('',#4088,#4089,#4090);
#4088=CARTESIAN_POINT('',(-2.05,-1.6,0.0));
#4089=DIRECTION('',(0.0,1.0,0.0));
#4090=DIRECTION('',(0.,0.,1.));
#4091=FACE_OUTER_BOUND('',#4092,.T.);
#4092=EDGE_LOOP('',(#4093,#4103,#4113,#4123,#4133,#4143));
#4096=CARTESIAN_POINT('',(-2.601,-1.6,0.0));
#4095=VERTEX_POINT('',#4096);
#4098=CARTESIAN_POINT('',(-2.05,-1.6,0.0));
#4097=VERTEX_POINT('',#4098);
#4094=EDGE_CURVE('',#4095,#4097,#4099,.T.);
#4099=LINE('',#4096,#4101);
#4101=VECTOR('',#4102,0.550959655);
#4102=DIRECTION('',(1.0,0.0,0.0));
#4093=ORIENTED_EDGE('',*,*,#4094,.F.);
#4106=CARTESIAN_POINT('',(-2.601,-1.6,0.698));
#4105=VERTEX_POINT('',#4106);
#4104=EDGE_CURVE('',#4105,#4095,#4109,.T.);
#4109=LINE('',#4106,#4111);
#4111=VECTOR('',#4112,0.6984873);
#4112=DIRECTION('',(0.0,0.0,-1.0));
#4103=ORIENTED_EDGE('',*,*,#4104,.F.);
#4116=CARTESIAN_POINT('',(-2.55,-1.6,0.698));
#4115=VERTEX_POINT('',#4116);
#4114=EDGE_CURVE('',#4115,#4105,#4119,.T.);
#4119=LINE('',#4116,#4121);
#4121=VECTOR('',#4122,0.0508);
#4122=DIRECTION('',(-1.0,0.0,0.0));
#4113=ORIENTED_EDGE('',*,*,#4114,.F.);
#4126=CARTESIAN_POINT('',(-2.55,-1.6,0.051));
#4125=VERTEX_POINT('',#4126);
#4124=EDGE_CURVE('',#4125,#4115,#4129,.T.);
#4129=LINE('',#4126,#4131);
#4131=VECTOR('',#4132,0.6476873);
#4132=DIRECTION('',(0.0,0.0,1.0));
#4123=ORIENTED_EDGE('',*,*,#4124,.F.);
#4136=CARTESIAN_POINT('',(-2.05,-1.6,0.051));
#4135=VERTEX_POINT('',#4136);
#4134=EDGE_CURVE('',#4135,#4125,#4139,.T.);
#4139=LINE('',#4136,#4141);
#4141=VECTOR('',#4142,0.500159655);
#4142=DIRECTION('',(-1.0,0.0,0.0));
#4133=ORIENTED_EDGE('',*,*,#4134,.F.);
#4144=EDGE_CURVE('',#4097,#4135,#4149,.T.);
#4149=LINE('',#4098,#4151);
#4151=VECTOR('',#4152,0.0508);
#4152=DIRECTION('',(0.0,0.0,1.0));
#4143=ORIENTED_EDGE('',*,*,#4144,.F.);
#4153=STYLED_ITEM('',(#34),#4154);
#4154=ADVANCED_FACE('',(#4160),#4155,.T.);
#4155=PLANE('',#4156);
#4156=AXIS2_PLACEMENT_3D('',#4157,#4158,#4159);
#4157=CARTESIAN_POINT('',(-2.601,-1.9,0.698));
#4158=DIRECTION('',(0.0,0.0,1.0));
#4159=DIRECTION('',(0.,1.,0.));
#4160=FACE_OUTER_BOUND('',#4161,.T.);
#4161=EDGE_LOOP('',(#4162,#4172,#4182,#4192));
#4162=ORIENTED_EDGE('',*,*,#4065,.T.);
#4173=EDGE_CURVE('',#4115,#4056,#4178,.T.);
#4178=LINE('',#4116,#4180);
#4180=VECTOR('',#4181,0.299999908);
#4181=DIRECTION('',(0.0,-1.0,0.0));
#4172=ORIENTED_EDGE('',*,*,#4173,.F.);
#4182=ORIENTED_EDGE('',*,*,#4114,.T.);
#4193=EDGE_CURVE('',#4066,#4105,#4198,.T.);
#4198=LINE('',#4067,#4200);
#4200=VECTOR('',#4201,0.299999908);
#4201=DIRECTION('',(0.0,1.0,0.0));
#4192=ORIENTED_EDGE('',*,*,#4193,.F.);
#4202=STYLED_ITEM('',(#34),#4203);
#4203=ADVANCED_FACE('',(#4209),#4204,.T.);
#4204=PLANE('',#4205);
#4205=AXIS2_PLACEMENT_3D('',#4206,#4207,#4208);
#4206=CARTESIAN_POINT('',(-2.55,-1.9,0.051));
#4207=DIRECTION('',(0.0,0.0,1.0));
#4208=DIRECTION('',(0.,1.,0.));
#4209=FACE_OUTER_BOUND('',#4210,.T.);
#4210=EDGE_LOOP('',(#4211,#4221,#4231,#4241));
#4211=ORIENTED_EDGE('',*,*,#4045,.T.);
#4222=EDGE_CURVE('',#4135,#4036,#4227,.T.);
#4227=LINE('',#4136,#4229);
#4229=VECTOR('',#4230,0.299999908);
#4230=DIRECTION('',(0.0,-1.0,0.0));
#4221=ORIENTED_EDGE('',*,*,#4222,.F.);
#4231=ORIENTED_EDGE('',*,*,#4134,.T.);
#4242=EDGE_CURVE('',#4046,#4125,#4247,.T.);
#4247=LINE('',#4047,#4249);
#4249=VECTOR('',#4250,0.299999908);
#4250=DIRECTION('',(0.0,1.0,0.0));
#4241=ORIENTED_EDGE('',*,*,#4242,.F.);
#4251=STYLED_ITEM('',(#34),#4252);
#4252=ADVANCED_FACE('',(#4258),#4253,.T.);
#4253=PLANE('',#4254);
#4254=AXIS2_PLACEMENT_3D('',#4255,#4256,#4257);
#4255=CARTESIAN_POINT('',(-2.601,-1.6,0.0));
#4256=DIRECTION('',(-1.0,0.0,0.0));
#4257=DIRECTION('',(0.,0.,1.));
#4258=FACE_OUTER_BOUND('',#4259,.T.);
#4259=EDGE_LOOP('',(#4260,#4270,#4280,#4290));
#4261=EDGE_CURVE('',#4028,#4095,#4266,.T.);
#4266=LINE('',#4029,#4268);
#4268=VECTOR('',#4269,0.299999908);
#4269=DIRECTION('',(0.0,1.0,0.0));
#4260=ORIENTED_EDGE('',*,*,#4261,.F.);
#4270=ORIENTED_EDGE('',*,*,#4075,.T.);
#4280=ORIENTED_EDGE('',*,*,#4193,.T.);
#4290=ORIENTED_EDGE('',*,*,#4104,.T.);
#4300=STYLED_ITEM('',(#34),#4301);
#4301=ADVANCED_FACE('',(#4307),#4302,.T.);
#4302=PLANE('',#4303);
#4303=AXIS2_PLACEMENT_3D('',#4304,#4305,#4306);
#4304=CARTESIAN_POINT('',(-2.05,-1.9,0.0));
#4305=DIRECTION('',(1.0,0.0,0.0));
#4306=DIRECTION('',(0.,0.,1.));
#4307=FACE_OUTER_BOUND('',#4308,.T.);
#4308=EDGE_LOOP('',(#4309,#4319,#4329,#4339));
#4310=EDGE_CURVE('',#4097,#4026,#4315,.T.);
#4315=LINE('',#4098,#4317);
#4317=VECTOR('',#4318,0.299999908);
#4318=DIRECTION('',(0.0,-1.0,0.0));
#4309=ORIENTED_EDGE('',*,*,#4310,.F.);
#4319=ORIENTED_EDGE('',*,*,#4144,.T.);
#4329=ORIENTED_EDGE('',*,*,#4222,.T.);
#4339=ORIENTED_EDGE('',*,*,#4035,.T.);
#4349=STYLED_ITEM('',(#34),#4350);
#4350=ADVANCED_FACE('',(#4356),#4351,.T.);
#4351=PLANE('',#4352);
#4352=AXIS2_PLACEMENT_3D('',#4353,#4354,#4355);
#4353=CARTESIAN_POINT('',(-2.55,-1.9,0.051));
#4354=DIRECTION('',(1.0,0.0,0.0));
#4355=DIRECTION('',(0.,0.,1.));
#4356=FACE_OUTER_BOUND('',#4357,.T.);
#4357=EDGE_LOOP('',(#4358,#4368,#4378,#4388));
#4358=ORIENTED_EDGE('',*,*,#4242,.T.);
#4368=ORIENTED_EDGE('',*,*,#4124,.T.);
#4378=ORIENTED_EDGE('',*,*,#4173,.T.);
#4388=ORIENTED_EDGE('',*,*,#4055,.T.);
#4398=STYLED_ITEM('',(#34),#4399);
#4399=ADVANCED_FACE('',(#4405),#4400,.T.);
#4400=PLANE('',#4401);
#4401=AXIS2_PLACEMENT_3D('',#4402,#4403,#4404);
#4402=CARTESIAN_POINT('',(-2.601,-1.6,0.0));
#4403=DIRECTION('',(0.0,0.0,-1.0));
#4404=DIRECTION('',(0.,1.,0.));
#4405=FACE_OUTER_BOUND('',#4406,.T.);
#4406=EDGE_LOOP('',(#4407,#4417,#4427,#4437));
#4407=ORIENTED_EDGE('',*,*,#4094,.T.);
#4417=ORIENTED_EDGE('',*,*,#4310,.T.);
#4427=ORIENTED_EDGE('',*,*,#4025,.T.);
#4437=ORIENTED_EDGE('',*,*,#4261,.T.);
#4447=MANIFOLD_SOLID_BREP($,#4448);
#4448=CLOSED_SHELL('',(#4450,#4519,#4588,#4637,#4686,#4735,#4784,#4833));
#4449=STYLED_ITEM('',(#34),#4450);
#4450=ADVANCED_FACE('',(#4456),#4451,.T.);
#4451=PLANE('',#4452);
#4452=AXIS2_PLACEMENT_3D('',#4453,#4454,#4455);
#4453=CARTESIAN_POINT('',(-2.601,-1.4,0.0));
#4454=DIRECTION('',(0.0,-1.0,0.0));
#4455=DIRECTION('',(0.,0.,1.));
#4456=FACE_OUTER_BOUND('',#4457,.T.);
#4457=EDGE_LOOP('',(#4458,#4468,#4478,#4488,#4498,#4508));
#4461=CARTESIAN_POINT('',(-2.05,-1.4,0.0));
#4460=VERTEX_POINT('',#4461);
#4463=CARTESIAN_POINT('',(-2.601,-1.4,0.0));
#4462=VERTEX_POINT('',#4463);
#4459=EDGE_CURVE('',#4460,#4462,#4464,.T.);
#4464=LINE('',#4461,#4466);
#4466=VECTOR('',#4467,0.550959655);
#4467=DIRECTION('',(-1.0,0.0,0.0));
#4458=ORIENTED_EDGE('',*,*,#4459,.F.);
#4471=CARTESIAN_POINT('',(-2.05,-1.4,0.051));
#4470=VERTEX_POINT('',#4471);
#4469=EDGE_CURVE('',#4470,#4460,#4474,.T.);
#4474=LINE('',#4471,#4476);
#4476=VECTOR('',#4477,0.0508);
#4477=DIRECTION('',(0.0,0.0,-1.0));
#4468=ORIENTED_EDGE('',*,*,#4469,.F.);
#4481=CARTESIAN_POINT('',(-2.55,-1.4,0.051));
#4480=VERTEX_POINT('',#4481);
#4479=EDGE_CURVE('',#4480,#4470,#4484,.T.);
#4484=LINE('',#4481,#4486);
#4486=VECTOR('',#4487,0.500159655);
#4487=DIRECTION('',(1.0,0.0,0.0));
#4478=ORIENTED_EDGE('',*,*,#4479,.F.);
#4491=CARTESIAN_POINT('',(-2.55,-1.4,0.698));
#4490=VERTEX_POINT('',#4491);
#4489=EDGE_CURVE('',#4490,#4480,#4494,.T.);
#4494=LINE('',#4491,#4496);
#4496=VECTOR('',#4497,0.6476873);
#4497=DIRECTION('',(0.0,0.0,-1.0));
#4488=ORIENTED_EDGE('',*,*,#4489,.F.);
#4501=CARTESIAN_POINT('',(-2.601,-1.4,0.698));
#4500=VERTEX_POINT('',#4501);
#4499=EDGE_CURVE('',#4500,#4490,#4504,.T.);
#4504=LINE('',#4501,#4506);
#4506=VECTOR('',#4507,0.0508);
#4507=DIRECTION('',(1.0,0.0,0.0));
#4498=ORIENTED_EDGE('',*,*,#4499,.F.);
#4509=EDGE_CURVE('',#4462,#4500,#4514,.T.);
#4514=LINE('',#4463,#4516);
#4516=VECTOR('',#4517,0.6984873);
#4517=DIRECTION('',(0.0,0.0,1.0));
#4508=ORIENTED_EDGE('',*,*,#4509,.F.);
#4518=STYLED_ITEM('',(#34),#4519);
#4519=ADVANCED_FACE('',(#4525),#4520,.T.);
#4520=PLANE('',#4521);
#4521=AXIS2_PLACEMENT_3D('',#4522,#4523,#4524);
#4522=CARTESIAN_POINT('',(-2.05,-1.1,0.0));
#4523=DIRECTION('',(0.0,1.0,0.0));
#4524=DIRECTION('',(0.,0.,1.));
#4525=FACE_OUTER_BOUND('',#4526,.T.);
#4526=EDGE_LOOP('',(#4527,#4537,#4547,#4557,#4567,#4577));
#4530=CARTESIAN_POINT('',(-2.601,-1.1,0.0));
#4529=VERTEX_POINT('',#4530);
#4532=CARTESIAN_POINT('',(-2.05,-1.1,0.0));
#4531=VERTEX_POINT('',#4532);
#4528=EDGE_CURVE('',#4529,#4531,#4533,.T.);
#4533=LINE('',#4530,#4535);
#4535=VECTOR('',#4536,0.550959655);
#4536=DIRECTION('',(1.0,0.0,0.0));
#4527=ORIENTED_EDGE('',*,*,#4528,.F.);
#4540=CARTESIAN_POINT('',(-2.601,-1.1,0.698));
#4539=VERTEX_POINT('',#4540);
#4538=EDGE_CURVE('',#4539,#4529,#4543,.T.);
#4543=LINE('',#4540,#4545);
#4545=VECTOR('',#4546,0.6984873);
#4546=DIRECTION('',(0.0,0.0,-1.0));
#4537=ORIENTED_EDGE('',*,*,#4538,.F.);
#4550=CARTESIAN_POINT('',(-2.55,-1.1,0.698));
#4549=VERTEX_POINT('',#4550);
#4548=EDGE_CURVE('',#4549,#4539,#4553,.T.);
#4553=LINE('',#4550,#4555);
#4555=VECTOR('',#4556,0.0508);
#4556=DIRECTION('',(-1.0,0.0,0.0));
#4547=ORIENTED_EDGE('',*,*,#4548,.F.);
#4560=CARTESIAN_POINT('',(-2.55,-1.1,0.051));
#4559=VERTEX_POINT('',#4560);
#4558=EDGE_CURVE('',#4559,#4549,#4563,.T.);
#4563=LINE('',#4560,#4565);
#4565=VECTOR('',#4566,0.6476873);
#4566=DIRECTION('',(0.0,0.0,1.0));
#4557=ORIENTED_EDGE('',*,*,#4558,.F.);
#4570=CARTESIAN_POINT('',(-2.05,-1.1,0.051));
#4569=VERTEX_POINT('',#4570);
#4568=EDGE_CURVE('',#4569,#4559,#4573,.T.);
#4573=LINE('',#4570,#4575);
#4575=VECTOR('',#4576,0.500159655);
#4576=DIRECTION('',(-1.0,0.0,0.0));
#4567=ORIENTED_EDGE('',*,*,#4568,.F.);
#4578=EDGE_CURVE('',#4531,#4569,#4583,.T.);
#4583=LINE('',#4532,#4585);
#4585=VECTOR('',#4586,0.0508);
#4586=DIRECTION('',(0.0,0.0,1.0));
#4577=ORIENTED_EDGE('',*,*,#4578,.F.);
#4587=STYLED_ITEM('',(#34),#4588);
#4588=ADVANCED_FACE('',(#4594),#4589,.T.);
#4589=PLANE('',#4590);
#4590=AXIS2_PLACEMENT_3D('',#4591,#4592,#4593);
#4591=CARTESIAN_POINT('',(-2.601,-1.4,0.698));
#4592=DIRECTION('',(0.0,0.0,1.0));
#4593=DIRECTION('',(0.,1.,0.));
#4594=FACE_OUTER_BOUND('',#4595,.T.);
#4595=EDGE_LOOP('',(#4596,#4606,#4616,#4626));
#4596=ORIENTED_EDGE('',*,*,#4499,.T.);
#4607=EDGE_CURVE('',#4549,#4490,#4612,.T.);
#4612=LINE('',#4550,#4614);
#4614=VECTOR('',#4615,0.299999908);
#4615=DIRECTION('',(0.0,-1.0,0.0));
#4606=ORIENTED_EDGE('',*,*,#4607,.F.);
#4616=ORIENTED_EDGE('',*,*,#4548,.T.);
#4627=EDGE_CURVE('',#4500,#4539,#4632,.T.);
#4632=LINE('',#4501,#4634);
#4634=VECTOR('',#4635,0.299999908);
#4635=DIRECTION('',(0.0,1.0,0.0));
#4626=ORIENTED_EDGE('',*,*,#4627,.F.);
#4636=STYLED_ITEM('',(#34),#4637);
#4637=ADVANCED_FACE('',(#4643),#4638,.T.);
#4638=PLANE('',#4639);
#4639=AXIS2_PLACEMENT_3D('',#4640,#4641,#4642);
#4640=CARTESIAN_POINT('',(-2.55,-1.4,0.051));
#4641=DIRECTION('',(0.0,0.0,1.0));
#4642=DIRECTION('',(0.,1.,0.));
#4643=FACE_OUTER_BOUND('',#4644,.T.);
#4644=EDGE_LOOP('',(#4645,#4655,#4665,#4675));
#4645=ORIENTED_EDGE('',*,*,#4479,.T.);
#4656=EDGE_CURVE('',#4569,#4470,#4661,.T.);
#4661=LINE('',#4570,#4663);
#4663=VECTOR('',#4664,0.299999908);
#4664=DIRECTION('',(0.0,-1.0,0.0));
#4655=ORIENTED_EDGE('',*,*,#4656,.F.);
#4665=ORIENTED_EDGE('',*,*,#4568,.T.);
#4676=EDGE_CURVE('',#4480,#4559,#4681,.T.);
#4681=LINE('',#4481,#4683);
#4683=VECTOR('',#4684,0.299999908);
#4684=DIRECTION('',(0.0,1.0,0.0));
#4675=ORIENTED_EDGE('',*,*,#4676,.F.);
#4685=STYLED_ITEM('',(#34),#4686);
#4686=ADVANCED_FACE('',(#4692),#4687,.T.);
#4687=PLANE('',#4688);
#4688=AXIS2_PLACEMENT_3D('',#4689,#4690,#4691);
#4689=CARTESIAN_POINT('',(-2.601,-1.1,0.0));
#4690=DIRECTION('',(-1.0,0.0,0.0));
#4691=DIRECTION('',(0.,0.,1.));
#4692=FACE_OUTER_BOUND('',#4693,.T.);
#4693=EDGE_LOOP('',(#4694,#4704,#4714,#4724));
#4695=EDGE_CURVE('',#4462,#4529,#4700,.T.);
#4700=LINE('',#4463,#4702);
#4702=VECTOR('',#4703,0.299999908);
#4703=DIRECTION('',(0.0,1.0,0.0));
#4694=ORIENTED_EDGE('',*,*,#4695,.F.);
#4704=ORIENTED_EDGE('',*,*,#4509,.T.);
#4714=ORIENTED_EDGE('',*,*,#4627,.T.);
#4724=ORIENTED_EDGE('',*,*,#4538,.T.);
#4734=STYLED_ITEM('',(#34),#4735);
#4735=ADVANCED_FACE('',(#4741),#4736,.T.);
#4736=PLANE('',#4737);
#4737=AXIS2_PLACEMENT_3D('',#4738,#4739,#4740);
#4738=CARTESIAN_POINT('',(-2.05,-1.4,0.0));
#4739=DIRECTION('',(1.0,0.0,0.0));
#4740=DIRECTION('',(0.,0.,1.));
#4741=FACE_OUTER_BOUND('',#4742,.T.);
#4742=EDGE_LOOP('',(#4743,#4753,#4763,#4773));
#4744=EDGE_CURVE('',#4531,#4460,#4749,.T.);
#4749=LINE('',#4532,#4751);
#4751=VECTOR('',#4752,0.299999908);
#4752=DIRECTION('',(0.0,-1.0,0.0));
#4743=ORIENTED_EDGE('',*,*,#4744,.F.);
#4753=ORIENTED_EDGE('',*,*,#4578,.T.);
#4763=ORIENTED_EDGE('',*,*,#4656,.T.);
#4773=ORIENTED_EDGE('',*,*,#4469,.T.);
#4783=STYLED_ITEM('',(#34),#4784);
#4784=ADVANCED_FACE('',(#4790),#4785,.T.);
#4785=PLANE('',#4786);
#4786=AXIS2_PLACEMENT_3D('',#4787,#4788,#4789);
#4787=CARTESIAN_POINT('',(-2.55,-1.4,0.051));
#4788=DIRECTION('',(1.0,0.0,0.0));
#4789=DIRECTION('',(0.,0.,1.));
#4790=FACE_OUTER_BOUND('',#4791,.T.);
#4791=EDGE_LOOP('',(#4792,#4802,#4812,#4822));
#4792=ORIENTED_EDGE('',*,*,#4676,.T.);
#4802=ORIENTED_EDGE('',*,*,#4558,.T.);
#4812=ORIENTED_EDGE('',*,*,#4607,.T.);
#4822=ORIENTED_EDGE('',*,*,#4489,.T.);
#4832=STYLED_ITEM('',(#34),#4833);
#4833=ADVANCED_FACE('',(#4839),#4834,.T.);
#4834=PLANE('',#4835);
#4835=AXIS2_PLACEMENT_3D('',#4836,#4837,#4838);
#4836=CARTESIAN_POINT('',(-2.601,-1.1,0.0));
#4837=DIRECTION('',(0.0,0.0,-1.0));
#4838=DIRECTION('',(0.,1.,0.));
#4839=FACE_OUTER_BOUND('',#4840,.T.);
#4840=EDGE_LOOP('',(#4841,#4851,#4861,#4871));
#4841=ORIENTED_EDGE('',*,*,#4528,.T.);
#4851=ORIENTED_EDGE('',*,*,#4744,.T.);
#4861=ORIENTED_EDGE('',*,*,#4459,.T.);
#4871=ORIENTED_EDGE('',*,*,#4695,.T.);
#4881=MANIFOLD_SOLID_BREP($,#4882);
#4882=CLOSED_SHELL('',(#4884,#4953,#5022,#5071,#5120,#5169,#5218,#5267));
#4883=STYLED_ITEM('',(#34),#4884);
#4884=ADVANCED_FACE('',(#4890),#4885,.T.);
#4885=PLANE('',#4886);
#4886=AXIS2_PLACEMENT_3D('',#4887,#4888,#4889);
#4887=CARTESIAN_POINT('',(-2.601,-0.9,0.0));
#4888=DIRECTION('',(0.0,-1.0,0.0));
#4889=DIRECTION('',(0.,0.,1.));
#4890=FACE_OUTER_BOUND('',#4891,.T.);
#4891=EDGE_LOOP('',(#4892,#4902,#4912,#4922,#4932,#4942));
#4895=CARTESIAN_POINT('',(-2.05,-0.9,0.0));
#4894=VERTEX_POINT('',#4895);
#4897=CARTESIAN_POINT('',(-2.601,-0.9,0.0));
#4896=VERTEX_POINT('',#4897);
#4893=EDGE_CURVE('',#4894,#4896,#4898,.T.);
#4898=LINE('',#4895,#4900);
#4900=VECTOR('',#4901,0.550959655);
#4901=DIRECTION('',(-1.0,0.0,0.0));
#4892=ORIENTED_EDGE('',*,*,#4893,.F.);
#4905=CARTESIAN_POINT('',(-2.05,-0.9,0.051));
#4904=VERTEX_POINT('',#4905);
#4903=EDGE_CURVE('',#4904,#4894,#4908,.T.);
#4908=LINE('',#4905,#4910);
#4910=VECTOR('',#4911,0.0508);
#4911=DIRECTION('',(0.0,0.0,-1.0));
#4902=ORIENTED_EDGE('',*,*,#4903,.F.);
#4915=CARTESIAN_POINT('',(-2.55,-0.9,0.051));
#4914=VERTEX_POINT('',#4915);
#4913=EDGE_CURVE('',#4914,#4904,#4918,.T.);
#4918=LINE('',#4915,#4920);
#4920=VECTOR('',#4921,0.500159655);
#4921=DIRECTION('',(1.0,0.0,0.0));
#4912=ORIENTED_EDGE('',*,*,#4913,.F.);
#4925=CARTESIAN_POINT('',(-2.55,-0.9,0.698));
#4924=VERTEX_POINT('',#4925);
#4923=EDGE_CURVE('',#4924,#4914,#4928,.T.);
#4928=LINE('',#4925,#4930);
#4930=VECTOR('',#4931,0.6476873);
#4931=DIRECTION('',(0.0,0.0,-1.0));
#4922=ORIENTED_EDGE('',*,*,#4923,.F.);
#4935=CARTESIAN_POINT('',(-2.601,-0.9,0.698));
#4934=VERTEX_POINT('',#4935);
#4933=EDGE_CURVE('',#4934,#4924,#4938,.T.);
#4938=LINE('',#4935,#4940);
#4940=VECTOR('',#4941,0.0508);
#4941=DIRECTION('',(1.0,0.0,0.0));
#4932=ORIENTED_EDGE('',*,*,#4933,.F.);
#4943=EDGE_CURVE('',#4896,#4934,#4948,.T.);
#4948=LINE('',#4897,#4950);
#4950=VECTOR('',#4951,0.6984873);
#4951=DIRECTION('',(0.0,0.0,1.0));
#4942=ORIENTED_EDGE('',*,*,#4943,.F.);
#4952=STYLED_ITEM('',(#34),#4953);
#4953=ADVANCED_FACE('',(#4959),#4954,.T.);
#4954=PLANE('',#4955);
#4955=AXIS2_PLACEMENT_3D('',#4956,#4957,#4958);
#4956=CARTESIAN_POINT('',(-2.05,-0.6,0.0));
#4957=DIRECTION('',(0.0,1.0,0.0));
#4958=DIRECTION('',(0.,0.,1.));
#4959=FACE_OUTER_BOUND('',#4960,.T.);
#4960=EDGE_LOOP('',(#4961,#4971,#4981,#4991,#5001,#5011));
#4964=CARTESIAN_POINT('',(-2.601,-0.6,0.0));
#4963=VERTEX_POINT('',#4964);
#4966=CARTESIAN_POINT('',(-2.05,-0.6,0.0));
#4965=VERTEX_POINT('',#4966);
#4962=EDGE_CURVE('',#4963,#4965,#4967,.T.);
#4967=LINE('',#4964,#4969);
#4969=VECTOR('',#4970,0.550959655);
#4970=DIRECTION('',(1.0,0.0,0.0));
#4961=ORIENTED_EDGE('',*,*,#4962,.F.);
#4974=CARTESIAN_POINT('',(-2.601,-0.6,0.698));
#4973=VERTEX_POINT('',#4974);
#4972=EDGE_CURVE('',#4973,#4963,#4977,.T.);
#4977=LINE('',#4974,#4979);
#4979=VECTOR('',#4980,0.6984873);
#4980=DIRECTION('',(0.0,0.0,-1.0));
#4971=ORIENTED_EDGE('',*,*,#4972,.F.);
#4984=CARTESIAN_POINT('',(-2.55,-0.6,0.698));
#4983=VERTEX_POINT('',#4984);
#4982=EDGE_CURVE('',#4983,#4973,#4987,.T.);
#4987=LINE('',#4984,#4989);
#4989=VECTOR('',#4990,0.0508);
#4990=DIRECTION('',(-1.0,0.0,0.0));
#4981=ORIENTED_EDGE('',*,*,#4982,.F.);
#4994=CARTESIAN_POINT('',(-2.55,-0.6,0.051));
#4993=VERTEX_POINT('',#4994);
#4992=EDGE_CURVE('',#4993,#4983,#4997,.T.);
#4997=LINE('',#4994,#4999);
#4999=VECTOR('',#5000,0.6476873);
#5000=DIRECTION('',(0.0,0.0,1.0));
#4991=ORIENTED_EDGE('',*,*,#4992,.F.);
#5004=CARTESIAN_POINT('',(-2.05,-0.6,0.051));
#5003=VERTEX_POINT('',#5004);
#5002=EDGE_CURVE('',#5003,#4993,#5007,.T.);
#5007=LINE('',#5004,#5009);
#5009=VECTOR('',#5010,0.500159655);
#5010=DIRECTION('',(-1.0,0.0,0.0));
#5001=ORIENTED_EDGE('',*,*,#5002,.F.);
#5012=EDGE_CURVE('',#4965,#5003,#5017,.T.);
#5017=LINE('',#4966,#5019);
#5019=VECTOR('',#5020,0.0508);
#5020=DIRECTION('',(0.0,0.0,1.0));
#5011=ORIENTED_EDGE('',*,*,#5012,.F.);
#5021=STYLED_ITEM('',(#34),#5022);
#5022=ADVANCED_FACE('',(#5028),#5023,.T.);
#5023=PLANE('',#5024);
#5024=AXIS2_PLACEMENT_3D('',#5025,#5026,#5027);
#5025=CARTESIAN_POINT('',(-2.601,-0.9,0.698));
#5026=DIRECTION('',(0.0,0.0,1.0));
#5027=DIRECTION('',(0.,1.,0.));
#5028=FACE_OUTER_BOUND('',#5029,.T.);
#5029=EDGE_LOOP('',(#5030,#5040,#5050,#5060));
#5030=ORIENTED_EDGE('',*,*,#4933,.T.);
#5041=EDGE_CURVE('',#4983,#4924,#5046,.T.);
#5046=LINE('',#4984,#5048);
#5048=VECTOR('',#5049,0.299999908);
#5049=DIRECTION('',(0.0,-1.0,0.0));
#5040=ORIENTED_EDGE('',*,*,#5041,.F.);
#5050=ORIENTED_EDGE('',*,*,#4982,.T.);
#5061=EDGE_CURVE('',#4934,#4973,#5066,.T.);
#5066=LINE('',#4935,#5068);
#5068=VECTOR('',#5069,0.299999908);
#5069=DIRECTION('',(0.0,1.0,0.0));
#5060=ORIENTED_EDGE('',*,*,#5061,.F.);
#5070=STYLED_ITEM('',(#34),#5071);
#5071=ADVANCED_FACE('',(#5077),#5072,.T.);
#5072=PLANE('',#5073);
#5073=AXIS2_PLACEMENT_3D('',#5074,#5075,#5076);
#5074=CARTESIAN_POINT('',(-2.55,-0.9,0.051));
#5075=DIRECTION('',(0.0,0.0,1.0));
#5076=DIRECTION('',(0.,1.,0.));
#5077=FACE_OUTER_BOUND('',#5078,.T.);
#5078=EDGE_LOOP('',(#5079,#5089,#5099,#5109));
#5079=ORIENTED_EDGE('',*,*,#4913,.T.);
#5090=EDGE_CURVE('',#5003,#4904,#5095,.T.);
#5095=LINE('',#5004,#5097);
#5097=VECTOR('',#5098,0.299999908);
#5098=DIRECTION('',(0.0,-1.0,0.0));
#5089=ORIENTED_EDGE('',*,*,#5090,.F.);
#5099=ORIENTED_EDGE('',*,*,#5002,.T.);
#5110=EDGE_CURVE('',#4914,#4993,#5115,.T.);
#5115=LINE('',#4915,#5117);
#5117=VECTOR('',#5118,0.299999908);
#5118=DIRECTION('',(0.0,1.0,0.0));
#5109=ORIENTED_EDGE('',*,*,#5110,.F.);
#5119=STYLED_ITEM('',(#34),#5120);
#5120=ADVANCED_FACE('',(#5126),#5121,.T.);
#5121=PLANE('',#5122);
#5122=AXIS2_PLACEMENT_3D('',#5123,#5124,#5125);
#5123=CARTESIAN_POINT('',(-2.601,-0.6,0.0));
#5124=DIRECTION('',(-1.0,0.0,0.0));
#5125=DIRECTION('',(0.,0.,1.));
#5126=FACE_OUTER_BOUND('',#5127,.T.);
#5127=EDGE_LOOP('',(#5128,#5138,#5148,#5158));
#5129=EDGE_CURVE('',#4896,#4963,#5134,.T.);
#5134=LINE('',#4897,#5136);
#5136=VECTOR('',#5137,0.299999908);
#5137=DIRECTION('',(0.0,1.0,0.0));
#5128=ORIENTED_EDGE('',*,*,#5129,.F.);
#5138=ORIENTED_EDGE('',*,*,#4943,.T.);
#5148=ORIENTED_EDGE('',*,*,#5061,.T.);
#5158=ORIENTED_EDGE('',*,*,#4972,.T.);
#5168=STYLED_ITEM('',(#34),#5169);
#5169=ADVANCED_FACE('',(#5175),#5170,.T.);
#5170=PLANE('',#5171);
#5171=AXIS2_PLACEMENT_3D('',#5172,#5173,#5174);
#5172=CARTESIAN_POINT('',(-2.05,-0.9,0.0));
#5173=DIRECTION('',(1.0,0.0,0.0));
#5174=DIRECTION('',(0.,0.,1.));
#5175=FACE_OUTER_BOUND('',#5176,.T.);
#5176=EDGE_LOOP('',(#5177,#5187,#5197,#5207));
#5178=EDGE_CURVE('',#4965,#4894,#5183,.T.);
#5183=LINE('',#4966,#5185);
#5185=VECTOR('',#5186,0.299999908);
#5186=DIRECTION('',(0.0,-1.0,0.0));
#5177=ORIENTED_EDGE('',*,*,#5178,.F.);
#5187=ORIENTED_EDGE('',*,*,#5012,.T.);
#5197=ORIENTED_EDGE('',*,*,#5090,.T.);
#5207=ORIENTED_EDGE('',*,*,#4903,.T.);
#5217=STYLED_ITEM('',(#34),#5218);
#5218=ADVANCED_FACE('',(#5224),#5219,.T.);
#5219=PLANE('',#5220);
#5220=AXIS2_PLACEMENT_3D('',#5221,#5222,#5223);
#5221=CARTESIAN_POINT('',(-2.55,-0.9,0.051));
#5222=DIRECTION('',(1.0,0.0,0.0));
#5223=DIRECTION('',(0.,0.,1.));
#5224=FACE_OUTER_BOUND('',#5225,.T.);
#5225=EDGE_LOOP('',(#5226,#5236,#5246,#5256));
#5226=ORIENTED_EDGE('',*,*,#5110,.T.);
#5236=ORIENTED_EDGE('',*,*,#4992,.T.);
#5246=ORIENTED_EDGE('',*,*,#5041,.T.);
#5256=ORIENTED_EDGE('',*,*,#4923,.T.);
#5266=STYLED_ITEM('',(#34),#5267);
#5267=ADVANCED_FACE('',(#5273),#5268,.T.);
#5268=PLANE('',#5269);
#5269=AXIS2_PLACEMENT_3D('',#5270,#5271,#5272);
#5270=CARTESIAN_POINT('',(-2.601,-0.6,0.0));
#5271=DIRECTION('',(0.0,0.0,-1.0));
#5272=DIRECTION('',(0.,1.,0.));
#5273=FACE_OUTER_BOUND('',#5274,.T.);
#5274=EDGE_LOOP('',(#5275,#5285,#5295,#5305));
#5275=ORIENTED_EDGE('',*,*,#4962,.T.);
#5285=ORIENTED_EDGE('',*,*,#5178,.T.);
#5295=ORIENTED_EDGE('',*,*,#4893,.T.);
#5305=ORIENTED_EDGE('',*,*,#5129,.T.);
#5315=MANIFOLD_SOLID_BREP($,#5316);
#5316=CLOSED_SHELL('',(#5318,#5387,#5456,#5505,#5554,#5603,#5652,#5701));
#5317=STYLED_ITEM('',(#34),#5318);
#5318=ADVANCED_FACE('',(#5324),#5319,.T.);
#5319=PLANE('',#5320);
#5320=AXIS2_PLACEMENT_3D('',#5321,#5322,#5323);
#5321=CARTESIAN_POINT('',(-2.601,-0.4,0.0));
#5322=DIRECTION('',(0.0,-1.0,0.0));
#5323=DIRECTION('',(0.,0.,1.));
#5324=FACE_OUTER_BOUND('',#5325,.T.);
#5325=EDGE_LOOP('',(#5326,#5336,#5346,#5356,#5366,#5376));
#5329=CARTESIAN_POINT('',(-2.05,-0.4,0.0));
#5328=VERTEX_POINT('',#5329);
#5331=CARTESIAN_POINT('',(-2.601,-0.4,0.0));
#5330=VERTEX_POINT('',#5331);
#5327=EDGE_CURVE('',#5328,#5330,#5332,.T.);
#5332=LINE('',#5329,#5334);
#5334=VECTOR('',#5335,0.550959655);
#5335=DIRECTION('',(-1.0,0.0,0.0));
#5326=ORIENTED_EDGE('',*,*,#5327,.F.);
#5339=CARTESIAN_POINT('',(-2.05,-0.4,0.051));
#5338=VERTEX_POINT('',#5339);
#5337=EDGE_CURVE('',#5338,#5328,#5342,.T.);
#5342=LINE('',#5339,#5344);
#5344=VECTOR('',#5345,0.0508);
#5345=DIRECTION('',(0.0,0.0,-1.0));
#5336=ORIENTED_EDGE('',*,*,#5337,.F.);
#5349=CARTESIAN_POINT('',(-2.55,-0.4,0.051));
#5348=VERTEX_POINT('',#5349);
#5347=EDGE_CURVE('',#5348,#5338,#5352,.T.);
#5352=LINE('',#5349,#5354);
#5354=VECTOR('',#5355,0.500159655);
#5355=DIRECTION('',(1.0,0.0,0.0));
#5346=ORIENTED_EDGE('',*,*,#5347,.F.);
#5359=CARTESIAN_POINT('',(-2.55,-0.4,0.698));
#5358=VERTEX_POINT('',#5359);
#5357=EDGE_CURVE('',#5358,#5348,#5362,.T.);
#5362=LINE('',#5359,#5364);
#5364=VECTOR('',#5365,0.6476873);
#5365=DIRECTION('',(0.0,0.0,-1.0));
#5356=ORIENTED_EDGE('',*,*,#5357,.F.);
#5369=CARTESIAN_POINT('',(-2.601,-0.4,0.698));
#5368=VERTEX_POINT('',#5369);
#5367=EDGE_CURVE('',#5368,#5358,#5372,.T.);
#5372=LINE('',#5369,#5374);
#5374=VECTOR('',#5375,0.0508);
#5375=DIRECTION('',(1.0,0.0,0.0));
#5366=ORIENTED_EDGE('',*,*,#5367,.F.);
#5377=EDGE_CURVE('',#5330,#5368,#5382,.T.);
#5382=LINE('',#5331,#5384);
#5384=VECTOR('',#5385,0.6984873);
#5385=DIRECTION('',(0.0,0.0,1.0));
#5376=ORIENTED_EDGE('',*,*,#5377,.F.);
#5386=STYLED_ITEM('',(#34),#5387);
#5387=ADVANCED_FACE('',(#5393),#5388,.T.);
#5388=PLANE('',#5389);
#5389=AXIS2_PLACEMENT_3D('',#5390,#5391,#5392);
#5390=CARTESIAN_POINT('',(-2.05,-0.1,0.0));
#5391=DIRECTION('',(0.0,1.0,0.0));
#5392=DIRECTION('',(0.,0.,1.));
#5393=FACE_OUTER_BOUND('',#5394,.T.);
#5394=EDGE_LOOP('',(#5395,#5405,#5415,#5425,#5435,#5445));
#5398=CARTESIAN_POINT('',(-2.601,-0.1,0.0));
#5397=VERTEX_POINT('',#5398);
#5400=CARTESIAN_POINT('',(-2.05,-0.1,0.0));
#5399=VERTEX_POINT('',#5400);
#5396=EDGE_CURVE('',#5397,#5399,#5401,.T.);
#5401=LINE('',#5398,#5403);
#5403=VECTOR('',#5404,0.550959655);
#5404=DIRECTION('',(1.0,0.0,0.0));
#5395=ORIENTED_EDGE('',*,*,#5396,.F.);
#5408=CARTESIAN_POINT('',(-2.601,-0.1,0.698));
#5407=VERTEX_POINT('',#5408);
#5406=EDGE_CURVE('',#5407,#5397,#5411,.T.);
#5411=LINE('',#5408,#5413);
#5413=VECTOR('',#5414,0.6984873);
#5414=DIRECTION('',(0.0,0.0,-1.0));
#5405=ORIENTED_EDGE('',*,*,#5406,.F.);
#5418=CARTESIAN_POINT('',(-2.55,-0.1,0.698));
#5417=VERTEX_POINT('',#5418);
#5416=EDGE_CURVE('',#5417,#5407,#5421,.T.);
#5421=LINE('',#5418,#5423);
#5423=VECTOR('',#5424,0.0508);
#5424=DIRECTION('',(-1.0,0.0,0.0));
#5415=ORIENTED_EDGE('',*,*,#5416,.F.);
#5428=CARTESIAN_POINT('',(-2.55,-0.1,0.051));
#5427=VERTEX_POINT('',#5428);
#5426=EDGE_CURVE('',#5427,#5417,#5431,.T.);
#5431=LINE('',#5428,#5433);
#5433=VECTOR('',#5434,0.6476873);
#5434=DIRECTION('',(0.0,0.0,1.0));
#5425=ORIENTED_EDGE('',*,*,#5426,.F.);
#5438=CARTESIAN_POINT('',(-2.05,-0.1,0.051));
#5437=VERTEX_POINT('',#5438);
#5436=EDGE_CURVE('',#5437,#5427,#5441,.T.);
#5441=LINE('',#5438,#5443);
#5443=VECTOR('',#5444,0.500159655);
#5444=DIRECTION('',(-1.0,0.0,0.0));
#5435=ORIENTED_EDGE('',*,*,#5436,.F.);
#5446=EDGE_CURVE('',#5399,#5437,#5451,.T.);
#5451=LINE('',#5400,#5453);
#5453=VECTOR('',#5454,0.0508);
#5454=DIRECTION('',(0.0,0.0,1.0));
#5445=ORIENTED_EDGE('',*,*,#5446,.F.);
#5455=STYLED_ITEM('',(#34),#5456);
#5456=ADVANCED_FACE('',(#5462),#5457,.T.);
#5457=PLANE('',#5458);
#5458=AXIS2_PLACEMENT_3D('',#5459,#5460,#5461);
#5459=CARTESIAN_POINT('',(-2.601,-0.4,0.698));
#5460=DIRECTION('',(0.0,0.0,1.0));
#5461=DIRECTION('',(0.,1.,0.));
#5462=FACE_OUTER_BOUND('',#5463,.T.);
#5463=EDGE_LOOP('',(#5464,#5474,#5484,#5494));
#5464=ORIENTED_EDGE('',*,*,#5367,.T.);
#5475=EDGE_CURVE('',#5417,#5358,#5480,.T.);
#5480=LINE('',#5418,#5482);
#5482=VECTOR('',#5483,0.299999908);
#5483=DIRECTION('',(0.0,-1.0,0.0));
#5474=ORIENTED_EDGE('',*,*,#5475,.F.);
#5484=ORIENTED_EDGE('',*,*,#5416,.T.);
#5495=EDGE_CURVE('',#5368,#5407,#5500,.T.);
#5500=LINE('',#5369,#5502);
#5502=VECTOR('',#5503,0.299999908);
#5503=DIRECTION('',(0.0,1.0,0.0));
#5494=ORIENTED_EDGE('',*,*,#5495,.F.);
#5504=STYLED_ITEM('',(#34),#5505);
#5505=ADVANCED_FACE('',(#5511),#5506,.T.);
#5506=PLANE('',#5507);
#5507=AXIS2_PLACEMENT_3D('',#5508,#5509,#5510);
#5508=CARTESIAN_POINT('',(-2.55,-0.4,0.051));
#5509=DIRECTION('',(0.0,0.0,1.0));
#5510=DIRECTION('',(0.,1.,0.));
#5511=FACE_OUTER_BOUND('',#5512,.T.);
#5512=EDGE_LOOP('',(#5513,#5523,#5533,#5543));
#5513=ORIENTED_EDGE('',*,*,#5347,.T.);
#5524=EDGE_CURVE('',#5437,#5338,#5529,.T.);
#5529=LINE('',#5438,#5531);
#5531=VECTOR('',#5532,0.299999908);
#5532=DIRECTION('',(0.0,-1.0,0.0));
#5523=ORIENTED_EDGE('',*,*,#5524,.F.);
#5533=ORIENTED_EDGE('',*,*,#5436,.T.);
#5544=EDGE_CURVE('',#5348,#5427,#5549,.T.);
#5549=LINE('',#5349,#5551);
#5551=VECTOR('',#5552,0.299999908);
#5552=DIRECTION('',(0.0,1.0,0.0));
#5543=ORIENTED_EDGE('',*,*,#5544,.F.);
#5553=STYLED_ITEM('',(#34),#5554);
#5554=ADVANCED_FACE('',(#5560),#5555,.T.);
#5555=PLANE('',#5556);
#5556=AXIS2_PLACEMENT_3D('',#5557,#5558,#5559);
#5557=CARTESIAN_POINT('',(-2.601,-0.1,0.0));
#5558=DIRECTION('',(-1.0,0.0,0.0));
#5559=DIRECTION('',(0.,0.,1.));
#5560=FACE_OUTER_BOUND('',#5561,.T.);
#5561=EDGE_LOOP('',(#5562,#5572,#5582,#5592));
#5563=EDGE_CURVE('',#5330,#5397,#5568,.T.);
#5568=LINE('',#5331,#5570);
#5570=VECTOR('',#5571,0.299999908);
#5571=DIRECTION('',(0.0,1.0,0.0));
#5562=ORIENTED_EDGE('',*,*,#5563,.F.);
#5572=ORIENTED_EDGE('',*,*,#5377,.T.);
#5582=ORIENTED_EDGE('',*,*,#5495,.T.);
#5592=ORIENTED_EDGE('',*,*,#5406,.T.);
#5602=STYLED_ITEM('',(#34),#5603);
#5603=ADVANCED_FACE('',(#5609),#5604,.T.);
#5604=PLANE('',#5605);
#5605=AXIS2_PLACEMENT_3D('',#5606,#5607,#5608);
#5606=CARTESIAN_POINT('',(-2.05,-0.4,0.0));
#5607=DIRECTION('',(1.0,0.0,0.0));
#5608=DIRECTION('',(0.,0.,1.));
#5609=FACE_OUTER_BOUND('',#5610,.T.);
#5610=EDGE_LOOP('',(#5611,#5621,#5631,#5641));
#5612=EDGE_CURVE('',#5399,#5328,#5617,.T.);
#5617=LINE('',#5400,#5619);
#5619=VECTOR('',#5620,0.299999908);
#5620=DIRECTION('',(0.0,-1.0,0.0));
#5611=ORIENTED_EDGE('',*,*,#5612,.F.);
#5621=ORIENTED_EDGE('',*,*,#5446,.T.);
#5631=ORIENTED_EDGE('',*,*,#5524,.T.);
#5641=ORIENTED_EDGE('',*,*,#5337,.T.);
#5651=STYLED_ITEM('',(#34),#5652);
#5652=ADVANCED_FACE('',(#5658),#5653,.T.);
#5653=PLANE('',#5654);
#5654=AXIS2_PLACEMENT_3D('',#5655,#5656,#5657);
#5655=CARTESIAN_POINT('',(-2.55,-0.4,0.051));
#5656=DIRECTION('',(1.0,0.0,0.0));
#5657=DIRECTION('',(0.,0.,1.));
#5658=FACE_OUTER_BOUND('',#5659,.T.);
#5659=EDGE_LOOP('',(#5660,#5670,#5680,#5690));
#5660=ORIENTED_EDGE('',*,*,#5544,.T.);
#5670=ORIENTED_EDGE('',*,*,#5426,.T.);
#5680=ORIENTED_EDGE('',*,*,#5475,.T.);
#5690=ORIENTED_EDGE('',*,*,#5357,.T.);
#5700=STYLED_ITEM('',(#34),#5701);
#5701=ADVANCED_FACE('',(#5707),#5702,.T.);
#5702=PLANE('',#5703);
#5703=AXIS2_PLACEMENT_3D('',#5704,#5705,#5706);
#5704=CARTESIAN_POINT('',(-2.601,-0.1,0.0));
#5705=DIRECTION('',(0.0,0.0,-1.0));
#5706=DIRECTION('',(0.,1.,0.));
#5707=FACE_OUTER_BOUND('',#5708,.T.);
#5708=EDGE_LOOP('',(#5709,#5719,#5729,#5739));
#5709=ORIENTED_EDGE('',*,*,#5396,.T.);
#5719=ORIENTED_EDGE('',*,*,#5612,.T.);
#5729=ORIENTED_EDGE('',*,*,#5327,.T.);
#5739=ORIENTED_EDGE('',*,*,#5563,.T.);
#5749=MANIFOLD_SOLID_BREP($,#5750);
#5750=CLOSED_SHELL('',(#5752,#5821,#5890,#5939,#5988,#6037,#6086,#6135));
#5751=STYLED_ITEM('',(#34),#5752);
#5752=ADVANCED_FACE('',(#5758),#5753,.T.);
#5753=PLANE('',#5754);
#5754=AXIS2_PLACEMENT_3D('',#5755,#5756,#5757);
#5755=CARTESIAN_POINT('',(-2.601,0.1,0.0));
#5756=DIRECTION('',(0.0,-1.0,0.0));
#5757=DIRECTION('',(0.,0.,1.));
#5758=FACE_OUTER_BOUND('',#5759,.T.);
#5759=EDGE_LOOP('',(#5760,#5770,#5780,#5790,#5800,#5810));
#5763=CARTESIAN_POINT('',(-2.05,0.1,0.0));
#5762=VERTEX_POINT('',#5763);
#5765=CARTESIAN_POINT('',(-2.601,0.1,0.0));
#5764=VERTEX_POINT('',#5765);
#5761=EDGE_CURVE('',#5762,#5764,#5766,.T.);
#5766=LINE('',#5763,#5768);
#5768=VECTOR('',#5769,0.550959655);
#5769=DIRECTION('',(-1.0,0.0,0.0));
#5760=ORIENTED_EDGE('',*,*,#5761,.F.);
#5773=CARTESIAN_POINT('',(-2.05,0.1,0.051));
#5772=VERTEX_POINT('',#5773);
#5771=EDGE_CURVE('',#5772,#5762,#5776,.T.);
#5776=LINE('',#5773,#5778);
#5778=VECTOR('',#5779,0.0508);
#5779=DIRECTION('',(0.0,0.0,-1.0));
#5770=ORIENTED_EDGE('',*,*,#5771,.F.);
#5783=CARTESIAN_POINT('',(-2.55,0.1,0.051));
#5782=VERTEX_POINT('',#5783);
#5781=EDGE_CURVE('',#5782,#5772,#5786,.T.);
#5786=LINE('',#5783,#5788);
#5788=VECTOR('',#5789,0.500159655);
#5789=DIRECTION('',(1.0,0.0,0.0));
#5780=ORIENTED_EDGE('',*,*,#5781,.F.);
#5793=CARTESIAN_POINT('',(-2.55,0.1,0.698));
#5792=VERTEX_POINT('',#5793);
#5791=EDGE_CURVE('',#5792,#5782,#5796,.T.);
#5796=LINE('',#5793,#5798);
#5798=VECTOR('',#5799,0.6476873);
#5799=DIRECTION('',(0.0,0.0,-1.0));
#5790=ORIENTED_EDGE('',*,*,#5791,.F.);
#5803=CARTESIAN_POINT('',(-2.601,0.1,0.698));
#5802=VERTEX_POINT('',#5803);
#5801=EDGE_CURVE('',#5802,#5792,#5806,.T.);
#5806=LINE('',#5803,#5808);
#5808=VECTOR('',#5809,0.0508);
#5809=DIRECTION('',(1.0,0.0,0.0));
#5800=ORIENTED_EDGE('',*,*,#5801,.F.);
#5811=EDGE_CURVE('',#5764,#5802,#5816,.T.);
#5816=LINE('',#5765,#5818);
#5818=VECTOR('',#5819,0.6984873);
#5819=DIRECTION('',(0.0,0.0,1.0));
#5810=ORIENTED_EDGE('',*,*,#5811,.F.);
#5820=STYLED_ITEM('',(#34),#5821);
#5821=ADVANCED_FACE('',(#5827),#5822,.T.);
#5822=PLANE('',#5823);
#5823=AXIS2_PLACEMENT_3D('',#5824,#5825,#5826);
#5824=CARTESIAN_POINT('',(-2.05,0.4,0.0));
#5825=DIRECTION('',(0.0,1.0,0.0));
#5826=DIRECTION('',(0.,0.,1.));
#5827=FACE_OUTER_BOUND('',#5828,.T.);
#5828=EDGE_LOOP('',(#5829,#5839,#5849,#5859,#5869,#5879));
#5832=CARTESIAN_POINT('',(-2.601,0.4,0.0));
#5831=VERTEX_POINT('',#5832);
#5834=CARTESIAN_POINT('',(-2.05,0.4,0.0));
#5833=VERTEX_POINT('',#5834);
#5830=EDGE_CURVE('',#5831,#5833,#5835,.T.);
#5835=LINE('',#5832,#5837);
#5837=VECTOR('',#5838,0.550959655);
#5838=DIRECTION('',(1.0,0.0,0.0));
#5829=ORIENTED_EDGE('',*,*,#5830,.F.);
#5842=CARTESIAN_POINT('',(-2.601,0.4,0.698));
#5841=VERTEX_POINT('',#5842);
#5840=EDGE_CURVE('',#5841,#5831,#5845,.T.);
#5845=LINE('',#5842,#5847);
#5847=VECTOR('',#5848,0.6984873);
#5848=DIRECTION('',(0.0,0.0,-1.0));
#5839=ORIENTED_EDGE('',*,*,#5840,.F.);
#5852=CARTESIAN_POINT('',(-2.55,0.4,0.698));
#5851=VERTEX_POINT('',#5852);
#5850=EDGE_CURVE('',#5851,#5841,#5855,.T.);
#5855=LINE('',#5852,#5857);
#5857=VECTOR('',#5858,0.0508);
#5858=DIRECTION('',(-1.0,0.0,0.0));
#5849=ORIENTED_EDGE('',*,*,#5850,.F.);
#5862=CARTESIAN_POINT('',(-2.55,0.4,0.051));
#5861=VERTEX_POINT('',#5862);
#5860=EDGE_CURVE('',#5861,#5851,#5865,.T.);
#5865=LINE('',#5862,#5867);
#5867=VECTOR('',#5868,0.6476873);
#5868=DIRECTION('',(0.0,0.0,1.0));
#5859=ORIENTED_EDGE('',*,*,#5860,.F.);
#5872=CARTESIAN_POINT('',(-2.05,0.4,0.051));
#5871=VERTEX_POINT('',#5872);
#5870=EDGE_CURVE('',#5871,#5861,#5875,.T.);
#5875=LINE('',#5872,#5877);
#5877=VECTOR('',#5878,0.500159655);
#5878=DIRECTION('',(-1.0,0.0,0.0));
#5869=ORIENTED_EDGE('',*,*,#5870,.F.);
#5880=EDGE_CURVE('',#5833,#5871,#5885,.T.);
#5885=LINE('',#5834,#5887);
#5887=VECTOR('',#5888,0.0508);
#5888=DIRECTION('',(0.0,0.0,1.0));
#5879=ORIENTED_EDGE('',*,*,#5880,.F.);
#5889=STYLED_ITEM('',(#34),#5890);
#5890=ADVANCED_FACE('',(#5896),#5891,.T.);
#5891=PLANE('',#5892);
#5892=AXIS2_PLACEMENT_3D('',#5893,#5894,#5895);
#5893=CARTESIAN_POINT('',(-2.601,0.1,0.698));
#5894=DIRECTION('',(0.0,0.0,1.0));
#5895=DIRECTION('',(0.,1.,0.));
#5896=FACE_OUTER_BOUND('',#5897,.T.);
#5897=EDGE_LOOP('',(#5898,#5908,#5918,#5928));
#5898=ORIENTED_EDGE('',*,*,#5801,.T.);
#5909=EDGE_CURVE('',#5851,#5792,#5914,.T.);
#5914=LINE('',#5852,#5916);
#5916=VECTOR('',#5917,0.299999908);
#5917=DIRECTION('',(0.0,-1.0,0.0));
#5908=ORIENTED_EDGE('',*,*,#5909,.F.);
#5918=ORIENTED_EDGE('',*,*,#5850,.T.);
#5929=EDGE_CURVE('',#5802,#5841,#5934,.T.);
#5934=LINE('',#5803,#5936);
#5936=VECTOR('',#5937,0.299999908);
#5937=DIRECTION('',(0.0,1.0,0.0));
#5928=ORIENTED_EDGE('',*,*,#5929,.F.);
#5938=STYLED_ITEM('',(#34),#5939);
#5939=ADVANCED_FACE('',(#5945),#5940,.T.);
#5940=PLANE('',#5941);
#5941=AXIS2_PLACEMENT_3D('',#5942,#5943,#5944);
#5942=CARTESIAN_POINT('',(-2.55,0.1,0.051));
#5943=DIRECTION('',(0.0,0.0,1.0));
#5944=DIRECTION('',(0.,1.,0.));
#5945=FACE_OUTER_BOUND('',#5946,.T.);
#5946=EDGE_LOOP('',(#5947,#5957,#5967,#5977));
#5947=ORIENTED_EDGE('',*,*,#5781,.T.);
#5958=EDGE_CURVE('',#5871,#5772,#5963,.T.);
#5963=LINE('',#5872,#5965);
#5965=VECTOR('',#5966,0.299999908);
#5966=DIRECTION('',(0.0,-1.0,0.0));
#5957=ORIENTED_EDGE('',*,*,#5958,.F.);
#5967=ORIENTED_EDGE('',*,*,#5870,.T.);
#5978=EDGE_CURVE('',#5782,#5861,#5983,.T.);
#5983=LINE('',#5783,#5985);
#5985=VECTOR('',#5986,0.299999908);
#5986=DIRECTION('',(0.0,1.0,0.0));
#5977=ORIENTED_EDGE('',*,*,#5978,.F.);
#5987=STYLED_ITEM('',(#34),#5988);
#5988=ADVANCED_FACE('',(#5994),#5989,.T.);
#5989=PLANE('',#5990);
#5990=AXIS2_PLACEMENT_3D('',#5991,#5992,#5993);
#5991=CARTESIAN_POINT('',(-2.601,0.4,0.0));
#5992=DIRECTION('',(-1.0,0.0,0.0));
#5993=DIRECTION('',(0.,0.,1.));
#5994=FACE_OUTER_BOUND('',#5995,.T.);
#5995=EDGE_LOOP('',(#5996,#6006,#6016,#6026));
#5997=EDGE_CURVE('',#5764,#5831,#6002,.T.);
#6002=LINE('',#5765,#6004);
#6004=VECTOR('',#6005,0.299999908);
#6005=DIRECTION('',(0.0,1.0,0.0));
#5996=ORIENTED_EDGE('',*,*,#5997,.F.);
#6006=ORIENTED_EDGE('',*,*,#5811,.T.);
#6016=ORIENTED_EDGE('',*,*,#5929,.T.);
#6026=ORIENTED_EDGE('',*,*,#5840,.T.);
#6036=STYLED_ITEM('',(#34),#6037);
#6037=ADVANCED_FACE('',(#6043),#6038,.T.);
#6038=PLANE('',#6039);
#6039=AXIS2_PLACEMENT_3D('',#6040,#6041,#6042);
#6040=CARTESIAN_POINT('',(-2.05,0.1,0.0));
#6041=DIRECTION('',(1.0,0.0,0.0));
#6042=DIRECTION('',(0.,0.,1.));
#6043=FACE_OUTER_BOUND('',#6044,.T.);
#6044=EDGE_LOOP('',(#6045,#6055,#6065,#6075));
#6046=EDGE_CURVE('',#5833,#5762,#6051,.T.);
#6051=LINE('',#5834,#6053);
#6053=VECTOR('',#6054,0.299999908);
#6054=DIRECTION('',(0.0,-1.0,0.0));
#6045=ORIENTED_EDGE('',*,*,#6046,.F.);
#6055=ORIENTED_EDGE('',*,*,#5880,.T.);
#6065=ORIENTED_EDGE('',*,*,#5958,.T.);
#6075=ORIENTED_EDGE('',*,*,#5771,.T.);
#6085=STYLED_ITEM('',(#34),#6086);
#6086=ADVANCED_FACE('',(#6092),#6087,.T.);
#6087=PLANE('',#6088);
#6088=AXIS2_PLACEMENT_3D('',#6089,#6090,#6091);
#6089=CARTESIAN_POINT('',(-2.55,0.1,0.051));
#6090=DIRECTION('',(1.0,0.0,0.0));
#6091=DIRECTION('',(0.,0.,1.));
#6092=FACE_OUTER_BOUND('',#6093,.T.);
#6093=EDGE_LOOP('',(#6094,#6104,#6114,#6124));
#6094=ORIENTED_EDGE('',*,*,#5978,.T.);
#6104=ORIENTED_EDGE('',*,*,#5860,.T.);
#6114=ORIENTED_EDGE('',*,*,#5909,.T.);
#6124=ORIENTED_EDGE('',*,*,#5791,.T.);
#6134=STYLED_ITEM('',(#34),#6135);
#6135=ADVANCED_FACE('',(#6141),#6136,.T.);
#6136=PLANE('',#6137);
#6137=AXIS2_PLACEMENT_3D('',#6138,#6139,#6140);
#6138=CARTESIAN_POINT('',(-2.601,0.4,0.0));
#6139=DIRECTION('',(0.0,0.0,-1.0));
#6140=DIRECTION('',(0.,1.,0.));
#6141=FACE_OUTER_BOUND('',#6142,.T.);
#6142=EDGE_LOOP('',(#6143,#6153,#6163,#6173));
#6143=ORIENTED_EDGE('',*,*,#5830,.T.);
#6153=ORIENTED_EDGE('',*,*,#6046,.T.);
#6163=ORIENTED_EDGE('',*,*,#5761,.T.);
#6173=ORIENTED_EDGE('',*,*,#5997,.T.);
#6183=MANIFOLD_SOLID_BREP($,#6184);
#6184=CLOSED_SHELL('',(#6186,#6255,#6324,#6373,#6422,#6471,#6520,#6569));
#6185=STYLED_ITEM('',(#34),#6186);
#6186=ADVANCED_FACE('',(#6192),#6187,.T.);
#6187=PLANE('',#6188);
#6188=AXIS2_PLACEMENT_3D('',#6189,#6190,#6191);
#6189=CARTESIAN_POINT('',(-2.601,0.6,0.0));
#6190=DIRECTION('',(0.0,-1.0,0.0));
#6191=DIRECTION('',(0.,0.,1.));
#6192=FACE_OUTER_BOUND('',#6193,.T.);
#6193=EDGE_LOOP('',(#6194,#6204,#6214,#6224,#6234,#6244));
#6197=CARTESIAN_POINT('',(-2.05,0.6,0.0));
#6196=VERTEX_POINT('',#6197);
#6199=CARTESIAN_POINT('',(-2.601,0.6,0.0));
#6198=VERTEX_POINT('',#6199);
#6195=EDGE_CURVE('',#6196,#6198,#6200,.T.);
#6200=LINE('',#6197,#6202);
#6202=VECTOR('',#6203,0.550959655);
#6203=DIRECTION('',(-1.0,0.0,0.0));
#6194=ORIENTED_EDGE('',*,*,#6195,.F.);
#6207=CARTESIAN_POINT('',(-2.05,0.6,0.051));
#6206=VERTEX_POINT('',#6207);
#6205=EDGE_CURVE('',#6206,#6196,#6210,.T.);
#6210=LINE('',#6207,#6212);
#6212=VECTOR('',#6213,0.0508);
#6213=DIRECTION('',(0.0,0.0,-1.0));
#6204=ORIENTED_EDGE('',*,*,#6205,.F.);
#6217=CARTESIAN_POINT('',(-2.55,0.6,0.051));
#6216=VERTEX_POINT('',#6217);
#6215=EDGE_CURVE('',#6216,#6206,#6220,.T.);
#6220=LINE('',#6217,#6222);
#6222=VECTOR('',#6223,0.500159655);
#6223=DIRECTION('',(1.0,0.0,0.0));
#6214=ORIENTED_EDGE('',*,*,#6215,.F.);
#6227=CARTESIAN_POINT('',(-2.55,0.6,0.698));
#6226=VERTEX_POINT('',#6227);
#6225=EDGE_CURVE('',#6226,#6216,#6230,.T.);
#6230=LINE('',#6227,#6232);
#6232=VECTOR('',#6233,0.6476873);
#6233=DIRECTION('',(0.0,0.0,-1.0));
#6224=ORIENTED_EDGE('',*,*,#6225,.F.);
#6237=CARTESIAN_POINT('',(-2.601,0.6,0.698));
#6236=VERTEX_POINT('',#6237);
#6235=EDGE_CURVE('',#6236,#6226,#6240,.T.);
#6240=LINE('',#6237,#6242);
#6242=VECTOR('',#6243,0.0508);
#6243=DIRECTION('',(1.0,0.0,0.0));
#6234=ORIENTED_EDGE('',*,*,#6235,.F.);
#6245=EDGE_CURVE('',#6198,#6236,#6250,.T.);
#6250=LINE('',#6199,#6252);
#6252=VECTOR('',#6253,0.6984873);
#6253=DIRECTION('',(0.0,0.0,1.0));
#6244=ORIENTED_EDGE('',*,*,#6245,.F.);
#6254=STYLED_ITEM('',(#34),#6255);
#6255=ADVANCED_FACE('',(#6261),#6256,.T.);
#6256=PLANE('',#6257);
#6257=AXIS2_PLACEMENT_3D('',#6258,#6259,#6260);
#6258=CARTESIAN_POINT('',(-2.05,0.9,0.0));
#6259=DIRECTION('',(0.0,1.0,0.0));
#6260=DIRECTION('',(0.,0.,1.));
#6261=FACE_OUTER_BOUND('',#6262,.T.);
#6262=EDGE_LOOP('',(#6263,#6273,#6283,#6293,#6303,#6313));
#6266=CARTESIAN_POINT('',(-2.601,0.9,0.0));
#6265=VERTEX_POINT('',#6266);
#6268=CARTESIAN_POINT('',(-2.05,0.9,0.0));
#6267=VERTEX_POINT('',#6268);
#6264=EDGE_CURVE('',#6265,#6267,#6269,.T.);
#6269=LINE('',#6266,#6271);
#6271=VECTOR('',#6272,0.550959655);
#6272=DIRECTION('',(1.0,0.0,0.0));
#6263=ORIENTED_EDGE('',*,*,#6264,.F.);
#6276=CARTESIAN_POINT('',(-2.601,0.9,0.698));
#6275=VERTEX_POINT('',#6276);
#6274=EDGE_CURVE('',#6275,#6265,#6279,.T.);
#6279=LINE('',#6276,#6281);
#6281=VECTOR('',#6282,0.6984873);
#6282=DIRECTION('',(0.0,0.0,-1.0));
#6273=ORIENTED_EDGE('',*,*,#6274,.F.);
#6286=CARTESIAN_POINT('',(-2.55,0.9,0.698));
#6285=VERTEX_POINT('',#6286);
#6284=EDGE_CURVE('',#6285,#6275,#6289,.T.);
#6289=LINE('',#6286,#6291);
#6291=VECTOR('',#6292,0.0508);
#6292=DIRECTION('',(-1.0,0.0,0.0));
#6283=ORIENTED_EDGE('',*,*,#6284,.F.);
#6296=CARTESIAN_POINT('',(-2.55,0.9,0.051));
#6295=VERTEX_POINT('',#6296);
#6294=EDGE_CURVE('',#6295,#6285,#6299,.T.);
#6299=LINE('',#6296,#6301);
#6301=VECTOR('',#6302,0.6476873);
#6302=DIRECTION('',(0.0,0.0,1.0));
#6293=ORIENTED_EDGE('',*,*,#6294,.F.);
#6306=CARTESIAN_POINT('',(-2.05,0.9,0.051));
#6305=VERTEX_POINT('',#6306);
#6304=EDGE_CURVE('',#6305,#6295,#6309,.T.);
#6309=LINE('',#6306,#6311);
#6311=VECTOR('',#6312,0.500159655);
#6312=DIRECTION('',(-1.0,0.0,0.0));
#6303=ORIENTED_EDGE('',*,*,#6304,.F.);
#6314=EDGE_CURVE('',#6267,#6305,#6319,.T.);
#6319=LINE('',#6268,#6321);
#6321=VECTOR('',#6322,0.0508);
#6322=DIRECTION('',(0.0,0.0,1.0));
#6313=ORIENTED_EDGE('',*,*,#6314,.F.);
#6323=STYLED_ITEM('',(#34),#6324);
#6324=ADVANCED_FACE('',(#6330),#6325,.T.);
#6325=PLANE('',#6326);
#6326=AXIS2_PLACEMENT_3D('',#6327,#6328,#6329);
#6327=CARTESIAN_POINT('',(-2.601,0.6,0.698));
#6328=DIRECTION('',(0.0,0.0,1.0));
#6329=DIRECTION('',(0.,1.,0.));
#6330=FACE_OUTER_BOUND('',#6331,.T.);
#6331=EDGE_LOOP('',(#6332,#6342,#6352,#6362));
#6332=ORIENTED_EDGE('',*,*,#6235,.T.);
#6343=EDGE_CURVE('',#6285,#6226,#6348,.T.);
#6348=LINE('',#6286,#6350);
#6350=VECTOR('',#6351,0.299999908);
#6351=DIRECTION('',(0.0,-1.0,0.0));
#6342=ORIENTED_EDGE('',*,*,#6343,.F.);
#6352=ORIENTED_EDGE('',*,*,#6284,.T.);
#6363=EDGE_CURVE('',#6236,#6275,#6368,.T.);
#6368=LINE('',#6237,#6370);
#6370=VECTOR('',#6371,0.299999908);
#6371=DIRECTION('',(0.0,1.0,0.0));
#6362=ORIENTED_EDGE('',*,*,#6363,.F.);
#6372=STYLED_ITEM('',(#34),#6373);
#6373=ADVANCED_FACE('',(#6379),#6374,.T.);
#6374=PLANE('',#6375);
#6375=AXIS2_PLACEMENT_3D('',#6376,#6377,#6378);
#6376=CARTESIAN_POINT('',(-2.55,0.6,0.051));
#6377=DIRECTION('',(0.0,0.0,1.0));
#6378=DIRECTION('',(0.,1.,0.));
#6379=FACE_OUTER_BOUND('',#6380,.T.);
#6380=EDGE_LOOP('',(#6381,#6391,#6401,#6411));
#6381=ORIENTED_EDGE('',*,*,#6215,.T.);
#6392=EDGE_CURVE('',#6305,#6206,#6397,.T.);
#6397=LINE('',#6306,#6399);
#6399=VECTOR('',#6400,0.299999908);
#6400=DIRECTION('',(0.0,-1.0,0.0));
#6391=ORIENTED_EDGE('',*,*,#6392,.F.);
#6401=ORIENTED_EDGE('',*,*,#6304,.T.);
#6412=EDGE_CURVE('',#6216,#6295,#6417,.T.);
#6417=LINE('',#6217,#6419);
#6419=VECTOR('',#6420,0.299999908);
#6420=DIRECTION('',(0.0,1.0,0.0));
#6411=ORIENTED_EDGE('',*,*,#6412,.F.);
#6421=STYLED_ITEM('',(#34),#6422);
#6422=ADVANCED_FACE('',(#6428),#6423,.T.);
#6423=PLANE('',#6424);
#6424=AXIS2_PLACEMENT_3D('',#6425,#6426,#6427);
#6425=CARTESIAN_POINT('',(-2.601,0.9,0.0));
#6426=DIRECTION('',(-1.0,0.0,0.0));
#6427=DIRECTION('',(0.,0.,1.));
#6428=FACE_OUTER_BOUND('',#6429,.T.);
#6429=EDGE_LOOP('',(#6430,#6440,#6450,#6460));
#6431=EDGE_CURVE('',#6198,#6265,#6436,.T.);
#6436=LINE('',#6199,#6438);
#6438=VECTOR('',#6439,0.299999908);
#6439=DIRECTION('',(0.0,1.0,0.0));
#6430=ORIENTED_EDGE('',*,*,#6431,.F.);
#6440=ORIENTED_EDGE('',*,*,#6245,.T.);
#6450=ORIENTED_EDGE('',*,*,#6363,.T.);
#6460=ORIENTED_EDGE('',*,*,#6274,.T.);
#6470=STYLED_ITEM('',(#34),#6471);
#6471=ADVANCED_FACE('',(#6477),#6472,.T.);
#6472=PLANE('',#6473);
#6473=AXIS2_PLACEMENT_3D('',#6474,#6475,#6476);
#6474=CARTESIAN_POINT('',(-2.05,0.6,0.0));
#6475=DIRECTION('',(1.0,0.0,0.0));
#6476=DIRECTION('',(0.,0.,1.));
#6477=FACE_OUTER_BOUND('',#6478,.T.);
#6478=EDGE_LOOP('',(#6479,#6489,#6499,#6509));
#6480=EDGE_CURVE('',#6267,#6196,#6485,.T.);
#6485=LINE('',#6268,#6487);
#6487=VECTOR('',#6488,0.299999908);
#6488=DIRECTION('',(0.0,-1.0,0.0));
#6479=ORIENTED_EDGE('',*,*,#6480,.F.);
#6489=ORIENTED_EDGE('',*,*,#6314,.T.);
#6499=ORIENTED_EDGE('',*,*,#6392,.T.);
#6509=ORIENTED_EDGE('',*,*,#6205,.T.);
#6519=STYLED_ITEM('',(#34),#6520);
#6520=ADVANCED_FACE('',(#6526),#6521,.T.);
#6521=PLANE('',#6522);
#6522=AXIS2_PLACEMENT_3D('',#6523,#6524,#6525);
#6523=CARTESIAN_POINT('',(-2.55,0.6,0.051));
#6524=DIRECTION('',(1.0,0.0,0.0));
#6525=DIRECTION('',(0.,0.,1.));
#6526=FACE_OUTER_BOUND('',#6527,.T.);
#6527=EDGE_LOOP('',(#6528,#6538,#6548,#6558));
#6528=ORIENTED_EDGE('',*,*,#6412,.T.);
#6538=ORIENTED_EDGE('',*,*,#6294,.T.);
#6548=ORIENTED_EDGE('',*,*,#6343,.T.);
#6558=ORIENTED_EDGE('',*,*,#6225,.T.);
#6568=STYLED_ITEM('',(#34),#6569);
#6569=ADVANCED_FACE('',(#6575),#6570,.T.);
#6570=PLANE('',#6571);
#6571=AXIS2_PLACEMENT_3D('',#6572,#6573,#6574);
#6572=CARTESIAN_POINT('',(-2.601,0.9,0.0));
#6573=DIRECTION('',(0.0,0.0,-1.0));
#6574=DIRECTION('',(0.,1.,0.));
#6575=FACE_OUTER_BOUND('',#6576,.T.);
#6576=EDGE_LOOP('',(#6577,#6587,#6597,#6607));
#6577=ORIENTED_EDGE('',*,*,#6264,.T.);
#6587=ORIENTED_EDGE('',*,*,#6480,.T.);
#6597=ORIENTED_EDGE('',*,*,#6195,.T.);
#6607=ORIENTED_EDGE('',*,*,#6431,.T.);
#6617=MANIFOLD_SOLID_BREP($,#6618);
#6618=CLOSED_SHELL('',(#6620,#6689,#6758,#6807,#6856,#6905,#6954,#7003));
#6619=STYLED_ITEM('',(#34),#6620);
#6620=ADVANCED_FACE('',(#6626),#6621,.T.);
#6621=PLANE('',#6622);
#6622=AXIS2_PLACEMENT_3D('',#6623,#6624,#6625);
#6623=CARTESIAN_POINT('',(-2.601,1.1,0.0));
#6624=DIRECTION('',(0.0,-1.0,0.0));
#6625=DIRECTION('',(0.,0.,1.));
#6626=FACE_OUTER_BOUND('',#6627,.T.);
#6627=EDGE_LOOP('',(#6628,#6638,#6648,#6658,#6668,#6678));
#6631=CARTESIAN_POINT('',(-2.05,1.1,0.0));
#6630=VERTEX_POINT('',#6631);
#6633=CARTESIAN_POINT('',(-2.601,1.1,0.0));
#6632=VERTEX_POINT('',#6633);
#6629=EDGE_CURVE('',#6630,#6632,#6634,.T.);
#6634=LINE('',#6631,#6636);
#6636=VECTOR('',#6637,0.550959655);
#6637=DIRECTION('',(-1.0,0.0,0.0));
#6628=ORIENTED_EDGE('',*,*,#6629,.F.);
#6641=CARTESIAN_POINT('',(-2.05,1.1,0.051));
#6640=VERTEX_POINT('',#6641);
#6639=EDGE_CURVE('',#6640,#6630,#6644,.T.);
#6644=LINE('',#6641,#6646);
#6646=VECTOR('',#6647,0.0508);
#6647=DIRECTION('',(0.0,0.0,-1.0));
#6638=ORIENTED_EDGE('',*,*,#6639,.F.);
#6651=CARTESIAN_POINT('',(-2.55,1.1,0.051));
#6650=VERTEX_POINT('',#6651);
#6649=EDGE_CURVE('',#6650,#6640,#6654,.T.);
#6654=LINE('',#6651,#6656);
#6656=VECTOR('',#6657,0.500159655);
#6657=DIRECTION('',(1.0,0.0,0.0));
#6648=ORIENTED_EDGE('',*,*,#6649,.F.);
#6661=CARTESIAN_POINT('',(-2.55,1.1,0.698));
#6660=VERTEX_POINT('',#6661);
#6659=EDGE_CURVE('',#6660,#6650,#6664,.T.);
#6664=LINE('',#6661,#6666);
#6666=VECTOR('',#6667,0.6476873);
#6667=DIRECTION('',(0.0,0.0,-1.0));
#6658=ORIENTED_EDGE('',*,*,#6659,.F.);
#6671=CARTESIAN_POINT('',(-2.601,1.1,0.698));
#6670=VERTEX_POINT('',#6671);
#6669=EDGE_CURVE('',#6670,#6660,#6674,.T.);
#6674=LINE('',#6671,#6676);
#6676=VECTOR('',#6677,0.0508);
#6677=DIRECTION('',(1.0,0.0,0.0));
#6668=ORIENTED_EDGE('',*,*,#6669,.F.);
#6679=EDGE_CURVE('',#6632,#6670,#6684,.T.);
#6684=LINE('',#6633,#6686);
#6686=VECTOR('',#6687,0.6984873);
#6687=DIRECTION('',(0.0,0.0,1.0));
#6678=ORIENTED_EDGE('',*,*,#6679,.F.);
#6688=STYLED_ITEM('',(#34),#6689);
#6689=ADVANCED_FACE('',(#6695),#6690,.T.);
#6690=PLANE('',#6691);
#6691=AXIS2_PLACEMENT_3D('',#6692,#6693,#6694);
#6692=CARTESIAN_POINT('',(-2.05,1.4,0.0));
#6693=DIRECTION('',(0.0,1.0,0.0));
#6694=DIRECTION('',(0.,0.,1.));
#6695=FACE_OUTER_BOUND('',#6696,.T.);
#6696=EDGE_LOOP('',(#6697,#6707,#6717,#6727,#6737,#6747));
#6700=CARTESIAN_POINT('',(-2.601,1.4,0.0));
#6699=VERTEX_POINT('',#6700);
#6702=CARTESIAN_POINT('',(-2.05,1.4,0.0));
#6701=VERTEX_POINT('',#6702);
#6698=EDGE_CURVE('',#6699,#6701,#6703,.T.);
#6703=LINE('',#6700,#6705);
#6705=VECTOR('',#6706,0.550959655);
#6706=DIRECTION('',(1.0,0.0,0.0));
#6697=ORIENTED_EDGE('',*,*,#6698,.F.);
#6710=CARTESIAN_POINT('',(-2.601,1.4,0.698));
#6709=VERTEX_POINT('',#6710);
#6708=EDGE_CURVE('',#6709,#6699,#6713,.T.);
#6713=LINE('',#6710,#6715);
#6715=VECTOR('',#6716,0.6984873);
#6716=DIRECTION('',(0.0,0.0,-1.0));
#6707=ORIENTED_EDGE('',*,*,#6708,.F.);
#6720=CARTESIAN_POINT('',(-2.55,1.4,0.698));
#6719=VERTEX_POINT('',#6720);
#6718=EDGE_CURVE('',#6719,#6709,#6723,.T.);
#6723=LINE('',#6720,#6725);
#6725=VECTOR('',#6726,0.0508);
#6726=DIRECTION('',(-1.0,0.0,0.0));
#6717=ORIENTED_EDGE('',*,*,#6718,.F.);
#6730=CARTESIAN_POINT('',(-2.55,1.4,0.051));
#6729=VERTEX_POINT('',#6730);
#6728=EDGE_CURVE('',#6729,#6719,#6733,.T.);
#6733=LINE('',#6730,#6735);
#6735=VECTOR('',#6736,0.6476873);
#6736=DIRECTION('',(0.0,0.0,1.0));
#6727=ORIENTED_EDGE('',*,*,#6728,.F.);
#6740=CARTESIAN_POINT('',(-2.05,1.4,0.051));
#6739=VERTEX_POINT('',#6740);
#6738=EDGE_CURVE('',#6739,#6729,#6743,.T.);
#6743=LINE('',#6740,#6745);
#6745=VECTOR('',#6746,0.500159655);
#6746=DIRECTION('',(-1.0,0.0,0.0));
#6737=ORIENTED_EDGE('',*,*,#6738,.F.);
#6748=EDGE_CURVE('',#6701,#6739,#6753,.T.);
#6753=LINE('',#6702,#6755);
#6755=VECTOR('',#6756,0.0508);
#6756=DIRECTION('',(0.0,0.0,1.0));
#6747=ORIENTED_EDGE('',*,*,#6748,.F.);
#6757=STYLED_ITEM('',(#34),#6758);
#6758=ADVANCED_FACE('',(#6764),#6759,.T.);
#6759=PLANE('',#6760);
#6760=AXIS2_PLACEMENT_3D('',#6761,#6762,#6763);
#6761=CARTESIAN_POINT('',(-2.601,1.1,0.698));
#6762=DIRECTION('',(0.0,0.0,1.0));
#6763=DIRECTION('',(0.,1.,0.));
#6764=FACE_OUTER_BOUND('',#6765,.T.);
#6765=EDGE_LOOP('',(#6766,#6776,#6786,#6796));
#6766=ORIENTED_EDGE('',*,*,#6669,.T.);
#6777=EDGE_CURVE('',#6719,#6660,#6782,.T.);
#6782=LINE('',#6720,#6784);
#6784=VECTOR('',#6785,0.299999908);
#6785=DIRECTION('',(0.0,-1.0,0.0));
#6776=ORIENTED_EDGE('',*,*,#6777,.F.);
#6786=ORIENTED_EDGE('',*,*,#6718,.T.);
#6797=EDGE_CURVE('',#6670,#6709,#6802,.T.);
#6802=LINE('',#6671,#6804);
#6804=VECTOR('',#6805,0.299999908);
#6805=DIRECTION('',(0.0,1.0,0.0));
#6796=ORIENTED_EDGE('',*,*,#6797,.F.);
#6806=STYLED_ITEM('',(#34),#6807);
#6807=ADVANCED_FACE('',(#6813),#6808,.T.);
#6808=PLANE('',#6809);
#6809=AXIS2_PLACEMENT_3D('',#6810,#6811,#6812);
#6810=CARTESIAN_POINT('',(-2.55,1.1,0.051));
#6811=DIRECTION('',(0.0,0.0,1.0));
#6812=DIRECTION('',(0.,1.,0.));
#6813=FACE_OUTER_BOUND('',#6814,.T.);
#6814=EDGE_LOOP('',(#6815,#6825,#6835,#6845));
#6815=ORIENTED_EDGE('',*,*,#6649,.T.);
#6826=EDGE_CURVE('',#6739,#6640,#6831,.T.);
#6831=LINE('',#6740,#6833);
#6833=VECTOR('',#6834,0.299999908);
#6834=DIRECTION('',(0.0,-1.0,0.0));
#6825=ORIENTED_EDGE('',*,*,#6826,.F.);
#6835=ORIENTED_EDGE('',*,*,#6738,.T.);
#6846=EDGE_CURVE('',#6650,#6729,#6851,.T.);
#6851=LINE('',#6651,#6853);
#6853=VECTOR('',#6854,0.299999908);
#6854=DIRECTION('',(0.0,1.0,0.0));
#6845=ORIENTED_EDGE('',*,*,#6846,.F.);
#6855=STYLED_ITEM('',(#34),#6856);
#6856=ADVANCED_FACE('',(#6862),#6857,.T.);
#6857=PLANE('',#6858);
#6858=AXIS2_PLACEMENT_3D('',#6859,#6860,#6861);
#6859=CARTESIAN_POINT('',(-2.601,1.4,0.0));
#6860=DIRECTION('',(-1.0,0.0,0.0));
#6861=DIRECTION('',(0.,0.,1.));
#6862=FACE_OUTER_BOUND('',#6863,.T.);
#6863=EDGE_LOOP('',(#6864,#6874,#6884,#6894));
#6865=EDGE_CURVE('',#6632,#6699,#6870,.T.);
#6870=LINE('',#6633,#6872);
#6872=VECTOR('',#6873,0.299999908);
#6873=DIRECTION('',(0.0,1.0,0.0));
#6864=ORIENTED_EDGE('',*,*,#6865,.F.);
#6874=ORIENTED_EDGE('',*,*,#6679,.T.);
#6884=ORIENTED_EDGE('',*,*,#6797,.T.);
#6894=ORIENTED_EDGE('',*,*,#6708,.T.);
#6904=STYLED_ITEM('',(#34),#6905);
#6905=ADVANCED_FACE('',(#6911),#6906,.T.);
#6906=PLANE('',#6907);
#6907=AXIS2_PLACEMENT_3D('',#6908,#6909,#6910);
#6908=CARTESIAN_POINT('',(-2.05,1.1,0.0));
#6909=DIRECTION('',(1.0,0.0,0.0));
#6910=DIRECTION('',(0.,0.,1.));
#6911=FACE_OUTER_BOUND('',#6912,.T.);
#6912=EDGE_LOOP('',(#6913,#6923,#6933,#6943));
#6914=EDGE_CURVE('',#6701,#6630,#6919,.T.);
#6919=LINE('',#6702,#6921);
#6921=VECTOR('',#6922,0.299999908);
#6922=DIRECTION('',(0.0,-1.0,0.0));
#6913=ORIENTED_EDGE('',*,*,#6914,.F.);
#6923=ORIENTED_EDGE('',*,*,#6748,.T.);
#6933=ORIENTED_EDGE('',*,*,#6826,.T.);
#6943=ORIENTED_EDGE('',*,*,#6639,.T.);
#6953=STYLED_ITEM('',(#34),#6954);
#6954=ADVANCED_FACE('',(#6960),#6955,.T.);
#6955=PLANE('',#6956);
#6956=AXIS2_PLACEMENT_3D('',#6957,#6958,#6959);
#6957=CARTESIAN_POINT('',(-2.55,1.1,0.051));
#6958=DIRECTION('',(1.0,0.0,0.0));
#6959=DIRECTION('',(0.,0.,1.));
#6960=FACE_OUTER_BOUND('',#6961,.T.);
#6961=EDGE_LOOP('',(#6962,#6972,#6982,#6992));
#6962=ORIENTED_EDGE('',*,*,#6846,.T.);
#6972=ORIENTED_EDGE('',*,*,#6728,.T.);
#6982=ORIENTED_EDGE('',*,*,#6777,.T.);
#6992=ORIENTED_EDGE('',*,*,#6659,.T.);
#7002=STYLED_ITEM('',(#34),#7003);
#7003=ADVANCED_FACE('',(#7009),#7004,.T.);
#7004=PLANE('',#7005);
#7005=AXIS2_PLACEMENT_3D('',#7006,#7007,#7008);
#7006=CARTESIAN_POINT('',(-2.601,1.4,0.0));
#7007=DIRECTION('',(0.0,0.0,-1.0));
#7008=DIRECTION('',(0.,1.,0.));
#7009=FACE_OUTER_BOUND('',#7010,.T.);
#7010=EDGE_LOOP('',(#7011,#7021,#7031,#7041));
#7011=ORIENTED_EDGE('',*,*,#6698,.T.);
#7021=ORIENTED_EDGE('',*,*,#6914,.T.);
#7031=ORIENTED_EDGE('',*,*,#6629,.T.);
#7041=ORIENTED_EDGE('',*,*,#6865,.T.);
#7051=MANIFOLD_SOLID_BREP($,#7052);
#7052=CLOSED_SHELL('',(#7054,#7123,#7192,#7241,#7290,#7339,#7388,#7437));
#7053=STYLED_ITEM('',(#34),#7054);
#7054=ADVANCED_FACE('',(#7060),#7055,.T.);
#7055=PLANE('',#7056);
#7056=AXIS2_PLACEMENT_3D('',#7057,#7058,#7059);
#7057=CARTESIAN_POINT('',(-2.601,1.6,0.0));
#7058=DIRECTION('',(0.0,-1.0,0.0));
#7059=DIRECTION('',(0.,0.,1.));
#7060=FACE_OUTER_BOUND('',#7061,.T.);
#7061=EDGE_LOOP('',(#7062,#7072,#7082,#7092,#7102,#7112));
#7065=CARTESIAN_POINT('',(-2.05,1.6,0.0));
#7064=VERTEX_POINT('',#7065);
#7067=CARTESIAN_POINT('',(-2.601,1.6,0.0));
#7066=VERTEX_POINT('',#7067);
#7063=EDGE_CURVE('',#7064,#7066,#7068,.T.);
#7068=LINE('',#7065,#7070);
#7070=VECTOR('',#7071,0.550959655);
#7071=DIRECTION('',(-1.0,0.0,0.0));
#7062=ORIENTED_EDGE('',*,*,#7063,.F.);
#7075=CARTESIAN_POINT('',(-2.05,1.6,0.051));
#7074=VERTEX_POINT('',#7075);
#7073=EDGE_CURVE('',#7074,#7064,#7078,.T.);
#7078=LINE('',#7075,#7080);
#7080=VECTOR('',#7081,0.0508);
#7081=DIRECTION('',(0.0,0.0,-1.0));
#7072=ORIENTED_EDGE('',*,*,#7073,.F.);
#7085=CARTESIAN_POINT('',(-2.55,1.6,0.051));
#7084=VERTEX_POINT('',#7085);
#7083=EDGE_CURVE('',#7084,#7074,#7088,.T.);
#7088=LINE('',#7085,#7090);
#7090=VECTOR('',#7091,0.500159655);
#7091=DIRECTION('',(1.0,0.0,0.0));
#7082=ORIENTED_EDGE('',*,*,#7083,.F.);
#7095=CARTESIAN_POINT('',(-2.55,1.6,0.698));
#7094=VERTEX_POINT('',#7095);
#7093=EDGE_CURVE('',#7094,#7084,#7098,.T.);
#7098=LINE('',#7095,#7100);
#7100=VECTOR('',#7101,0.6476873);
#7101=DIRECTION('',(0.0,0.0,-1.0));
#7092=ORIENTED_EDGE('',*,*,#7093,.F.);
#7105=CARTESIAN_POINT('',(-2.601,1.6,0.698));
#7104=VERTEX_POINT('',#7105);
#7103=EDGE_CURVE('',#7104,#7094,#7108,.T.);
#7108=LINE('',#7105,#7110);
#7110=VECTOR('',#7111,0.0508);
#7111=DIRECTION('',(1.0,0.0,0.0));
#7102=ORIENTED_EDGE('',*,*,#7103,.F.);
#7113=EDGE_CURVE('',#7066,#7104,#7118,.T.);
#7118=LINE('',#7067,#7120);
#7120=VECTOR('',#7121,0.6984873);
#7121=DIRECTION('',(0.0,0.0,1.0));
#7112=ORIENTED_EDGE('',*,*,#7113,.F.);
#7122=STYLED_ITEM('',(#34),#7123);
#7123=ADVANCED_FACE('',(#7129),#7124,.T.);
#7124=PLANE('',#7125);
#7125=AXIS2_PLACEMENT_3D('',#7126,#7127,#7128);
#7126=CARTESIAN_POINT('',(-2.05,1.9,0.0));
#7127=DIRECTION('',(0.0,1.0,0.0));
#7128=DIRECTION('',(0.,0.,1.));
#7129=FACE_OUTER_BOUND('',#7130,.T.);
#7130=EDGE_LOOP('',(#7131,#7141,#7151,#7161,#7171,#7181));
#7134=CARTESIAN_POINT('',(-2.601,1.9,0.0));
#7133=VERTEX_POINT('',#7134);
#7136=CARTESIAN_POINT('',(-2.05,1.9,0.0));
#7135=VERTEX_POINT('',#7136);
#7132=EDGE_CURVE('',#7133,#7135,#7137,.T.);
#7137=LINE('',#7134,#7139);
#7139=VECTOR('',#7140,0.550959655);
#7140=DIRECTION('',(1.0,0.0,0.0));
#7131=ORIENTED_EDGE('',*,*,#7132,.F.);
#7144=CARTESIAN_POINT('',(-2.601,1.9,0.698));
#7143=VERTEX_POINT('',#7144);
#7142=EDGE_CURVE('',#7143,#7133,#7147,.T.);
#7147=LINE('',#7144,#7149);
#7149=VECTOR('',#7150,0.6984873);
#7150=DIRECTION('',(0.0,0.0,-1.0));
#7141=ORIENTED_EDGE('',*,*,#7142,.F.);
#7154=CARTESIAN_POINT('',(-2.55,1.9,0.698));
#7153=VERTEX_POINT('',#7154);
#7152=EDGE_CURVE('',#7153,#7143,#7157,.T.);
#7157=LINE('',#7154,#7159);
#7159=VECTOR('',#7160,0.0508);
#7160=DIRECTION('',(-1.0,0.0,0.0));
#7151=ORIENTED_EDGE('',*,*,#7152,.F.);
#7164=CARTESIAN_POINT('',(-2.55,1.9,0.051));
#7163=VERTEX_POINT('',#7164);
#7162=EDGE_CURVE('',#7163,#7153,#7167,.T.);
#7167=LINE('',#7164,#7169);
#7169=VECTOR('',#7170,0.6476873);
#7170=DIRECTION('',(0.0,0.0,1.0));
#7161=ORIENTED_EDGE('',*,*,#7162,.F.);
#7174=CARTESIAN_POINT('',(-2.05,1.9,0.051));
#7173=VERTEX_POINT('',#7174);
#7172=EDGE_CURVE('',#7173,#7163,#7177,.T.);
#7177=LINE('',#7174,#7179);
#7179=VECTOR('',#7180,0.500159655);
#7180=DIRECTION('',(-1.0,0.0,0.0));
#7171=ORIENTED_EDGE('',*,*,#7172,.F.);
#7182=EDGE_CURVE('',#7135,#7173,#7187,.T.);
#7187=LINE('',#7136,#7189);
#7189=VECTOR('',#7190,0.0508);
#7190=DIRECTION('',(0.0,0.0,1.0));
#7181=ORIENTED_EDGE('',*,*,#7182,.F.);
#7191=STYLED_ITEM('',(#34),#7192);
#7192=ADVANCED_FACE('',(#7198),#7193,.T.);
#7193=PLANE('',#7194);
#7194=AXIS2_PLACEMENT_3D('',#7195,#7196,#7197);
#7195=CARTESIAN_POINT('',(-2.601,1.6,0.698));
#7196=DIRECTION('',(0.0,0.0,1.0));
#7197=DIRECTION('',(0.,1.,0.));
#7198=FACE_OUTER_BOUND('',#7199,.T.);
#7199=EDGE_LOOP('',(#7200,#7210,#7220,#7230));
#7200=ORIENTED_EDGE('',*,*,#7103,.T.);
#7211=EDGE_CURVE('',#7153,#7094,#7216,.T.);
#7216=LINE('',#7154,#7218);
#7218=VECTOR('',#7219,0.299999908);
#7219=DIRECTION('',(0.0,-1.0,0.0));
#7210=ORIENTED_EDGE('',*,*,#7211,.F.);
#7220=ORIENTED_EDGE('',*,*,#7152,.T.);
#7231=EDGE_CURVE('',#7104,#7143,#7236,.T.);
#7236=LINE('',#7105,#7238);
#7238=VECTOR('',#7239,0.299999908);
#7239=DIRECTION('',(0.0,1.0,0.0));
#7230=ORIENTED_EDGE('',*,*,#7231,.F.);
#7240=STYLED_ITEM('',(#34),#7241);
#7241=ADVANCED_FACE('',(#7247),#7242,.T.);
#7242=PLANE('',#7243);
#7243=AXIS2_PLACEMENT_3D('',#7244,#7245,#7246);
#7244=CARTESIAN_POINT('',(-2.55,1.6,0.051));
#7245=DIRECTION('',(0.0,0.0,1.0));
#7246=DIRECTION('',(0.,1.,0.));
#7247=FACE_OUTER_BOUND('',#7248,.T.);
#7248=EDGE_LOOP('',(#7249,#7259,#7269,#7279));
#7249=ORIENTED_EDGE('',*,*,#7083,.T.);
#7260=EDGE_CURVE('',#7173,#7074,#7265,.T.);
#7265=LINE('',#7174,#7267);
#7267=VECTOR('',#7268,0.299999908);
#7268=DIRECTION('',(0.0,-1.0,0.0));
#7259=ORIENTED_EDGE('',*,*,#7260,.F.);
#7269=ORIENTED_EDGE('',*,*,#7172,.T.);
#7280=EDGE_CURVE('',#7084,#7163,#7285,.T.);
#7285=LINE('',#7085,#7287);
#7287=VECTOR('',#7288,0.299999908);
#7288=DIRECTION('',(0.0,1.0,0.0));
#7279=ORIENTED_EDGE('',*,*,#7280,.F.);
#7289=STYLED_ITEM('',(#34),#7290);
#7290=ADVANCED_FACE('',(#7296),#7291,.T.);
#7291=PLANE('',#7292);
#7292=AXIS2_PLACEMENT_3D('',#7293,#7294,#7295);
#7293=CARTESIAN_POINT('',(-2.601,1.9,0.0));
#7294=DIRECTION('',(-1.0,0.0,0.0));
#7295=DIRECTION('',(0.,0.,1.));
#7296=FACE_OUTER_BOUND('',#7297,.T.);
#7297=EDGE_LOOP('',(#7298,#7308,#7318,#7328));
#7299=EDGE_CURVE('',#7066,#7133,#7304,.T.);
#7304=LINE('',#7067,#7306);
#7306=VECTOR('',#7307,0.299999908);
#7307=DIRECTION('',(0.0,1.0,0.0));
#7298=ORIENTED_EDGE('',*,*,#7299,.F.);
#7308=ORIENTED_EDGE('',*,*,#7113,.T.);
#7318=ORIENTED_EDGE('',*,*,#7231,.T.);
#7328=ORIENTED_EDGE('',*,*,#7142,.T.);
#7338=STYLED_ITEM('',(#34),#7339);
#7339=ADVANCED_FACE('',(#7345),#7340,.T.);
#7340=PLANE('',#7341);
#7341=AXIS2_PLACEMENT_3D('',#7342,#7343,#7344);
#7342=CARTESIAN_POINT('',(-2.05,1.6,0.0));
#7343=DIRECTION('',(1.0,0.0,0.0));
#7344=DIRECTION('',(0.,0.,1.));
#7345=FACE_OUTER_BOUND('',#7346,.T.);
#7346=EDGE_LOOP('',(#7347,#7357,#7367,#7377));
#7348=EDGE_CURVE('',#7135,#7064,#7353,.T.);
#7353=LINE('',#7136,#7355);
#7355=VECTOR('',#7356,0.299999908);
#7356=DIRECTION('',(0.0,-1.0,0.0));
#7347=ORIENTED_EDGE('',*,*,#7348,.F.);
#7357=ORIENTED_EDGE('',*,*,#7182,.T.);
#7367=ORIENTED_EDGE('',*,*,#7260,.T.);
#7377=ORIENTED_EDGE('',*,*,#7073,.T.);
#7387=STYLED_ITEM('',(#34),#7388);
#7388=ADVANCED_FACE('',(#7394),#7389,.T.);
#7389=PLANE('',#7390);
#7390=AXIS2_PLACEMENT_3D('',#7391,#7392,#7393);
#7391=CARTESIAN_POINT('',(-2.55,1.6,0.051));
#7392=DIRECTION('',(1.0,0.0,0.0));
#7393=DIRECTION('',(0.,0.,1.));
#7394=FACE_OUTER_BOUND('',#7395,.T.);
#7395=EDGE_LOOP('',(#7396,#7406,#7416,#7426));
#7396=ORIENTED_EDGE('',*,*,#7280,.T.);
#7406=ORIENTED_EDGE('',*,*,#7162,.T.);
#7416=ORIENTED_EDGE('',*,*,#7211,.T.);
#7426=ORIENTED_EDGE('',*,*,#7093,.T.);
#7436=STYLED_ITEM('',(#34),#7437);
#7437=ADVANCED_FACE('',(#7443),#7438,.T.);
#7438=PLANE('',#7439);
#7439=AXIS2_PLACEMENT_3D('',#7440,#7441,#7442);
#7440=CARTESIAN_POINT('',(-2.601,1.9,0.0));
#7441=DIRECTION('',(0.0,0.0,-1.0));
#7442=DIRECTION('',(0.,1.,0.));
#7443=FACE_OUTER_BOUND('',#7444,.T.);
#7444=EDGE_LOOP('',(#7445,#7455,#7465,#7475));
#7445=ORIENTED_EDGE('',*,*,#7132,.T.);
#7455=ORIENTED_EDGE('',*,*,#7348,.T.);
#7465=ORIENTED_EDGE('',*,*,#7063,.T.);
#7475=ORIENTED_EDGE('',*,*,#7299,.T.);
#7485=MANIFOLD_SOLID_BREP($,#7486);
#7486=CLOSED_SHELL('',(#7488,#7557,#7626,#7675,#7724,#7773,#7822,#7871));
#7487=STYLED_ITEM('',(#34),#7488);
#7488=ADVANCED_FACE('',(#7494),#7489,.T.);
#7489=PLANE('',#7490);
#7490=AXIS2_PLACEMENT_3D('',#7491,#7492,#7493);
#7491=CARTESIAN_POINT('',(1.9,-2.601,0.0));
#7492=DIRECTION('',(1.0,0.0,0.0));
#7493=DIRECTION('',(0.,0.,1.));
#7494=FACE_OUTER_BOUND('',#7495,.T.);
#7495=EDGE_LOOP('',(#7496,#7506,#7516,#7526,#7536,#7546));
#7499=CARTESIAN_POINT('',(1.9,-2.05,0.0));
#7498=VERTEX_POINT('',#7499);
#7501=CARTESIAN_POINT('',(1.9,-2.601,0.0));
#7500=VERTEX_POINT('',#7501);
#7497=EDGE_CURVE('',#7498,#7500,#7502,.T.);
#7502=LINE('',#7499,#7504);
#7504=VECTOR('',#7505,0.550959655);
#7505=DIRECTION('',(0.0,-1.0,0.0));
#7496=ORIENTED_EDGE('',*,*,#7497,.F.);
#7509=CARTESIAN_POINT('',(1.9,-2.05,0.051));
#7508=VERTEX_POINT('',#7509);
#7507=EDGE_CURVE('',#7508,#7498,#7512,.T.);
#7512=LINE('',#7509,#7514);
#7514=VECTOR('',#7515,0.0508);
#7515=DIRECTION('',(0.0,0.0,-1.0));
#7506=ORIENTED_EDGE('',*,*,#7507,.F.);
#7519=CARTESIAN_POINT('',(1.9,-2.55,0.051));
#7518=VERTEX_POINT('',#7519);
#7517=EDGE_CURVE('',#7518,#7508,#7522,.T.);
#7522=LINE('',#7519,#7524);
#7524=VECTOR('',#7525,0.500159655);
#7525=DIRECTION('',(0.0,1.0,0.0));
#7516=ORIENTED_EDGE('',*,*,#7517,.F.);
#7529=CARTESIAN_POINT('',(1.9,-2.55,0.698));
#7528=VERTEX_POINT('',#7529);
#7527=EDGE_CURVE('',#7528,#7518,#7532,.T.);
#7532=LINE('',#7529,#7534);
#7534=VECTOR('',#7535,0.6476873);
#7535=DIRECTION('',(0.0,0.0,-1.0));
#7526=ORIENTED_EDGE('',*,*,#7527,.F.);
#7539=CARTESIAN_POINT('',(1.9,-2.601,0.698));
#7538=VERTEX_POINT('',#7539);
#7537=EDGE_CURVE('',#7538,#7528,#7542,.T.);
#7542=LINE('',#7539,#7544);
#7544=VECTOR('',#7545,0.0508);
#7545=DIRECTION('',(0.0,1.0,0.0));
#7536=ORIENTED_EDGE('',*,*,#7537,.F.);
#7547=EDGE_CURVE('',#7500,#7538,#7552,.T.);
#7552=LINE('',#7501,#7554);
#7554=VECTOR('',#7555,0.6984873);
#7555=DIRECTION('',(0.0,0.0,1.0));
#7546=ORIENTED_EDGE('',*,*,#7547,.F.);
#7556=STYLED_ITEM('',(#34),#7557);
#7557=ADVANCED_FACE('',(#7563),#7558,.T.);
#7558=PLANE('',#7559);
#7559=AXIS2_PLACEMENT_3D('',#7560,#7561,#7562);
#7560=CARTESIAN_POINT('',(1.6,-2.05,0.0));
#7561=DIRECTION('',(-1.0,0.0,0.0));
#7562=DIRECTION('',(0.,0.,1.));
#7563=FACE_OUTER_BOUND('',#7564,.T.);
#7564=EDGE_LOOP('',(#7565,#7575,#7585,#7595,#7605,#7615));
#7568=CARTESIAN_POINT('',(1.6,-2.601,0.0));
#7567=VERTEX_POINT('',#7568);
#7570=CARTESIAN_POINT('',(1.6,-2.05,0.0));
#7569=VERTEX_POINT('',#7570);
#7566=EDGE_CURVE('',#7567,#7569,#7571,.T.);
#7571=LINE('',#7568,#7573);
#7573=VECTOR('',#7574,0.550959655);
#7574=DIRECTION('',(0.0,1.0,0.0));
#7565=ORIENTED_EDGE('',*,*,#7566,.F.);
#7578=CARTESIAN_POINT('',(1.6,-2.601,0.698));
#7577=VERTEX_POINT('',#7578);
#7576=EDGE_CURVE('',#7577,#7567,#7581,.T.);
#7581=LINE('',#7578,#7583);
#7583=VECTOR('',#7584,0.6984873);
#7584=DIRECTION('',(0.0,0.0,-1.0));
#7575=ORIENTED_EDGE('',*,*,#7576,.F.);
#7588=CARTESIAN_POINT('',(1.6,-2.55,0.698));
#7587=VERTEX_POINT('',#7588);
#7586=EDGE_CURVE('',#7587,#7577,#7591,.T.);
#7591=LINE('',#7588,#7593);
#7593=VECTOR('',#7594,0.0508);
#7594=DIRECTION('',(0.0,-1.0,0.0));
#7585=ORIENTED_EDGE('',*,*,#7586,.F.);
#7598=CARTESIAN_POINT('',(1.6,-2.55,0.051));
#7597=VERTEX_POINT('',#7598);
#7596=EDGE_CURVE('',#7597,#7587,#7601,.T.);
#7601=LINE('',#7598,#7603);
#7603=VECTOR('',#7604,0.6476873);
#7604=DIRECTION('',(0.0,0.0,1.0));
#7595=ORIENTED_EDGE('',*,*,#7596,.F.);
#7608=CARTESIAN_POINT('',(1.6,-2.05,0.051));
#7607=VERTEX_POINT('',#7608);
#7606=EDGE_CURVE('',#7607,#7597,#7611,.T.);
#7611=LINE('',#7608,#7613);
#7613=VECTOR('',#7614,0.500159655);
#7614=DIRECTION('',(0.0,-1.0,0.0));
#7605=ORIENTED_EDGE('',*,*,#7606,.F.);
#7616=EDGE_CURVE('',#7569,#7607,#7621,.T.);
#7621=LINE('',#7570,#7623);
#7623=VECTOR('',#7624,0.0508);
#7624=DIRECTION('',(0.0,0.0,1.0));
#7615=ORIENTED_EDGE('',*,*,#7616,.F.);
#7625=STYLED_ITEM('',(#34),#7626);
#7626=ADVANCED_FACE('',(#7632),#7627,.T.);
#7627=PLANE('',#7628);
#7628=AXIS2_PLACEMENT_3D('',#7629,#7630,#7631);
#7629=CARTESIAN_POINT('',(1.9,-2.601,0.698));
#7630=DIRECTION('',(0.0,0.0,1.0));
#7631=DIRECTION('',(0.,1.,0.));
#7632=FACE_OUTER_BOUND('',#7633,.T.);
#7633=EDGE_LOOP('',(#7634,#7644,#7654,#7664));
#7634=ORIENTED_EDGE('',*,*,#7537,.T.);
#7645=EDGE_CURVE('',#7587,#7528,#7650,.T.);
#7650=LINE('',#7588,#7652);
#7652=VECTOR('',#7653,0.299999908);
#7653=DIRECTION('',(1.0,0.0,0.0));
#7644=ORIENTED_EDGE('',*,*,#7645,.F.);
#7654=ORIENTED_EDGE('',*,*,#7586,.T.);
#7665=EDGE_CURVE('',#7538,#7577,#7670,.T.);
#7670=LINE('',#7539,#7672);
#7672=VECTOR('',#7673,0.299999908);
#7673=DIRECTION('',(-1.0,0.0,0.0));
#7664=ORIENTED_EDGE('',*,*,#7665,.F.);
#7674=STYLED_ITEM('',(#34),#7675);
#7675=ADVANCED_FACE('',(#7681),#7676,.T.);
#7676=PLANE('',#7677);
#7677=AXIS2_PLACEMENT_3D('',#7678,#7679,#7680);
#7678=CARTESIAN_POINT('',(1.9,-2.55,0.051));
#7679=DIRECTION('',(0.0,0.0,1.0));
#7680=DIRECTION('',(0.,1.,0.));
#7681=FACE_OUTER_BOUND('',#7682,.T.);
#7682=EDGE_LOOP('',(#7683,#7693,#7703,#7713));
#7683=ORIENTED_EDGE('',*,*,#7517,.T.);
#7694=EDGE_CURVE('',#7607,#7508,#7699,.T.);
#7699=LINE('',#7608,#7701);
#7701=VECTOR('',#7702,0.299999908);
#7702=DIRECTION('',(1.0,0.0,0.0));
#7693=ORIENTED_EDGE('',*,*,#7694,.F.);
#7703=ORIENTED_EDGE('',*,*,#7606,.T.);
#7714=EDGE_CURVE('',#7518,#7597,#7719,.T.);
#7719=LINE('',#7519,#7721);
#7721=VECTOR('',#7722,0.299999908);
#7722=DIRECTION('',(-1.0,0.0,0.0));
#7713=ORIENTED_EDGE('',*,*,#7714,.F.);
#7723=STYLED_ITEM('',(#34),#7724);
#7724=ADVANCED_FACE('',(#7730),#7725,.T.);
#7725=PLANE('',#7726);
#7726=AXIS2_PLACEMENT_3D('',#7727,#7728,#7729);
#7727=CARTESIAN_POINT('',(1.6,-2.601,0.0));
#7728=DIRECTION('',(0.0,-1.0,0.0));
#7729=DIRECTION('',(0.,0.,1.));
#7730=FACE_OUTER_BOUND('',#7731,.T.);
#7731=EDGE_LOOP('',(#7732,#7742,#7752,#7762));
#7733=EDGE_CURVE('',#7500,#7567,#7738,.T.);
#7738=LINE('',#7501,#7740);
#7740=VECTOR('',#7741,0.299999908);
#7741=DIRECTION('',(-1.0,0.0,0.0));
#7732=ORIENTED_EDGE('',*,*,#7733,.F.);
#7742=ORIENTED_EDGE('',*,*,#7547,.T.);
#7752=ORIENTED_EDGE('',*,*,#7665,.T.);
#7762=ORIENTED_EDGE('',*,*,#7576,.T.);
#7772=STYLED_ITEM('',(#34),#7773);
#7773=ADVANCED_FACE('',(#7779),#7774,.T.);
#7774=PLANE('',#7775);
#7775=AXIS2_PLACEMENT_3D('',#7776,#7777,#7778);
#7776=CARTESIAN_POINT('',(1.9,-2.05,0.0));
#7777=DIRECTION('',(0.0,1.0,0.0));
#7778=DIRECTION('',(0.,0.,1.));
#7779=FACE_OUTER_BOUND('',#7780,.T.);
#7780=EDGE_LOOP('',(#7781,#7791,#7801,#7811));
#7782=EDGE_CURVE('',#7569,#7498,#7787,.T.);
#7787=LINE('',#7570,#7789);
#7789=VECTOR('',#7790,0.299999908);
#7790=DIRECTION('',(1.0,0.0,0.0));
#7781=ORIENTED_EDGE('',*,*,#7782,.F.);
#7791=ORIENTED_EDGE('',*,*,#7616,.T.);
#7801=ORIENTED_EDGE('',*,*,#7694,.T.);
#7811=ORIENTED_EDGE('',*,*,#7507,.T.);
#7821=STYLED_ITEM('',(#34),#7822);
#7822=ADVANCED_FACE('',(#7828),#7823,.T.);
#7823=PLANE('',#7824);
#7824=AXIS2_PLACEMENT_3D('',#7825,#7826,#7827);
#7825=CARTESIAN_POINT('',(1.9,-2.55,0.051));
#7826=DIRECTION('',(0.0,1.0,0.0));
#7827=DIRECTION('',(0.,0.,1.));
#7828=FACE_OUTER_BOUND('',#7829,.T.);
#7829=EDGE_LOOP('',(#7830,#7840,#7850,#7860));
#7830=ORIENTED_EDGE('',*,*,#7714,.T.);
#7840=ORIENTED_EDGE('',*,*,#7596,.T.);
#7850=ORIENTED_EDGE('',*,*,#7645,.T.);
#7860=ORIENTED_EDGE('',*,*,#7527,.T.);
#7870=STYLED_ITEM('',(#34),#7871);
#7871=ADVANCED_FACE('',(#7877),#7872,.T.);
#7872=PLANE('',#7873);
#7873=AXIS2_PLACEMENT_3D('',#7874,#7875,#7876);
#7874=CARTESIAN_POINT('',(1.6,-2.601,0.0));
#7875=DIRECTION('',(0.0,0.0,-1.0));
#7876=DIRECTION('',(0.,1.,0.));
#7877=FACE_OUTER_BOUND('',#7878,.T.);
#7878=EDGE_LOOP('',(#7879,#7889,#7899,#7909));
#7879=ORIENTED_EDGE('',*,*,#7566,.T.);
#7889=ORIENTED_EDGE('',*,*,#7782,.T.);
#7899=ORIENTED_EDGE('',*,*,#7497,.T.);
#7909=ORIENTED_EDGE('',*,*,#7733,.T.);
#7919=MANIFOLD_SOLID_BREP($,#7920);
#7920=CLOSED_SHELL('',(#7922,#7991,#8060,#8109,#8158,#8207,#8256,#8305));
#7921=STYLED_ITEM('',(#34),#7922);
#7922=ADVANCED_FACE('',(#7928),#7923,.T.);
#7923=PLANE('',#7924);
#7924=AXIS2_PLACEMENT_3D('',#7925,#7926,#7927);
#7925=CARTESIAN_POINT('',(1.4,-2.601,0.0));
#7926=DIRECTION('',(1.0,0.0,0.0));
#7927=DIRECTION('',(0.,0.,1.));
#7928=FACE_OUTER_BOUND('',#7929,.T.);
#7929=EDGE_LOOP('',(#7930,#7940,#7950,#7960,#7970,#7980));
#7933=CARTESIAN_POINT('',(1.4,-2.05,0.0));
#7932=VERTEX_POINT('',#7933);
#7935=CARTESIAN_POINT('',(1.4,-2.601,0.0));
#7934=VERTEX_POINT('',#7935);
#7931=EDGE_CURVE('',#7932,#7934,#7936,.T.);
#7936=LINE('',#7933,#7938);
#7938=VECTOR('',#7939,0.550959655);
#7939=DIRECTION('',(0.0,-1.0,0.0));
#7930=ORIENTED_EDGE('',*,*,#7931,.F.);
#7943=CARTESIAN_POINT('',(1.4,-2.05,0.051));
#7942=VERTEX_POINT('',#7943);
#7941=EDGE_CURVE('',#7942,#7932,#7946,.T.);
#7946=LINE('',#7943,#7948);
#7948=VECTOR('',#7949,0.0508);
#7949=DIRECTION('',(0.0,0.0,-1.0));
#7940=ORIENTED_EDGE('',*,*,#7941,.F.);
#7953=CARTESIAN_POINT('',(1.4,-2.55,0.051));
#7952=VERTEX_POINT('',#7953);
#7951=EDGE_CURVE('',#7952,#7942,#7956,.T.);
#7956=LINE('',#7953,#7958);
#7958=VECTOR('',#7959,0.500159655);
#7959=DIRECTION('',(0.0,1.0,0.0));
#7950=ORIENTED_EDGE('',*,*,#7951,.F.);
#7963=CARTESIAN_POINT('',(1.4,-2.55,0.698));
#7962=VERTEX_POINT('',#7963);
#7961=EDGE_CURVE('',#7962,#7952,#7966,.T.);
#7966=LINE('',#7963,#7968);
#7968=VECTOR('',#7969,0.6476873);
#7969=DIRECTION('',(0.0,0.0,-1.0));
#7960=ORIENTED_EDGE('',*,*,#7961,.F.);
#7973=CARTESIAN_POINT('',(1.4,-2.601,0.698));
#7972=VERTEX_POINT('',#7973);
#7971=EDGE_CURVE('',#7972,#7962,#7976,.T.);
#7976=LINE('',#7973,#7978);
#7978=VECTOR('',#7979,0.0508);
#7979=DIRECTION('',(0.0,1.0,0.0));
#7970=ORIENTED_EDGE('',*,*,#7971,.F.);
#7981=EDGE_CURVE('',#7934,#7972,#7986,.T.);
#7986=LINE('',#7935,#7988);
#7988=VECTOR('',#7989,0.6984873);
#7989=DIRECTION('',(0.0,0.0,1.0));
#7980=ORIENTED_EDGE('',*,*,#7981,.F.);
#7990=STYLED_ITEM('',(#34),#7991);
#7991=ADVANCED_FACE('',(#7997),#7992,.T.);
#7992=PLANE('',#7993);
#7993=AXIS2_PLACEMENT_3D('',#7994,#7995,#7996);
#7994=CARTESIAN_POINT('',(1.1,-2.05,0.0));
#7995=DIRECTION('',(-1.0,0.0,0.0));
#7996=DIRECTION('',(0.,0.,1.));
#7997=FACE_OUTER_BOUND('',#7998,.T.);
#7998=EDGE_LOOP('',(#7999,#8009,#8019,#8029,#8039,#8049));
#8002=CARTESIAN_POINT('',(1.1,-2.601,0.0));
#8001=VERTEX_POINT('',#8002);
#8004=CARTESIAN_POINT('',(1.1,-2.05,0.0));
#8003=VERTEX_POINT('',#8004);
#8000=EDGE_CURVE('',#8001,#8003,#8005,.T.);
#8005=LINE('',#8002,#8007);
#8007=VECTOR('',#8008,0.550959655);
#8008=DIRECTION('',(0.0,1.0,0.0));
#7999=ORIENTED_EDGE('',*,*,#8000,.F.);
#8012=CARTESIAN_POINT('',(1.1,-2.601,0.698));
#8011=VERTEX_POINT('',#8012);
#8010=EDGE_CURVE('',#8011,#8001,#8015,.T.);
#8015=LINE('',#8012,#8017);
#8017=VECTOR('',#8018,0.6984873);
#8018=DIRECTION('',(0.0,0.0,-1.0));
#8009=ORIENTED_EDGE('',*,*,#8010,.F.);
#8022=CARTESIAN_POINT('',(1.1,-2.55,0.698));
#8021=VERTEX_POINT('',#8022);
#8020=EDGE_CURVE('',#8021,#8011,#8025,.T.);
#8025=LINE('',#8022,#8027);
#8027=VECTOR('',#8028,0.0508);
#8028=DIRECTION('',(0.0,-1.0,0.0));
#8019=ORIENTED_EDGE('',*,*,#8020,.F.);
#8032=CARTESIAN_POINT('',(1.1,-2.55,0.051));
#8031=VERTEX_POINT('',#8032);
#8030=EDGE_CURVE('',#8031,#8021,#8035,.T.);
#8035=LINE('',#8032,#8037);
#8037=VECTOR('',#8038,0.6476873);
#8038=DIRECTION('',(0.0,0.0,1.0));
#8029=ORIENTED_EDGE('',*,*,#8030,.F.);
#8042=CARTESIAN_POINT('',(1.1,-2.05,0.051));
#8041=VERTEX_POINT('',#8042);
#8040=EDGE_CURVE('',#8041,#8031,#8045,.T.);
#8045=LINE('',#8042,#8047);
#8047=VECTOR('',#8048,0.500159655);
#8048=DIRECTION('',(0.0,-1.0,0.0));
#8039=ORIENTED_EDGE('',*,*,#8040,.F.);
#8050=EDGE_CURVE('',#8003,#8041,#8055,.T.);
#8055=LINE('',#8004,#8057);
#8057=VECTOR('',#8058,0.0508);
#8058=DIRECTION('',(0.0,0.0,1.0));
#8049=ORIENTED_EDGE('',*,*,#8050,.F.);
#8059=STYLED_ITEM('',(#34),#8060);
#8060=ADVANCED_FACE('',(#8066),#8061,.T.);
#8061=PLANE('',#8062);
#8062=AXIS2_PLACEMENT_3D('',#8063,#8064,#8065);
#8063=CARTESIAN_POINT('',(1.4,-2.601,0.698));
#8064=DIRECTION('',(0.0,0.0,1.0));
#8065=DIRECTION('',(0.,1.,0.));
#8066=FACE_OUTER_BOUND('',#8067,.T.);
#8067=EDGE_LOOP('',(#8068,#8078,#8088,#8098));
#8068=ORIENTED_EDGE('',*,*,#7971,.T.);
#8079=EDGE_CURVE('',#8021,#7962,#8084,.T.);
#8084=LINE('',#8022,#8086);
#8086=VECTOR('',#8087,0.299999908);
#8087=DIRECTION('',(1.0,0.0,0.0));
#8078=ORIENTED_EDGE('',*,*,#8079,.F.);
#8088=ORIENTED_EDGE('',*,*,#8020,.T.);
#8099=EDGE_CURVE('',#7972,#8011,#8104,.T.);
#8104=LINE('',#7973,#8106);
#8106=VECTOR('',#8107,0.299999908);
#8107=DIRECTION('',(-1.0,0.0,0.0));
#8098=ORIENTED_EDGE('',*,*,#8099,.F.);
#8108=STYLED_ITEM('',(#34),#8109);
#8109=ADVANCED_FACE('',(#8115),#8110,.T.);
#8110=PLANE('',#8111);
#8111=AXIS2_PLACEMENT_3D('',#8112,#8113,#8114);
#8112=CARTESIAN_POINT('',(1.4,-2.55,0.051));
#8113=DIRECTION('',(0.0,0.0,1.0));
#8114=DIRECTION('',(0.,1.,0.));
#8115=FACE_OUTER_BOUND('',#8116,.T.);
#8116=EDGE_LOOP('',(#8117,#8127,#8137,#8147));
#8117=ORIENTED_EDGE('',*,*,#7951,.T.);
#8128=EDGE_CURVE('',#8041,#7942,#8133,.T.);
#8133=LINE('',#8042,#8135);
#8135=VECTOR('',#8136,0.299999908);
#8136=DIRECTION('',(1.0,0.0,0.0));
#8127=ORIENTED_EDGE('',*,*,#8128,.F.);
#8137=ORIENTED_EDGE('',*,*,#8040,.T.);
#8148=EDGE_CURVE('',#7952,#8031,#8153,.T.);
#8153=LINE('',#7953,#8155);
#8155=VECTOR('',#8156,0.299999908);
#8156=DIRECTION('',(-1.0,0.0,0.0));
#8147=ORIENTED_EDGE('',*,*,#8148,.F.);
#8157=STYLED_ITEM('',(#34),#8158);
#8158=ADVANCED_FACE('',(#8164),#8159,.T.);
#8159=PLANE('',#8160);
#8160=AXIS2_PLACEMENT_3D('',#8161,#8162,#8163);
#8161=CARTESIAN_POINT('',(1.1,-2.601,0.0));
#8162=DIRECTION('',(0.0,-1.0,0.0));
#8163=DIRECTION('',(0.,0.,1.));
#8164=FACE_OUTER_BOUND('',#8165,.T.);
#8165=EDGE_LOOP('',(#8166,#8176,#8186,#8196));
#8167=EDGE_CURVE('',#7934,#8001,#8172,.T.);
#8172=LINE('',#7935,#8174);
#8174=VECTOR('',#8175,0.299999908);
#8175=DIRECTION('',(-1.0,0.0,0.0));
#8166=ORIENTED_EDGE('',*,*,#8167,.F.);
#8176=ORIENTED_EDGE('',*,*,#7981,.T.);
#8186=ORIENTED_EDGE('',*,*,#8099,.T.);
#8196=ORIENTED_EDGE('',*,*,#8010,.T.);
#8206=STYLED_ITEM('',(#34),#8207);
#8207=ADVANCED_FACE('',(#8213),#8208,.T.);
#8208=PLANE('',#8209);
#8209=AXIS2_PLACEMENT_3D('',#8210,#8211,#8212);
#8210=CARTESIAN_POINT('',(1.4,-2.05,0.0));
#8211=DIRECTION('',(0.0,1.0,0.0));
#8212=DIRECTION('',(0.,0.,1.));
#8213=FACE_OUTER_BOUND('',#8214,.T.);
#8214=EDGE_LOOP('',(#8215,#8225,#8235,#8245));
#8216=EDGE_CURVE('',#8003,#7932,#8221,.T.);
#8221=LINE('',#8004,#8223);
#8223=VECTOR('',#8224,0.299999908);
#8224=DIRECTION('',(1.0,0.0,0.0));
#8215=ORIENTED_EDGE('',*,*,#8216,.F.);
#8225=ORIENTED_EDGE('',*,*,#8050,.T.);
#8235=ORIENTED_EDGE('',*,*,#8128,.T.);
#8245=ORIENTED_EDGE('',*,*,#7941,.T.);
#8255=STYLED_ITEM('',(#34),#8256);
#8256=ADVANCED_FACE('',(#8262),#8257,.T.);
#8257=PLANE('',#8258);
#8258=AXIS2_PLACEMENT_3D('',#8259,#8260,#8261);
#8259=CARTESIAN_POINT('',(1.4,-2.55,0.051));
#8260=DIRECTION('',(0.0,1.0,0.0));
#8261=DIRECTION('',(0.,0.,1.));
#8262=FACE_OUTER_BOUND('',#8263,.T.);
#8263=EDGE_LOOP('',(#8264,#8274,#8284,#8294));
#8264=ORIENTED_EDGE('',*,*,#8148,.T.);
#8274=ORIENTED_EDGE('',*,*,#8030,.T.);
#8284=ORIENTED_EDGE('',*,*,#8079,.T.);
#8294=ORIENTED_EDGE('',*,*,#7961,.T.);
#8304=STYLED_ITEM('',(#34),#8305);
#8305=ADVANCED_FACE('',(#8311),#8306,.T.);
#8306=PLANE('',#8307);
#8307=AXIS2_PLACEMENT_3D('',#8308,#8309,#8310);
#8308=CARTESIAN_POINT('',(1.1,-2.601,0.0));
#8309=DIRECTION('',(0.0,0.0,-1.0));
#8310=DIRECTION('',(0.,1.,0.));
#8311=FACE_OUTER_BOUND('',#8312,.T.);
#8312=EDGE_LOOP('',(#8313,#8323,#8333,#8343));
#8313=ORIENTED_EDGE('',*,*,#8000,.T.);
#8323=ORIENTED_EDGE('',*,*,#8216,.T.);
#8333=ORIENTED_EDGE('',*,*,#7931,.T.);
#8343=ORIENTED_EDGE('',*,*,#8167,.T.);
#8353=MANIFOLD_SOLID_BREP($,#8354);
#8354=CLOSED_SHELL('',(#8356,#8425,#8494,#8543,#8592,#8641,#8690,#8739));
#8355=STYLED_ITEM('',(#34),#8356);
#8356=ADVANCED_FACE('',(#8362),#8357,.T.);
#8357=PLANE('',#8358);
#8358=AXIS2_PLACEMENT_3D('',#8359,#8360,#8361);
#8359=CARTESIAN_POINT('',(0.9,-2.601,0.0));
#8360=DIRECTION('',(1.0,0.0,0.0));
#8361=DIRECTION('',(0.,0.,1.));
#8362=FACE_OUTER_BOUND('',#8363,.T.);
#8363=EDGE_LOOP('',(#8364,#8374,#8384,#8394,#8404,#8414));
#8367=CARTESIAN_POINT('',(0.9,-2.05,0.0));
#8366=VERTEX_POINT('',#8367);
#8369=CARTESIAN_POINT('',(0.9,-2.601,0.0));
#8368=VERTEX_POINT('',#8369);
#8365=EDGE_CURVE('',#8366,#8368,#8370,.T.);
#8370=LINE('',#8367,#8372);
#8372=VECTOR('',#8373,0.550959655);
#8373=DIRECTION('',(0.0,-1.0,0.0));
#8364=ORIENTED_EDGE('',*,*,#8365,.F.);
#8377=CARTESIAN_POINT('',(0.9,-2.05,0.051));
#8376=VERTEX_POINT('',#8377);
#8375=EDGE_CURVE('',#8376,#8366,#8380,.T.);
#8380=LINE('',#8377,#8382);
#8382=VECTOR('',#8383,0.0508);
#8383=DIRECTION('',(0.0,0.0,-1.0));
#8374=ORIENTED_EDGE('',*,*,#8375,.F.);
#8387=CARTESIAN_POINT('',(0.9,-2.55,0.051));
#8386=VERTEX_POINT('',#8387);
#8385=EDGE_CURVE('',#8386,#8376,#8390,.T.);
#8390=LINE('',#8387,#8392);
#8392=VECTOR('',#8393,0.500159655);
#8393=DIRECTION('',(0.0,1.0,0.0));
#8384=ORIENTED_EDGE('',*,*,#8385,.F.);
#8397=CARTESIAN_POINT('',(0.9,-2.55,0.698));
#8396=VERTEX_POINT('',#8397);
#8395=EDGE_CURVE('',#8396,#8386,#8400,.T.);
#8400=LINE('',#8397,#8402);
#8402=VECTOR('',#8403,0.6476873);
#8403=DIRECTION('',(0.0,0.0,-1.0));
#8394=ORIENTED_EDGE('',*,*,#8395,.F.);
#8407=CARTESIAN_POINT('',(0.9,-2.601,0.698));
#8406=VERTEX_POINT('',#8407);
#8405=EDGE_CURVE('',#8406,#8396,#8410,.T.);
#8410=LINE('',#8407,#8412);
#8412=VECTOR('',#8413,0.0508);
#8413=DIRECTION('',(0.0,1.0,0.0));
#8404=ORIENTED_EDGE('',*,*,#8405,.F.);
#8415=EDGE_CURVE('',#8368,#8406,#8420,.T.);
#8420=LINE('',#8369,#8422);
#8422=VECTOR('',#8423,0.6984873);
#8423=DIRECTION('',(0.0,0.0,1.0));
#8414=ORIENTED_EDGE('',*,*,#8415,.F.);
#8424=STYLED_ITEM('',(#34),#8425);
#8425=ADVANCED_FACE('',(#8431),#8426,.T.);
#8426=PLANE('',#8427);
#8427=AXIS2_PLACEMENT_3D('',#8428,#8429,#8430);
#8428=CARTESIAN_POINT('',(0.6,-2.05,0.0));
#8429=DIRECTION('',(-1.0,0.0,0.0));
#8430=DIRECTION('',(0.,0.,1.));
#8431=FACE_OUTER_BOUND('',#8432,.T.);
#8432=EDGE_LOOP('',(#8433,#8443,#8453,#8463,#8473,#8483));
#8436=CARTESIAN_POINT('',(0.6,-2.601,0.0));
#8435=VERTEX_POINT('',#8436);
#8438=CARTESIAN_POINT('',(0.6,-2.05,0.0));
#8437=VERTEX_POINT('',#8438);
#8434=EDGE_CURVE('',#8435,#8437,#8439,.T.);
#8439=LINE('',#8436,#8441);
#8441=VECTOR('',#8442,0.550959655);
#8442=DIRECTION('',(0.0,1.0,0.0));
#8433=ORIENTED_EDGE('',*,*,#8434,.F.);
#8446=CARTESIAN_POINT('',(0.6,-2.601,0.698));
#8445=VERTEX_POINT('',#8446);
#8444=EDGE_CURVE('',#8445,#8435,#8449,.T.);
#8449=LINE('',#8446,#8451);
#8451=VECTOR('',#8452,0.6984873);
#8452=DIRECTION('',(0.0,0.0,-1.0));
#8443=ORIENTED_EDGE('',*,*,#8444,.F.);
#8456=CARTESIAN_POINT('',(0.6,-2.55,0.698));
#8455=VERTEX_POINT('',#8456);
#8454=EDGE_CURVE('',#8455,#8445,#8459,.T.);
#8459=LINE('',#8456,#8461);
#8461=VECTOR('',#8462,0.0508);
#8462=DIRECTION('',(0.0,-1.0,0.0));
#8453=ORIENTED_EDGE('',*,*,#8454,.F.);
#8466=CARTESIAN_POINT('',(0.6,-2.55,0.051));
#8465=VERTEX_POINT('',#8466);
#8464=EDGE_CURVE('',#8465,#8455,#8469,.T.);
#8469=LINE('',#8466,#8471);
#8471=VECTOR('',#8472,0.6476873);
#8472=DIRECTION('',(0.0,0.0,1.0));
#8463=ORIENTED_EDGE('',*,*,#8464,.F.);
#8476=CARTESIAN_POINT('',(0.6,-2.05,0.051));
#8475=VERTEX_POINT('',#8476);
#8474=EDGE_CURVE('',#8475,#8465,#8479,.T.);
#8479=LINE('',#8476,#8481);
#8481=VECTOR('',#8482,0.500159655);
#8482=DIRECTION('',(0.0,-1.0,0.0));
#8473=ORIENTED_EDGE('',*,*,#8474,.F.);
#8484=EDGE_CURVE('',#8437,#8475,#8489,.T.);
#8489=LINE('',#8438,#8491);
#8491=VECTOR('',#8492,0.0508);
#8492=DIRECTION('',(0.0,0.0,1.0));
#8483=ORIENTED_EDGE('',*,*,#8484,.F.);
#8493=STYLED_ITEM('',(#34),#8494);
#8494=ADVANCED_FACE('',(#8500),#8495,.T.);
#8495=PLANE('',#8496);
#8496=AXIS2_PLACEMENT_3D('',#8497,#8498,#8499);
#8497=CARTESIAN_POINT('',(0.9,-2.601,0.698));
#8498=DIRECTION('',(0.0,0.0,1.0));
#8499=DIRECTION('',(0.,1.,0.));
#8500=FACE_OUTER_BOUND('',#8501,.T.);
#8501=EDGE_LOOP('',(#8502,#8512,#8522,#8532));
#8502=ORIENTED_EDGE('',*,*,#8405,.T.);
#8513=EDGE_CURVE('',#8455,#8396,#8518,.T.);
#8518=LINE('',#8456,#8520);
#8520=VECTOR('',#8521,0.299999908);
#8521=DIRECTION('',(1.0,0.0,0.0));
#8512=ORIENTED_EDGE('',*,*,#8513,.F.);
#8522=ORIENTED_EDGE('',*,*,#8454,.T.);
#8533=EDGE_CURVE('',#8406,#8445,#8538,.T.);
#8538=LINE('',#8407,#8540);
#8540=VECTOR('',#8541,0.299999908);
#8541=DIRECTION('',(-1.0,0.0,0.0));
#8532=ORIENTED_EDGE('',*,*,#8533,.F.);
#8542=STYLED_ITEM('',(#34),#8543);
#8543=ADVANCED_FACE('',(#8549),#8544,.T.);
#8544=PLANE('',#8545);
#8545=AXIS2_PLACEMENT_3D('',#8546,#8547,#8548);
#8546=CARTESIAN_POINT('',(0.9,-2.55,0.051));
#8547=DIRECTION('',(0.0,0.0,1.0));
#8548=DIRECTION('',(0.,1.,0.));
#8549=FACE_OUTER_BOUND('',#8550,.T.);
#8550=EDGE_LOOP('',(#8551,#8561,#8571,#8581));
#8551=ORIENTED_EDGE('',*,*,#8385,.T.);
#8562=EDGE_CURVE('',#8475,#8376,#8567,.T.);
#8567=LINE('',#8476,#8569);
#8569=VECTOR('',#8570,0.299999908);
#8570=DIRECTION('',(1.0,0.0,0.0));
#8561=ORIENTED_EDGE('',*,*,#8562,.F.);
#8571=ORIENTED_EDGE('',*,*,#8474,.T.);
#8582=EDGE_CURVE('',#8386,#8465,#8587,.T.);
#8587=LINE('',#8387,#8589);
#8589=VECTOR('',#8590,0.299999908);
#8590=DIRECTION('',(-1.0,0.0,0.0));
#8581=ORIENTED_EDGE('',*,*,#8582,.F.);
#8591=STYLED_ITEM('',(#34),#8592);
#8592=ADVANCED_FACE('',(#8598),#8593,.T.);
#8593=PLANE('',#8594);
#8594=AXIS2_PLACEMENT_3D('',#8595,#8596,#8597);
#8595=CARTESIAN_POINT('',(0.6,-2.601,0.0));
#8596=DIRECTION('',(0.0,-1.0,0.0));
#8597=DIRECTION('',(0.,0.,1.));
#8598=FACE_OUTER_BOUND('',#8599,.T.);
#8599=EDGE_LOOP('',(#8600,#8610,#8620,#8630));
#8601=EDGE_CURVE('',#8368,#8435,#8606,.T.);
#8606=LINE('',#8369,#8608);
#8608=VECTOR('',#8609,0.299999908);
#8609=DIRECTION('',(-1.0,0.0,0.0));
#8600=ORIENTED_EDGE('',*,*,#8601,.F.);
#8610=ORIENTED_EDGE('',*,*,#8415,.T.);
#8620=ORIENTED_EDGE('',*,*,#8533,.T.);
#8630=ORIENTED_EDGE('',*,*,#8444,.T.);
#8640=STYLED_ITEM('',(#34),#8641);
#8641=ADVANCED_FACE('',(#8647),#8642,.T.);
#8642=PLANE('',#8643);
#8643=AXIS2_PLACEMENT_3D('',#8644,#8645,#8646);
#8644=CARTESIAN_POINT('',(0.9,-2.05,0.0));
#8645=DIRECTION('',(0.0,1.0,0.0));
#8646=DIRECTION('',(0.,0.,1.));
#8647=FACE_OUTER_BOUND('',#8648,.T.);
#8648=EDGE_LOOP('',(#8649,#8659,#8669,#8679));
#8650=EDGE_CURVE('',#8437,#8366,#8655,.T.);
#8655=LINE('',#8438,#8657);
#8657=VECTOR('',#8658,0.299999908);
#8658=DIRECTION('',(1.0,0.0,0.0));
#8649=ORIENTED_EDGE('',*,*,#8650,.F.);
#8659=ORIENTED_EDGE('',*,*,#8484,.T.);
#8669=ORIENTED_EDGE('',*,*,#8562,.T.);
#8679=ORIENTED_EDGE('',*,*,#8375,.T.);
#8689=STYLED_ITEM('',(#34),#8690);
#8690=ADVANCED_FACE('',(#8696),#8691,.T.);
#8691=PLANE('',#8692);
#8692=AXIS2_PLACEMENT_3D('',#8693,#8694,#8695);
#8693=CARTESIAN_POINT('',(0.9,-2.55,0.051));
#8694=DIRECTION('',(0.0,1.0,0.0));
#8695=DIRECTION('',(0.,0.,1.));
#8696=FACE_OUTER_BOUND('',#8697,.T.);
#8697=EDGE_LOOP('',(#8698,#8708,#8718,#8728));
#8698=ORIENTED_EDGE('',*,*,#8582,.T.);
#8708=ORIENTED_EDGE('',*,*,#8464,.T.);
#8718=ORIENTED_EDGE('',*,*,#8513,.T.);
#8728=ORIENTED_EDGE('',*,*,#8395,.T.);
#8738=STYLED_ITEM('',(#34),#8739);
#8739=ADVANCED_FACE('',(#8745),#8740,.T.);
#8740=PLANE('',#8741);
#8741=AXIS2_PLACEMENT_3D('',#8742,#8743,#8744);
#8742=CARTESIAN_POINT('',(0.6,-2.601,0.0));
#8743=DIRECTION('',(0.0,0.0,-1.0));
#8744=DIRECTION('',(0.,1.,0.));
#8745=FACE_OUTER_BOUND('',#8746,.T.);
#8746=EDGE_LOOP('',(#8747,#8757,#8767,#8777));
#8747=ORIENTED_EDGE('',*,*,#8434,.T.);
#8757=ORIENTED_EDGE('',*,*,#8650,.T.);
#8767=ORIENTED_EDGE('',*,*,#8365,.T.);
#8777=ORIENTED_EDGE('',*,*,#8601,.T.);
#8787=MANIFOLD_SOLID_BREP($,#8788);
#8788=CLOSED_SHELL('',(#8790,#8859,#8928,#8977,#9026,#9075,#9124,#9173));
#8789=STYLED_ITEM('',(#34),#8790);
#8790=ADVANCED_FACE('',(#8796),#8791,.T.);
#8791=PLANE('',#8792);
#8792=AXIS2_PLACEMENT_3D('',#8793,#8794,#8795);
#8793=CARTESIAN_POINT('',(0.4,-2.601,0.0));
#8794=DIRECTION('',(1.0,0.0,0.0));
#8795=DIRECTION('',(0.,0.,1.));
#8796=FACE_OUTER_BOUND('',#8797,.T.);
#8797=EDGE_LOOP('',(#8798,#8808,#8818,#8828,#8838,#8848));
#8801=CARTESIAN_POINT('',(0.4,-2.05,0.0));
#8800=VERTEX_POINT('',#8801);
#8803=CARTESIAN_POINT('',(0.4,-2.601,0.0));
#8802=VERTEX_POINT('',#8803);
#8799=EDGE_CURVE('',#8800,#8802,#8804,.T.);
#8804=LINE('',#8801,#8806);
#8806=VECTOR('',#8807,0.550959655);
#8807=DIRECTION('',(0.0,-1.0,0.0));
#8798=ORIENTED_EDGE('',*,*,#8799,.F.);
#8811=CARTESIAN_POINT('',(0.4,-2.05,0.051));
#8810=VERTEX_POINT('',#8811);
#8809=EDGE_CURVE('',#8810,#8800,#8814,.T.);
#8814=LINE('',#8811,#8816);
#8816=VECTOR('',#8817,0.0508);
#8817=DIRECTION('',(0.0,0.0,-1.0));
#8808=ORIENTED_EDGE('',*,*,#8809,.F.);
#8821=CARTESIAN_POINT('',(0.4,-2.55,0.051));
#8820=VERTEX_POINT('',#8821);
#8819=EDGE_CURVE('',#8820,#8810,#8824,.T.);
#8824=LINE('',#8821,#8826);
#8826=VECTOR('',#8827,0.500159655);
#8827=DIRECTION('',(0.0,1.0,0.0));
#8818=ORIENTED_EDGE('',*,*,#8819,.F.);
#8831=CARTESIAN_POINT('',(0.4,-2.55,0.698));
#8830=VERTEX_POINT('',#8831);
#8829=EDGE_CURVE('',#8830,#8820,#8834,.T.);
#8834=LINE('',#8831,#8836);
#8836=VECTOR('',#8837,0.6476873);
#8837=DIRECTION('',(0.0,0.0,-1.0));
#8828=ORIENTED_EDGE('',*,*,#8829,.F.);
#8841=CARTESIAN_POINT('',(0.4,-2.601,0.698));
#8840=VERTEX_POINT('',#8841);
#8839=EDGE_CURVE('',#8840,#8830,#8844,.T.);
#8844=LINE('',#8841,#8846);
#8846=VECTOR('',#8847,0.0508);
#8847=DIRECTION('',(0.0,1.0,0.0));
#8838=ORIENTED_EDGE('',*,*,#8839,.F.);
#8849=EDGE_CURVE('',#8802,#8840,#8854,.T.);
#8854=LINE('',#8803,#8856);
#8856=VECTOR('',#8857,0.6984873);
#8857=DIRECTION('',(0.0,0.0,1.0));
#8848=ORIENTED_EDGE('',*,*,#8849,.F.);
#8858=STYLED_ITEM('',(#34),#8859);
#8859=ADVANCED_FACE('',(#8865),#8860,.T.);
#8860=PLANE('',#8861);
#8861=AXIS2_PLACEMENT_3D('',#8862,#8863,#8864);
#8862=CARTESIAN_POINT('',(0.1,-2.05,0.0));
#8863=DIRECTION('',(-1.0,0.0,0.0));
#8864=DIRECTION('',(0.,0.,1.));
#8865=FACE_OUTER_BOUND('',#8866,.T.);
#8866=EDGE_LOOP('',(#8867,#8877,#8887,#8897,#8907,#8917));
#8870=CARTESIAN_POINT('',(0.1,-2.601,0.0));
#8869=VERTEX_POINT('',#8870);
#8872=CARTESIAN_POINT('',(0.1,-2.05,0.0));
#8871=VERTEX_POINT('',#8872);
#8868=EDGE_CURVE('',#8869,#8871,#8873,.T.);
#8873=LINE('',#8870,#8875);
#8875=VECTOR('',#8876,0.550959655);
#8876=DIRECTION('',(0.0,1.0,0.0));
#8867=ORIENTED_EDGE('',*,*,#8868,.F.);
#8880=CARTESIAN_POINT('',(0.1,-2.601,0.698));
#8879=VERTEX_POINT('',#8880);
#8878=EDGE_CURVE('',#8879,#8869,#8883,.T.);
#8883=LINE('',#8880,#8885);
#8885=VECTOR('',#8886,0.6984873);
#8886=DIRECTION('',(0.0,0.0,-1.0));
#8877=ORIENTED_EDGE('',*,*,#8878,.F.);
#8890=CARTESIAN_POINT('',(0.1,-2.55,0.698));
#8889=VERTEX_POINT('',#8890);
#8888=EDGE_CURVE('',#8889,#8879,#8893,.T.);
#8893=LINE('',#8890,#8895);
#8895=VECTOR('',#8896,0.0508);
#8896=DIRECTION('',(0.0,-1.0,0.0));
#8887=ORIENTED_EDGE('',*,*,#8888,.F.);
#8900=CARTESIAN_POINT('',(0.1,-2.55,0.051));
#8899=VERTEX_POINT('',#8900);
#8898=EDGE_CURVE('',#8899,#8889,#8903,.T.);
#8903=LINE('',#8900,#8905);
#8905=VECTOR('',#8906,0.6476873);
#8906=DIRECTION('',(0.0,0.0,1.0));
#8897=ORIENTED_EDGE('',*,*,#8898,.F.);
#8910=CARTESIAN_POINT('',(0.1,-2.05,0.051));
#8909=VERTEX_POINT('',#8910);
#8908=EDGE_CURVE('',#8909,#8899,#8913,.T.);
#8913=LINE('',#8910,#8915);
#8915=VECTOR('',#8916,0.500159655);
#8916=DIRECTION('',(0.0,-1.0,0.0));
#8907=ORIENTED_EDGE('',*,*,#8908,.F.);
#8918=EDGE_CURVE('',#8871,#8909,#8923,.T.);
#8923=LINE('',#8872,#8925);
#8925=VECTOR('',#8926,0.0508);
#8926=DIRECTION('',(0.0,0.0,1.0));
#8917=ORIENTED_EDGE('',*,*,#8918,.F.);
#8927=STYLED_ITEM('',(#34),#8928);
#8928=ADVANCED_FACE('',(#8934),#8929,.T.);
#8929=PLANE('',#8930);
#8930=AXIS2_PLACEMENT_3D('',#8931,#8932,#8933);
#8931=CARTESIAN_POINT('',(0.4,-2.601,0.698));
#8932=DIRECTION('',(0.0,0.0,1.0));
#8933=DIRECTION('',(0.,1.,0.));
#8934=FACE_OUTER_BOUND('',#8935,.T.);
#8935=EDGE_LOOP('',(#8936,#8946,#8956,#8966));
#8936=ORIENTED_EDGE('',*,*,#8839,.T.);
#8947=EDGE_CURVE('',#8889,#8830,#8952,.T.);
#8952=LINE('',#8890,#8954);
#8954=VECTOR('',#8955,0.299999908);
#8955=DIRECTION('',(1.0,0.0,0.0));
#8946=ORIENTED_EDGE('',*,*,#8947,.F.);
#8956=ORIENTED_EDGE('',*,*,#8888,.T.);
#8967=EDGE_CURVE('',#8840,#8879,#8972,.T.);
#8972=LINE('',#8841,#8974);
#8974=VECTOR('',#8975,0.299999908);
#8975=DIRECTION('',(-1.0,0.0,0.0));
#8966=ORIENTED_EDGE('',*,*,#8967,.F.);
#8976=STYLED_ITEM('',(#34),#8977);
#8977=ADVANCED_FACE('',(#8983),#8978,.T.);
#8978=PLANE('',#8979);
#8979=AXIS2_PLACEMENT_3D('',#8980,#8981,#8982);
#8980=CARTESIAN_POINT('',(0.4,-2.55,0.051));
#8981=DIRECTION('',(0.0,0.0,1.0));
#8982=DIRECTION('',(0.,1.,0.));
#8983=FACE_OUTER_BOUND('',#8984,.T.);
#8984=EDGE_LOOP('',(#8985,#8995,#9005,#9015));
#8985=ORIENTED_EDGE('',*,*,#8819,.T.);
#8996=EDGE_CURVE('',#8909,#8810,#9001,.T.);
#9001=LINE('',#8910,#9003);
#9003=VECTOR('',#9004,0.299999908);
#9004=DIRECTION('',(1.0,0.0,0.0));
#8995=ORIENTED_EDGE('',*,*,#8996,.F.);
#9005=ORIENTED_EDGE('',*,*,#8908,.T.);
#9016=EDGE_CURVE('',#8820,#8899,#9021,.T.);
#9021=LINE('',#8821,#9023);
#9023=VECTOR('',#9024,0.299999908);
#9024=DIRECTION('',(-1.0,0.0,0.0));
#9015=ORIENTED_EDGE('',*,*,#9016,.F.);
#9025=STYLED_ITEM('',(#34),#9026);
#9026=ADVANCED_FACE('',(#9032),#9027,.T.);
#9027=PLANE('',#9028);
#9028=AXIS2_PLACEMENT_3D('',#9029,#9030,#9031);
#9029=CARTESIAN_POINT('',(0.1,-2.601,0.0));
#9030=DIRECTION('',(0.0,-1.0,0.0));
#9031=DIRECTION('',(0.,0.,1.));
#9032=FACE_OUTER_BOUND('',#9033,.T.);
#9033=EDGE_LOOP('',(#9034,#9044,#9054,#9064));
#9035=EDGE_CURVE('',#8802,#8869,#9040,.T.);
#9040=LINE('',#8803,#9042);
#9042=VECTOR('',#9043,0.299999908);
#9043=DIRECTION('',(-1.0,0.0,0.0));
#9034=ORIENTED_EDGE('',*,*,#9035,.F.);
#9044=ORIENTED_EDGE('',*,*,#8849,.T.);
#9054=ORIENTED_EDGE('',*,*,#8967,.T.);
#9064=ORIENTED_EDGE('',*,*,#8878,.T.);
#9074=STYLED_ITEM('',(#34),#9075);
#9075=ADVANCED_FACE('',(#9081),#9076,.T.);
#9076=PLANE('',#9077);
#9077=AXIS2_PLACEMENT_3D('',#9078,#9079,#9080);
#9078=CARTESIAN_POINT('',(0.4,-2.05,0.0));
#9079=DIRECTION('',(0.0,1.0,0.0));
#9080=DIRECTION('',(0.,0.,1.));
#9081=FACE_OUTER_BOUND('',#9082,.T.);
#9082=EDGE_LOOP('',(#9083,#9093,#9103,#9113));
#9084=EDGE_CURVE('',#8871,#8800,#9089,.T.);
#9089=LINE('',#8872,#9091);
#9091=VECTOR('',#9092,0.299999908);
#9092=DIRECTION('',(1.0,0.0,0.0));
#9083=ORIENTED_EDGE('',*,*,#9084,.F.);
#9093=ORIENTED_EDGE('',*,*,#8918,.T.);
#9103=ORIENTED_EDGE('',*,*,#8996,.T.);
#9113=ORIENTED_EDGE('',*,*,#8809,.T.);
#9123=STYLED_ITEM('',(#34),#9124);
#9124=ADVANCED_FACE('',(#9130),#9125,.T.);
#9125=PLANE('',#9126);
#9126=AXIS2_PLACEMENT_3D('',#9127,#9128,#9129);
#9127=CARTESIAN_POINT('',(0.4,-2.55,0.051));
#9128=DIRECTION('',(0.0,1.0,0.0));
#9129=DIRECTION('',(0.,0.,1.));
#9130=FACE_OUTER_BOUND('',#9131,.T.);
#9131=EDGE_LOOP('',(#9132,#9142,#9152,#9162));
#9132=ORIENTED_EDGE('',*,*,#9016,.T.);
#9142=ORIENTED_EDGE('',*,*,#8898,.T.);
#9152=ORIENTED_EDGE('',*,*,#8947,.T.);
#9162=ORIENTED_EDGE('',*,*,#8829,.T.);
#9172=STYLED_ITEM('',(#34),#9173);
#9173=ADVANCED_FACE('',(#9179),#9174,.T.);
#9174=PLANE('',#9175);
#9175=AXIS2_PLACEMENT_3D('',#9176,#9177,#9178);
#9176=CARTESIAN_POINT('',(0.1,-2.601,0.0));
#9177=DIRECTION('',(0.0,0.0,-1.0));
#9178=DIRECTION('',(0.,1.,0.));
#9179=FACE_OUTER_BOUND('',#9180,.T.);
#9180=EDGE_LOOP('',(#9181,#9191,#9201,#9211));
#9181=ORIENTED_EDGE('',*,*,#8868,.T.);
#9191=ORIENTED_EDGE('',*,*,#9084,.T.);
#9201=ORIENTED_EDGE('',*,*,#8799,.T.);
#9211=ORIENTED_EDGE('',*,*,#9035,.T.);
#9221=MANIFOLD_SOLID_BREP($,#9222);
#9222=CLOSED_SHELL('',(#9224,#9293,#9362,#9411,#9460,#9509,#9558,#9607));
#9223=STYLED_ITEM('',(#34),#9224);
#9224=ADVANCED_FACE('',(#9230),#9225,.T.);
#9225=PLANE('',#9226);
#9226=AXIS2_PLACEMENT_3D('',#9227,#9228,#9229);
#9227=CARTESIAN_POINT('',(-0.1,-2.601,0.0));
#9228=DIRECTION('',(1.0,0.0,0.0));
#9229=DIRECTION('',(0.,0.,1.));
#9230=FACE_OUTER_BOUND('',#9231,.T.);
#9231=EDGE_LOOP('',(#9232,#9242,#9252,#9262,#9272,#9282));
#9235=CARTESIAN_POINT('',(-0.1,-2.05,0.0));
#9234=VERTEX_POINT('',#9235);
#9237=CARTESIAN_POINT('',(-0.1,-2.601,0.0));
#9236=VERTEX_POINT('',#9237);
#9233=EDGE_CURVE('',#9234,#9236,#9238,.T.);
#9238=LINE('',#9235,#9240);
#9240=VECTOR('',#9241,0.550959655);
#9241=DIRECTION('',(0.0,-1.0,0.0));
#9232=ORIENTED_EDGE('',*,*,#9233,.F.);
#9245=CARTESIAN_POINT('',(-0.1,-2.05,0.051));
#9244=VERTEX_POINT('',#9245);
#9243=EDGE_CURVE('',#9244,#9234,#9248,.T.);
#9248=LINE('',#9245,#9250);
#9250=VECTOR('',#9251,0.0508);
#9251=DIRECTION('',(0.0,0.0,-1.0));
#9242=ORIENTED_EDGE('',*,*,#9243,.F.);
#9255=CARTESIAN_POINT('',(-0.1,-2.55,0.051));
#9254=VERTEX_POINT('',#9255);
#9253=EDGE_CURVE('',#9254,#9244,#9258,.T.);
#9258=LINE('',#9255,#9260);
#9260=VECTOR('',#9261,0.500159655);
#9261=DIRECTION('',(0.0,1.0,0.0));
#9252=ORIENTED_EDGE('',*,*,#9253,.F.);
#9265=CARTESIAN_POINT('',(-0.1,-2.55,0.698));
#9264=VERTEX_POINT('',#9265);
#9263=EDGE_CURVE('',#9264,#9254,#9268,.T.);
#9268=LINE('',#9265,#9270);
#9270=VECTOR('',#9271,0.6476873);
#9271=DIRECTION('',(0.0,0.0,-1.0));
#9262=ORIENTED_EDGE('',*,*,#9263,.F.);
#9275=CARTESIAN_POINT('',(-0.1,-2.601,0.698));
#9274=VERTEX_POINT('',#9275);
#9273=EDGE_CURVE('',#9274,#9264,#9278,.T.);
#9278=LINE('',#9275,#9280);
#9280=VECTOR('',#9281,0.0508);
#9281=DIRECTION('',(0.0,1.0,0.0));
#9272=ORIENTED_EDGE('',*,*,#9273,.F.);
#9283=EDGE_CURVE('',#9236,#9274,#9288,.T.);
#9288=LINE('',#9237,#9290);
#9290=VECTOR('',#9291,0.6984873);
#9291=DIRECTION('',(0.0,0.0,1.0));
#9282=ORIENTED_EDGE('',*,*,#9283,.F.);
#9292=STYLED_ITEM('',(#34),#9293);
#9293=ADVANCED_FACE('',(#9299),#9294,.T.);
#9294=PLANE('',#9295);
#9295=AXIS2_PLACEMENT_3D('',#9296,#9297,#9298);
#9296=CARTESIAN_POINT('',(-0.4,-2.05,0.0));
#9297=DIRECTION('',(-1.0,0.0,0.0));
#9298=DIRECTION('',(0.,0.,1.));
#9299=FACE_OUTER_BOUND('',#9300,.T.);
#9300=EDGE_LOOP('',(#9301,#9311,#9321,#9331,#9341,#9351));
#9304=CARTESIAN_POINT('',(-0.4,-2.601,0.0));
#9303=VERTEX_POINT('',#9304);
#9306=CARTESIAN_POINT('',(-0.4,-2.05,0.0));
#9305=VERTEX_POINT('',#9306);
#9302=EDGE_CURVE('',#9303,#9305,#9307,.T.);
#9307=LINE('',#9304,#9309);
#9309=VECTOR('',#9310,0.550959655);
#9310=DIRECTION('',(0.0,1.0,0.0));
#9301=ORIENTED_EDGE('',*,*,#9302,.F.);
#9314=CARTESIAN_POINT('',(-0.4,-2.601,0.698));
#9313=VERTEX_POINT('',#9314);
#9312=EDGE_CURVE('',#9313,#9303,#9317,.T.);
#9317=LINE('',#9314,#9319);
#9319=VECTOR('',#9320,0.6984873);
#9320=DIRECTION('',(0.0,0.0,-1.0));
#9311=ORIENTED_EDGE('',*,*,#9312,.F.);
#9324=CARTESIAN_POINT('',(-0.4,-2.55,0.698));
#9323=VERTEX_POINT('',#9324);
#9322=EDGE_CURVE('',#9323,#9313,#9327,.T.);
#9327=LINE('',#9324,#9329);
#9329=VECTOR('',#9330,0.0508);
#9330=DIRECTION('',(0.0,-1.0,0.0));
#9321=ORIENTED_EDGE('',*,*,#9322,.F.);
#9334=CARTESIAN_POINT('',(-0.4,-2.55,0.051));
#9333=VERTEX_POINT('',#9334);
#9332=EDGE_CURVE('',#9333,#9323,#9337,.T.);
#9337=LINE('',#9334,#9339);
#9339=VECTOR('',#9340,0.6476873);
#9340=DIRECTION('',(0.0,0.0,1.0));
#9331=ORIENTED_EDGE('',*,*,#9332,.F.);
#9344=CARTESIAN_POINT('',(-0.4,-2.05,0.051));
#9343=VERTEX_POINT('',#9344);
#9342=EDGE_CURVE('',#9343,#9333,#9347,.T.);
#9347=LINE('',#9344,#9349);
#9349=VECTOR('',#9350,0.500159655);
#9350=DIRECTION('',(0.0,-1.0,0.0));
#9341=ORIENTED_EDGE('',*,*,#9342,.F.);
#9352=EDGE_CURVE('',#9305,#9343,#9357,.T.);
#9357=LINE('',#9306,#9359);
#9359=VECTOR('',#9360,0.0508);
#9360=DIRECTION('',(0.0,0.0,1.0));
#9351=ORIENTED_EDGE('',*,*,#9352,.F.);
#9361=STYLED_ITEM('',(#34),#9362);
#9362=ADVANCED_FACE('',(#9368),#9363,.T.);
#9363=PLANE('',#9364);
#9364=AXIS2_PLACEMENT_3D('',#9365,#9366,#9367);
#9365=CARTESIAN_POINT('',(-0.1,-2.601,0.698));
#9366=DIRECTION('',(0.0,0.0,1.0));
#9367=DIRECTION('',(0.,1.,0.));
#9368=FACE_OUTER_BOUND('',#9369,.T.);
#9369=EDGE_LOOP('',(#9370,#9380,#9390,#9400));
#9370=ORIENTED_EDGE('',*,*,#9273,.T.);
#9381=EDGE_CURVE('',#9323,#9264,#9386,.T.);
#9386=LINE('',#9324,#9388);
#9388=VECTOR('',#9389,0.299999908);
#9389=DIRECTION('',(1.0,0.0,0.0));
#9380=ORIENTED_EDGE('',*,*,#9381,.F.);
#9390=ORIENTED_EDGE('',*,*,#9322,.T.);
#9401=EDGE_CURVE('',#9274,#9313,#9406,.T.);
#9406=LINE('',#9275,#9408);
#9408=VECTOR('',#9409,0.299999908);
#9409=DIRECTION('',(-1.0,0.0,0.0));
#9400=ORIENTED_EDGE('',*,*,#9401,.F.);
#9410=STYLED_ITEM('',(#34),#9411);
#9411=ADVANCED_FACE('',(#9417),#9412,.T.);
#9412=PLANE('',#9413);
#9413=AXIS2_PLACEMENT_3D('',#9414,#9415,#9416);
#9414=CARTESIAN_POINT('',(-0.1,-2.55,0.051));
#9415=DIRECTION('',(0.0,0.0,1.0));
#9416=DIRECTION('',(0.,1.,0.));
#9417=FACE_OUTER_BOUND('',#9418,.T.);
#9418=EDGE_LOOP('',(#9419,#9429,#9439,#9449));
#9419=ORIENTED_EDGE('',*,*,#9253,.T.);
#9430=EDGE_CURVE('',#9343,#9244,#9435,.T.);
#9435=LINE('',#9344,#9437);
#9437=VECTOR('',#9438,0.299999908);
#9438=DIRECTION('',(1.0,0.0,0.0));
#9429=ORIENTED_EDGE('',*,*,#9430,.F.);
#9439=ORIENTED_EDGE('',*,*,#9342,.T.);
#9450=EDGE_CURVE('',#9254,#9333,#9455,.T.);
#9455=LINE('',#9255,#9457);
#9457=VECTOR('',#9458,0.299999908);
#9458=DIRECTION('',(-1.0,0.0,0.0));
#9449=ORIENTED_EDGE('',*,*,#9450,.F.);
#9459=STYLED_ITEM('',(#34),#9460);
#9460=ADVANCED_FACE('',(#9466),#9461,.T.);
#9461=PLANE('',#9462);
#9462=AXIS2_PLACEMENT_3D('',#9463,#9464,#9465);
#9463=CARTESIAN_POINT('',(-0.4,-2.601,0.0));
#9464=DIRECTION('',(0.0,-1.0,0.0));
#9465=DIRECTION('',(0.,0.,1.));
#9466=FACE_OUTER_BOUND('',#9467,.T.);
#9467=EDGE_LOOP('',(#9468,#9478,#9488,#9498));
#9469=EDGE_CURVE('',#9236,#9303,#9474,.T.);
#9474=LINE('',#9237,#9476);
#9476=VECTOR('',#9477,0.299999908);
#9477=DIRECTION('',(-1.0,0.0,0.0));
#9468=ORIENTED_EDGE('',*,*,#9469,.F.);
#9478=ORIENTED_EDGE('',*,*,#9283,.T.);
#9488=ORIENTED_EDGE('',*,*,#9401,.T.);
#9498=ORIENTED_EDGE('',*,*,#9312,.T.);
#9508=STYLED_ITEM('',(#34),#9509);
#9509=ADVANCED_FACE('',(#9515),#9510,.T.);
#9510=PLANE('',#9511);
#9511=AXIS2_PLACEMENT_3D('',#9512,#9513,#9514);
#9512=CARTESIAN_POINT('',(-0.1,-2.05,0.0));
#9513=DIRECTION('',(0.0,1.0,0.0));
#9514=DIRECTION('',(0.,0.,1.));
#9515=FACE_OUTER_BOUND('',#9516,.T.);
#9516=EDGE_LOOP('',(#9517,#9527,#9537,#9547));
#9518=EDGE_CURVE('',#9305,#9234,#9523,.T.);
#9523=LINE('',#9306,#9525);
#9525=VECTOR('',#9526,0.299999908);
#9526=DIRECTION('',(1.0,0.0,0.0));
#9517=ORIENTED_EDGE('',*,*,#9518,.F.);
#9527=ORIENTED_EDGE('',*,*,#9352,.T.);
#9537=ORIENTED_EDGE('',*,*,#9430,.T.);
#9547=ORIENTED_EDGE('',*,*,#9243,.T.);
#9557=STYLED_ITEM('',(#34),#9558);
#9558=ADVANCED_FACE('',(#9564),#9559,.T.);
#9559=PLANE('',#9560);
#9560=AXIS2_PLACEMENT_3D('',#9561,#9562,#9563);
#9561=CARTESIAN_POINT('',(-0.1,-2.55,0.051));
#9562=DIRECTION('',(0.0,1.0,0.0));
#9563=DIRECTION('',(0.,0.,1.));
#9564=FACE_OUTER_BOUND('',#9565,.T.);
#9565=EDGE_LOOP('',(#9566,#9576,#9586,#9596));
#9566=ORIENTED_EDGE('',*,*,#9450,.T.);
#9576=ORIENTED_EDGE('',*,*,#9332,.T.);
#9586=ORIENTED_EDGE('',*,*,#9381,.T.);
#9596=ORIENTED_EDGE('',*,*,#9263,.T.);
#9606=STYLED_ITEM('',(#34),#9607);
#9607=ADVANCED_FACE('',(#9613),#9608,.T.);
#9608=PLANE('',#9609);
#9609=AXIS2_PLACEMENT_3D('',#9610,#9611,#9612);
#9610=CARTESIAN_POINT('',(-0.4,-2.601,0.0));
#9611=DIRECTION('',(0.0,0.0,-1.0));
#9612=DIRECTION('',(0.,1.,0.));
#9613=FACE_OUTER_BOUND('',#9614,.T.);
#9614=EDGE_LOOP('',(#9615,#9625,#9635,#9645));
#9615=ORIENTED_EDGE('',*,*,#9302,.T.);
#9625=ORIENTED_EDGE('',*,*,#9518,.T.);
#9635=ORIENTED_EDGE('',*,*,#9233,.T.);
#9645=ORIENTED_EDGE('',*,*,#9469,.T.);
#9655=MANIFOLD_SOLID_BREP($,#9656);
#9656=CLOSED_SHELL('',(#9658,#9727,#9796,#9845,#9894,#9943,#9992,#10041));
#9657=STYLED_ITEM('',(#34),#9658);
#9658=ADVANCED_FACE('',(#9664),#9659,.T.);
#9659=PLANE('',#9660);
#9660=AXIS2_PLACEMENT_3D('',#9661,#9662,#9663);
#9661=CARTESIAN_POINT('',(-0.6,-2.601,0.0));
#9662=DIRECTION('',(1.0,0.0,0.0));
#9663=DIRECTION('',(0.,0.,1.));
#9664=FACE_OUTER_BOUND('',#9665,.T.);
#9665=EDGE_LOOP('',(#9666,#9676,#9686,#9696,#9706,#9716));
#9669=CARTESIAN_POINT('',(-0.6,-2.05,0.0));
#9668=VERTEX_POINT('',#9669);
#9671=CARTESIAN_POINT('',(-0.6,-2.601,0.0));
#9670=VERTEX_POINT('',#9671);
#9667=EDGE_CURVE('',#9668,#9670,#9672,.T.);
#9672=LINE('',#9669,#9674);
#9674=VECTOR('',#9675,0.550959655);
#9675=DIRECTION('',(0.0,-1.0,0.0));
#9666=ORIENTED_EDGE('',*,*,#9667,.F.);
#9679=CARTESIAN_POINT('',(-0.6,-2.05,0.051));
#9678=VERTEX_POINT('',#9679);
#9677=EDGE_CURVE('',#9678,#9668,#9682,.T.);
#9682=LINE('',#9679,#9684);
#9684=VECTOR('',#9685,0.0508);
#9685=DIRECTION('',(0.0,0.0,-1.0));
#9676=ORIENTED_EDGE('',*,*,#9677,.F.);
#9689=CARTESIAN_POINT('',(-0.6,-2.55,0.051));
#9688=VERTEX_POINT('',#9689);
#9687=EDGE_CURVE('',#9688,#9678,#9692,.T.);
#9692=LINE('',#9689,#9694);
#9694=VECTOR('',#9695,0.500159655);
#9695=DIRECTION('',(0.0,1.0,0.0));
#9686=ORIENTED_EDGE('',*,*,#9687,.F.);
#9699=CARTESIAN_POINT('',(-0.6,-2.55,0.698));
#9698=VERTEX_POINT('',#9699);
#9697=EDGE_CURVE('',#9698,#9688,#9702,.T.);
#9702=LINE('',#9699,#9704);
#9704=VECTOR('',#9705,0.6476873);
#9705=DIRECTION('',(0.0,0.0,-1.0));
#9696=ORIENTED_EDGE('',*,*,#9697,.F.);
#9709=CARTESIAN_POINT('',(-0.6,-2.601,0.698));
#9708=VERTEX_POINT('',#9709);
#9707=EDGE_CURVE('',#9708,#9698,#9712,.T.);
#9712=LINE('',#9709,#9714);
#9714=VECTOR('',#9715,0.0508);
#9715=DIRECTION('',(0.0,1.0,0.0));
#9706=ORIENTED_EDGE('',*,*,#9707,.F.);
#9717=EDGE_CURVE('',#9670,#9708,#9722,.T.);
#9722=LINE('',#9671,#9724);
#9724=VECTOR('',#9725,0.6984873);
#9725=DIRECTION('',(0.0,0.0,1.0));
#9716=ORIENTED_EDGE('',*,*,#9717,.F.);
#9726=STYLED_ITEM('',(#34),#9727);
#9727=ADVANCED_FACE('',(#9733),#9728,.T.);
#9728=PLANE('',#9729);
#9729=AXIS2_PLACEMENT_3D('',#9730,#9731,#9732);
#9730=CARTESIAN_POINT('',(-0.9,-2.05,0.0));
#9731=DIRECTION('',(-1.0,0.0,0.0));
#9732=DIRECTION('',(0.,0.,1.));
#9733=FACE_OUTER_BOUND('',#9734,.T.);
#9734=EDGE_LOOP('',(#9735,#9745,#9755,#9765,#9775,#9785));
#9738=CARTESIAN_POINT('',(-0.9,-2.601,0.0));
#9737=VERTEX_POINT('',#9738);
#9740=CARTESIAN_POINT('',(-0.9,-2.05,0.0));
#9739=VERTEX_POINT('',#9740);
#9736=EDGE_CURVE('',#9737,#9739,#9741,.T.);
#9741=LINE('',#9738,#9743);
#9743=VECTOR('',#9744,0.550959655);
#9744=DIRECTION('',(0.0,1.0,0.0));
#9735=ORIENTED_EDGE('',*,*,#9736,.F.);
#9748=CARTESIAN_POINT('',(-0.9,-2.601,0.698));
#9747=VERTEX_POINT('',#9748);
#9746=EDGE_CURVE('',#9747,#9737,#9751,.T.);
#9751=LINE('',#9748,#9753);
#9753=VECTOR('',#9754,0.6984873);
#9754=DIRECTION('',(0.0,0.0,-1.0));
#9745=ORIENTED_EDGE('',*,*,#9746,.F.);
#9758=CARTESIAN_POINT('',(-0.9,-2.55,0.698));
#9757=VERTEX_POINT('',#9758);
#9756=EDGE_CURVE('',#9757,#9747,#9761,.T.);
#9761=LINE('',#9758,#9763);
#9763=VECTOR('',#9764,0.0508);
#9764=DIRECTION('',(0.0,-1.0,0.0));
#9755=ORIENTED_EDGE('',*,*,#9756,.F.);
#9768=CARTESIAN_POINT('',(-0.9,-2.55,0.051));
#9767=VERTEX_POINT('',#9768);
#9766=EDGE_CURVE('',#9767,#9757,#9771,.T.);
#9771=LINE('',#9768,#9773);
#9773=VECTOR('',#9774,0.6476873);
#9774=DIRECTION('',(0.0,0.0,1.0));
#9765=ORIENTED_EDGE('',*,*,#9766,.F.);
#9778=CARTESIAN_POINT('',(-0.9,-2.05,0.051));
#9777=VERTEX_POINT('',#9778);
#9776=EDGE_CURVE('',#9777,#9767,#9781,.T.);
#9781=LINE('',#9778,#9783);
#9783=VECTOR('',#9784,0.500159655);
#9784=DIRECTION('',(0.0,-1.0,0.0));
#9775=ORIENTED_EDGE('',*,*,#9776,.F.);
#9786=EDGE_CURVE('',#9739,#9777,#9791,.T.);
#9791=LINE('',#9740,#9793);
#9793=VECTOR('',#9794,0.0508);
#9794=DIRECTION('',(0.0,0.0,1.0));
#9785=ORIENTED_EDGE('',*,*,#9786,.F.);
#9795=STYLED_ITEM('',(#34),#9796);
#9796=ADVANCED_FACE('',(#9802),#9797,.T.);
#9797=PLANE('',#9798);
#9798=AXIS2_PLACEMENT_3D('',#9799,#9800,#9801);
#9799=CARTESIAN_POINT('',(-0.6,-2.601,0.698));
#9800=DIRECTION('',(0.0,0.0,1.0));
#9801=DIRECTION('',(0.,1.,0.));
#9802=FACE_OUTER_BOUND('',#9803,.T.);
#9803=EDGE_LOOP('',(#9804,#9814,#9824,#9834));
#9804=ORIENTED_EDGE('',*,*,#9707,.T.);
#9815=EDGE_CURVE('',#9757,#9698,#9820,.T.);
#9820=LINE('',#9758,#9822);
#9822=VECTOR('',#9823,0.299999908);
#9823=DIRECTION('',(1.0,0.0,0.0));
#9814=ORIENTED_EDGE('',*,*,#9815,.F.);
#9824=ORIENTED_EDGE('',*,*,#9756,.T.);
#9835=EDGE_CURVE('',#9708,#9747,#9840,.T.);
#9840=LINE('',#9709,#9842);
#9842=VECTOR('',#9843,0.299999908);
#9843=DIRECTION('',(-1.0,0.0,0.0));
#9834=ORIENTED_EDGE('',*,*,#9835,.F.);
#9844=STYLED_ITEM('',(#34),#9845);
#9845=ADVANCED_FACE('',(#9851),#9846,.T.);
#9846=PLANE('',#9847);
#9847=AXIS2_PLACEMENT_3D('',#9848,#9849,#9850);
#9848=CARTESIAN_POINT('',(-0.6,-2.55,0.051));
#9849=DIRECTION('',(0.0,0.0,1.0));
#9850=DIRECTION('',(0.,1.,0.));
#9851=FACE_OUTER_BOUND('',#9852,.T.);
#9852=EDGE_LOOP('',(#9853,#9863,#9873,#9883));
#9853=ORIENTED_EDGE('',*,*,#9687,.T.);
#9864=EDGE_CURVE('',#9777,#9678,#9869,.T.);
#9869=LINE('',#9778,#9871);
#9871=VECTOR('',#9872,0.299999908);
#9872=DIRECTION('',(1.0,0.0,0.0));
#9863=ORIENTED_EDGE('',*,*,#9864,.F.);
#9873=ORIENTED_EDGE('',*,*,#9776,.T.);
#9884=EDGE_CURVE('',#9688,#9767,#9889,.T.);
#9889=LINE('',#9689,#9891);
#9891=VECTOR('',#9892,0.299999908);
#9892=DIRECTION('',(-1.0,0.0,0.0));
#9883=ORIENTED_EDGE('',*,*,#9884,.F.);
#9893=STYLED_ITEM('',(#34),#9894);
#9894=ADVANCED_FACE('',(#9900),#9895,.T.);
#9895=PLANE('',#9896);
#9896=AXIS2_PLACEMENT_3D('',#9897,#9898,#9899);
#9897=CARTESIAN_POINT('',(-0.9,-2.601,0.0));
#9898=DIRECTION('',(0.0,-1.0,0.0));
#9899=DIRECTION('',(0.,0.,1.));
#9900=FACE_OUTER_BOUND('',#9901,.T.);
#9901=EDGE_LOOP('',(#9902,#9912,#9922,#9932));
#9903=EDGE_CURVE('',#9670,#9737,#9908,.T.);
#9908=LINE('',#9671,#9910);
#9910=VECTOR('',#9911,0.299999908);
#9911=DIRECTION('',(-1.0,0.0,0.0));
#9902=ORIENTED_EDGE('',*,*,#9903,.F.);
#9912=ORIENTED_EDGE('',*,*,#9717,.T.);
#9922=ORIENTED_EDGE('',*,*,#9835,.T.);
#9932=ORIENTED_EDGE('',*,*,#9746,.T.);
#9942=STYLED_ITEM('',(#34),#9943);
#9943=ADVANCED_FACE('',(#9949),#9944,.T.);
#9944=PLANE('',#9945);
#9945=AXIS2_PLACEMENT_3D('',#9946,#9947,#9948);
#9946=CARTESIAN_POINT('',(-0.6,-2.05,0.0));
#9947=DIRECTION('',(0.0,1.0,0.0));
#9948=DIRECTION('',(0.,0.,1.));
#9949=FACE_OUTER_BOUND('',#9950,.T.);
#9950=EDGE_LOOP('',(#9951,#9961,#9971,#9981));
#9952=EDGE_CURVE('',#9739,#9668,#9957,.T.);
#9957=LINE('',#9740,#9959);
#9959=VECTOR('',#9960,0.299999908);
#9960=DIRECTION('',(1.0,0.0,0.0));
#9951=ORIENTED_EDGE('',*,*,#9952,.F.);
#9961=ORIENTED_EDGE('',*,*,#9786,.T.);
#9971=ORIENTED_EDGE('',*,*,#9864,.T.);
#9981=ORIENTED_EDGE('',*,*,#9677,.T.);
#9991=STYLED_ITEM('',(#34),#9992);
#9992=ADVANCED_FACE('',(#9998),#9993,.T.);
#9993=PLANE('',#9994);
#9994=AXIS2_PLACEMENT_3D('',#9995,#9996,#9997);
#9995=CARTESIAN_POINT('',(-0.6,-2.55,0.051));
#9996=DIRECTION('',(0.0,1.0,0.0));
#9997=DIRECTION('',(0.,0.,1.));
#9998=FACE_OUTER_BOUND('',#9999,.T.);
#9999=EDGE_LOOP('',(#10000,#10010,#10020,#10030));
#10000=ORIENTED_EDGE('',*,*,#9884,.T.);
#10010=ORIENTED_EDGE('',*,*,#9766,.T.);
#10020=ORIENTED_EDGE('',*,*,#9815,.T.);
#10030=ORIENTED_EDGE('',*,*,#9697,.T.);
#10040=STYLED_ITEM('',(#34),#10041);
#10041=ADVANCED_FACE('',(#10047),#10042,.T.);
#10042=PLANE('',#10043);
#10043=AXIS2_PLACEMENT_3D('',#10044,#10045,#10046);
#10044=CARTESIAN_POINT('',(-0.9,-2.601,0.0));
#10045=DIRECTION('',(0.0,0.0,-1.0));
#10046=DIRECTION('',(0.,1.,0.));
#10047=FACE_OUTER_BOUND('',#10048,.T.);
#10048=EDGE_LOOP('',(#10049,#10059,#10069,#10079));
#10049=ORIENTED_EDGE('',*,*,#9736,.T.);
#10059=ORIENTED_EDGE('',*,*,#9952,.T.);
#10069=ORIENTED_EDGE('',*,*,#9667,.T.);
#10079=ORIENTED_EDGE('',*,*,#9903,.T.);
#10089=MANIFOLD_SOLID_BREP($,#10090);
#10090=CLOSED_SHELL('',(#10092,#10161,#10230,#10279,#10328,#10377,#10426,#10475));
#10091=STYLED_ITEM('',(#34),#10092);
#10092=ADVANCED_FACE('',(#10098),#10093,.T.);
#10093=PLANE('',#10094);
#10094=AXIS2_PLACEMENT_3D('',#10095,#10096,#10097);
#10095=CARTESIAN_POINT('',(-1.1,-2.601,0.0));
#10096=DIRECTION('',(1.0,0.0,0.0));
#10097=DIRECTION('',(0.,0.,1.));
#10098=FACE_OUTER_BOUND('',#10099,.T.);
#10099=EDGE_LOOP('',(#10100,#10110,#10120,#10130,#10140,#10150));
#10103=CARTESIAN_POINT('',(-1.1,-2.05,0.0));
#10102=VERTEX_POINT('',#10103);
#10105=CARTESIAN_POINT('',(-1.1,-2.601,0.0));
#10104=VERTEX_POINT('',#10105);
#10101=EDGE_CURVE('',#10102,#10104,#10106,.T.);
#10106=LINE('',#10103,#10108);
#10108=VECTOR('',#10109,0.550959655);
#10109=DIRECTION('',(0.0,-1.0,0.0));
#10100=ORIENTED_EDGE('',*,*,#10101,.F.);
#10113=CARTESIAN_POINT('',(-1.1,-2.05,0.051));
#10112=VERTEX_POINT('',#10113);
#10111=EDGE_CURVE('',#10112,#10102,#10116,.T.);
#10116=LINE('',#10113,#10118);
#10118=VECTOR('',#10119,0.0508);
#10119=DIRECTION('',(0.0,0.0,-1.0));
#10110=ORIENTED_EDGE('',*,*,#10111,.F.);
#10123=CARTESIAN_POINT('',(-1.1,-2.55,0.051));
#10122=VERTEX_POINT('',#10123);
#10121=EDGE_CURVE('',#10122,#10112,#10126,.T.);
#10126=LINE('',#10123,#10128);
#10128=VECTOR('',#10129,0.500159655);
#10129=DIRECTION('',(0.0,1.0,0.0));
#10120=ORIENTED_EDGE('',*,*,#10121,.F.);
#10133=CARTESIAN_POINT('',(-1.1,-2.55,0.698));
#10132=VERTEX_POINT('',#10133);
#10131=EDGE_CURVE('',#10132,#10122,#10136,.T.);
#10136=LINE('',#10133,#10138);
#10138=VECTOR('',#10139,0.6476873);
#10139=DIRECTION('',(0.0,0.0,-1.0));
#10130=ORIENTED_EDGE('',*,*,#10131,.F.);
#10143=CARTESIAN_POINT('',(-1.1,-2.601,0.698));
#10142=VERTEX_POINT('',#10143);
#10141=EDGE_CURVE('',#10142,#10132,#10146,.T.);
#10146=LINE('',#10143,#10148);
#10148=VECTOR('',#10149,0.0508);
#10149=DIRECTION('',(0.0,1.0,0.0));
#10140=ORIENTED_EDGE('',*,*,#10141,.F.);
#10151=EDGE_CURVE('',#10104,#10142,#10156,.T.);
#10156=LINE('',#10105,#10158);
#10158=VECTOR('',#10159,0.6984873);
#10159=DIRECTION('',(0.0,0.0,1.0));
#10150=ORIENTED_EDGE('',*,*,#10151,.F.);
#10160=STYLED_ITEM('',(#34),#10161);
#10161=ADVANCED_FACE('',(#10167),#10162,.T.);
#10162=PLANE('',#10163);
#10163=AXIS2_PLACEMENT_3D('',#10164,#10165,#10166);
#10164=CARTESIAN_POINT('',(-1.4,-2.05,0.0));
#10165=DIRECTION('',(-1.0,0.0,0.0));
#10166=DIRECTION('',(0.,0.,1.));
#10167=FACE_OUTER_BOUND('',#10168,.T.);
#10168=EDGE_LOOP('',(#10169,#10179,#10189,#10199,#10209,#10219));
#10172=CARTESIAN_POINT('',(-1.4,-2.601,0.0));
#10171=VERTEX_POINT('',#10172);
#10174=CARTESIAN_POINT('',(-1.4,-2.05,0.0));
#10173=VERTEX_POINT('',#10174);
#10170=EDGE_CURVE('',#10171,#10173,#10175,.T.);
#10175=LINE('',#10172,#10177);
#10177=VECTOR('',#10178,0.550959655);
#10178=DIRECTION('',(0.0,1.0,0.0));
#10169=ORIENTED_EDGE('',*,*,#10170,.F.);
#10182=CARTESIAN_POINT('',(-1.4,-2.601,0.698));
#10181=VERTEX_POINT('',#10182);
#10180=EDGE_CURVE('',#10181,#10171,#10185,.T.);
#10185=LINE('',#10182,#10187);
#10187=VECTOR('',#10188,0.6984873);
#10188=DIRECTION('',(0.0,0.0,-1.0));
#10179=ORIENTED_EDGE('',*,*,#10180,.F.);
#10192=CARTESIAN_POINT('',(-1.4,-2.55,0.698));
#10191=VERTEX_POINT('',#10192);
#10190=EDGE_CURVE('',#10191,#10181,#10195,.T.);
#10195=LINE('',#10192,#10197);
#10197=VECTOR('',#10198,0.0508);
#10198=DIRECTION('',(0.0,-1.0,0.0));
#10189=ORIENTED_EDGE('',*,*,#10190,.F.);
#10202=CARTESIAN_POINT('',(-1.4,-2.55,0.051));
#10201=VERTEX_POINT('',#10202);
#10200=EDGE_CURVE('',#10201,#10191,#10205,.T.);
#10205=LINE('',#10202,#10207);
#10207=VECTOR('',#10208,0.6476873);
#10208=DIRECTION('',(0.0,0.0,1.0));
#10199=ORIENTED_EDGE('',*,*,#10200,.F.);
#10212=CARTESIAN_POINT('',(-1.4,-2.05,0.051));
#10211=VERTEX_POINT('',#10212);
#10210=EDGE_CURVE('',#10211,#10201,#10215,.T.);
#10215=LINE('',#10212,#10217);
#10217=VECTOR('',#10218,0.500159655);
#10218=DIRECTION('',(0.0,-1.0,0.0));
#10209=ORIENTED_EDGE('',*,*,#10210,.F.);
#10220=EDGE_CURVE('',#10173,#10211,#10225,.T.);
#10225=LINE('',#10174,#10227);
#10227=VECTOR('',#10228,0.0508);
#10228=DIRECTION('',(0.0,0.0,1.0));
#10219=ORIENTED_EDGE('',*,*,#10220,.F.);
#10229=STYLED_ITEM('',(#34),#10230);
#10230=ADVANCED_FACE('',(#10236),#10231,.T.);
#10231=PLANE('',#10232);
#10232=AXIS2_PLACEMENT_3D('',#10233,#10234,#10235);
#10233=CARTESIAN_POINT('',(-1.1,-2.601,0.698));
#10234=DIRECTION('',(0.0,0.0,1.0));
#10235=DIRECTION('',(0.,1.,0.));
#10236=FACE_OUTER_BOUND('',#10237,.T.);
#10237=EDGE_LOOP('',(#10238,#10248,#10258,#10268));
#10238=ORIENTED_EDGE('',*,*,#10141,.T.);
#10249=EDGE_CURVE('',#10191,#10132,#10254,.T.);
#10254=LINE('',#10192,#10256);
#10256=VECTOR('',#10257,0.299999908);
#10257=DIRECTION('',(1.0,0.0,0.0));
#10248=ORIENTED_EDGE('',*,*,#10249,.F.);
#10258=ORIENTED_EDGE('',*,*,#10190,.T.);
#10269=EDGE_CURVE('',#10142,#10181,#10274,.T.);
#10274=LINE('',#10143,#10276);
#10276=VECTOR('',#10277,0.299999908);
#10277=DIRECTION('',(-1.0,0.0,0.0));
#10268=ORIENTED_EDGE('',*,*,#10269,.F.);
#10278=STYLED_ITEM('',(#34),#10279);
#10279=ADVANCED_FACE('',(#10285),#10280,.T.);
#10280=PLANE('',#10281);
#10281=AXIS2_PLACEMENT_3D('',#10282,#10283,#10284);
#10282=CARTESIAN_POINT('',(-1.1,-2.55,0.051));
#10283=DIRECTION('',(0.0,0.0,1.0));
#10284=DIRECTION('',(0.,1.,0.));
#10285=FACE_OUTER_BOUND('',#10286,.T.);
#10286=EDGE_LOOP('',(#10287,#10297,#10307,#10317));
#10287=ORIENTED_EDGE('',*,*,#10121,.T.);
#10298=EDGE_CURVE('',#10211,#10112,#10303,.T.);
#10303=LINE('',#10212,#10305);
#10305=VECTOR('',#10306,0.299999908);
#10306=DIRECTION('',(1.0,0.0,0.0));
#10297=ORIENTED_EDGE('',*,*,#10298,.F.);
#10307=ORIENTED_EDGE('',*,*,#10210,.T.);
#10318=EDGE_CURVE('',#10122,#10201,#10323,.T.);
#10323=LINE('',#10123,#10325);
#10325=VECTOR('',#10326,0.299999908);
#10326=DIRECTION('',(-1.0,0.0,0.0));
#10317=ORIENTED_EDGE('',*,*,#10318,.F.);
#10327=STYLED_ITEM('',(#34),#10328);
#10328=ADVANCED_FACE('',(#10334),#10329,.T.);
#10329=PLANE('',#10330);
#10330=AXIS2_PLACEMENT_3D('',#10331,#10332,#10333);
#10331=CARTESIAN_POINT('',(-1.4,-2.601,0.0));
#10332=DIRECTION('',(0.0,-1.0,0.0));
#10333=DIRECTION('',(0.,0.,1.));
#10334=FACE_OUTER_BOUND('',#10335,.T.);
#10335=EDGE_LOOP('',(#10336,#10346,#10356,#10366));
#10337=EDGE_CURVE('',#10104,#10171,#10342,.T.);
#10342=LINE('',#10105,#10344);
#10344=VECTOR('',#10345,0.299999908);
#10345=DIRECTION('',(-1.0,0.0,0.0));
#10336=ORIENTED_EDGE('',*,*,#10337,.F.);
#10346=ORIENTED_EDGE('',*,*,#10151,.T.);
#10356=ORIENTED_EDGE('',*,*,#10269,.T.);
#10366=ORIENTED_EDGE('',*,*,#10180,.T.);
#10376=STYLED_ITEM('',(#34),#10377);
#10377=ADVANCED_FACE('',(#10383),#10378,.T.);
#10378=PLANE('',#10379);
#10379=AXIS2_PLACEMENT_3D('',#10380,#10381,#10382);
#10380=CARTESIAN_POINT('',(-1.1,-2.05,0.0));
#10381=DIRECTION('',(0.0,1.0,0.0));
#10382=DIRECTION('',(0.,0.,1.));
#10383=FACE_OUTER_BOUND('',#10384,.T.);
#10384=EDGE_LOOP('',(#10385,#10395,#10405,#10415));
#10386=EDGE_CURVE('',#10173,#10102,#10391,.T.);
#10391=LINE('',#10174,#10393);
#10393=VECTOR('',#10394,0.299999908);
#10394=DIRECTION('',(1.0,0.0,0.0));
#10385=ORIENTED_EDGE('',*,*,#10386,.F.);
#10395=ORIENTED_EDGE('',*,*,#10220,.T.);
#10405=ORIENTED_EDGE('',*,*,#10298,.T.);
#10415=ORIENTED_EDGE('',*,*,#10111,.T.);
#10425=STYLED_ITEM('',(#34),#10426);
#10426=ADVANCED_FACE('',(#10432),#10427,.T.);
#10427=PLANE('',#10428);
#10428=AXIS2_PLACEMENT_3D('',#10429,#10430,#10431);
#10429=CARTESIAN_POINT('',(-1.1,-2.55,0.051));
#10430=DIRECTION('',(0.0,1.0,0.0));
#10431=DIRECTION('',(0.,0.,1.));
#10432=FACE_OUTER_BOUND('',#10433,.T.);
#10433=EDGE_LOOP('',(#10434,#10444,#10454,#10464));
#10434=ORIENTED_EDGE('',*,*,#10318,.T.);
#10444=ORIENTED_EDGE('',*,*,#10200,.T.);
#10454=ORIENTED_EDGE('',*,*,#10249,.T.);
#10464=ORIENTED_EDGE('',*,*,#10131,.T.);
#10474=STYLED_ITEM('',(#34),#10475);
#10475=ADVANCED_FACE('',(#10481),#10476,.T.);
#10476=PLANE('',#10477);
#10477=AXIS2_PLACEMENT_3D('',#10478,#10479,#10480);
#10478=CARTESIAN_POINT('',(-1.4,-2.601,0.0));
#10479=DIRECTION('',(0.0,0.0,-1.0));
#10480=DIRECTION('',(0.,1.,0.));
#10481=FACE_OUTER_BOUND('',#10482,.T.);
#10482=EDGE_LOOP('',(#10483,#10493,#10503,#10513));
#10483=ORIENTED_EDGE('',*,*,#10170,.T.);
#10493=ORIENTED_EDGE('',*,*,#10386,.T.);
#10503=ORIENTED_EDGE('',*,*,#10101,.T.);
#10513=ORIENTED_EDGE('',*,*,#10337,.T.);
#10523=MANIFOLD_SOLID_BREP($,#10524);
#10524=CLOSED_SHELL('',(#10526,#10595,#10664,#10713,#10762,#10811,#10860,#10909));
#10525=STYLED_ITEM('',(#34),#10526);
#10526=ADVANCED_FACE('',(#10532),#10527,.T.);
#10527=PLANE('',#10528);
#10528=AXIS2_PLACEMENT_3D('',#10529,#10530,#10531);
#10529=CARTESIAN_POINT('',(-1.6,-2.601,0.0));
#10530=DIRECTION('',(1.0,0.0,0.0));
#10531=DIRECTION('',(0.,0.,1.));
#10532=FACE_OUTER_BOUND('',#10533,.T.);
#10533=EDGE_LOOP('',(#10534,#10544,#10554,#10564,#10574,#10584));
#10537=CARTESIAN_POINT('',(-1.6,-2.05,0.0));
#10536=VERTEX_POINT('',#10537);
#10539=CARTESIAN_POINT('',(-1.6,-2.601,0.0));
#10538=VERTEX_POINT('',#10539);
#10535=EDGE_CURVE('',#10536,#10538,#10540,.T.);
#10540=LINE('',#10537,#10542);
#10542=VECTOR('',#10543,0.550959655);
#10543=DIRECTION('',(0.0,-1.0,0.0));
#10534=ORIENTED_EDGE('',*,*,#10535,.F.);
#10547=CARTESIAN_POINT('',(-1.6,-2.05,0.051));
#10546=VERTEX_POINT('',#10547);
#10545=EDGE_CURVE('',#10546,#10536,#10550,.T.);
#10550=LINE('',#10547,#10552);
#10552=VECTOR('',#10553,0.0508);
#10553=DIRECTION('',(0.0,0.0,-1.0));
#10544=ORIENTED_EDGE('',*,*,#10545,.F.);
#10557=CARTESIAN_POINT('',(-1.6,-2.55,0.051));
#10556=VERTEX_POINT('',#10557);
#10555=EDGE_CURVE('',#10556,#10546,#10560,.T.);
#10560=LINE('',#10557,#10562);
#10562=VECTOR('',#10563,0.500159655);
#10563=DIRECTION('',(0.0,1.0,0.0));
#10554=ORIENTED_EDGE('',*,*,#10555,.F.);
#10567=CARTESIAN_POINT('',(-1.6,-2.55,0.698));
#10566=VERTEX_POINT('',#10567);
#10565=EDGE_CURVE('',#10566,#10556,#10570,.T.);
#10570=LINE('',#10567,#10572);
#10572=VECTOR('',#10573,0.6476873);
#10573=DIRECTION('',(0.0,0.0,-1.0));
#10564=ORIENTED_EDGE('',*,*,#10565,.F.);
#10577=CARTESIAN_POINT('',(-1.6,-2.601,0.698));
#10576=VERTEX_POINT('',#10577);
#10575=EDGE_CURVE('',#10576,#10566,#10580,.T.);
#10580=LINE('',#10577,#10582);
#10582=VECTOR('',#10583,0.0508);
#10583=DIRECTION('',(0.0,1.0,0.0));
#10574=ORIENTED_EDGE('',*,*,#10575,.F.);
#10585=EDGE_CURVE('',#10538,#10576,#10590,.T.);
#10590=LINE('',#10539,#10592);
#10592=VECTOR('',#10593,0.6984873);
#10593=DIRECTION('',(0.0,0.0,1.0));
#10584=ORIENTED_EDGE('',*,*,#10585,.F.);
#10594=STYLED_ITEM('',(#34),#10595);
#10595=ADVANCED_FACE('',(#10601),#10596,.T.);
#10596=PLANE('',#10597);
#10597=AXIS2_PLACEMENT_3D('',#10598,#10599,#10600);
#10598=CARTESIAN_POINT('',(-1.9,-2.05,0.0));
#10599=DIRECTION('',(-1.0,0.0,0.0));
#10600=DIRECTION('',(0.,0.,1.));
#10601=FACE_OUTER_BOUND('',#10602,.T.);
#10602=EDGE_LOOP('',(#10603,#10613,#10623,#10633,#10643,#10653));
#10606=CARTESIAN_POINT('',(-1.9,-2.601,0.0));
#10605=VERTEX_POINT('',#10606);
#10608=CARTESIAN_POINT('',(-1.9,-2.05,0.0));
#10607=VERTEX_POINT('',#10608);
#10604=EDGE_CURVE('',#10605,#10607,#10609,.T.);
#10609=LINE('',#10606,#10611);
#10611=VECTOR('',#10612,0.550959655);
#10612=DIRECTION('',(0.0,1.0,0.0));
#10603=ORIENTED_EDGE('',*,*,#10604,.F.);
#10616=CARTESIAN_POINT('',(-1.9,-2.601,0.698));
#10615=VERTEX_POINT('',#10616);
#10614=EDGE_CURVE('',#10615,#10605,#10619,.T.);
#10619=LINE('',#10616,#10621);
#10621=VECTOR('',#10622,0.6984873);
#10622=DIRECTION('',(0.0,0.0,-1.0));
#10613=ORIENTED_EDGE('',*,*,#10614,.F.);
#10626=CARTESIAN_POINT('',(-1.9,-2.55,0.698));
#10625=VERTEX_POINT('',#10626);
#10624=EDGE_CURVE('',#10625,#10615,#10629,.T.);
#10629=LINE('',#10626,#10631);
#10631=VECTOR('',#10632,0.0508);
#10632=DIRECTION('',(0.0,-1.0,0.0));
#10623=ORIENTED_EDGE('',*,*,#10624,.F.);
#10636=CARTESIAN_POINT('',(-1.9,-2.55,0.051));
#10635=VERTEX_POINT('',#10636);
#10634=EDGE_CURVE('',#10635,#10625,#10639,.T.);
#10639=LINE('',#10636,#10641);
#10641=VECTOR('',#10642,0.6476873);
#10642=DIRECTION('',(0.0,0.0,1.0));
#10633=ORIENTED_EDGE('',*,*,#10634,.F.);
#10646=CARTESIAN_POINT('',(-1.9,-2.05,0.051));
#10645=VERTEX_POINT('',#10646);
#10644=EDGE_CURVE('',#10645,#10635,#10649,.T.);
#10649=LINE('',#10646,#10651);
#10651=VECTOR('',#10652,0.500159655);
#10652=DIRECTION('',(0.0,-1.0,0.0));
#10643=ORIENTED_EDGE('',*,*,#10644,.F.);
#10654=EDGE_CURVE('',#10607,#10645,#10659,.T.);
#10659=LINE('',#10608,#10661);
#10661=VECTOR('',#10662,0.0508);
#10662=DIRECTION('',(0.0,0.0,1.0));
#10653=ORIENTED_EDGE('',*,*,#10654,.F.);
#10663=STYLED_ITEM('',(#34),#10664);
#10664=ADVANCED_FACE('',(#10670),#10665,.T.);
#10665=PLANE('',#10666);
#10666=AXIS2_PLACEMENT_3D('',#10667,#10668,#10669);
#10667=CARTESIAN_POINT('',(-1.6,-2.601,0.698));
#10668=DIRECTION('',(0.0,0.0,1.0));
#10669=DIRECTION('',(0.,1.,0.));
#10670=FACE_OUTER_BOUND('',#10671,.T.);
#10671=EDGE_LOOP('',(#10672,#10682,#10692,#10702));
#10672=ORIENTED_EDGE('',*,*,#10575,.T.);
#10683=EDGE_CURVE('',#10625,#10566,#10688,.T.);
#10688=LINE('',#10626,#10690);
#10690=VECTOR('',#10691,0.299999908);
#10691=DIRECTION('',(1.0,0.0,0.0));
#10682=ORIENTED_EDGE('',*,*,#10683,.F.);
#10692=ORIENTED_EDGE('',*,*,#10624,.T.);
#10703=EDGE_CURVE('',#10576,#10615,#10708,.T.);
#10708=LINE('',#10577,#10710);
#10710=VECTOR('',#10711,0.299999908);
#10711=DIRECTION('',(-1.0,0.0,0.0));
#10702=ORIENTED_EDGE('',*,*,#10703,.F.);
#10712=STYLED_ITEM('',(#34),#10713);
#10713=ADVANCED_FACE('',(#10719),#10714,.T.);
#10714=PLANE('',#10715);
#10715=AXIS2_PLACEMENT_3D('',#10716,#10717,#10718);
#10716=CARTESIAN_POINT('',(-1.6,-2.55,0.051));
#10717=DIRECTION('',(0.0,0.0,1.0));
#10718=DIRECTION('',(0.,1.,0.));
#10719=FACE_OUTER_BOUND('',#10720,.T.);
#10720=EDGE_LOOP('',(#10721,#10731,#10741,#10751));
#10721=ORIENTED_EDGE('',*,*,#10555,.T.);
#10732=EDGE_CURVE('',#10645,#10546,#10737,.T.);
#10737=LINE('',#10646,#10739);
#10739=VECTOR('',#10740,0.299999908);
#10740=DIRECTION('',(1.0,0.0,0.0));
#10731=ORIENTED_EDGE('',*,*,#10732,.F.);
#10741=ORIENTED_EDGE('',*,*,#10644,.T.);
#10752=EDGE_CURVE('',#10556,#10635,#10757,.T.);
#10757=LINE('',#10557,#10759);
#10759=VECTOR('',#10760,0.299999908);
#10760=DIRECTION('',(-1.0,0.0,0.0));
#10751=ORIENTED_EDGE('',*,*,#10752,.F.);
#10761=STYLED_ITEM('',(#34),#10762);
#10762=ADVANCED_FACE('',(#10768),#10763,.T.);
#10763=PLANE('',#10764);
#10764=AXIS2_PLACEMENT_3D('',#10765,#10766,#10767);
#10765=CARTESIAN_POINT('',(-1.9,-2.601,0.0));
#10766=DIRECTION('',(0.0,-1.0,0.0));
#10767=DIRECTION('',(0.,0.,1.));
#10768=FACE_OUTER_BOUND('',#10769,.T.);
#10769=EDGE_LOOP('',(#10770,#10780,#10790,#10800));
#10771=EDGE_CURVE('',#10538,#10605,#10776,.T.);
#10776=LINE('',#10539,#10778);
#10778=VECTOR('',#10779,0.299999908);
#10779=DIRECTION('',(-1.0,0.0,0.0));
#10770=ORIENTED_EDGE('',*,*,#10771,.F.);
#10780=ORIENTED_EDGE('',*,*,#10585,.T.);
#10790=ORIENTED_EDGE('',*,*,#10703,.T.);
#10800=ORIENTED_EDGE('',*,*,#10614,.T.);
#10810=STYLED_ITEM('',(#34),#10811);
#10811=ADVANCED_FACE('',(#10817),#10812,.T.);
#10812=PLANE('',#10813);
#10813=AXIS2_PLACEMENT_3D('',#10814,#10815,#10816);
#10814=CARTESIAN_POINT('',(-1.6,-2.05,0.0));
#10815=DIRECTION('',(0.0,1.0,0.0));
#10816=DIRECTION('',(0.,0.,1.));
#10817=FACE_OUTER_BOUND('',#10818,.T.);
#10818=EDGE_LOOP('',(#10819,#10829,#10839,#10849));
#10820=EDGE_CURVE('',#10607,#10536,#10825,.T.);
#10825=LINE('',#10608,#10827);
#10827=VECTOR('',#10828,0.299999908);
#10828=DIRECTION('',(1.0,0.0,0.0));
#10819=ORIENTED_EDGE('',*,*,#10820,.F.);
#10829=ORIENTED_EDGE('',*,*,#10654,.T.);
#10839=ORIENTED_EDGE('',*,*,#10732,.T.);
#10849=ORIENTED_EDGE('',*,*,#10545,.T.);
#10859=STYLED_ITEM('',(#34),#10860);
#10860=ADVANCED_FACE('',(#10866),#10861,.T.);
#10861=PLANE('',#10862);
#10862=AXIS2_PLACEMENT_3D('',#10863,#10864,#10865);
#10863=CARTESIAN_POINT('',(-1.6,-2.55,0.051));
#10864=DIRECTION('',(0.0,1.0,0.0));
#10865=DIRECTION('',(0.,0.,1.));
#10866=FACE_OUTER_BOUND('',#10867,.T.);
#10867=EDGE_LOOP('',(#10868,#10878,#10888,#10898));
#10868=ORIENTED_EDGE('',*,*,#10752,.T.);
#10878=ORIENTED_EDGE('',*,*,#10634,.T.);
#10888=ORIENTED_EDGE('',*,*,#10683,.T.);
#10898=ORIENTED_EDGE('',*,*,#10565,.T.);
#10908=STYLED_ITEM('',(#34),#10909);
#10909=ADVANCED_FACE('',(#10915),#10910,.T.);
#10910=PLANE('',#10911);
#10911=AXIS2_PLACEMENT_3D('',#10912,#10913,#10914);
#10912=CARTESIAN_POINT('',(-1.9,-2.601,0.0));
#10913=DIRECTION('',(0.0,0.0,-1.0));
#10914=DIRECTION('',(0.,1.,0.));
#10915=FACE_OUTER_BOUND('',#10916,.T.);
#10916=EDGE_LOOP('',(#10917,#10927,#10937,#10947));
#10917=ORIENTED_EDGE('',*,*,#10604,.T.);
#10927=ORIENTED_EDGE('',*,*,#10820,.T.);
#10937=ORIENTED_EDGE('',*,*,#10535,.T.);
#10947=ORIENTED_EDGE('',*,*,#10771,.T.);
#10957=MANIFOLD_SOLID_BREP($,#10958);
#10958=CLOSED_SHELL('',(#10960,#11029,#11098,#11147,#11196,#11245,#11294,#11343));
#10959=STYLED_ITEM('',(#34),#10960);
#10960=ADVANCED_FACE('',(#10966),#10961,.T.);
#10961=PLANE('',#10962);
#10962=AXIS2_PLACEMENT_3D('',#10963,#10964,#10965);
#10963=CARTESIAN_POINT('',(-1.9,2.601,0.0));
#10964=DIRECTION('',(-1.0,0.0,0.0));
#10965=DIRECTION('',(0.,0.,1.));
#10966=FACE_OUTER_BOUND('',#10967,.T.);
#10967=EDGE_LOOP('',(#10968,#10978,#10988,#10998,#11008,#11018));
#10971=CARTESIAN_POINT('',(-1.9,2.05,0.0));
#10970=VERTEX_POINT('',#10971);
#10973=CARTESIAN_POINT('',(-1.9,2.601,0.0));
#10972=VERTEX_POINT('',#10973);
#10969=EDGE_CURVE('',#10970,#10972,#10974,.T.);
#10974=LINE('',#10971,#10976);
#10976=VECTOR('',#10977,0.550959655);
#10977=DIRECTION('',(0.0,1.0,0.0));
#10968=ORIENTED_EDGE('',*,*,#10969,.F.);
#10981=CARTESIAN_POINT('',(-1.9,2.05,0.051));
#10980=VERTEX_POINT('',#10981);
#10979=EDGE_CURVE('',#10980,#10970,#10984,.T.);
#10984=LINE('',#10981,#10986);
#10986=VECTOR('',#10987,0.0508);
#10987=DIRECTION('',(0.0,0.0,-1.0));
#10978=ORIENTED_EDGE('',*,*,#10979,.F.);
#10991=CARTESIAN_POINT('',(-1.9,2.55,0.051));
#10990=VERTEX_POINT('',#10991);
#10989=EDGE_CURVE('',#10990,#10980,#10994,.T.);
#10994=LINE('',#10991,#10996);
#10996=VECTOR('',#10997,0.500159655);
#10997=DIRECTION('',(0.0,-1.0,0.0));
#10988=ORIENTED_EDGE('',*,*,#10989,.F.);
#11001=CARTESIAN_POINT('',(-1.9,2.55,0.698));
#11000=VERTEX_POINT('',#11001);
#10999=EDGE_CURVE('',#11000,#10990,#11004,.T.);
#11004=LINE('',#11001,#11006);
#11006=VECTOR('',#11007,0.6476873);
#11007=DIRECTION('',(0.0,0.0,-1.0));
#10998=ORIENTED_EDGE('',*,*,#10999,.F.);
#11011=CARTESIAN_POINT('',(-1.9,2.601,0.698));
#11010=VERTEX_POINT('',#11011);
#11009=EDGE_CURVE('',#11010,#11000,#11014,.T.);
#11014=LINE('',#11011,#11016);
#11016=VECTOR('',#11017,0.0508);
#11017=DIRECTION('',(0.0,-1.0,0.0));
#11008=ORIENTED_EDGE('',*,*,#11009,.F.);
#11019=EDGE_CURVE('',#10972,#11010,#11024,.T.);
#11024=LINE('',#10973,#11026);
#11026=VECTOR('',#11027,0.6984873);
#11027=DIRECTION('',(0.0,0.0,1.0));
#11018=ORIENTED_EDGE('',*,*,#11019,.F.);
#11028=STYLED_ITEM('',(#34),#11029);
#11029=ADVANCED_FACE('',(#11035),#11030,.T.);
#11030=PLANE('',#11031);
#11031=AXIS2_PLACEMENT_3D('',#11032,#11033,#11034);
#11032=CARTESIAN_POINT('',(-1.6,2.05,0.0));
#11033=DIRECTION('',(1.0,0.0,0.0));
#11034=DIRECTION('',(0.,0.,1.));
#11035=FACE_OUTER_BOUND('',#11036,.T.);
#11036=EDGE_LOOP('',(#11037,#11047,#11057,#11067,#11077,#11087));
#11040=CARTESIAN_POINT('',(-1.6,2.601,0.0));
#11039=VERTEX_POINT('',#11040);
#11042=CARTESIAN_POINT('',(-1.6,2.05,0.0));
#11041=VERTEX_POINT('',#11042);
#11038=EDGE_CURVE('',#11039,#11041,#11043,.T.);
#11043=LINE('',#11040,#11045);
#11045=VECTOR('',#11046,0.550959655);
#11046=DIRECTION('',(0.0,-1.0,0.0));
#11037=ORIENTED_EDGE('',*,*,#11038,.F.);
#11050=CARTESIAN_POINT('',(-1.6,2.601,0.698));
#11049=VERTEX_POINT('',#11050);
#11048=EDGE_CURVE('',#11049,#11039,#11053,.T.);
#11053=LINE('',#11050,#11055);
#11055=VECTOR('',#11056,0.6984873);
#11056=DIRECTION('',(0.0,0.0,-1.0));
#11047=ORIENTED_EDGE('',*,*,#11048,.F.);
#11060=CARTESIAN_POINT('',(-1.6,2.55,0.698));
#11059=VERTEX_POINT('',#11060);
#11058=EDGE_CURVE('',#11059,#11049,#11063,.T.);
#11063=LINE('',#11060,#11065);
#11065=VECTOR('',#11066,0.0508);
#11066=DIRECTION('',(0.0,1.0,0.0));
#11057=ORIENTED_EDGE('',*,*,#11058,.F.);
#11070=CARTESIAN_POINT('',(-1.6,2.55,0.051));
#11069=VERTEX_POINT('',#11070);
#11068=EDGE_CURVE('',#11069,#11059,#11073,.T.);
#11073=LINE('',#11070,#11075);
#11075=VECTOR('',#11076,0.6476873);
#11076=DIRECTION('',(0.0,0.0,1.0));
#11067=ORIENTED_EDGE('',*,*,#11068,.F.);
#11080=CARTESIAN_POINT('',(-1.6,2.05,0.051));
#11079=VERTEX_POINT('',#11080);
#11078=EDGE_CURVE('',#11079,#11069,#11083,.T.);
#11083=LINE('',#11080,#11085);
#11085=VECTOR('',#11086,0.500159655);
#11086=DIRECTION('',(0.0,1.0,0.0));
#11077=ORIENTED_EDGE('',*,*,#11078,.F.);
#11088=EDGE_CURVE('',#11041,#11079,#11093,.T.);
#11093=LINE('',#11042,#11095);
#11095=VECTOR('',#11096,0.0508);
#11096=DIRECTION('',(0.0,0.0,1.0));
#11087=ORIENTED_EDGE('',*,*,#11088,.F.);
#11097=STYLED_ITEM('',(#34),#11098);
#11098=ADVANCED_FACE('',(#11104),#11099,.T.);
#11099=PLANE('',#11100);
#11100=AXIS2_PLACEMENT_3D('',#11101,#11102,#11103);
#11101=CARTESIAN_POINT('',(-1.9,2.601,0.698));
#11102=DIRECTION('',(0.0,0.0,1.0));
#11103=DIRECTION('',(0.,1.,0.));
#11104=FACE_OUTER_BOUND('',#11105,.T.);
#11105=EDGE_LOOP('',(#11106,#11116,#11126,#11136));
#11106=ORIENTED_EDGE('',*,*,#11009,.T.);
#11117=EDGE_CURVE('',#11059,#11000,#11122,.T.);
#11122=LINE('',#11060,#11124);
#11124=VECTOR('',#11125,0.299999908);
#11125=DIRECTION('',(-1.0,0.0,0.0));
#11116=ORIENTED_EDGE('',*,*,#11117,.F.);
#11126=ORIENTED_EDGE('',*,*,#11058,.T.);
#11137=EDGE_CURVE('',#11010,#11049,#11142,.T.);
#11142=LINE('',#11011,#11144);
#11144=VECTOR('',#11145,0.299999908);
#11145=DIRECTION('',(1.0,0.0,0.0));
#11136=ORIENTED_EDGE('',*,*,#11137,.F.);
#11146=STYLED_ITEM('',(#34),#11147);
#11147=ADVANCED_FACE('',(#11153),#11148,.T.);
#11148=PLANE('',#11149);
#11149=AXIS2_PLACEMENT_3D('',#11150,#11151,#11152);
#11150=CARTESIAN_POINT('',(-1.9,2.55,0.051));
#11151=DIRECTION('',(0.0,0.0,1.0));
#11152=DIRECTION('',(0.,1.,0.));
#11153=FACE_OUTER_BOUND('',#11154,.T.);
#11154=EDGE_LOOP('',(#11155,#11165,#11175,#11185));
#11155=ORIENTED_EDGE('',*,*,#10989,.T.);
#11166=EDGE_CURVE('',#11079,#10980,#11171,.T.);
#11171=LINE('',#11080,#11173);
#11173=VECTOR('',#11174,0.299999908);
#11174=DIRECTION('',(-1.0,0.0,0.0));
#11165=ORIENTED_EDGE('',*,*,#11166,.F.);
#11175=ORIENTED_EDGE('',*,*,#11078,.T.);
#11186=EDGE_CURVE('',#10990,#11069,#11191,.T.);
#11191=LINE('',#10991,#11193);
#11193=VECTOR('',#11194,0.299999908);
#11194=DIRECTION('',(1.0,0.0,0.0));
#11185=ORIENTED_EDGE('',*,*,#11186,.F.);
#11195=STYLED_ITEM('',(#34),#11196);
#11196=ADVANCED_FACE('',(#11202),#11197,.T.);
#11197=PLANE('',#11198);
#11198=AXIS2_PLACEMENT_3D('',#11199,#11200,#11201);
#11199=CARTESIAN_POINT('',(-1.6,2.601,0.0));
#11200=DIRECTION('',(0.0,1.0,0.0));
#11201=DIRECTION('',(0.,0.,1.));
#11202=FACE_OUTER_BOUND('',#11203,.T.);
#11203=EDGE_LOOP('',(#11204,#11214,#11224,#11234));
#11205=EDGE_CURVE('',#10972,#11039,#11210,.T.);
#11210=LINE('',#10973,#11212);
#11212=VECTOR('',#11213,0.299999908);
#11213=DIRECTION('',(1.0,0.0,0.0));
#11204=ORIENTED_EDGE('',*,*,#11205,.F.);
#11214=ORIENTED_EDGE('',*,*,#11019,.T.);
#11224=ORIENTED_EDGE('',*,*,#11137,.T.);
#11234=ORIENTED_EDGE('',*,*,#11048,.T.);
#11244=STYLED_ITEM('',(#34),#11245);
#11245=ADVANCED_FACE('',(#11251),#11246,.T.);
#11246=PLANE('',#11247);
#11247=AXIS2_PLACEMENT_3D('',#11248,#11249,#11250);
#11248=CARTESIAN_POINT('',(-1.9,2.05,0.0));
#11249=DIRECTION('',(0.0,-1.0,0.0));
#11250=DIRECTION('',(0.,0.,1.));
#11251=FACE_OUTER_BOUND('',#11252,.T.);
#11252=EDGE_LOOP('',(#11253,#11263,#11273,#11283));
#11254=EDGE_CURVE('',#11041,#10970,#11259,.T.);
#11259=LINE('',#11042,#11261);
#11261=VECTOR('',#11262,0.299999908);
#11262=DIRECTION('',(-1.0,0.0,0.0));
#11253=ORIENTED_EDGE('',*,*,#11254,.F.);
#11263=ORIENTED_EDGE('',*,*,#11088,.T.);
#11273=ORIENTED_EDGE('',*,*,#11166,.T.);
#11283=ORIENTED_EDGE('',*,*,#10979,.T.);
#11293=STYLED_ITEM('',(#34),#11294);
#11294=ADVANCED_FACE('',(#11300),#11295,.T.);
#11295=PLANE('',#11296);
#11296=AXIS2_PLACEMENT_3D('',#11297,#11298,#11299);
#11297=CARTESIAN_POINT('',(-1.9,2.55,0.051));
#11298=DIRECTION('',(0.0,-1.0,0.0));
#11299=DIRECTION('',(0.,0.,1.));
#11300=FACE_OUTER_BOUND('',#11301,.T.);
#11301=EDGE_LOOP('',(#11302,#11312,#11322,#11332));
#11302=ORIENTED_EDGE('',*,*,#11186,.T.);
#11312=ORIENTED_EDGE('',*,*,#11068,.T.);
#11322=ORIENTED_EDGE('',*,*,#11117,.T.);
#11332=ORIENTED_EDGE('',*,*,#10999,.T.);
#11342=STYLED_ITEM('',(#34),#11343);
#11343=ADVANCED_FACE('',(#11349),#11344,.T.);
#11344=PLANE('',#11345);
#11345=AXIS2_PLACEMENT_3D('',#11346,#11347,#11348);
#11346=CARTESIAN_POINT('',(-1.6,2.601,0.0));
#11347=DIRECTION('',(0.0,0.0,-1.0));
#11348=DIRECTION('',(0.,1.,0.));
#11349=FACE_OUTER_BOUND('',#11350,.T.);
#11350=EDGE_LOOP('',(#11351,#11361,#11371,#11381));
#11351=ORIENTED_EDGE('',*,*,#11038,.T.);
#11361=ORIENTED_EDGE('',*,*,#11254,.T.);
#11371=ORIENTED_EDGE('',*,*,#10969,.T.);
#11381=ORIENTED_EDGE('',*,*,#11205,.T.);
#11391=MANIFOLD_SOLID_BREP($,#11392);
#11392=CLOSED_SHELL('',(#11394,#11463,#11532,#11581,#11630,#11679,#11728,#11777));
#11393=STYLED_ITEM('',(#34),#11394);
#11394=ADVANCED_FACE('',(#11400),#11395,.T.);
#11395=PLANE('',#11396);
#11396=AXIS2_PLACEMENT_3D('',#11397,#11398,#11399);
#11397=CARTESIAN_POINT('',(-1.4,2.601,0.0));
#11398=DIRECTION('',(-1.0,0.0,0.0));
#11399=DIRECTION('',(0.,0.,1.));
#11400=FACE_OUTER_BOUND('',#11401,.T.);
#11401=EDGE_LOOP('',(#11402,#11412,#11422,#11432,#11442,#11452));
#11405=CARTESIAN_POINT('',(-1.4,2.05,0.0));
#11404=VERTEX_POINT('',#11405);
#11407=CARTESIAN_POINT('',(-1.4,2.601,0.0));
#11406=VERTEX_POINT('',#11407);
#11403=EDGE_CURVE('',#11404,#11406,#11408,.T.);
#11408=LINE('',#11405,#11410);
#11410=VECTOR('',#11411,0.550959655);
#11411=DIRECTION('',(0.0,1.0,0.0));
#11402=ORIENTED_EDGE('',*,*,#11403,.F.);
#11415=CARTESIAN_POINT('',(-1.4,2.05,0.051));
#11414=VERTEX_POINT('',#11415);
#11413=EDGE_CURVE('',#11414,#11404,#11418,.T.);
#11418=LINE('',#11415,#11420);
#11420=VECTOR('',#11421,0.0508);
#11421=DIRECTION('',(0.0,0.0,-1.0));
#11412=ORIENTED_EDGE('',*,*,#11413,.F.);
#11425=CARTESIAN_POINT('',(-1.4,2.55,0.051));
#11424=VERTEX_POINT('',#11425);
#11423=EDGE_CURVE('',#11424,#11414,#11428,.T.);
#11428=LINE('',#11425,#11430);
#11430=VECTOR('',#11431,0.500159655);
#11431=DIRECTION('',(0.0,-1.0,0.0));
#11422=ORIENTED_EDGE('',*,*,#11423,.F.);
#11435=CARTESIAN_POINT('',(-1.4,2.55,0.698));
#11434=VERTEX_POINT('',#11435);
#11433=EDGE_CURVE('',#11434,#11424,#11438,.T.);
#11438=LINE('',#11435,#11440);
#11440=VECTOR('',#11441,0.6476873);
#11441=DIRECTION('',(0.0,0.0,-1.0));
#11432=ORIENTED_EDGE('',*,*,#11433,.F.);
#11445=CARTESIAN_POINT('',(-1.4,2.601,0.698));
#11444=VERTEX_POINT('',#11445);
#11443=EDGE_CURVE('',#11444,#11434,#11448,.T.);
#11448=LINE('',#11445,#11450);
#11450=VECTOR('',#11451,0.0508);
#11451=DIRECTION('',(0.0,-1.0,0.0));
#11442=ORIENTED_EDGE('',*,*,#11443,.F.);
#11453=EDGE_CURVE('',#11406,#11444,#11458,.T.);
#11458=LINE('',#11407,#11460);
#11460=VECTOR('',#11461,0.6984873);
#11461=DIRECTION('',(0.0,0.0,1.0));
#11452=ORIENTED_EDGE('',*,*,#11453,.F.);
#11462=STYLED_ITEM('',(#34),#11463);
#11463=ADVANCED_FACE('',(#11469),#11464,.T.);
#11464=PLANE('',#11465);
#11465=AXIS2_PLACEMENT_3D('',#11466,#11467,#11468);
#11466=CARTESIAN_POINT('',(-1.1,2.05,0.0));
#11467=DIRECTION('',(1.0,0.0,0.0));
#11468=DIRECTION('',(0.,0.,1.));
#11469=FACE_OUTER_BOUND('',#11470,.T.);
#11470=EDGE_LOOP('',(#11471,#11481,#11491,#11501,#11511,#11521));
#11474=CARTESIAN_POINT('',(-1.1,2.601,0.0));
#11473=VERTEX_POINT('',#11474);
#11476=CARTESIAN_POINT('',(-1.1,2.05,0.0));
#11475=VERTEX_POINT('',#11476);
#11472=EDGE_CURVE('',#11473,#11475,#11477,.T.);
#11477=LINE('',#11474,#11479);
#11479=VECTOR('',#11480,0.550959655);
#11480=DIRECTION('',(0.0,-1.0,0.0));
#11471=ORIENTED_EDGE('',*,*,#11472,.F.);
#11484=CARTESIAN_POINT('',(-1.1,2.601,0.698));
#11483=VERTEX_POINT('',#11484);
#11482=EDGE_CURVE('',#11483,#11473,#11487,.T.);
#11487=LINE('',#11484,#11489);
#11489=VECTOR('',#11490,0.6984873);
#11490=DIRECTION('',(0.0,0.0,-1.0));
#11481=ORIENTED_EDGE('',*,*,#11482,.F.);
#11494=CARTESIAN_POINT('',(-1.1,2.55,0.698));
#11493=VERTEX_POINT('',#11494);
#11492=EDGE_CURVE('',#11493,#11483,#11497,.T.);
#11497=LINE('',#11494,#11499);
#11499=VECTOR('',#11500,0.0508);
#11500=DIRECTION('',(0.0,1.0,0.0));
#11491=ORIENTED_EDGE('',*,*,#11492,.F.);
#11504=CARTESIAN_POINT('',(-1.1,2.55,0.051));
#11503=VERTEX_POINT('',#11504);
#11502=EDGE_CURVE('',#11503,#11493,#11507,.T.);
#11507=LINE('',#11504,#11509);
#11509=VECTOR('',#11510,0.6476873);
#11510=DIRECTION('',(0.0,0.0,1.0));
#11501=ORIENTED_EDGE('',*,*,#11502,.F.);
#11514=CARTESIAN_POINT('',(-1.1,2.05,0.051));
#11513=VERTEX_POINT('',#11514);
#11512=EDGE_CURVE('',#11513,#11503,#11517,.T.);
#11517=LINE('',#11514,#11519);
#11519=VECTOR('',#11520,0.500159655);
#11520=DIRECTION('',(0.0,1.0,0.0));
#11511=ORIENTED_EDGE('',*,*,#11512,.F.);
#11522=EDGE_CURVE('',#11475,#11513,#11527,.T.);
#11527=LINE('',#11476,#11529);
#11529=VECTOR('',#11530,0.0508);
#11530=DIRECTION('',(0.0,0.0,1.0));
#11521=ORIENTED_EDGE('',*,*,#11522,.F.);
#11531=STYLED_ITEM('',(#34),#11532);
#11532=ADVANCED_FACE('',(#11538),#11533,.T.);
#11533=PLANE('',#11534);
#11534=AXIS2_PLACEMENT_3D('',#11535,#11536,#11537);
#11535=CARTESIAN_POINT('',(-1.4,2.601,0.698));
#11536=DIRECTION('',(0.0,0.0,1.0));
#11537=DIRECTION('',(0.,1.,0.));
#11538=FACE_OUTER_BOUND('',#11539,.T.);
#11539=EDGE_LOOP('',(#11540,#11550,#11560,#11570));
#11540=ORIENTED_EDGE('',*,*,#11443,.T.);
#11551=EDGE_CURVE('',#11493,#11434,#11556,.T.);
#11556=LINE('',#11494,#11558);
#11558=VECTOR('',#11559,0.299999908);
#11559=DIRECTION('',(-1.0,0.0,0.0));
#11550=ORIENTED_EDGE('',*,*,#11551,.F.);
#11560=ORIENTED_EDGE('',*,*,#11492,.T.);
#11571=EDGE_CURVE('',#11444,#11483,#11576,.T.);
#11576=LINE('',#11445,#11578);
#11578=VECTOR('',#11579,0.299999908);
#11579=DIRECTION('',(1.0,0.0,0.0));
#11570=ORIENTED_EDGE('',*,*,#11571,.F.);
#11580=STYLED_ITEM('',(#34),#11581);
#11581=ADVANCED_FACE('',(#11587),#11582,.T.);
#11582=PLANE('',#11583);
#11583=AXIS2_PLACEMENT_3D('',#11584,#11585,#11586);
#11584=CARTESIAN_POINT('',(-1.4,2.55,0.051));
#11585=DIRECTION('',(0.0,0.0,1.0));
#11586=DIRECTION('',(0.,1.,0.));
#11587=FACE_OUTER_BOUND('',#11588,.T.);
#11588=EDGE_LOOP('',(#11589,#11599,#11609,#11619));
#11589=ORIENTED_EDGE('',*,*,#11423,.T.);
#11600=EDGE_CURVE('',#11513,#11414,#11605,.T.);
#11605=LINE('',#11514,#11607);
#11607=VECTOR('',#11608,0.299999908);
#11608=DIRECTION('',(-1.0,0.0,0.0));
#11599=ORIENTED_EDGE('',*,*,#11600,.F.);
#11609=ORIENTED_EDGE('',*,*,#11512,.T.);
#11620=EDGE_CURVE('',#11424,#11503,#11625,.T.);
#11625=LINE('',#11425,#11627);
#11627=VECTOR('',#11628,0.299999908);
#11628=DIRECTION('',(1.0,0.0,0.0));
#11619=ORIENTED_EDGE('',*,*,#11620,.F.);
#11629=STYLED_ITEM('',(#34),#11630);
#11630=ADVANCED_FACE('',(#11636),#11631,.T.);
#11631=PLANE('',#11632);
#11632=AXIS2_PLACEMENT_3D('',#11633,#11634,#11635);
#11633=CARTESIAN_POINT('',(-1.1,2.601,0.0));
#11634=DIRECTION('',(0.0,1.0,0.0));
#11635=DIRECTION('',(0.,0.,1.));
#11636=FACE_OUTER_BOUND('',#11637,.T.);
#11637=EDGE_LOOP('',(#11638,#11648,#11658,#11668));
#11639=EDGE_CURVE('',#11406,#11473,#11644,.T.);
#11644=LINE('',#11407,#11646);
#11646=VECTOR('',#11647,0.299999908);
#11647=DIRECTION('',(1.0,0.0,0.0));
#11638=ORIENTED_EDGE('',*,*,#11639,.F.);
#11648=ORIENTED_EDGE('',*,*,#11453,.T.);
#11658=ORIENTED_EDGE('',*,*,#11571,.T.);
#11668=ORIENTED_EDGE('',*,*,#11482,.T.);
#11678=STYLED_ITEM('',(#34),#11679);
#11679=ADVANCED_FACE('',(#11685),#11680,.T.);
#11680=PLANE('',#11681);
#11681=AXIS2_PLACEMENT_3D('',#11682,#11683,#11684);
#11682=CARTESIAN_POINT('',(-1.4,2.05,0.0));
#11683=DIRECTION('',(0.0,-1.0,0.0));
#11684=DIRECTION('',(0.,0.,1.));
#11685=FACE_OUTER_BOUND('',#11686,.T.);
#11686=EDGE_LOOP('',(#11687,#11697,#11707,#11717));
#11688=EDGE_CURVE('',#11475,#11404,#11693,.T.);
#11693=LINE('',#11476,#11695);
#11695=VECTOR('',#11696,0.299999908);
#11696=DIRECTION('',(-1.0,0.0,0.0));
#11687=ORIENTED_EDGE('',*,*,#11688,.F.);
#11697=ORIENTED_EDGE('',*,*,#11522,.T.);
#11707=ORIENTED_EDGE('',*,*,#11600,.T.);
#11717=ORIENTED_EDGE('',*,*,#11413,.T.);
#11727=STYLED_ITEM('',(#34),#11728);
#11728=ADVANCED_FACE('',(#11734),#11729,.T.);
#11729=PLANE('',#11730);
#11730=AXIS2_PLACEMENT_3D('',#11731,#11732,#11733);
#11731=CARTESIAN_POINT('',(-1.4,2.55,0.051));
#11732=DIRECTION('',(0.0,-1.0,0.0));
#11733=DIRECTION('',(0.,0.,1.));
#11734=FACE_OUTER_BOUND('',#11735,.T.);
#11735=EDGE_LOOP('',(#11736,#11746,#11756,#11766));
#11736=ORIENTED_EDGE('',*,*,#11620,.T.);
#11746=ORIENTED_EDGE('',*,*,#11502,.T.);
#11756=ORIENTED_EDGE('',*,*,#11551,.T.);
#11766=ORIENTED_EDGE('',*,*,#11433,.T.);
#11776=STYLED_ITEM('',(#34),#11777);
#11777=ADVANCED_FACE('',(#11783),#11778,.T.);
#11778=PLANE('',#11779);
#11779=AXIS2_PLACEMENT_3D('',#11780,#11781,#11782);
#11780=CARTESIAN_POINT('',(-1.1,2.601,0.0));
#11781=DIRECTION('',(0.0,0.0,-1.0));
#11782=DIRECTION('',(0.,1.,0.));
#11783=FACE_OUTER_BOUND('',#11784,.T.);
#11784=EDGE_LOOP('',(#11785,#11795,#11805,#11815));
#11785=ORIENTED_EDGE('',*,*,#11472,.T.);
#11795=ORIENTED_EDGE('',*,*,#11688,.T.);
#11805=ORIENTED_EDGE('',*,*,#11403,.T.);
#11815=ORIENTED_EDGE('',*,*,#11639,.T.);
#11825=MANIFOLD_SOLID_BREP($,#11826);
#11826=CLOSED_SHELL('',(#11828,#11897,#11966,#12015,#12064,#12113,#12162,#12211));
#11827=STYLED_ITEM('',(#34),#11828);
#11828=ADVANCED_FACE('',(#11834),#11829,.T.);
#11829=PLANE('',#11830);
#11830=AXIS2_PLACEMENT_3D('',#11831,#11832,#11833);
#11831=CARTESIAN_POINT('',(-0.9,2.601,0.0));
#11832=DIRECTION('',(-1.0,0.0,0.0));
#11833=DIRECTION('',(0.,0.,1.));
#11834=FACE_OUTER_BOUND('',#11835,.T.);
#11835=EDGE_LOOP('',(#11836,#11846,#11856,#11866,#11876,#11886));
#11839=CARTESIAN_POINT('',(-0.9,2.05,0.0));
#11838=VERTEX_POINT('',#11839);
#11841=CARTESIAN_POINT('',(-0.9,2.601,0.0));
#11840=VERTEX_POINT('',#11841);
#11837=EDGE_CURVE('',#11838,#11840,#11842,.T.);
#11842=LINE('',#11839,#11844);
#11844=VECTOR('',#11845,0.550959655);
#11845=DIRECTION('',(0.0,1.0,0.0));
#11836=ORIENTED_EDGE('',*,*,#11837,.F.);
#11849=CARTESIAN_POINT('',(-0.9,2.05,0.051));
#11848=VERTEX_POINT('',#11849);
#11847=EDGE_CURVE('',#11848,#11838,#11852,.T.);
#11852=LINE('',#11849,#11854);
#11854=VECTOR('',#11855,0.0508);
#11855=DIRECTION('',(0.0,0.0,-1.0));
#11846=ORIENTED_EDGE('',*,*,#11847,.F.);
#11859=CARTESIAN_POINT('',(-0.9,2.55,0.051));
#11858=VERTEX_POINT('',#11859);
#11857=EDGE_CURVE('',#11858,#11848,#11862,.T.);
#11862=LINE('',#11859,#11864);
#11864=VECTOR('',#11865,0.500159655);
#11865=DIRECTION('',(0.0,-1.0,0.0));
#11856=ORIENTED_EDGE('',*,*,#11857,.F.);
#11869=CARTESIAN_POINT('',(-0.9,2.55,0.698));
#11868=VERTEX_POINT('',#11869);
#11867=EDGE_CURVE('',#11868,#11858,#11872,.T.);
#11872=LINE('',#11869,#11874);
#11874=VECTOR('',#11875,0.6476873);
#11875=DIRECTION('',(0.0,0.0,-1.0));
#11866=ORIENTED_EDGE('',*,*,#11867,.F.);
#11879=CARTESIAN_POINT('',(-0.9,2.601,0.698));
#11878=VERTEX_POINT('',#11879);
#11877=EDGE_CURVE('',#11878,#11868,#11882,.T.);
#11882=LINE('',#11879,#11884);
#11884=VECTOR('',#11885,0.0508);
#11885=DIRECTION('',(0.0,-1.0,0.0));
#11876=ORIENTED_EDGE('',*,*,#11877,.F.);
#11887=EDGE_CURVE('',#11840,#11878,#11892,.T.);
#11892=LINE('',#11841,#11894);
#11894=VECTOR('',#11895,0.6984873);
#11895=DIRECTION('',(0.0,0.0,1.0));
#11886=ORIENTED_EDGE('',*,*,#11887,.F.);
#11896=STYLED_ITEM('',(#34),#11897);
#11897=ADVANCED_FACE('',(#11903),#11898,.T.);
#11898=PLANE('',#11899);
#11899=AXIS2_PLACEMENT_3D('',#11900,#11901,#11902);
#11900=CARTESIAN_POINT('',(-0.6,2.05,0.0));
#11901=DIRECTION('',(1.0,0.0,0.0));
#11902=DIRECTION('',(0.,0.,1.));
#11903=FACE_OUTER_BOUND('',#11904,.T.);
#11904=EDGE_LOOP('',(#11905,#11915,#11925,#11935,#11945,#11955));
#11908=CARTESIAN_POINT('',(-0.6,2.601,0.0));
#11907=VERTEX_POINT('',#11908);
#11910=CARTESIAN_POINT('',(-0.6,2.05,0.0));
#11909=VERTEX_POINT('',#11910);
#11906=EDGE_CURVE('',#11907,#11909,#11911,.T.);
#11911=LINE('',#11908,#11913);
#11913=VECTOR('',#11914,0.550959655);
#11914=DIRECTION('',(0.0,-1.0,0.0));
#11905=ORIENTED_EDGE('',*,*,#11906,.F.);
#11918=CARTESIAN_POINT('',(-0.6,2.601,0.698));
#11917=VERTEX_POINT('',#11918);
#11916=EDGE_CURVE('',#11917,#11907,#11921,.T.);
#11921=LINE('',#11918,#11923);
#11923=VECTOR('',#11924,0.6984873);
#11924=DIRECTION('',(0.0,0.0,-1.0));
#11915=ORIENTED_EDGE('',*,*,#11916,.F.);
#11928=CARTESIAN_POINT('',(-0.6,2.55,0.698));
#11927=VERTEX_POINT('',#11928);
#11926=EDGE_CURVE('',#11927,#11917,#11931,.T.);
#11931=LINE('',#11928,#11933);
#11933=VECTOR('',#11934,0.0508);
#11934=DIRECTION('',(0.0,1.0,0.0));
#11925=ORIENTED_EDGE('',*,*,#11926,.F.);
#11938=CARTESIAN_POINT('',(-0.6,2.55,0.051));
#11937=VERTEX_POINT('',#11938);
#11936=EDGE_CURVE('',#11937,#11927,#11941,.T.);
#11941=LINE('',#11938,#11943);
#11943=VECTOR('',#11944,0.6476873);
#11944=DIRECTION('',(0.0,0.0,1.0));
#11935=ORIENTED_EDGE('',*,*,#11936,.F.);
#11948=CARTESIAN_POINT('',(-0.6,2.05,0.051));
#11947=VERTEX_POINT('',#11948);
#11946=EDGE_CURVE('',#11947,#11937,#11951,.T.);
#11951=LINE('',#11948,#11953);
#11953=VECTOR('',#11954,0.500159655);
#11954=DIRECTION('',(0.0,1.0,0.0));
#11945=ORIENTED_EDGE('',*,*,#11946,.F.);
#11956=EDGE_CURVE('',#11909,#11947,#11961,.T.);
#11961=LINE('',#11910,#11963);
#11963=VECTOR('',#11964,0.0508);
#11964=DIRECTION('',(0.0,0.0,1.0));
#11955=ORIENTED_EDGE('',*,*,#11956,.F.);
#11965=STYLED_ITEM('',(#34),#11966);
#11966=ADVANCED_FACE('',(#11972),#11967,.T.);
#11967=PLANE('',#11968);
#11968=AXIS2_PLACEMENT_3D('',#11969,#11970,#11971);
#11969=CARTESIAN_POINT('',(-0.9,2.601,0.698));
#11970=DIRECTION('',(0.0,0.0,1.0));
#11971=DIRECTION('',(0.,1.,0.));
#11972=FACE_OUTER_BOUND('',#11973,.T.);
#11973=EDGE_LOOP('',(#11974,#11984,#11994,#12004));
#11974=ORIENTED_EDGE('',*,*,#11877,.T.);
#11985=EDGE_CURVE('',#11927,#11868,#11990,.T.);
#11990=LINE('',#11928,#11992);
#11992=VECTOR('',#11993,0.299999908);
#11993=DIRECTION('',(-1.0,0.0,0.0));
#11984=ORIENTED_EDGE('',*,*,#11985,.F.);
#11994=ORIENTED_EDGE('',*,*,#11926,.T.);
#12005=EDGE_CURVE('',#11878,#11917,#12010,.T.);
#12010=LINE('',#11879,#12012);
#12012=VECTOR('',#12013,0.299999908);
#12013=DIRECTION('',(1.0,0.0,0.0));
#12004=ORIENTED_EDGE('',*,*,#12005,.F.);
#12014=STYLED_ITEM('',(#34),#12015);
#12015=ADVANCED_FACE('',(#12021),#12016,.T.);
#12016=PLANE('',#12017);
#12017=AXIS2_PLACEMENT_3D('',#12018,#12019,#12020);
#12018=CARTESIAN_POINT('',(-0.9,2.55,0.051));
#12019=DIRECTION('',(0.0,0.0,1.0));
#12020=DIRECTION('',(0.,1.,0.));
#12021=FACE_OUTER_BOUND('',#12022,.T.);
#12022=EDGE_LOOP('',(#12023,#12033,#12043,#12053));
#12023=ORIENTED_EDGE('',*,*,#11857,.T.);
#12034=EDGE_CURVE('',#11947,#11848,#12039,.T.);
#12039=LINE('',#11948,#12041);
#12041=VECTOR('',#12042,0.299999908);
#12042=DIRECTION('',(-1.0,0.0,0.0));
#12033=ORIENTED_EDGE('',*,*,#12034,.F.);
#12043=ORIENTED_EDGE('',*,*,#11946,.T.);
#12054=EDGE_CURVE('',#11858,#11937,#12059,.T.);
#12059=LINE('',#11859,#12061);
#12061=VECTOR('',#12062,0.299999908);
#12062=DIRECTION('',(1.0,0.0,0.0));
#12053=ORIENTED_EDGE('',*,*,#12054,.F.);
#12063=STYLED_ITEM('',(#34),#12064);
#12064=ADVANCED_FACE('',(#12070),#12065,.T.);
#12065=PLANE('',#12066);
#12066=AXIS2_PLACEMENT_3D('',#12067,#12068,#12069);
#12067=CARTESIAN_POINT('',(-0.6,2.601,0.0));
#12068=DIRECTION('',(0.0,1.0,0.0));
#12069=DIRECTION('',(0.,0.,1.));
#12070=FACE_OUTER_BOUND('',#12071,.T.);
#12071=EDGE_LOOP('',(#12072,#12082,#12092,#12102));
#12073=EDGE_CURVE('',#11840,#11907,#12078,.T.);
#12078=LINE('',#11841,#12080);
#12080=VECTOR('',#12081,0.299999908);
#12081=DIRECTION('',(1.0,0.0,0.0));
#12072=ORIENTED_EDGE('',*,*,#12073,.F.);
#12082=ORIENTED_EDGE('',*,*,#11887,.T.);
#12092=ORIENTED_EDGE('',*,*,#12005,.T.);
#12102=ORIENTED_EDGE('',*,*,#11916,.T.);
#12112=STYLED_ITEM('',(#34),#12113);
#12113=ADVANCED_FACE('',(#12119),#12114,.T.);
#12114=PLANE('',#12115);
#12115=AXIS2_PLACEMENT_3D('',#12116,#12117,#12118);
#12116=CARTESIAN_POINT('',(-0.9,2.05,0.0));
#12117=DIRECTION('',(0.0,-1.0,0.0));
#12118=DIRECTION('',(0.,0.,1.));
#12119=FACE_OUTER_BOUND('',#12120,.T.);
#12120=EDGE_LOOP('',(#12121,#12131,#12141,#12151));
#12122=EDGE_CURVE('',#11909,#11838,#12127,.T.);
#12127=LINE('',#11910,#12129);
#12129=VECTOR('',#12130,0.299999908);
#12130=DIRECTION('',(-1.0,0.0,0.0));
#12121=ORIENTED_EDGE('',*,*,#12122,.F.);
#12131=ORIENTED_EDGE('',*,*,#11956,.T.);
#12141=ORIENTED_EDGE('',*,*,#12034,.T.);
#12151=ORIENTED_EDGE('',*,*,#11847,.T.);
#12161=STYLED_ITEM('',(#34),#12162);
#12162=ADVANCED_FACE('',(#12168),#12163,.T.);
#12163=PLANE('',#12164);
#12164=AXIS2_PLACEMENT_3D('',#12165,#12166,#12167);
#12165=CARTESIAN_POINT('',(-0.9,2.55,0.051));
#12166=DIRECTION('',(0.0,-1.0,0.0));
#12167=DIRECTION('',(0.,0.,1.));
#12168=FACE_OUTER_BOUND('',#12169,.T.);
#12169=EDGE_LOOP('',(#12170,#12180,#12190,#12200));
#12170=ORIENTED_EDGE('',*,*,#12054,.T.);
#12180=ORIENTED_EDGE('',*,*,#11936,.T.);
#12190=ORIENTED_EDGE('',*,*,#11985,.T.);
#12200=ORIENTED_EDGE('',*,*,#11867,.T.);
#12210=STYLED_ITEM('',(#34),#12211);
#12211=ADVANCED_FACE('',(#12217),#12212,.T.);
#12212=PLANE('',#12213);
#12213=AXIS2_PLACEMENT_3D('',#12214,#12215,#12216);
#12214=CARTESIAN_POINT('',(-0.6,2.601,0.0));
#12215=DIRECTION('',(0.0,0.0,-1.0));
#12216=DIRECTION('',(0.,1.,0.));
#12217=FACE_OUTER_BOUND('',#12218,.T.);
#12218=EDGE_LOOP('',(#12219,#12229,#12239,#12249));
#12219=ORIENTED_EDGE('',*,*,#11906,.T.);
#12229=ORIENTED_EDGE('',*,*,#12122,.T.);
#12239=ORIENTED_EDGE('',*,*,#11837,.T.);
#12249=ORIENTED_EDGE('',*,*,#12073,.T.);
#12259=MANIFOLD_SOLID_BREP($,#12260);
#12260=CLOSED_SHELL('',(#12262,#12331,#12400,#12449,#12498,#12547,#12596,#12645));
#12261=STYLED_ITEM('',(#34),#12262);
#12262=ADVANCED_FACE('',(#12268),#12263,.T.);
#12263=PLANE('',#12264);
#12264=AXIS2_PLACEMENT_3D('',#12265,#12266,#12267);
#12265=CARTESIAN_POINT('',(-0.4,2.601,0.0));
#12266=DIRECTION('',(-1.0,0.0,0.0));
#12267=DIRECTION('',(0.,0.,1.));
#12268=FACE_OUTER_BOUND('',#12269,.T.);
#12269=EDGE_LOOP('',(#12270,#12280,#12290,#12300,#12310,#12320));
#12273=CARTESIAN_POINT('',(-0.4,2.05,0.0));
#12272=VERTEX_POINT('',#12273);
#12275=CARTESIAN_POINT('',(-0.4,2.601,0.0));
#12274=VERTEX_POINT('',#12275);
#12271=EDGE_CURVE('',#12272,#12274,#12276,.T.);
#12276=LINE('',#12273,#12278);
#12278=VECTOR('',#12279,0.550959655);
#12279=DIRECTION('',(0.0,1.0,0.0));
#12270=ORIENTED_EDGE('',*,*,#12271,.F.);
#12283=CARTESIAN_POINT('',(-0.4,2.05,0.051));
#12282=VERTEX_POINT('',#12283);
#12281=EDGE_CURVE('',#12282,#12272,#12286,.T.);
#12286=LINE('',#12283,#12288);
#12288=VECTOR('',#12289,0.0508);
#12289=DIRECTION('',(0.0,0.0,-1.0));
#12280=ORIENTED_EDGE('',*,*,#12281,.F.);
#12293=CARTESIAN_POINT('',(-0.4,2.55,0.051));
#12292=VERTEX_POINT('',#12293);
#12291=EDGE_CURVE('',#12292,#12282,#12296,.T.);
#12296=LINE('',#12293,#12298);
#12298=VECTOR('',#12299,0.500159655);
#12299=DIRECTION('',(0.0,-1.0,0.0));
#12290=ORIENTED_EDGE('',*,*,#12291,.F.);
#12303=CARTESIAN_POINT('',(-0.4,2.55,0.698));
#12302=VERTEX_POINT('',#12303);
#12301=EDGE_CURVE('',#12302,#12292,#12306,.T.);
#12306=LINE('',#12303,#12308);
#12308=VECTOR('',#12309,0.6476873);
#12309=DIRECTION('',(0.0,0.0,-1.0));
#12300=ORIENTED_EDGE('',*,*,#12301,.F.);
#12313=CARTESIAN_POINT('',(-0.4,2.601,0.698));
#12312=VERTEX_POINT('',#12313);
#12311=EDGE_CURVE('',#12312,#12302,#12316,.T.);
#12316=LINE('',#12313,#12318);
#12318=VECTOR('',#12319,0.0508);
#12319=DIRECTION('',(0.0,-1.0,0.0));
#12310=ORIENTED_EDGE('',*,*,#12311,.F.);
#12321=EDGE_CURVE('',#12274,#12312,#12326,.T.);
#12326=LINE('',#12275,#12328);
#12328=VECTOR('',#12329,0.6984873);
#12329=DIRECTION('',(0.0,0.0,1.0));
#12320=ORIENTED_EDGE('',*,*,#12321,.F.);
#12330=STYLED_ITEM('',(#34),#12331);
#12331=ADVANCED_FACE('',(#12337),#12332,.T.);
#12332=PLANE('',#12333);
#12333=AXIS2_PLACEMENT_3D('',#12334,#12335,#12336);
#12334=CARTESIAN_POINT('',(-0.1,2.05,0.0));
#12335=DIRECTION('',(1.0,0.0,0.0));
#12336=DIRECTION('',(0.,0.,1.));
#12337=FACE_OUTER_BOUND('',#12338,.T.);
#12338=EDGE_LOOP('',(#12339,#12349,#12359,#12369,#12379,#12389));
#12342=CARTESIAN_POINT('',(-0.1,2.601,0.0));
#12341=VERTEX_POINT('',#12342);
#12344=CARTESIAN_POINT('',(-0.1,2.05,0.0));
#12343=VERTEX_POINT('',#12344);
#12340=EDGE_CURVE('',#12341,#12343,#12345,.T.);
#12345=LINE('',#12342,#12347);
#12347=VECTOR('',#12348,0.550959655);
#12348=DIRECTION('',(0.0,-1.0,0.0));
#12339=ORIENTED_EDGE('',*,*,#12340,.F.);
#12352=CARTESIAN_POINT('',(-0.1,2.601,0.698));
#12351=VERTEX_POINT('',#12352);
#12350=EDGE_CURVE('',#12351,#12341,#12355,.T.);
#12355=LINE('',#12352,#12357);
#12357=VECTOR('',#12358,0.6984873);
#12358=DIRECTION('',(0.0,0.0,-1.0));
#12349=ORIENTED_EDGE('',*,*,#12350,.F.);
#12362=CARTESIAN_POINT('',(-0.1,2.55,0.698));
#12361=VERTEX_POINT('',#12362);
#12360=EDGE_CURVE('',#12361,#12351,#12365,.T.);
#12365=LINE('',#12362,#12367);
#12367=VECTOR('',#12368,0.0508);
#12368=DIRECTION('',(0.0,1.0,0.0));
#12359=ORIENTED_EDGE('',*,*,#12360,.F.);
#12372=CARTESIAN_POINT('',(-0.1,2.55,0.051));
#12371=VERTEX_POINT('',#12372);
#12370=EDGE_CURVE('',#12371,#12361,#12375,.T.);
#12375=LINE('',#12372,#12377);
#12377=VECTOR('',#12378,0.6476873);
#12378=DIRECTION('',(0.0,0.0,1.0));
#12369=ORIENTED_EDGE('',*,*,#12370,.F.);
#12382=CARTESIAN_POINT('',(-0.1,2.05,0.051));
#12381=VERTEX_POINT('',#12382);
#12380=EDGE_CURVE('',#12381,#12371,#12385,.T.);
#12385=LINE('',#12382,#12387);
#12387=VECTOR('',#12388,0.500159655);
#12388=DIRECTION('',(0.0,1.0,0.0));
#12379=ORIENTED_EDGE('',*,*,#12380,.F.);
#12390=EDGE_CURVE('',#12343,#12381,#12395,.T.);
#12395=LINE('',#12344,#12397);
#12397=VECTOR('',#12398,0.0508);
#12398=DIRECTION('',(0.0,0.0,1.0));
#12389=ORIENTED_EDGE('',*,*,#12390,.F.);
#12399=STYLED_ITEM('',(#34),#12400);
#12400=ADVANCED_FACE('',(#12406),#12401,.T.);
#12401=PLANE('',#12402);
#12402=AXIS2_PLACEMENT_3D('',#12403,#12404,#12405);
#12403=CARTESIAN_POINT('',(-0.4,2.601,0.698));
#12404=DIRECTION('',(0.0,0.0,1.0));
#12405=DIRECTION('',(0.,1.,0.));
#12406=FACE_OUTER_BOUND('',#12407,.T.);
#12407=EDGE_LOOP('',(#12408,#12418,#12428,#12438));
#12408=ORIENTED_EDGE('',*,*,#12311,.T.);
#12419=EDGE_CURVE('',#12361,#12302,#12424,.T.);
#12424=LINE('',#12362,#12426);
#12426=VECTOR('',#12427,0.299999908);
#12427=DIRECTION('',(-1.0,0.0,0.0));
#12418=ORIENTED_EDGE('',*,*,#12419,.F.);
#12428=ORIENTED_EDGE('',*,*,#12360,.T.);
#12439=EDGE_CURVE('',#12312,#12351,#12444,.T.);
#12444=LINE('',#12313,#12446);
#12446=VECTOR('',#12447,0.299999908);
#12447=DIRECTION('',(1.0,0.0,0.0));
#12438=ORIENTED_EDGE('',*,*,#12439,.F.);
#12448=STYLED_ITEM('',(#34),#12449);
#12449=ADVANCED_FACE('',(#12455),#12450,.T.);
#12450=PLANE('',#12451);
#12451=AXIS2_PLACEMENT_3D('',#12452,#12453,#12454);
#12452=CARTESIAN_POINT('',(-0.4,2.55,0.051));
#12453=DIRECTION('',(0.0,0.0,1.0));
#12454=DIRECTION('',(0.,1.,0.));
#12455=FACE_OUTER_BOUND('',#12456,.T.);
#12456=EDGE_LOOP('',(#12457,#12467,#12477,#12487));
#12457=ORIENTED_EDGE('',*,*,#12291,.T.);
#12468=EDGE_CURVE('',#12381,#12282,#12473,.T.);
#12473=LINE('',#12382,#12475);
#12475=VECTOR('',#12476,0.299999908);
#12476=DIRECTION('',(-1.0,0.0,0.0));
#12467=ORIENTED_EDGE('',*,*,#12468,.F.);
#12477=ORIENTED_EDGE('',*,*,#12380,.T.);
#12488=EDGE_CURVE('',#12292,#12371,#12493,.T.);
#12493=LINE('',#12293,#12495);
#12495=VECTOR('',#12496,0.299999908);
#12496=DIRECTION('',(1.0,0.0,0.0));
#12487=ORIENTED_EDGE('',*,*,#12488,.F.);
#12497=STYLED_ITEM('',(#34),#12498);
#12498=ADVANCED_FACE('',(#12504),#12499,.T.);
#12499=PLANE('',#12500);
#12500=AXIS2_PLACEMENT_3D('',#12501,#12502,#12503);
#12501=CARTESIAN_POINT('',(-0.1,2.601,0.0));
#12502=DIRECTION('',(0.0,1.0,0.0));
#12503=DIRECTION('',(0.,0.,1.));
#12504=FACE_OUTER_BOUND('',#12505,.T.);
#12505=EDGE_LOOP('',(#12506,#12516,#12526,#12536));
#12507=EDGE_CURVE('',#12274,#12341,#12512,.T.);
#12512=LINE('',#12275,#12514);
#12514=VECTOR('',#12515,0.299999908);
#12515=DIRECTION('',(1.0,0.0,0.0));
#12506=ORIENTED_EDGE('',*,*,#12507,.F.);
#12516=ORIENTED_EDGE('',*,*,#12321,.T.);
#12526=ORIENTED_EDGE('',*,*,#12439,.T.);
#12536=ORIENTED_EDGE('',*,*,#12350,.T.);
#12546=STYLED_ITEM('',(#34),#12547);
#12547=ADVANCED_FACE('',(#12553),#12548,.T.);
#12548=PLANE('',#12549);
#12549=AXIS2_PLACEMENT_3D('',#12550,#12551,#12552);
#12550=CARTESIAN_POINT('',(-0.4,2.05,0.0));
#12551=DIRECTION('',(0.0,-1.0,0.0));
#12552=DIRECTION('',(0.,0.,1.));
#12553=FACE_OUTER_BOUND('',#12554,.T.);
#12554=EDGE_LOOP('',(#12555,#12565,#12575,#12585));
#12556=EDGE_CURVE('',#12343,#12272,#12561,.T.);
#12561=LINE('',#12344,#12563);
#12563=VECTOR('',#12564,0.299999908);
#12564=DIRECTION('',(-1.0,0.0,0.0));
#12555=ORIENTED_EDGE('',*,*,#12556,.F.);
#12565=ORIENTED_EDGE('',*,*,#12390,.T.);
#12575=ORIENTED_EDGE('',*,*,#12468,.T.);
#12585=ORIENTED_EDGE('',*,*,#12281,.T.);
#12595=STYLED_ITEM('',(#34),#12596);
#12596=ADVANCED_FACE('',(#12602),#12597,.T.);
#12597=PLANE('',#12598);
#12598=AXIS2_PLACEMENT_3D('',#12599,#12600,#12601);
#12599=CARTESIAN_POINT('',(-0.4,2.55,0.051));
#12600=DIRECTION('',(0.0,-1.0,0.0));
#12601=DIRECTION('',(0.,0.,1.));
#12602=FACE_OUTER_BOUND('',#12603,.T.);
#12603=EDGE_LOOP('',(#12604,#12614,#12624,#12634));
#12604=ORIENTED_EDGE('',*,*,#12488,.T.);
#12614=ORIENTED_EDGE('',*,*,#12370,.T.);
#12624=ORIENTED_EDGE('',*,*,#12419,.T.);
#12634=ORIENTED_EDGE('',*,*,#12301,.T.);
#12644=STYLED_ITEM('',(#34),#12645);
#12645=ADVANCED_FACE('',(#12651),#12646,.T.);
#12646=PLANE('',#12647);
#12647=AXIS2_PLACEMENT_3D('',#12648,#12649,#12650);
#12648=CARTESIAN_POINT('',(-0.1,2.601,0.0));
#12649=DIRECTION('',(0.0,0.0,-1.0));
#12650=DIRECTION('',(0.,1.,0.));
#12651=FACE_OUTER_BOUND('',#12652,.T.);
#12652=EDGE_LOOP('',(#12653,#12663,#12673,#12683));
#12653=ORIENTED_EDGE('',*,*,#12340,.T.);
#12663=ORIENTED_EDGE('',*,*,#12556,.T.);
#12673=ORIENTED_EDGE('',*,*,#12271,.T.);
#12683=ORIENTED_EDGE('',*,*,#12507,.T.);
#12693=MANIFOLD_SOLID_BREP($,#12694);
#12694=CLOSED_SHELL('',(#12696,#12765,#12834,#12883,#12932,#12981,#13030,#13079));
#12695=STYLED_ITEM('',(#34),#12696);
#12696=ADVANCED_FACE('',(#12702),#12697,.T.);
#12697=PLANE('',#12698);
#12698=AXIS2_PLACEMENT_3D('',#12699,#12700,#12701);
#12699=CARTESIAN_POINT('',(0.1,2.601,0.0));
#12700=DIRECTION('',(-1.0,0.0,0.0));
#12701=DIRECTION('',(0.,0.,1.));
#12702=FACE_OUTER_BOUND('',#12703,.T.);
#12703=EDGE_LOOP('',(#12704,#12714,#12724,#12734,#12744,#12754));
#12707=CARTESIAN_POINT('',(0.1,2.05,0.0));
#12706=VERTEX_POINT('',#12707);
#12709=CARTESIAN_POINT('',(0.1,2.601,0.0));
#12708=VERTEX_POINT('',#12709);
#12705=EDGE_CURVE('',#12706,#12708,#12710,.T.);
#12710=LINE('',#12707,#12712);
#12712=VECTOR('',#12713,0.550959655);
#12713=DIRECTION('',(0.0,1.0,0.0));
#12704=ORIENTED_EDGE('',*,*,#12705,.F.);
#12717=CARTESIAN_POINT('',(0.1,2.05,0.051));
#12716=VERTEX_POINT('',#12717);
#12715=EDGE_CURVE('',#12716,#12706,#12720,.T.);
#12720=LINE('',#12717,#12722);
#12722=VECTOR('',#12723,0.0508);
#12723=DIRECTION('',(0.0,0.0,-1.0));
#12714=ORIENTED_EDGE('',*,*,#12715,.F.);
#12727=CARTESIAN_POINT('',(0.1,2.55,0.051));
#12726=VERTEX_POINT('',#12727);
#12725=EDGE_CURVE('',#12726,#12716,#12730,.T.);
#12730=LINE('',#12727,#12732);
#12732=VECTOR('',#12733,0.500159655);
#12733=DIRECTION('',(0.0,-1.0,0.0));
#12724=ORIENTED_EDGE('',*,*,#12725,.F.);
#12737=CARTESIAN_POINT('',(0.1,2.55,0.698));
#12736=VERTEX_POINT('',#12737);
#12735=EDGE_CURVE('',#12736,#12726,#12740,.T.);
#12740=LINE('',#12737,#12742);
#12742=VECTOR('',#12743,0.6476873);
#12743=DIRECTION('',(0.0,0.0,-1.0));
#12734=ORIENTED_EDGE('',*,*,#12735,.F.);
#12747=CARTESIAN_POINT('',(0.1,2.601,0.698));
#12746=VERTEX_POINT('',#12747);
#12745=EDGE_CURVE('',#12746,#12736,#12750,.T.);
#12750=LINE('',#12747,#12752);
#12752=VECTOR('',#12753,0.0508);
#12753=DIRECTION('',(0.0,-1.0,0.0));
#12744=ORIENTED_EDGE('',*,*,#12745,.F.);
#12755=EDGE_CURVE('',#12708,#12746,#12760,.T.);
#12760=LINE('',#12709,#12762);
#12762=VECTOR('',#12763,0.6984873);
#12763=DIRECTION('',(0.0,0.0,1.0));
#12754=ORIENTED_EDGE('',*,*,#12755,.F.);
#12764=STYLED_ITEM('',(#34),#12765);
#12765=ADVANCED_FACE('',(#12771),#12766,.T.);
#12766=PLANE('',#12767);
#12767=AXIS2_PLACEMENT_3D('',#12768,#12769,#12770);
#12768=CARTESIAN_POINT('',(0.4,2.05,0.0));
#12769=DIRECTION('',(1.0,0.0,0.0));
#12770=DIRECTION('',(0.,0.,1.));
#12771=FACE_OUTER_BOUND('',#12772,.T.);
#12772=EDGE_LOOP('',(#12773,#12783,#12793,#12803,#12813,#12823));
#12776=CARTESIAN_POINT('',(0.4,2.601,0.0));
#12775=VERTEX_POINT('',#12776);
#12778=CARTESIAN_POINT('',(0.4,2.05,0.0));
#12777=VERTEX_POINT('',#12778);
#12774=EDGE_CURVE('',#12775,#12777,#12779,.T.);
#12779=LINE('',#12776,#12781);
#12781=VECTOR('',#12782,0.550959655);
#12782=DIRECTION('',(0.0,-1.0,0.0));
#12773=ORIENTED_EDGE('',*,*,#12774,.F.);
#12786=CARTESIAN_POINT('',(0.4,2.601,0.698));
#12785=VERTEX_POINT('',#12786);
#12784=EDGE_CURVE('',#12785,#12775,#12789,.T.);
#12789=LINE('',#12786,#12791);
#12791=VECTOR('',#12792,0.6984873);
#12792=DIRECTION('',(0.0,0.0,-1.0));
#12783=ORIENTED_EDGE('',*,*,#12784,.F.);
#12796=CARTESIAN_POINT('',(0.4,2.55,0.698));
#12795=VERTEX_POINT('',#12796);
#12794=EDGE_CURVE('',#12795,#12785,#12799,.T.);
#12799=LINE('',#12796,#12801);
#12801=VECTOR('',#12802,0.0508);
#12802=DIRECTION('',(0.0,1.0,0.0));
#12793=ORIENTED_EDGE('',*,*,#12794,.F.);
#12806=CARTESIAN_POINT('',(0.4,2.55,0.051));
#12805=VERTEX_POINT('',#12806);
#12804=EDGE_CURVE('',#12805,#12795,#12809,.T.);
#12809=LINE('',#12806,#12811);
#12811=VECTOR('',#12812,0.6476873);
#12812=DIRECTION('',(0.0,0.0,1.0));
#12803=ORIENTED_EDGE('',*,*,#12804,.F.);
#12816=CARTESIAN_POINT('',(0.4,2.05,0.051));
#12815=VERTEX_POINT('',#12816);
#12814=EDGE_CURVE('',#12815,#12805,#12819,.T.);
#12819=LINE('',#12816,#12821);
#12821=VECTOR('',#12822,0.500159655);
#12822=DIRECTION('',(0.0,1.0,0.0));
#12813=ORIENTED_EDGE('',*,*,#12814,.F.);
#12824=EDGE_CURVE('',#12777,#12815,#12829,.T.);
#12829=LINE('',#12778,#12831);
#12831=VECTOR('',#12832,0.0508);
#12832=DIRECTION('',(0.0,0.0,1.0));
#12823=ORIENTED_EDGE('',*,*,#12824,.F.);
#12833=STYLED_ITEM('',(#34),#12834);
#12834=ADVANCED_FACE('',(#12840),#12835,.T.);
#12835=PLANE('',#12836);
#12836=AXIS2_PLACEMENT_3D('',#12837,#12838,#12839);
#12837=CARTESIAN_POINT('',(0.1,2.601,0.698));
#12838=DIRECTION('',(0.0,0.0,1.0));
#12839=DIRECTION('',(0.,1.,0.));
#12840=FACE_OUTER_BOUND('',#12841,.T.);
#12841=EDGE_LOOP('',(#12842,#12852,#12862,#12872));
#12842=ORIENTED_EDGE('',*,*,#12745,.T.);
#12853=EDGE_CURVE('',#12795,#12736,#12858,.T.);
#12858=LINE('',#12796,#12860);
#12860=VECTOR('',#12861,0.299999908);
#12861=DIRECTION('',(-1.0,0.0,0.0));
#12852=ORIENTED_EDGE('',*,*,#12853,.F.);
#12862=ORIENTED_EDGE('',*,*,#12794,.T.);
#12873=EDGE_CURVE('',#12746,#12785,#12878,.T.);
#12878=LINE('',#12747,#12880);
#12880=VECTOR('',#12881,0.299999908);
#12881=DIRECTION('',(1.0,0.0,0.0));
#12872=ORIENTED_EDGE('',*,*,#12873,.F.);
#12882=STYLED_ITEM('',(#34),#12883);
#12883=ADVANCED_FACE('',(#12889),#12884,.T.);
#12884=PLANE('',#12885);
#12885=AXIS2_PLACEMENT_3D('',#12886,#12887,#12888);
#12886=CARTESIAN_POINT('',(0.1,2.55,0.051));
#12887=DIRECTION('',(0.0,0.0,1.0));
#12888=DIRECTION('',(0.,1.,0.));
#12889=FACE_OUTER_BOUND('',#12890,.T.);
#12890=EDGE_LOOP('',(#12891,#12901,#12911,#12921));
#12891=ORIENTED_EDGE('',*,*,#12725,.T.);
#12902=EDGE_CURVE('',#12815,#12716,#12907,.T.);
#12907=LINE('',#12816,#12909);
#12909=VECTOR('',#12910,0.299999908);
#12910=DIRECTION('',(-1.0,0.0,0.0));
#12901=ORIENTED_EDGE('',*,*,#12902,.F.);
#12911=ORIENTED_EDGE('',*,*,#12814,.T.);
#12922=EDGE_CURVE('',#12726,#12805,#12927,.T.);
#12927=LINE('',#12727,#12929);
#12929=VECTOR('',#12930,0.299999908);
#12930=DIRECTION('',(1.0,0.0,0.0));
#12921=ORIENTED_EDGE('',*,*,#12922,.F.);
#12931=STYLED_ITEM('',(#34),#12932);
#12932=ADVANCED_FACE('',(#12938),#12933,.T.);
#12933=PLANE('',#12934);
#12934=AXIS2_PLACEMENT_3D('',#12935,#12936,#12937);
#12935=CARTESIAN_POINT('',(0.4,2.601,0.0));
#12936=DIRECTION('',(0.0,1.0,0.0));
#12937=DIRECTION('',(0.,0.,1.));
#12938=FACE_OUTER_BOUND('',#12939,.T.);
#12939=EDGE_LOOP('',(#12940,#12950,#12960,#12970));
#12941=EDGE_CURVE('',#12708,#12775,#12946,.T.);
#12946=LINE('',#12709,#12948);
#12948=VECTOR('',#12949,0.299999908);
#12949=DIRECTION('',(1.0,0.0,0.0));
#12940=ORIENTED_EDGE('',*,*,#12941,.F.);
#12950=ORIENTED_EDGE('',*,*,#12755,.T.);
#12960=ORIENTED_EDGE('',*,*,#12873,.T.);
#12970=ORIENTED_EDGE('',*,*,#12784,.T.);
#12980=STYLED_ITEM('',(#34),#12981);
#12981=ADVANCED_FACE('',(#12987),#12982,.T.);
#12982=PLANE('',#12983);
#12983=AXIS2_PLACEMENT_3D('',#12984,#12985,#12986);
#12984=CARTESIAN_POINT('',(0.1,2.05,0.0));
#12985=DIRECTION('',(0.0,-1.0,0.0));
#12986=DIRECTION('',(0.,0.,1.));
#12987=FACE_OUTER_BOUND('',#12988,.T.);
#12988=EDGE_LOOP('',(#12989,#12999,#13009,#13019));
#12990=EDGE_CURVE('',#12777,#12706,#12995,.T.);
#12995=LINE('',#12778,#12997);
#12997=VECTOR('',#12998,0.299999908);
#12998=DIRECTION('',(-1.0,0.0,0.0));
#12989=ORIENTED_EDGE('',*,*,#12990,.F.);
#12999=ORIENTED_EDGE('',*,*,#12824,.T.);
#13009=ORIENTED_EDGE('',*,*,#12902,.T.);
#13019=ORIENTED_EDGE('',*,*,#12715,.T.);
#13029=STYLED_ITEM('',(#34),#13030);
#13030=ADVANCED_FACE('',(#13036),#13031,.T.);
#13031=PLANE('',#13032);
#13032=AXIS2_PLACEMENT_3D('',#13033,#13034,#13035);
#13033=CARTESIAN_POINT('',(0.1,2.55,0.051));
#13034=DIRECTION('',(0.0,-1.0,0.0));
#13035=DIRECTION('',(0.,0.,1.));
#13036=FACE_OUTER_BOUND('',#13037,.T.);
#13037=EDGE_LOOP('',(#13038,#13048,#13058,#13068));
#13038=ORIENTED_EDGE('',*,*,#12922,.T.);
#13048=ORIENTED_EDGE('',*,*,#12804,.T.);
#13058=ORIENTED_EDGE('',*,*,#12853,.T.);
#13068=ORIENTED_EDGE('',*,*,#12735,.T.);
#13078=STYLED_ITEM('',(#34),#13079);
#13079=ADVANCED_FACE('',(#13085),#13080,.T.);
#13080=PLANE('',#13081);
#13081=AXIS2_PLACEMENT_3D('',#13082,#13083,#13084);
#13082=CARTESIAN_POINT('',(0.4,2.601,0.0));
#13083=DIRECTION('',(0.0,0.0,-1.0));
#13084=DIRECTION('',(0.,1.,0.));
#13085=FACE_OUTER_BOUND('',#13086,.T.);
#13086=EDGE_LOOP('',(#13087,#13097,#13107,#13117));
#13087=ORIENTED_EDGE('',*,*,#12774,.T.);
#13097=ORIENTED_EDGE('',*,*,#12990,.T.);
#13107=ORIENTED_EDGE('',*,*,#12705,.T.);
#13117=ORIENTED_EDGE('',*,*,#12941,.T.);
#13127=MANIFOLD_SOLID_BREP($,#13128);
#13128=CLOSED_SHELL('',(#13130,#13199,#13268,#13317,#13366,#13415,#13464,#13513));
#13129=STYLED_ITEM('',(#34),#13130);
#13130=ADVANCED_FACE('',(#13136),#13131,.T.);
#13131=PLANE('',#13132);
#13132=AXIS2_PLACEMENT_3D('',#13133,#13134,#13135);
#13133=CARTESIAN_POINT('',(0.6,2.601,0.0));
#13134=DIRECTION('',(-1.0,0.0,0.0));
#13135=DIRECTION('',(0.,0.,1.));
#13136=FACE_OUTER_BOUND('',#13137,.T.);
#13137=EDGE_LOOP('',(#13138,#13148,#13158,#13168,#13178,#13188));
#13141=CARTESIAN_POINT('',(0.6,2.05,0.0));
#13140=VERTEX_POINT('',#13141);
#13143=CARTESIAN_POINT('',(0.6,2.601,0.0));
#13142=VERTEX_POINT('',#13143);
#13139=EDGE_CURVE('',#13140,#13142,#13144,.T.);
#13144=LINE('',#13141,#13146);
#13146=VECTOR('',#13147,0.550959655);
#13147=DIRECTION('',(0.0,1.0,0.0));
#13138=ORIENTED_EDGE('',*,*,#13139,.F.);
#13151=CARTESIAN_POINT('',(0.6,2.05,0.051));
#13150=VERTEX_POINT('',#13151);
#13149=EDGE_CURVE('',#13150,#13140,#13154,.T.);
#13154=LINE('',#13151,#13156);
#13156=VECTOR('',#13157,0.0508);
#13157=DIRECTION('',(0.0,0.0,-1.0));
#13148=ORIENTED_EDGE('',*,*,#13149,.F.);
#13161=CARTESIAN_POINT('',(0.6,2.55,0.051));
#13160=VERTEX_POINT('',#13161);
#13159=EDGE_CURVE('',#13160,#13150,#13164,.T.);
#13164=LINE('',#13161,#13166);
#13166=VECTOR('',#13167,0.500159655);
#13167=DIRECTION('',(0.0,-1.0,0.0));
#13158=ORIENTED_EDGE('',*,*,#13159,.F.);
#13171=CARTESIAN_POINT('',(0.6,2.55,0.698));
#13170=VERTEX_POINT('',#13171);
#13169=EDGE_CURVE('',#13170,#13160,#13174,.T.);
#13174=LINE('',#13171,#13176);
#13176=VECTOR('',#13177,0.6476873);
#13177=DIRECTION('',(0.0,0.0,-1.0));
#13168=ORIENTED_EDGE('',*,*,#13169,.F.);
#13181=CARTESIAN_POINT('',(0.6,2.601,0.698));
#13180=VERTEX_POINT('',#13181);
#13179=EDGE_CURVE('',#13180,#13170,#13184,.T.);
#13184=LINE('',#13181,#13186);
#13186=VECTOR('',#13187,0.0508);
#13187=DIRECTION('',(0.0,-1.0,0.0));
#13178=ORIENTED_EDGE('',*,*,#13179,.F.);
#13189=EDGE_CURVE('',#13142,#13180,#13194,.T.);
#13194=LINE('',#13143,#13196);
#13196=VECTOR('',#13197,0.6984873);
#13197=DIRECTION('',(0.0,0.0,1.0));
#13188=ORIENTED_EDGE('',*,*,#13189,.F.);
#13198=STYLED_ITEM('',(#34),#13199);
#13199=ADVANCED_FACE('',(#13205),#13200,.T.);
#13200=PLANE('',#13201);
#13201=AXIS2_PLACEMENT_3D('',#13202,#13203,#13204);
#13202=CARTESIAN_POINT('',(0.9,2.05,0.0));
#13203=DIRECTION('',(1.0,0.0,0.0));
#13204=DIRECTION('',(0.,0.,1.));
#13205=FACE_OUTER_BOUND('',#13206,.T.);
#13206=EDGE_LOOP('',(#13207,#13217,#13227,#13237,#13247,#13257));
#13210=CARTESIAN_POINT('',(0.9,2.601,0.0));
#13209=VERTEX_POINT('',#13210);
#13212=CARTESIAN_POINT('',(0.9,2.05,0.0));
#13211=VERTEX_POINT('',#13212);
#13208=EDGE_CURVE('',#13209,#13211,#13213,.T.);
#13213=LINE('',#13210,#13215);
#13215=VECTOR('',#13216,0.550959655);
#13216=DIRECTION('',(0.0,-1.0,0.0));
#13207=ORIENTED_EDGE('',*,*,#13208,.F.);
#13220=CARTESIAN_POINT('',(0.9,2.601,0.698));
#13219=VERTEX_POINT('',#13220);
#13218=EDGE_CURVE('',#13219,#13209,#13223,.T.);
#13223=LINE('',#13220,#13225);
#13225=VECTOR('',#13226,0.6984873);
#13226=DIRECTION('',(0.0,0.0,-1.0));
#13217=ORIENTED_EDGE('',*,*,#13218,.F.);
#13230=CARTESIAN_POINT('',(0.9,2.55,0.698));
#13229=VERTEX_POINT('',#13230);
#13228=EDGE_CURVE('',#13229,#13219,#13233,.T.);
#13233=LINE('',#13230,#13235);
#13235=VECTOR('',#13236,0.0508);
#13236=DIRECTION('',(0.0,1.0,0.0));
#13227=ORIENTED_EDGE('',*,*,#13228,.F.);
#13240=CARTESIAN_POINT('',(0.9,2.55,0.051));
#13239=VERTEX_POINT('',#13240);
#13238=EDGE_CURVE('',#13239,#13229,#13243,.T.);
#13243=LINE('',#13240,#13245);
#13245=VECTOR('',#13246,0.6476873);
#13246=DIRECTION('',(0.0,0.0,1.0));
#13237=ORIENTED_EDGE('',*,*,#13238,.F.);
#13250=CARTESIAN_POINT('',(0.9,2.05,0.051));
#13249=VERTEX_POINT('',#13250);
#13248=EDGE_CURVE('',#13249,#13239,#13253,.T.);
#13253=LINE('',#13250,#13255);
#13255=VECTOR('',#13256,0.500159655);
#13256=DIRECTION('',(0.0,1.0,0.0));
#13247=ORIENTED_EDGE('',*,*,#13248,.F.);
#13258=EDGE_CURVE('',#13211,#13249,#13263,.T.);
#13263=LINE('',#13212,#13265);
#13265=VECTOR('',#13266,0.0508);
#13266=DIRECTION('',(0.0,0.0,1.0));
#13257=ORIENTED_EDGE('',*,*,#13258,.F.);
#13267=STYLED_ITEM('',(#34),#13268);
#13268=ADVANCED_FACE('',(#13274),#13269,.T.);
#13269=PLANE('',#13270);
#13270=AXIS2_PLACEMENT_3D('',#13271,#13272,#13273);
#13271=CARTESIAN_POINT('',(0.6,2.601,0.698));
#13272=DIRECTION('',(0.0,0.0,1.0));
#13273=DIRECTION('',(0.,1.,0.));
#13274=FACE_OUTER_BOUND('',#13275,.T.);
#13275=EDGE_LOOP('',(#13276,#13286,#13296,#13306));
#13276=ORIENTED_EDGE('',*,*,#13179,.T.);
#13287=EDGE_CURVE('',#13229,#13170,#13292,.T.);
#13292=LINE('',#13230,#13294);
#13294=VECTOR('',#13295,0.299999908);
#13295=DIRECTION('',(-1.0,0.0,0.0));
#13286=ORIENTED_EDGE('',*,*,#13287,.F.);
#13296=ORIENTED_EDGE('',*,*,#13228,.T.);
#13307=EDGE_CURVE('',#13180,#13219,#13312,.T.);
#13312=LINE('',#13181,#13314);
#13314=VECTOR('',#13315,0.299999908);
#13315=DIRECTION('',(1.0,0.0,0.0));
#13306=ORIENTED_EDGE('',*,*,#13307,.F.);
#13316=STYLED_ITEM('',(#34),#13317);
#13317=ADVANCED_FACE('',(#13323),#13318,.T.);
#13318=PLANE('',#13319);
#13319=AXIS2_PLACEMENT_3D('',#13320,#13321,#13322);
#13320=CARTESIAN_POINT('',(0.6,2.55,0.051));
#13321=DIRECTION('',(0.0,0.0,1.0));
#13322=DIRECTION('',(0.,1.,0.));
#13323=FACE_OUTER_BOUND('',#13324,.T.);
#13324=EDGE_LOOP('',(#13325,#13335,#13345,#13355));
#13325=ORIENTED_EDGE('',*,*,#13159,.T.);
#13336=EDGE_CURVE('',#13249,#13150,#13341,.T.);
#13341=LINE('',#13250,#13343);
#13343=VECTOR('',#13344,0.299999908);
#13344=DIRECTION('',(-1.0,0.0,0.0));
#13335=ORIENTED_EDGE('',*,*,#13336,.F.);
#13345=ORIENTED_EDGE('',*,*,#13248,.T.);
#13356=EDGE_CURVE('',#13160,#13239,#13361,.T.);
#13361=LINE('',#13161,#13363);
#13363=VECTOR('',#13364,0.299999908);
#13364=DIRECTION('',(1.0,0.0,0.0));
#13355=ORIENTED_EDGE('',*,*,#13356,.F.);
#13365=STYLED_ITEM('',(#34),#13366);
#13366=ADVANCED_FACE('',(#13372),#13367,.T.);
#13367=PLANE('',#13368);
#13368=AXIS2_PLACEMENT_3D('',#13369,#13370,#13371);
#13369=CARTESIAN_POINT('',(0.9,2.601,0.0));
#13370=DIRECTION('',(0.0,1.0,0.0));
#13371=DIRECTION('',(0.,0.,1.));
#13372=FACE_OUTER_BOUND('',#13373,.T.);
#13373=EDGE_LOOP('',(#13374,#13384,#13394,#13404));
#13375=EDGE_CURVE('',#13142,#13209,#13380,.T.);
#13380=LINE('',#13143,#13382);
#13382=VECTOR('',#13383,0.299999908);
#13383=DIRECTION('',(1.0,0.0,0.0));
#13374=ORIENTED_EDGE('',*,*,#13375,.F.);
#13384=ORIENTED_EDGE('',*,*,#13189,.T.);
#13394=ORIENTED_EDGE('',*,*,#13307,.T.);
#13404=ORIENTED_EDGE('',*,*,#13218,.T.);
#13414=STYLED_ITEM('',(#34),#13415);
#13415=ADVANCED_FACE('',(#13421),#13416,.T.);
#13416=PLANE('',#13417);
#13417=AXIS2_PLACEMENT_3D('',#13418,#13419,#13420);
#13418=CARTESIAN_POINT('',(0.6,2.05,0.0));
#13419=DIRECTION('',(0.0,-1.0,0.0));
#13420=DIRECTION('',(0.,0.,1.));
#13421=FACE_OUTER_BOUND('',#13422,.T.);
#13422=EDGE_LOOP('',(#13423,#13433,#13443,#13453));
#13424=EDGE_CURVE('',#13211,#13140,#13429,.T.);
#13429=LINE('',#13212,#13431);
#13431=VECTOR('',#13432,0.299999908);
#13432=DIRECTION('',(-1.0,0.0,0.0));
#13423=ORIENTED_EDGE('',*,*,#13424,.F.);
#13433=ORIENTED_EDGE('',*,*,#13258,.T.);
#13443=ORIENTED_EDGE('',*,*,#13336,.T.);
#13453=ORIENTED_EDGE('',*,*,#13149,.T.);
#13463=STYLED_ITEM('',(#34),#13464);
#13464=ADVANCED_FACE('',(#13470),#13465,.T.);
#13465=PLANE('',#13466);
#13466=AXIS2_PLACEMENT_3D('',#13467,#13468,#13469);
#13467=CARTESIAN_POINT('',(0.6,2.55,0.051));
#13468=DIRECTION('',(0.0,-1.0,0.0));
#13469=DIRECTION('',(0.,0.,1.));
#13470=FACE_OUTER_BOUND('',#13471,.T.);
#13471=EDGE_LOOP('',(#13472,#13482,#13492,#13502));
#13472=ORIENTED_EDGE('',*,*,#13356,.T.);
#13482=ORIENTED_EDGE('',*,*,#13238,.T.);
#13492=ORIENTED_EDGE('',*,*,#13287,.T.);
#13502=ORIENTED_EDGE('',*,*,#13169,.T.);
#13512=STYLED_ITEM('',(#34),#13513);
#13513=ADVANCED_FACE('',(#13519),#13514,.T.);
#13514=PLANE('',#13515);
#13515=AXIS2_PLACEMENT_3D('',#13516,#13517,#13518);
#13516=CARTESIAN_POINT('',(0.9,2.601,0.0));
#13517=DIRECTION('',(0.0,0.0,-1.0));
#13518=DIRECTION('',(0.,1.,0.));
#13519=FACE_OUTER_BOUND('',#13520,.T.);
#13520=EDGE_LOOP('',(#13521,#13531,#13541,#13551));
#13521=ORIENTED_EDGE('',*,*,#13208,.T.);
#13531=ORIENTED_EDGE('',*,*,#13424,.T.);
#13541=ORIENTED_EDGE('',*,*,#13139,.T.);
#13551=ORIENTED_EDGE('',*,*,#13375,.T.);
#13561=MANIFOLD_SOLID_BREP($,#13562);
#13562=CLOSED_SHELL('',(#13564,#13633,#13702,#13751,#13800,#13849,#13898,#13947));
#13563=STYLED_ITEM('',(#34),#13564);
#13564=ADVANCED_FACE('',(#13570),#13565,.T.);
#13565=PLANE('',#13566);
#13566=AXIS2_PLACEMENT_3D('',#13567,#13568,#13569);
#13567=CARTESIAN_POINT('',(1.1,2.601,0.0));
#13568=DIRECTION('',(-1.0,0.0,0.0));
#13569=DIRECTION('',(0.,0.,1.));
#13570=FACE_OUTER_BOUND('',#13571,.T.);
#13571=EDGE_LOOP('',(#13572,#13582,#13592,#13602,#13612,#13622));
#13575=CARTESIAN_POINT('',(1.1,2.05,0.0));
#13574=VERTEX_POINT('',#13575);
#13577=CARTESIAN_POINT('',(1.1,2.601,0.0));
#13576=VERTEX_POINT('',#13577);
#13573=EDGE_CURVE('',#13574,#13576,#13578,.T.);
#13578=LINE('',#13575,#13580);
#13580=VECTOR('',#13581,0.550959655);
#13581=DIRECTION('',(0.0,1.0,0.0));
#13572=ORIENTED_EDGE('',*,*,#13573,.F.);
#13585=CARTESIAN_POINT('',(1.1,2.05,0.051));
#13584=VERTEX_POINT('',#13585);
#13583=EDGE_CURVE('',#13584,#13574,#13588,.T.);
#13588=LINE('',#13585,#13590);
#13590=VECTOR('',#13591,0.0508);
#13591=DIRECTION('',(0.0,0.0,-1.0));
#13582=ORIENTED_EDGE('',*,*,#13583,.F.);
#13595=CARTESIAN_POINT('',(1.1,2.55,0.051));
#13594=VERTEX_POINT('',#13595);
#13593=EDGE_CURVE('',#13594,#13584,#13598,.T.);
#13598=LINE('',#13595,#13600);
#13600=VECTOR('',#13601,0.500159655);
#13601=DIRECTION('',(0.0,-1.0,0.0));
#13592=ORIENTED_EDGE('',*,*,#13593,.F.);
#13605=CARTESIAN_POINT('',(1.1,2.55,0.698));
#13604=VERTEX_POINT('',#13605);
#13603=EDGE_CURVE('',#13604,#13594,#13608,.T.);
#13608=LINE('',#13605,#13610);
#13610=VECTOR('',#13611,0.6476873);
#13611=DIRECTION('',(0.0,0.0,-1.0));
#13602=ORIENTED_EDGE('',*,*,#13603,.F.);
#13615=CARTESIAN_POINT('',(1.1,2.601,0.698));
#13614=VERTEX_POINT('',#13615);
#13613=EDGE_CURVE('',#13614,#13604,#13618,.T.);
#13618=LINE('',#13615,#13620);
#13620=VECTOR('',#13621,0.0508);
#13621=DIRECTION('',(0.0,-1.0,0.0));
#13612=ORIENTED_EDGE('',*,*,#13613,.F.);
#13623=EDGE_CURVE('',#13576,#13614,#13628,.T.);
#13628=LINE('',#13577,#13630);
#13630=VECTOR('',#13631,0.6984873);
#13631=DIRECTION('',(0.0,0.0,1.0));
#13622=ORIENTED_EDGE('',*,*,#13623,.F.);
#13632=STYLED_ITEM('',(#34),#13633);
#13633=ADVANCED_FACE('',(#13639),#13634,.T.);
#13634=PLANE('',#13635);
#13635=AXIS2_PLACEMENT_3D('',#13636,#13637,#13638);
#13636=CARTESIAN_POINT('',(1.4,2.05,0.0));
#13637=DIRECTION('',(1.0,0.0,0.0));
#13638=DIRECTION('',(0.,0.,1.));
#13639=FACE_OUTER_BOUND('',#13640,.T.);
#13640=EDGE_LOOP('',(#13641,#13651,#13661,#13671,#13681,#13691));
#13644=CARTESIAN_POINT('',(1.4,2.601,0.0));
#13643=VERTEX_POINT('',#13644);
#13646=CARTESIAN_POINT('',(1.4,2.05,0.0));
#13645=VERTEX_POINT('',#13646);
#13642=EDGE_CURVE('',#13643,#13645,#13647,.T.);
#13647=LINE('',#13644,#13649);
#13649=VECTOR('',#13650,0.550959655);
#13650=DIRECTION('',(0.0,-1.0,0.0));
#13641=ORIENTED_EDGE('',*,*,#13642,.F.);
#13654=CARTESIAN_POINT('',(1.4,2.601,0.698));
#13653=VERTEX_POINT('',#13654);
#13652=EDGE_CURVE('',#13653,#13643,#13657,.T.);
#13657=LINE('',#13654,#13659);
#13659=VECTOR('',#13660,0.6984873);
#13660=DIRECTION('',(0.0,0.0,-1.0));
#13651=ORIENTED_EDGE('',*,*,#13652,.F.);
#13664=CARTESIAN_POINT('',(1.4,2.55,0.698));
#13663=VERTEX_POINT('',#13664);
#13662=EDGE_CURVE('',#13663,#13653,#13667,.T.);
#13667=LINE('',#13664,#13669);
#13669=VECTOR('',#13670,0.0508);
#13670=DIRECTION('',(0.0,1.0,0.0));
#13661=ORIENTED_EDGE('',*,*,#13662,.F.);
#13674=CARTESIAN_POINT('',(1.4,2.55,0.051));
#13673=VERTEX_POINT('',#13674);
#13672=EDGE_CURVE('',#13673,#13663,#13677,.T.);
#13677=LINE('',#13674,#13679);
#13679=VECTOR('',#13680,0.6476873);
#13680=DIRECTION('',(0.0,0.0,1.0));
#13671=ORIENTED_EDGE('',*,*,#13672,.F.);
#13684=CARTESIAN_POINT('',(1.4,2.05,0.051));
#13683=VERTEX_POINT('',#13684);
#13682=EDGE_CURVE('',#13683,#13673,#13687,.T.);
#13687=LINE('',#13684,#13689);
#13689=VECTOR('',#13690,0.500159655);
#13690=DIRECTION('',(0.0,1.0,0.0));
#13681=ORIENTED_EDGE('',*,*,#13682,.F.);
#13692=EDGE_CURVE('',#13645,#13683,#13697,.T.);
#13697=LINE('',#13646,#13699);
#13699=VECTOR('',#13700,0.0508);
#13700=DIRECTION('',(0.0,0.0,1.0));
#13691=ORIENTED_EDGE('',*,*,#13692,.F.);
#13701=STYLED_ITEM('',(#34),#13702);
#13702=ADVANCED_FACE('',(#13708),#13703,.T.);
#13703=PLANE('',#13704);
#13704=AXIS2_PLACEMENT_3D('',#13705,#13706,#13707);
#13705=CARTESIAN_POINT('',(1.1,2.601,0.698));
#13706=DIRECTION('',(0.0,0.0,1.0));
#13707=DIRECTION('',(0.,1.,0.));
#13708=FACE_OUTER_BOUND('',#13709,.T.);
#13709=EDGE_LOOP('',(#13710,#13720,#13730,#13740));
#13710=ORIENTED_EDGE('',*,*,#13613,.T.);
#13721=EDGE_CURVE('',#13663,#13604,#13726,.T.);
#13726=LINE('',#13664,#13728);
#13728=VECTOR('',#13729,0.299999908);
#13729=DIRECTION('',(-1.0,0.0,0.0));
#13720=ORIENTED_EDGE('',*,*,#13721,.F.);
#13730=ORIENTED_EDGE('',*,*,#13662,.T.);
#13741=EDGE_CURVE('',#13614,#13653,#13746,.T.);
#13746=LINE('',#13615,#13748);
#13748=VECTOR('',#13749,0.299999908);
#13749=DIRECTION('',(1.0,0.0,0.0));
#13740=ORIENTED_EDGE('',*,*,#13741,.F.);
#13750=STYLED_ITEM('',(#34),#13751);
#13751=ADVANCED_FACE('',(#13757),#13752,.T.);
#13752=PLANE('',#13753);
#13753=AXIS2_PLACEMENT_3D('',#13754,#13755,#13756);
#13754=CARTESIAN_POINT('',(1.1,2.55,0.051));
#13755=DIRECTION('',(0.0,0.0,1.0));
#13756=DIRECTION('',(0.,1.,0.));
#13757=FACE_OUTER_BOUND('',#13758,.T.);
#13758=EDGE_LOOP('',(#13759,#13769,#13779,#13789));
#13759=ORIENTED_EDGE('',*,*,#13593,.T.);
#13770=EDGE_CURVE('',#13683,#13584,#13775,.T.);
#13775=LINE('',#13684,#13777);
#13777=VECTOR('',#13778,0.299999908);
#13778=DIRECTION('',(-1.0,0.0,0.0));
#13769=ORIENTED_EDGE('',*,*,#13770,.F.);
#13779=ORIENTED_EDGE('',*,*,#13682,.T.);
#13790=EDGE_CURVE('',#13594,#13673,#13795,.T.);
#13795=LINE('',#13595,#13797);
#13797=VECTOR('',#13798,0.299999908);
#13798=DIRECTION('',(1.0,0.0,0.0));
#13789=ORIENTED_EDGE('',*,*,#13790,.F.);
#13799=STYLED_ITEM('',(#34),#13800);
#13800=ADVANCED_FACE('',(#13806),#13801,.T.);
#13801=PLANE('',#13802);
#13802=AXIS2_PLACEMENT_3D('',#13803,#13804,#13805);
#13803=CARTESIAN_POINT('',(1.4,2.601,0.0));
#13804=DIRECTION('',(0.0,1.0,0.0));
#13805=DIRECTION('',(0.,0.,1.));
#13806=FACE_OUTER_BOUND('',#13807,.T.);
#13807=EDGE_LOOP('',(#13808,#13818,#13828,#13838));
#13809=EDGE_CURVE('',#13576,#13643,#13814,.T.);
#13814=LINE('',#13577,#13816);
#13816=VECTOR('',#13817,0.299999908);
#13817=DIRECTION('',(1.0,0.0,0.0));
#13808=ORIENTED_EDGE('',*,*,#13809,.F.);
#13818=ORIENTED_EDGE('',*,*,#13623,.T.);
#13828=ORIENTED_EDGE('',*,*,#13741,.T.);
#13838=ORIENTED_EDGE('',*,*,#13652,.T.);
#13848=STYLED_ITEM('',(#34),#13849);
#13849=ADVANCED_FACE('',(#13855),#13850,.T.);
#13850=PLANE('',#13851);
#13851=AXIS2_PLACEMENT_3D('',#13852,#13853,#13854);
#13852=CARTESIAN_POINT('',(1.1,2.05,0.0));
#13853=DIRECTION('',(0.0,-1.0,0.0));
#13854=DIRECTION('',(0.,0.,1.));
#13855=FACE_OUTER_BOUND('',#13856,.T.);
#13856=EDGE_LOOP('',(#13857,#13867,#13877,#13887));
#13858=EDGE_CURVE('',#13645,#13574,#13863,.T.);
#13863=LINE('',#13646,#13865);
#13865=VECTOR('',#13866,0.299999908);
#13866=DIRECTION('',(-1.0,0.0,0.0));
#13857=ORIENTED_EDGE('',*,*,#13858,.F.);
#13867=ORIENTED_EDGE('',*,*,#13692,.T.);
#13877=ORIENTED_EDGE('',*,*,#13770,.T.);
#13887=ORIENTED_EDGE('',*,*,#13583,.T.);
#13897=STYLED_ITEM('',(#34),#13898);
#13898=ADVANCED_FACE('',(#13904),#13899,.T.);
#13899=PLANE('',#13900);
#13900=AXIS2_PLACEMENT_3D('',#13901,#13902,#13903);
#13901=CARTESIAN_POINT('',(1.1,2.55,0.051));
#13902=DIRECTION('',(0.0,-1.0,0.0));
#13903=DIRECTION('',(0.,0.,1.));
#13904=FACE_OUTER_BOUND('',#13905,.T.);
#13905=EDGE_LOOP('',(#13906,#13916,#13926,#13936));
#13906=ORIENTED_EDGE('',*,*,#13790,.T.);
#13916=ORIENTED_EDGE('',*,*,#13672,.T.);
#13926=ORIENTED_EDGE('',*,*,#13721,.T.);
#13936=ORIENTED_EDGE('',*,*,#13603,.T.);
#13946=STYLED_ITEM('',(#34),#13947);
#13947=ADVANCED_FACE('',(#13953),#13948,.T.);
#13948=PLANE('',#13949);
#13949=AXIS2_PLACEMENT_3D('',#13950,#13951,#13952);
#13950=CARTESIAN_POINT('',(1.4,2.601,0.0));
#13951=DIRECTION('',(0.0,0.0,-1.0));
#13952=DIRECTION('',(0.,1.,0.));
#13953=FACE_OUTER_BOUND('',#13954,.T.);
#13954=EDGE_LOOP('',(#13955,#13965,#13975,#13985));
#13955=ORIENTED_EDGE('',*,*,#13642,.T.);
#13965=ORIENTED_EDGE('',*,*,#13858,.T.);
#13975=ORIENTED_EDGE('',*,*,#13573,.T.);
#13985=ORIENTED_EDGE('',*,*,#13809,.T.);
#13995=MANIFOLD_SOLID_BREP($,#13996);
#13996=CLOSED_SHELL('',(#13998,#14067,#14136,#14185,#14234,#14283,#14332,#14381));
#13997=STYLED_ITEM('',(#34),#13998);
#13998=ADVANCED_FACE('',(#14004),#13999,.T.);
#13999=PLANE('',#14000);
#14000=AXIS2_PLACEMENT_3D('',#14001,#14002,#14003);
#14001=CARTESIAN_POINT('',(1.6,2.601,0.0));
#14002=DIRECTION('',(-1.0,0.0,0.0));
#14003=DIRECTION('',(0.,0.,1.));
#14004=FACE_OUTER_BOUND('',#14005,.T.);
#14005=EDGE_LOOP('',(#14006,#14016,#14026,#14036,#14046,#14056));
#14009=CARTESIAN_POINT('',(1.6,2.05,0.0));
#14008=VERTEX_POINT('',#14009);
#14011=CARTESIAN_POINT('',(1.6,2.601,0.0));
#14010=VERTEX_POINT('',#14011);
#14007=EDGE_CURVE('',#14008,#14010,#14012,.T.);
#14012=LINE('',#14009,#14014);
#14014=VECTOR('',#14015,0.550959655);
#14015=DIRECTION('',(0.0,1.0,0.0));
#14006=ORIENTED_EDGE('',*,*,#14007,.F.);
#14019=CARTESIAN_POINT('',(1.6,2.05,0.051));
#14018=VERTEX_POINT('',#14019);
#14017=EDGE_CURVE('',#14018,#14008,#14022,.T.);
#14022=LINE('',#14019,#14024);
#14024=VECTOR('',#14025,0.0508);
#14025=DIRECTION('',(0.0,0.0,-1.0));
#14016=ORIENTED_EDGE('',*,*,#14017,.F.);
#14029=CARTESIAN_POINT('',(1.6,2.55,0.051));
#14028=VERTEX_POINT('',#14029);
#14027=EDGE_CURVE('',#14028,#14018,#14032,.T.);
#14032=LINE('',#14029,#14034);
#14034=VECTOR('',#14035,0.500159655);
#14035=DIRECTION('',(0.0,-1.0,0.0));
#14026=ORIENTED_EDGE('',*,*,#14027,.F.);
#14039=CARTESIAN_POINT('',(1.6,2.55,0.698));
#14038=VERTEX_POINT('',#14039);
#14037=EDGE_CURVE('',#14038,#14028,#14042,.T.);
#14042=LINE('',#14039,#14044);
#14044=VECTOR('',#14045,0.6476873);
#14045=DIRECTION('',(0.0,0.0,-1.0));
#14036=ORIENTED_EDGE('',*,*,#14037,.F.);
#14049=CARTESIAN_POINT('',(1.6,2.601,0.698));
#14048=VERTEX_POINT('',#14049);
#14047=EDGE_CURVE('',#14048,#14038,#14052,.T.);
#14052=LINE('',#14049,#14054);
#14054=VECTOR('',#14055,0.0508);
#14055=DIRECTION('',(0.0,-1.0,0.0));
#14046=ORIENTED_EDGE('',*,*,#14047,.F.);
#14057=EDGE_CURVE('',#14010,#14048,#14062,.T.);
#14062=LINE('',#14011,#14064);
#14064=VECTOR('',#14065,0.6984873);
#14065=DIRECTION('',(0.0,0.0,1.0));
#14056=ORIENTED_EDGE('',*,*,#14057,.F.);
#14066=STYLED_ITEM('',(#34),#14067);
#14067=ADVANCED_FACE('',(#14073),#14068,.T.);
#14068=PLANE('',#14069);
#14069=AXIS2_PLACEMENT_3D('',#14070,#14071,#14072);
#14070=CARTESIAN_POINT('',(1.9,2.05,0.0));
#14071=DIRECTION('',(1.0,0.0,0.0));
#14072=DIRECTION('',(0.,0.,1.));
#14073=FACE_OUTER_BOUND('',#14074,.T.);
#14074=EDGE_LOOP('',(#14075,#14085,#14095,#14105,#14115,#14125));
#14078=CARTESIAN_POINT('',(1.9,2.601,0.0));
#14077=VERTEX_POINT('',#14078);
#14080=CARTESIAN_POINT('',(1.9,2.05,0.0));
#14079=VERTEX_POINT('',#14080);
#14076=EDGE_CURVE('',#14077,#14079,#14081,.T.);
#14081=LINE('',#14078,#14083);
#14083=VECTOR('',#14084,0.550959655);
#14084=DIRECTION('',(0.0,-1.0,0.0));
#14075=ORIENTED_EDGE('',*,*,#14076,.F.);
#14088=CARTESIAN_POINT('',(1.9,2.601,0.698));
#14087=VERTEX_POINT('',#14088);
#14086=EDGE_CURVE('',#14087,#14077,#14091,.T.);
#14091=LINE('',#14088,#14093);
#14093=VECTOR('',#14094,0.6984873);
#14094=DIRECTION('',(0.0,0.0,-1.0));
#14085=ORIENTED_EDGE('',*,*,#14086,.F.);
#14098=CARTESIAN_POINT('',(1.9,2.55,0.698));
#14097=VERTEX_POINT('',#14098);
#14096=EDGE_CURVE('',#14097,#14087,#14101,.T.);
#14101=LINE('',#14098,#14103);
#14103=VECTOR('',#14104,0.0508);
#14104=DIRECTION('',(0.0,1.0,0.0));
#14095=ORIENTED_EDGE('',*,*,#14096,.F.);
#14108=CARTESIAN_POINT('',(1.9,2.55,0.051));
#14107=VERTEX_POINT('',#14108);
#14106=EDGE_CURVE('',#14107,#14097,#14111,.T.);
#14111=LINE('',#14108,#14113);
#14113=VECTOR('',#14114,0.6476873);
#14114=DIRECTION('',(0.0,0.0,1.0));
#14105=ORIENTED_EDGE('',*,*,#14106,.F.);
#14118=CARTESIAN_POINT('',(1.9,2.05,0.051));
#14117=VERTEX_POINT('',#14118);
#14116=EDGE_CURVE('',#14117,#14107,#14121,.T.);
#14121=LINE('',#14118,#14123);
#14123=VECTOR('',#14124,0.500159655);
#14124=DIRECTION('',(0.0,1.0,0.0));
#14115=ORIENTED_EDGE('',*,*,#14116,.F.);
#14126=EDGE_CURVE('',#14079,#14117,#14131,.T.);
#14131=LINE('',#14080,#14133);
#14133=VECTOR('',#14134,0.0508);
#14134=DIRECTION('',(0.0,0.0,1.0));
#14125=ORIENTED_EDGE('',*,*,#14126,.F.);
#14135=STYLED_ITEM('',(#34),#14136);
#14136=ADVANCED_FACE('',(#14142),#14137,.T.);
#14137=PLANE('',#14138);
#14138=AXIS2_PLACEMENT_3D('',#14139,#14140,#14141);
#14139=CARTESIAN_POINT('',(1.6,2.601,0.698));
#14140=DIRECTION('',(0.0,0.0,1.0));
#14141=DIRECTION('',(0.,1.,0.));
#14142=FACE_OUTER_BOUND('',#14143,.T.);
#14143=EDGE_LOOP('',(#14144,#14154,#14164,#14174));
#14144=ORIENTED_EDGE('',*,*,#14047,.T.);
#14155=EDGE_CURVE('',#14097,#14038,#14160,.T.);
#14160=LINE('',#14098,#14162);
#14162=VECTOR('',#14163,0.299999908);
#14163=DIRECTION('',(-1.0,0.0,0.0));
#14154=ORIENTED_EDGE('',*,*,#14155,.F.);
#14164=ORIENTED_EDGE('',*,*,#14096,.T.);
#14175=EDGE_CURVE('',#14048,#14087,#14180,.T.);
#14180=LINE('',#14049,#14182);
#14182=VECTOR('',#14183,0.299999908);
#14183=DIRECTION('',(1.0,0.0,0.0));
#14174=ORIENTED_EDGE('',*,*,#14175,.F.);
#14184=STYLED_ITEM('',(#34),#14185);
#14185=ADVANCED_FACE('',(#14191),#14186,.T.);
#14186=PLANE('',#14187);
#14187=AXIS2_PLACEMENT_3D('',#14188,#14189,#14190);
#14188=CARTESIAN_POINT('',(1.6,2.55,0.051));
#14189=DIRECTION('',(0.0,0.0,1.0));
#14190=DIRECTION('',(0.,1.,0.));
#14191=FACE_OUTER_BOUND('',#14192,.T.);
#14192=EDGE_LOOP('',(#14193,#14203,#14213,#14223));
#14193=ORIENTED_EDGE('',*,*,#14027,.T.);
#14204=EDGE_CURVE('',#14117,#14018,#14209,.T.);
#14209=LINE('',#14118,#14211);
#14211=VECTOR('',#14212,0.299999908);
#14212=DIRECTION('',(-1.0,0.0,0.0));
#14203=ORIENTED_EDGE('',*,*,#14204,.F.);
#14213=ORIENTED_EDGE('',*,*,#14116,.T.);
#14224=EDGE_CURVE('',#14028,#14107,#14229,.T.);
#14229=LINE('',#14029,#14231);
#14231=VECTOR('',#14232,0.299999908);
#14232=DIRECTION('',(1.0,0.0,0.0));
#14223=ORIENTED_EDGE('',*,*,#14224,.F.);
#14233=STYLED_ITEM('',(#34),#14234);
#14234=ADVANCED_FACE('',(#14240),#14235,.T.);
#14235=PLANE('',#14236);
#14236=AXIS2_PLACEMENT_3D('',#14237,#14238,#14239);
#14237=CARTESIAN_POINT('',(1.9,2.601,0.0));
#14238=DIRECTION('',(0.0,1.0,0.0));
#14239=DIRECTION('',(0.,0.,1.));
#14240=FACE_OUTER_BOUND('',#14241,.T.);
#14241=EDGE_LOOP('',(#14242,#14252,#14262,#14272));
#14243=EDGE_CURVE('',#14010,#14077,#14248,.T.);
#14248=LINE('',#14011,#14250);
#14250=VECTOR('',#14251,0.299999908);
#14251=DIRECTION('',(1.0,0.0,0.0));
#14242=ORIENTED_EDGE('',*,*,#14243,.F.);
#14252=ORIENTED_EDGE('',*,*,#14057,.T.);
#14262=ORIENTED_EDGE('',*,*,#14175,.T.);
#14272=ORIENTED_EDGE('',*,*,#14086,.T.);
#14282=STYLED_ITEM('',(#34),#14283);
#14283=ADVANCED_FACE('',(#14289),#14284,.T.);
#14284=PLANE('',#14285);
#14285=AXIS2_PLACEMENT_3D('',#14286,#14287,#14288);
#14286=CARTESIAN_POINT('',(1.6,2.05,0.0));
#14287=DIRECTION('',(0.0,-1.0,0.0));
#14288=DIRECTION('',(0.,0.,1.));
#14289=FACE_OUTER_BOUND('',#14290,.T.);
#14290=EDGE_LOOP('',(#14291,#14301,#14311,#14321));
#14292=EDGE_CURVE('',#14079,#14008,#14297,.T.);
#14297=LINE('',#14080,#14299);
#14299=VECTOR('',#14300,0.299999908);
#14300=DIRECTION('',(-1.0,0.0,0.0));
#14291=ORIENTED_EDGE('',*,*,#14292,.F.);
#14301=ORIENTED_EDGE('',*,*,#14126,.T.);
#14311=ORIENTED_EDGE('',*,*,#14204,.T.);
#14321=ORIENTED_EDGE('',*,*,#14017,.T.);
#14331=STYLED_ITEM('',(#34),#14332);
#14332=ADVANCED_FACE('',(#14338),#14333,.T.);
#14333=PLANE('',#14334);
#14334=AXIS2_PLACEMENT_3D('',#14335,#14336,#14337);
#14335=CARTESIAN_POINT('',(1.6,2.55,0.051));
#14336=DIRECTION('',(0.0,-1.0,0.0));
#14337=DIRECTION('',(0.,0.,1.));
#14338=FACE_OUTER_BOUND('',#14339,.T.);
#14339=EDGE_LOOP('',(#14340,#14350,#14360,#14370));
#14340=ORIENTED_EDGE('',*,*,#14224,.T.);
#14350=ORIENTED_EDGE('',*,*,#14106,.T.);
#14360=ORIENTED_EDGE('',*,*,#14155,.T.);
#14370=ORIENTED_EDGE('',*,*,#14037,.T.);
#14380=STYLED_ITEM('',(#34),#14381);
#14381=ADVANCED_FACE('',(#14387),#14382,.T.);
#14382=PLANE('',#14383);
#14383=AXIS2_PLACEMENT_3D('',#14384,#14385,#14386);
#14384=CARTESIAN_POINT('',(1.9,2.601,0.0));
#14385=DIRECTION('',(0.0,0.0,-1.0));
#14386=DIRECTION('',(0.,1.,0.));
#14387=FACE_OUTER_BOUND('',#14388,.T.);
#14388=EDGE_LOOP('',(#14389,#14399,#14409,#14419));
#14389=ORIENTED_EDGE('',*,*,#14076,.T.);
#14399=ORIENTED_EDGE('',*,*,#14292,.T.);
#14409=ORIENTED_EDGE('',*,*,#14007,.T.);
#14419=ORIENTED_EDGE('',*,*,#14243,.T.);
ENDSEC;
END-ISO-10303-21;
