ISO-10303-21;
HEADER;
FILE_DESCRIPTION( ( 'Unknown' ), '1' );
FILE_NAME( 'I:/User_Groups_Only/17_EMC_Product_&_Development/Article_Master/Ind_Inductors_Power/IndHCI/Master_Data/01_CAD_drawing/1_Drawing/7443558xxxx/Released_data/7443558xxxx.stp', 'Unknown', ( 'Unknown' ), ( 'Unknown' ), 'PSStep 13.0', 'Unknown', '  ' );
FILE_SCHEMA( ( 'AUTOMOTIVE_DESIGN { 1 0 10303 214 1 1 1 1 }' ) );
ENDSEC;
DATA;
#1 = MECHANICAL_DESIGN_GEOMETRIC_PRESENTATION_REPRESENTATION( ' ', ( #16, #17, #18, #19, #20, #21, #22, #23, #24, #25, #26, #27, #28, #29, #30, #31, #32, #33, #34, #35, #36, #37, #38, #39, #40, #41, #42, #43, #44, #45, #46, #47, #48, #49, #50, #51, #52, #53, #54, #55, #56, #57, #58, #59, #60, #61, #62, #63, #64, #65, #66, #67, #68, #69, #70, #71, #72, #73, #74, #75, #76, #77, #78, #79, #80, #81, #82, #83, #84, #85, #86, #87, #88, #89, #90, #91, #92, #93, #94, #95, #96, #97, #98, #99, #100, #101, #102, #103, #104, #105, #106, #107, #108, #109, #110, #111, #112, #113, #114, #115, #116, #117, #118, #119, #120, #121, #122, #123, #124, #125, #126, #127, #128, #129, #130, #131, #132, #133, #134, #135, #136, #137, #138, #139, #140, #141, #142, #143, #144, #145, #146, #147, #148, #149, #150, #151, #152, #153, #154, #155, #156, #157, #158, #159, #160, #161, #162, #163, #164, #165, #166, #167, #168, #169, #170, #171, #172, #173, #174, #175, #176, #177, #178, #179, #180, #181, #182, #183, #184, #185, #186, #187, #188, #189, #190, #191, #192, #193, #194, #195, #196, #197, #198, #199, #200, #201, #202, #203, #204, #205, #206, #207, #208, #209, #210, #211, #212, #213, #214, #215, #216, #217, #218, #219, #220, #221, #222, #223, #224, #225, #226, #227, #228, #229, #230, #231, #232, #233, #234, #235, #236, #237, #238, #239, #240, #241, #242, #243, #244, #245, #246, #247, #248, #249, #250, #251, #252, #253, #254, #255, #256, #257, #258, #259, #260, #261, #262, #263, #264, #265, #266, #267, #268, #269, #270, #271, #272, #273, #274, #275, #276, #277, #278, #279, #280, #281, #282, #283, #284, #285 ), #12 );
#2 = PRODUCT_DEFINITION_CONTEXT( '', #286, 'design' );
#3 = APPLICATION_PROTOCOL_DEFINITION( 'international standard', 'automotive_design', 2001, #286 );
#4 = PRODUCT_CATEGORY_RELATIONSHIP( 'NONE', 'NONE', #287, #288 );
#5 = SHAPE_DEFINITION_REPRESENTATION( #289, #290 );
#6 = PRODUCT_CATEGORY_RELATIONSHIP( 'NONE', 'NONE', #287, #291 );
#7 = SHAPE_DEFINITION_REPRESENTATION( #292, #293 );
#8 = PRODUCT_CATEGORY_RELATIONSHIP( 'NONE', 'NONE', #287, #294 );
#9 = SHAPE_DEFINITION_REPRESENTATION( #295, #296 );
#10 = PRODUCT_CATEGORY_RELATIONSHIP( 'NONE', 'NONE', #287, #297 );
#11 = SHAPE_DEFINITION_REPRESENTATION( #298, #299 );
#12 =  ( GEOMETRIC_REPRESENTATION_CONTEXT( 3 )GLOBAL_UNCERTAINTY_ASSIGNED_CONTEXT( ( #302 ) )GLOBAL_UNIT_ASSIGNED_CONTEXT( ( #304, #305, #306 ) )REPRESENTATION_CONTEXT( 'NONE', 'WORKSPACE' ) );
#16 = STYLED_ITEM( '', ( #308 ), #309 );
#17 = STYLED_ITEM( '', ( #310 ), #311 );
#18 = STYLED_ITEM( '', ( #312 ), #313 );
#19 = STYLED_ITEM( '', ( #314 ), #315 );
#20 = STYLED_ITEM( '', ( #316 ), #317 );
#21 = STYLED_ITEM( '', ( #318 ), #319 );
#22 = STYLED_ITEM( '', ( #320 ), #321 );
#23 = STYLED_ITEM( '', ( #322 ), #323 );
#24 = STYLED_ITEM( '', ( #324 ), #325 );
#25 = STYLED_ITEM( '', ( #326 ), #327 );
#26 = STYLED_ITEM( '', ( #328 ), #329 );
#27 = STYLED_ITEM( '', ( #330 ), #331 );
#28 = STYLED_ITEM( '', ( #332 ), #333 );
#29 = STYLED_ITEM( '', ( #334 ), #335 );
#30 = STYLED_ITEM( '', ( #336 ), #337 );
#31 = STYLED_ITEM( '', ( #338 ), #339 );
#32 = STYLED_ITEM( '', ( #340 ), #341 );
#33 = STYLED_ITEM( '', ( #342 ), #343 );
#34 = STYLED_ITEM( '', ( #344 ), #345 );
#35 = STYLED_ITEM( '', ( #346 ), #347 );
#36 = STYLED_ITEM( '', ( #348 ), #349 );
#37 = STYLED_ITEM( '', ( #350 ), #351 );
#38 = STYLED_ITEM( '', ( #352 ), #353 );
#39 = STYLED_ITEM( '', ( #354 ), #355 );
#40 = STYLED_ITEM( '', ( #356 ), #357 );
#41 = STYLED_ITEM( '', ( #358 ), #359 );
#42 = STYLED_ITEM( '', ( #360 ), #361 );
#43 = STYLED_ITEM( '', ( #362 ), #363 );
#44 = STYLED_ITEM( '', ( #364 ), #365 );
#45 = STYLED_ITEM( '', ( #366 ), #367 );
#46 = STYLED_ITEM( '', ( #368 ), #369 );
#47 = STYLED_ITEM( '', ( #370 ), #371 );
#48 = STYLED_ITEM( '', ( #372 ), #373 );
#49 = STYLED_ITEM( '', ( #374 ), #375 );
#50 = STYLED_ITEM( '', ( #376 ), #377 );
#51 = STYLED_ITEM( '', ( #378 ), #379 );
#52 = STYLED_ITEM( '', ( #380 ), #381 );
#53 = STYLED_ITEM( '', ( #382 ), #383 );
#54 = STYLED_ITEM( '', ( #384 ), #385 );
#55 = STYLED_ITEM( '', ( #386 ), #387 );
#56 = STYLED_ITEM( '', ( #388 ), #389 );
#57 = STYLED_ITEM( '', ( #390 ), #391 );
#58 = STYLED_ITEM( '', ( #392 ), #393 );
#59 = STYLED_ITEM( '', ( #394 ), #395 );
#60 = STYLED_ITEM( '', ( #396 ), #397 );
#61 = STYLED_ITEM( '', ( #398 ), #399 );
#62 = STYLED_ITEM( '', ( #400 ), #401 );
#63 = STYLED_ITEM( '', ( #402 ), #403 );
#64 = STYLED_ITEM( '', ( #404 ), #405 );
#65 = STYLED_ITEM( '', ( #406 ), #407 );
#66 = STYLED_ITEM( '', ( #408 ), #409 );
#67 = STYLED_ITEM( '', ( #410 ), #411 );
#68 = STYLED_ITEM( '', ( #412 ), #413 );
#69 = STYLED_ITEM( '', ( #414 ), #415 );
#70 = STYLED_ITEM( '', ( #416 ), #417 );
#71 = STYLED_ITEM( '', ( #418 ), #419 );
#72 = STYLED_ITEM( '', ( #420 ), #421 );
#73 = STYLED_ITEM( '', ( #422 ), #423 );
#74 = STYLED_ITEM( '', ( #424 ), #425 );
#75 = STYLED_ITEM( '', ( #426 ), #427 );
#76 = STYLED_ITEM( '', ( #428 ), #429 );
#77 = STYLED_ITEM( '', ( #430 ), #431 );
#78 = STYLED_ITEM( '', ( #432 ), #433 );
#79 = STYLED_ITEM( '', ( #434 ), #435 );
#80 = STYLED_ITEM( '', ( #436 ), #437 );
#81 = STYLED_ITEM( '', ( #438 ), #439 );
#82 = STYLED_ITEM( '', ( #440 ), #441 );
#83 = STYLED_ITEM( '', ( #442 ), #443 );
#84 = STYLED_ITEM( '', ( #444 ), #445 );
#85 = STYLED_ITEM( '', ( #446 ), #447 );
#86 = STYLED_ITEM( '', ( #448 ), #449 );
#87 = STYLED_ITEM( '', ( #450 ), #451 );
#88 = STYLED_ITEM( '', ( #452 ), #453 );
#89 = STYLED_ITEM( '', ( #454 ), #455 );
#90 = STYLED_ITEM( '', ( #456 ), #457 );
#91 = STYLED_ITEM( '', ( #458 ), #459 );
#92 = STYLED_ITEM( '', ( #460 ), #461 );
#93 = STYLED_ITEM( '', ( #462 ), #463 );
#94 = STYLED_ITEM( '', ( #464 ), #465 );
#95 = STYLED_ITEM( '', ( #466 ), #467 );
#96 = STYLED_ITEM( '', ( #468 ), #469 );
#97 = STYLED_ITEM( '', ( #470 ), #471 );
#98 = STYLED_ITEM( '', ( #472 ), #473 );
#99 = STYLED_ITEM( '', ( #474 ), #475 );
#100 = STYLED_ITEM( '', ( #476 ), #477 );
#101 = STYLED_ITEM( '', ( #478 ), #479 );
#102 = STYLED_ITEM( '', ( #480 ), #481 );
#103 = STYLED_ITEM( '', ( #482 ), #483 );
#104 = STYLED_ITEM( '', ( #484 ), #485 );
#105 = STYLED_ITEM( '', ( #486 ), #487 );
#106 = STYLED_ITEM( '', ( #488 ), #489 );
#107 = STYLED_ITEM( '', ( #490 ), #491 );
#108 = STYLED_ITEM( '', ( #492 ), #493 );
#109 = STYLED_ITEM( '', ( #494 ), #495 );
#110 = STYLED_ITEM( '', ( #496 ), #497 );
#111 = STYLED_ITEM( '', ( #498 ), #499 );
#112 = STYLED_ITEM( '', ( #500 ), #501 );
#113 = STYLED_ITEM( '', ( #502 ), #503 );
#114 = STYLED_ITEM( '', ( #504 ), #505 );
#115 = STYLED_ITEM( '', ( #506 ), #507 );
#116 = STYLED_ITEM( '', ( #508 ), #509 );
#117 = STYLED_ITEM( '', ( #510 ), #511 );
#118 = STYLED_ITEM( '', ( #512 ), #513 );
#119 = STYLED_ITEM( '', ( #514 ), #515 );
#120 = STYLED_ITEM( '', ( #516 ), #517 );
#121 = STYLED_ITEM( '', ( #518 ), #519 );
#122 = STYLED_ITEM( '', ( #520 ), #521 );
#123 = STYLED_ITEM( '', ( #522 ), #523 );
#124 = STYLED_ITEM( '', ( #524 ), #525 );
#125 = STYLED_ITEM( '', ( #526 ), #527 );
#126 = STYLED_ITEM( '', ( #528 ), #529 );
#127 = STYLED_ITEM( '', ( #530 ), #531 );
#128 = STYLED_ITEM( '', ( #532 ), #533 );
#129 = STYLED_ITEM( '', ( #534 ), #535 );
#130 = STYLED_ITEM( '', ( #536 ), #537 );
#131 = STYLED_ITEM( '', ( #538 ), #539 );
#132 = STYLED_ITEM( '', ( #540 ), #541 );
#133 = STYLED_ITEM( '', ( #542 ), #543 );
#134 = STYLED_ITEM( '', ( #544 ), #545 );
#135 = STYLED_ITEM( '', ( #546 ), #547 );
#136 = STYLED_ITEM( '', ( #548 ), #549 );
#137 = STYLED_ITEM( '', ( #550 ), #551 );
#138 = STYLED_ITEM( '', ( #552 ), #553 );
#139 = STYLED_ITEM( '', ( #554 ), #555 );
#140 = STYLED_ITEM( '', ( #556 ), #557 );
#141 = STYLED_ITEM( '', ( #558 ), #559 );
#142 = STYLED_ITEM( '', ( #560 ), #561 );
#143 = STYLED_ITEM( '', ( #562 ), #563 );
#144 = STYLED_ITEM( '', ( #564 ), #565 );
#145 = STYLED_ITEM( '', ( #566 ), #567 );
#146 = STYLED_ITEM( '', ( #568 ), #569 );
#147 = STYLED_ITEM( '', ( #570 ), #571 );
#148 = STYLED_ITEM( '', ( #572 ), #573 );
#149 = STYLED_ITEM( '', ( #574 ), #575 );
#150 = STYLED_ITEM( '', ( #576 ), #577 );
#151 = STYLED_ITEM( '', ( #578 ), #579 );
#152 = STYLED_ITEM( '', ( #580 ), #581 );
#153 = STYLED_ITEM( '', ( #582 ), #583 );
#154 = STYLED_ITEM( '', ( #584 ), #585 );
#155 = STYLED_ITEM( '', ( #586 ), #587 );
#156 = STYLED_ITEM( '', ( #588 ), #589 );
#157 = STYLED_ITEM( '', ( #590 ), #591 );
#158 = STYLED_ITEM( '', ( #592 ), #593 );
#159 = STYLED_ITEM( '', ( #594 ), #595 );
#160 = STYLED_ITEM( '', ( #596 ), #597 );
#161 = STYLED_ITEM( '', ( #598 ), #599 );
#162 = STYLED_ITEM( '', ( #600 ), #601 );
#163 = STYLED_ITEM( '', ( #602 ), #603 );
#164 = STYLED_ITEM( '', ( #604 ), #605 );
#165 = STYLED_ITEM( '', ( #606 ), #607 );
#166 = STYLED_ITEM( '', ( #608 ), #609 );
#167 = STYLED_ITEM( '', ( #610 ), #611 );
#168 = STYLED_ITEM( '', ( #612 ), #613 );
#169 = STYLED_ITEM( '', ( #614 ), #615 );
#170 = STYLED_ITEM( '', ( #616 ), #617 );
#171 = STYLED_ITEM( '', ( #618 ), #619 );
#172 = STYLED_ITEM( '', ( #620 ), #621 );
#173 = STYLED_ITEM( '', ( #622 ), #623 );
#174 = STYLED_ITEM( '', ( #624 ), #625 );
#175 = STYLED_ITEM( '', ( #626 ), #627 );
#176 = STYLED_ITEM( '', ( #628 ), #629 );
#177 = STYLED_ITEM( '', ( #630 ), #631 );
#178 = STYLED_ITEM( '', ( #632 ), #633 );
#179 = STYLED_ITEM( '', ( #634 ), #635 );
#180 = STYLED_ITEM( '', ( #636 ), #637 );
#181 = STYLED_ITEM( '', ( #638 ), #639 );
#182 = STYLED_ITEM( '', ( #640 ), #641 );
#183 = STYLED_ITEM( '', ( #642 ), #643 );
#184 = STYLED_ITEM( '', ( #644 ), #645 );
#185 = STYLED_ITEM( '', ( #646 ), #647 );
#186 = STYLED_ITEM( '', ( #648 ), #649 );
#187 = STYLED_ITEM( '', ( #650 ), #651 );
#188 = STYLED_ITEM( '', ( #652 ), #653 );
#189 = STYLED_ITEM( '', ( #654 ), #655 );
#190 = STYLED_ITEM( '', ( #656 ), #657 );
#191 = STYLED_ITEM( '', ( #658 ), #659 );
#192 = STYLED_ITEM( '', ( #660 ), #661 );
#193 = STYLED_ITEM( '', ( #662 ), #663 );
#194 = STYLED_ITEM( '', ( #664 ), #665 );
#195 = STYLED_ITEM( '', ( #666 ), #667 );
#196 = STYLED_ITEM( '', ( #668 ), #669 );
#197 = STYLED_ITEM( '', ( #670 ), #671 );
#198 = STYLED_ITEM( '', ( #672 ), #673 );
#199 = STYLED_ITEM( '', ( #674 ), #675 );
#200 = STYLED_ITEM( '', ( #676 ), #677 );
#201 = STYLED_ITEM( '', ( #678 ), #679 );
#202 = STYLED_ITEM( '', ( #680 ), #681 );
#203 = STYLED_ITEM( '', ( #682 ), #683 );
#204 = STYLED_ITEM( '', ( #684 ), #685 );
#205 = STYLED_ITEM( '', ( #686 ), #687 );
#206 = STYLED_ITEM( '', ( #688 ), #689 );
#207 = STYLED_ITEM( '', ( #690 ), #691 );
#208 = STYLED_ITEM( '', ( #692 ), #693 );
#209 = STYLED_ITEM( '', ( #694 ), #695 );
#210 = STYLED_ITEM( '', ( #696 ), #697 );
#211 = STYLED_ITEM( '', ( #698 ), #699 );
#212 = STYLED_ITEM( '', ( #700 ), #701 );
#213 = STYLED_ITEM( '', ( #702 ), #703 );
#214 = STYLED_ITEM( '', ( #704 ), #705 );
#215 = STYLED_ITEM( '', ( #706 ), #707 );
#216 = STYLED_ITEM( '', ( #708 ), #709 );
#217 = STYLED_ITEM( '', ( #710 ), #711 );
#218 = STYLED_ITEM( '', ( #712 ), #713 );
#219 = STYLED_ITEM( '', ( #714 ), #715 );
#220 = STYLED_ITEM( '', ( #716 ), #717 );
#221 = STYLED_ITEM( '', ( #718 ), #719 );
#222 = STYLED_ITEM( '', ( #720 ), #721 );
#223 = STYLED_ITEM( '', ( #722 ), #723 );
#224 = STYLED_ITEM( '', ( #724 ), #725 );
#225 = STYLED_ITEM( '', ( #726 ), #727 );
#226 = STYLED_ITEM( '', ( #728 ), #729 );
#227 = STYLED_ITEM( '', ( #730 ), #731 );
#228 = STYLED_ITEM( '', ( #732 ), #733 );
#229 = STYLED_ITEM( '', ( #734 ), #735 );
#230 = STYLED_ITEM( '', ( #736 ), #737 );
#231 = STYLED_ITEM( '', ( #738 ), #739 );
#232 = STYLED_ITEM( '', ( #740 ), #741 );
#233 = STYLED_ITEM( '', ( #742 ), #743 );
#234 = STYLED_ITEM( '', ( #744 ), #745 );
#235 = STYLED_ITEM( '', ( #746 ), #747 );
#236 = STYLED_ITEM( '', ( #748 ), #749 );
#237 = STYLED_ITEM( '', ( #750 ), #751 );
#238 = STYLED_ITEM( '', ( #752 ), #753 );
#239 = STYLED_ITEM( '', ( #754 ), #755 );
#240 = STYLED_ITEM( '', ( #756 ), #757 );
#241 = STYLED_ITEM( '', ( #758 ), #759 );
#242 = STYLED_ITEM( '', ( #760 ), #761 );
#243 = STYLED_ITEM( '', ( #762 ), #763 );
#244 = STYLED_ITEM( '', ( #764 ), #765 );
#245 = STYLED_ITEM( '', ( #766 ), #767 );
#246 = STYLED_ITEM( '', ( #768 ), #769 );
#247 = STYLED_ITEM( '', ( #770 ), #771 );
#248 = STYLED_ITEM( '', ( #772 ), #773 );
#249 = STYLED_ITEM( '', ( #774 ), #775 );
#250 = STYLED_ITEM( '', ( #776 ), #777 );
#251 = STYLED_ITEM( '', ( #778 ), #779 );
#252 = STYLED_ITEM( '', ( #780 ), #781 );
#253 = STYLED_ITEM( '', ( #782 ), #783 );
#254 = STYLED_ITEM( '', ( #784 ), #785 );
#255 = STYLED_ITEM( '', ( #786 ), #787 );
#256 = STYLED_ITEM( '', ( #788 ), #789 );
#257 = STYLED_ITEM( '', ( #790 ), #791 );
#258 = STYLED_ITEM( '', ( #792 ), #793 );
#259 = STYLED_ITEM( '', ( #794 ), #795 );
#260 = STYLED_ITEM( '', ( #796 ), #797 );
#261 = STYLED_ITEM( '', ( #798 ), #799 );
#262 = STYLED_ITEM( '', ( #800 ), #801 );
#263 = STYLED_ITEM( '', ( #802 ), #803 );
#264 = STYLED_ITEM( '', ( #804 ), #805 );
#265 = STYLED_ITEM( '', ( #806 ), #807 );
#266 = STYLED_ITEM( '', ( #808 ), #809 );
#267 = STYLED_ITEM( '', ( #810 ), #811 );
#268 = STYLED_ITEM( '', ( #812 ), #813 );
#269 = STYLED_ITEM( '', ( #814 ), #815 );
#270 = STYLED_ITEM( '', ( #816 ), #817 );
#271 = STYLED_ITEM( '', ( #818 ), #819 );
#272 = STYLED_ITEM( '', ( #820 ), #821 );
#273 = STYLED_ITEM( '', ( #822 ), #823 );
#274 = STYLED_ITEM( '', ( #824 ), #825 );
#275 = STYLED_ITEM( '', ( #826 ), #827 );
#276 = STYLED_ITEM( '', ( #828 ), #829 );
#277 = STYLED_ITEM( '', ( #830 ), #831 );
#278 = STYLED_ITEM( '', ( #832 ), #833 );
#279 = STYLED_ITEM( '', ( #834 ), #835 );
#280 = STYLED_ITEM( '', ( #836 ), #837 );
#281 = STYLED_ITEM( '', ( #838 ), #839 );
#282 = STYLED_ITEM( '', ( #840 ), #841 );
#283 = STYLED_ITEM( '', ( #842 ), #843 );
#284 = STYLED_ITEM( '', ( #844 ), #845 );
#285 = STYLED_ITEM( '', ( #846 ), #847 );
#286 = APPLICATION_CONTEXT( 'core data for automotive mechanical design processes' );
#287 = PRODUCT_CATEGORY( 'part', 'NONE' );
#288 = PRODUCT_RELATED_PRODUCT_CATEGORY( 'detail', ' ', ( #848 ) );
#289 = PRODUCT_DEFINITION_SHAPE( 'NONE', 'NONE', #849 );
#290 = ADVANCED_BREP_SHAPE_REPRESENTATION( 'Assem1', ( #850, #851, #852, #853 ), #12 );
#291 = PRODUCT_RELATED_PRODUCT_CATEGORY( 'detail', ' ', ( #854 ) );
#292 = PRODUCT_DEFINITION_SHAPE( 'NONE', 'NONE', #855 );
#293 = ADVANCED_BREP_SHAPE_REPRESENTATION( 'bottom', ( #856 ), #12 );
#294 = PRODUCT_RELATED_PRODUCT_CATEGORY( 'detail', ' ', ( #857 ) );
#295 = PRODUCT_DEFINITION_SHAPE( 'NONE', 'NONE', #858 );
#296 = ADVANCED_BREP_SHAPE_REPRESENTATION( 'ferrite_housing', ( #859 ), #12 );
#297 = PRODUCT_RELATED_PRODUCT_CATEGORY( 'detail', ' ', ( #860 ) );
#298 = PRODUCT_DEFINITION_SHAPE( 'NONE', 'NONE', #861 );
#299 = ADVANCED_BREP_SHAPE_REPRESENTATION( 'turns', ( #862 ), #12 );
#302 = UNCERTAINTY_MEASURE_WITH_UNIT( LENGTH_MEASURE( 0.00100000000000000 ), #304, '', '' );
#304 =  ( CONVERSION_BASED_UNIT( 'MILLIMETRE', #865 )LENGTH_UNIT(  )NAMED_UNIT( #868 ) );
#305 =  ( NAMED_UNIT( #870 )PLANE_ANGLE_UNIT(  )SI_UNIT( $, .RADIAN. ) );
#306 =  ( NAMED_UNIT( #870 )SI_UNIT( $, .STERADIAN. )SOLID_ANGLE_UNIT(  ) );
#308 = PRESENTATION_STYLE_ASSIGNMENT( ( #876 ) );
#309 = ADVANCED_FACE( '', ( #877, #878, #879, #880, #881, #882, #883, #884, #885, #886, #887, #888, #889, #890, #891, #892, #893, #894, #895 ), #896, .T. );
#310 = PRESENTATION_STYLE_ASSIGNMENT( ( #897 ) );
#311 = ADVANCED_FACE( '', ( #898 ), #899, .F. );
#312 = PRESENTATION_STYLE_ASSIGNMENT( ( #900 ) );
#313 = ADVANCED_FACE( '', ( #901 ), #902, .T. );
#314 = PRESENTATION_STYLE_ASSIGNMENT( ( #903 ) );
#315 = ADVANCED_FACE( '', ( #904, #905 ), #906, .T. );
#316 = PRESENTATION_STYLE_ASSIGNMENT( ( #907 ) );
#317 = ADVANCED_FACE( '', ( #908 ), #909, .F. );
#318 = PRESENTATION_STYLE_ASSIGNMENT( ( #910 ) );
#319 = ADVANCED_FACE( '', ( #911 ), #912, .F. );
#320 = PRESENTATION_STYLE_ASSIGNMENT( ( #913 ) );
#321 = ADVANCED_FACE( '', ( #914 ), #915, .F. );
#322 = PRESENTATION_STYLE_ASSIGNMENT( ( #916 ) );
#323 = ADVANCED_FACE( '', ( #917 ), #918, .T. );
#324 = PRESENTATION_STYLE_ASSIGNMENT( ( #919 ) );
#325 = ADVANCED_FACE( '', ( #920 ), #921, .F. );
#326 = PRESENTATION_STYLE_ASSIGNMENT( ( #922 ) );
#327 = ADVANCED_FACE( '', ( #923 ), #924, .F. );
#328 = PRESENTATION_STYLE_ASSIGNMENT( ( #925 ) );
#329 = ADVANCED_FACE( '', ( #926 ), #927, .T. );
#330 = PRESENTATION_STYLE_ASSIGNMENT( ( #928 ) );
#331 = ADVANCED_FACE( '', ( #929 ), #930, .F. );
#332 = PRESENTATION_STYLE_ASSIGNMENT( ( #931 ) );
#333 = ADVANCED_FACE( '', ( #932 ), #933, .T. );
#334 = PRESENTATION_STYLE_ASSIGNMENT( ( #934 ) );
#335 = ADVANCED_FACE( '', ( #935 ), #936, .F. );
#336 = PRESENTATION_STYLE_ASSIGNMENT( ( #937 ) );
#337 = ADVANCED_FACE( '', ( #938, #939 ), #940, .T. );
#338 = PRESENTATION_STYLE_ASSIGNMENT( ( #941 ) );
#339 = ADVANCED_FACE( '', ( #942 ), #943, .F. );
#340 = PRESENTATION_STYLE_ASSIGNMENT( ( #944 ) );
#341 = ADVANCED_FACE( '', ( #945 ), #946, .F. );
#342 = PRESENTATION_STYLE_ASSIGNMENT( ( #947 ) );
#343 = ADVANCED_FACE( '', ( #948 ), #949, .T. );
#344 = PRESENTATION_STYLE_ASSIGNMENT( ( #950 ) );
#345 = ADVANCED_FACE( '', ( #951 ), #952, .F. );
#346 = PRESENTATION_STYLE_ASSIGNMENT( ( #953 ) );
#347 = ADVANCED_FACE( '', ( #954 ), #955, .F. );
#348 = PRESENTATION_STYLE_ASSIGNMENT( ( #956 ) );
#349 = ADVANCED_FACE( '', ( #957 ), #958, .F. );
#350 = PRESENTATION_STYLE_ASSIGNMENT( ( #959 ) );
#351 = ADVANCED_FACE( '', ( #960 ), #961, .T. );
#352 = PRESENTATION_STYLE_ASSIGNMENT( ( #962 ) );
#353 = ADVANCED_FACE( '', ( #963 ), #964, .F. );
#354 = PRESENTATION_STYLE_ASSIGNMENT( ( #965 ) );
#355 = ADVANCED_FACE( '', ( #966 ), #967, .T. );
#356 = PRESENTATION_STYLE_ASSIGNMENT( ( #968 ) );
#357 = ADVANCED_FACE( '', ( #969 ), #970, .T. );
#358 = PRESENTATION_STYLE_ASSIGNMENT( ( #971 ) );
#359 = ADVANCED_FACE( '', ( #972 ), #973, .T. );
#360 = PRESENTATION_STYLE_ASSIGNMENT( ( #974 ) );
#361 = ADVANCED_FACE( '', ( #975 ), #976, .F. );
#362 = PRESENTATION_STYLE_ASSIGNMENT( ( #977 ) );
#363 = ADVANCED_FACE( '', ( #978 ), #979, .F. );
#364 = PRESENTATION_STYLE_ASSIGNMENT( ( #980 ) );
#365 = ADVANCED_FACE( '', ( #981 ), #982, .T. );
#366 = PRESENTATION_STYLE_ASSIGNMENT( ( #983 ) );
#367 = ADVANCED_FACE( '', ( #984 ), #985, .F. );
#368 = PRESENTATION_STYLE_ASSIGNMENT( ( #986 ) );
#369 = ADVANCED_FACE( '', ( #987, #988 ), #989, .T. );
#370 = PRESENTATION_STYLE_ASSIGNMENT( ( #990 ) );
#371 = ADVANCED_FACE( '', ( #991 ), #992, .T. );
#372 = PRESENTATION_STYLE_ASSIGNMENT( ( #993 ) );
#373 = ADVANCED_FACE( '', ( #994 ), #995, .T. );
#374 = PRESENTATION_STYLE_ASSIGNMENT( ( #996 ) );
#375 = ADVANCED_FACE( '', ( #997 ), #998, .T. );
#376 = PRESENTATION_STYLE_ASSIGNMENT( ( #999 ) );
#377 = ADVANCED_FACE( '', ( #1000 ), #1001, .T. );
#378 = PRESENTATION_STYLE_ASSIGNMENT( ( #1002 ) );
#379 = ADVANCED_FACE( '', ( #1003 ), #1004, .T. );
#380 = PRESENTATION_STYLE_ASSIGNMENT( ( #1005 ) );
#381 = ADVANCED_FACE( '', ( #1006 ), #1007, .F. );
#382 = PRESENTATION_STYLE_ASSIGNMENT( ( #1008 ) );
#383 = ADVANCED_FACE( '', ( #1009, #1010 ), #1011, .T. );
#384 = PRESENTATION_STYLE_ASSIGNMENT( ( #1012 ) );
#385 = ADVANCED_FACE( '', ( #1013 ), #1014, .T. );
#386 = PRESENTATION_STYLE_ASSIGNMENT( ( #1015 ) );
#387 = ADVANCED_FACE( '', ( #1016 ), #1017, .F. );
#388 = PRESENTATION_STYLE_ASSIGNMENT( ( #1018 ) );
#389 = ADVANCED_FACE( '', ( #1019 ), #1020, .F. );
#390 = PRESENTATION_STYLE_ASSIGNMENT( ( #1021 ) );
#391 = ADVANCED_FACE( '', ( #1022 ), #1023, .F. );
#392 = PRESENTATION_STYLE_ASSIGNMENT( ( #1024 ) );
#393 = ADVANCED_FACE( '', ( #1025 ), #1026, .T. );
#394 = PRESENTATION_STYLE_ASSIGNMENT( ( #1027 ) );
#395 = ADVANCED_FACE( '', ( #1028 ), #1029, .F. );
#396 = PRESENTATION_STYLE_ASSIGNMENT( ( #1030 ) );
#397 = ADVANCED_FACE( '', ( #1031 ), #1032, .T. );
#398 = PRESENTATION_STYLE_ASSIGNMENT( ( #1033 ) );
#399 = ADVANCED_FACE( '', ( #1034 ), #1035, .F. );
#400 = PRESENTATION_STYLE_ASSIGNMENT( ( #1036 ) );
#401 = ADVANCED_FACE( '', ( #1037 ), #1038, .F. );
#402 = PRESENTATION_STYLE_ASSIGNMENT( ( #1039 ) );
#403 = ADVANCED_FACE( '', ( #1040 ), #1041, .F. );
#404 = PRESENTATION_STYLE_ASSIGNMENT( ( #1042 ) );
#405 = ADVANCED_FACE( '', ( #1043 ), #1044, .F. );
#406 = PRESENTATION_STYLE_ASSIGNMENT( ( #1045 ) );
#407 = ADVANCED_FACE( '', ( #1046 ), #1047, .F. );
#408 = PRESENTATION_STYLE_ASSIGNMENT( ( #1048 ) );
#409 = ADVANCED_FACE( '', ( #1049 ), #1050, .T. );
#410 = PRESENTATION_STYLE_ASSIGNMENT( ( #1051 ) );
#411 = ADVANCED_FACE( '', ( #1052 ), #1053, .F. );
#412 = PRESENTATION_STYLE_ASSIGNMENT( ( #1054 ) );
#413 = ADVANCED_FACE( '', ( #1055 ), #1056, .T. );
#414 = PRESENTATION_STYLE_ASSIGNMENT( ( #1057 ) );
#415 = ADVANCED_FACE( '', ( #1058 ), #1059, .F. );
#416 = PRESENTATION_STYLE_ASSIGNMENT( ( #1060 ) );
#417 = ADVANCED_FACE( '', ( #1061 ), #1062, .T. );
#418 = PRESENTATION_STYLE_ASSIGNMENT( ( #1063 ) );
#419 = ADVANCED_FACE( '', ( #1064 ), #1065, .F. );
#420 = PRESENTATION_STYLE_ASSIGNMENT( ( #1066 ) );
#421 = ADVANCED_FACE( '', ( #1067, #1068 ), #1069, .T. );
#422 = PRESENTATION_STYLE_ASSIGNMENT( ( #1070 ) );
#423 = ADVANCED_FACE( '', ( #1071 ), #1072, .T. );
#424 = PRESENTATION_STYLE_ASSIGNMENT( ( #1073 ) );
#425 = ADVANCED_FACE( '', ( #1074 ), #1075, .T. );
#426 = PRESENTATION_STYLE_ASSIGNMENT( ( #1076 ) );
#427 = ADVANCED_FACE( '', ( #1077 ), #1078, .F. );
#428 = PRESENTATION_STYLE_ASSIGNMENT( ( #1079 ) );
#429 = ADVANCED_FACE( '', ( #1080, #1081 ), #1082, .F. );
#430 = PRESENTATION_STYLE_ASSIGNMENT( ( #1083 ) );
#431 = ADVANCED_FACE( '', ( #1084 ), #1085, .T. );
#432 = PRESENTATION_STYLE_ASSIGNMENT( ( #1086 ) );
#433 = ADVANCED_FACE( '', ( #1087, #1088 ), #1089, .T. );
#434 = PRESENTATION_STYLE_ASSIGNMENT( ( #1090 ) );
#435 = ADVANCED_FACE( '', ( #1091 ), #1092, .T. );
#436 = PRESENTATION_STYLE_ASSIGNMENT( ( #1093 ) );
#437 = ADVANCED_FACE( '', ( #1094 ), #1095, .T. );
#438 = PRESENTATION_STYLE_ASSIGNMENT( ( #1096 ) );
#439 = ADVANCED_FACE( '', ( #1097, #1098 ), #1099, .T. );
#440 = PRESENTATION_STYLE_ASSIGNMENT( ( #1100 ) );
#441 = ADVANCED_FACE( '', ( #1101 ), #1102, .F. );
#442 = PRESENTATION_STYLE_ASSIGNMENT( ( #1103 ) );
#443 = ADVANCED_FACE( '', ( #1104 ), #1105, .T. );
#444 = PRESENTATION_STYLE_ASSIGNMENT( ( #1106 ) );
#445 = ADVANCED_FACE( '', ( #1107, #1108 ), #1109, .F. );
#446 = PRESENTATION_STYLE_ASSIGNMENT( ( #1110 ) );
#447 = ADVANCED_FACE( '', ( #1111 ), #1112, .T. );
#448 = PRESENTATION_STYLE_ASSIGNMENT( ( #1113 ) );
#449 = ADVANCED_FACE( '', ( #1114 ), #1115, .F. );
#450 = PRESENTATION_STYLE_ASSIGNMENT( ( #1116 ) );
#451 = ADVANCED_FACE( '', ( #1117 ), #1118, .F. );
#452 = PRESENTATION_STYLE_ASSIGNMENT( ( #1119 ) );
#453 = ADVANCED_FACE( '', ( #1120 ), #1121, .T. );
#454 = PRESENTATION_STYLE_ASSIGNMENT( ( #1122 ) );
#455 = ADVANCED_FACE( '', ( #1123 ), #1124, .T. );
#456 = PRESENTATION_STYLE_ASSIGNMENT( ( #1125 ) );
#457 = ADVANCED_FACE( '', ( #1126 ), #1127, .F. );
#458 = PRESENTATION_STYLE_ASSIGNMENT( ( #1128 ) );
#459 = ADVANCED_FACE( '', ( #1129 ), #1130, .F. );
#460 = PRESENTATION_STYLE_ASSIGNMENT( ( #1131 ) );
#461 = ADVANCED_FACE( '', ( #1132 ), #1133, .F. );
#462 = PRESENTATION_STYLE_ASSIGNMENT( ( #1134 ) );
#463 = ADVANCED_FACE( '', ( #1135 ), #1136, .T. );
#464 = PRESENTATION_STYLE_ASSIGNMENT( ( #1137 ) );
#465 = ADVANCED_FACE( '', ( #1138 ), #1139, .T. );
#466 = PRESENTATION_STYLE_ASSIGNMENT( ( #1140 ) );
#467 = ADVANCED_FACE( '', ( #1141 ), #1142, .T. );
#468 = PRESENTATION_STYLE_ASSIGNMENT( ( #1143 ) );
#469 = ADVANCED_FACE( '', ( #1144 ), #1145, .T. );
#470 = PRESENTATION_STYLE_ASSIGNMENT( ( #1146 ) );
#471 = ADVANCED_FACE( '', ( #1147 ), #1148, .F. );
#472 = PRESENTATION_STYLE_ASSIGNMENT( ( #1149 ) );
#473 = ADVANCED_FACE( '', ( #1150 ), #1151, .T. );
#474 = PRESENTATION_STYLE_ASSIGNMENT( ( #1152 ) );
#475 = ADVANCED_FACE( '', ( #1153 ), #1154, .T. );
#476 = PRESENTATION_STYLE_ASSIGNMENT( ( #1155 ) );
#477 = ADVANCED_FACE( '', ( #1156 ), #1157, .F. );
#478 = PRESENTATION_STYLE_ASSIGNMENT( ( #1158 ) );
#479 = ADVANCED_FACE( '', ( #1159, #1160 ), #1161, .T. );
#480 = PRESENTATION_STYLE_ASSIGNMENT( ( #1162 ) );
#481 = ADVANCED_FACE( '', ( #1163 ), #1164, .F. );
#482 = PRESENTATION_STYLE_ASSIGNMENT( ( #1165 ) );
#483 = ADVANCED_FACE( '', ( #1166 ), #1167, .F. );
#484 = PRESENTATION_STYLE_ASSIGNMENT( ( #1168 ) );
#485 = ADVANCED_FACE( '', ( #1169 ), #1170, .T. );
#486 = PRESENTATION_STYLE_ASSIGNMENT( ( #1171 ) );
#487 = ADVANCED_FACE( '', ( #1172 ), #1173, .T. );
#488 = PRESENTATION_STYLE_ASSIGNMENT( ( #1174 ) );
#489 = ADVANCED_FACE( '', ( #1175 ), #1176, .F. );
#490 = PRESENTATION_STYLE_ASSIGNMENT( ( #1177 ) );
#491 = ADVANCED_FACE( '', ( #1178 ), #1179, .T. );
#492 = PRESENTATION_STYLE_ASSIGNMENT( ( #1180 ) );
#493 = ADVANCED_FACE( '', ( #1181 ), #1182, .T. );
#494 = PRESENTATION_STYLE_ASSIGNMENT( ( #1183 ) );
#495 = ADVANCED_FACE( '', ( #1184 ), #1185, .T. );
#496 = PRESENTATION_STYLE_ASSIGNMENT( ( #1186 ) );
#497 = ADVANCED_FACE( '', ( #1187 ), #1188, .T. );
#498 = PRESENTATION_STYLE_ASSIGNMENT( ( #1189 ) );
#499 = ADVANCED_FACE( '', ( #1190 ), #1191, .F. );
#500 = PRESENTATION_STYLE_ASSIGNMENT( ( #1192 ) );
#501 = ADVANCED_FACE( '', ( #1193 ), #1194, .F. );
#502 = PRESENTATION_STYLE_ASSIGNMENT( ( #1195 ) );
#503 = ADVANCED_FACE( '', ( #1196 ), #1197, .T. );
#504 = PRESENTATION_STYLE_ASSIGNMENT( ( #1198 ) );
#505 = ADVANCED_FACE( '', ( #1199 ), #1200, .T. );
#506 = PRESENTATION_STYLE_ASSIGNMENT( ( #1201 ) );
#507 = ADVANCED_FACE( '', ( #1202 ), #1203, .F. );
#508 = PRESENTATION_STYLE_ASSIGNMENT( ( #1204 ) );
#509 = ADVANCED_FACE( '', ( #1205 ), #1206, .F. );
#510 = PRESENTATION_STYLE_ASSIGNMENT( ( #1207 ) );
#511 = ADVANCED_FACE( '', ( #1208 ), #1209, .T. );
#512 = PRESENTATION_STYLE_ASSIGNMENT( ( #1210 ) );
#513 = ADVANCED_FACE( '', ( #1211 ), #1212, .T. );
#514 = PRESENTATION_STYLE_ASSIGNMENT( ( #1213 ) );
#515 = ADVANCED_FACE( '', ( #1214 ), #1215, .T. );
#516 = PRESENTATION_STYLE_ASSIGNMENT( ( #1216 ) );
#517 = ADVANCED_FACE( '', ( #1217 ), #1218, .F. );
#518 = PRESENTATION_STYLE_ASSIGNMENT( ( #1219 ) );
#519 = ADVANCED_FACE( '', ( #1220 ), #1221, .F. );
#520 = PRESENTATION_STYLE_ASSIGNMENT( ( #1222 ) );
#521 = ADVANCED_FACE( '', ( #1223 ), #1224, .T. );
#522 = PRESENTATION_STYLE_ASSIGNMENT( ( #1225 ) );
#523 = ADVANCED_FACE( '', ( #1226 ), #1227, .T. );
#524 = PRESENTATION_STYLE_ASSIGNMENT( ( #1228 ) );
#525 = ADVANCED_FACE( '', ( #1229, #1230 ), #1231, .T. );
#526 = PRESENTATION_STYLE_ASSIGNMENT( ( #1232 ) );
#527 = ADVANCED_FACE( '', ( #1233 ), #1234, .T. );
#528 = PRESENTATION_STYLE_ASSIGNMENT( ( #1235 ) );
#529 = ADVANCED_FACE( '', ( #1236 ), #1237, .F. );
#530 = PRESENTATION_STYLE_ASSIGNMENT( ( #1238 ) );
#531 = ADVANCED_FACE( '', ( #1239 ), #1240, .T. );
#532 = PRESENTATION_STYLE_ASSIGNMENT( ( #1241 ) );
#533 = ADVANCED_FACE( '', ( #1242 ), #1243, .F. );
#534 = PRESENTATION_STYLE_ASSIGNMENT( ( #1244 ) );
#535 = ADVANCED_FACE( '', ( #1245 ), #1246, .F. );
#536 = PRESENTATION_STYLE_ASSIGNMENT( ( #1247 ) );
#537 = ADVANCED_FACE( '', ( #1248 ), #1249, .F. );
#538 = PRESENTATION_STYLE_ASSIGNMENT( ( #1250 ) );
#539 = ADVANCED_FACE( '', ( #1251 ), #1252, .F. );
#540 = PRESENTATION_STYLE_ASSIGNMENT( ( #1253 ) );
#541 = ADVANCED_FACE( '', ( #1254 ), #1255, .F. );
#542 = PRESENTATION_STYLE_ASSIGNMENT( ( #1256 ) );
#543 = ADVANCED_FACE( '', ( #1257 ), #1258, .T. );
#544 = PRESENTATION_STYLE_ASSIGNMENT( ( #1259 ) );
#545 = ADVANCED_FACE( '', ( #1260 ), #1261, .F. );
#546 = PRESENTATION_STYLE_ASSIGNMENT( ( #1262 ) );
#547 = ADVANCED_FACE( '', ( #1263, #1264 ), #1265, .T. );
#548 = PRESENTATION_STYLE_ASSIGNMENT( ( #1266 ) );
#549 = ADVANCED_FACE( '', ( #1267 ), #1268, .F. );
#550 = PRESENTATION_STYLE_ASSIGNMENT( ( #1269 ) );
#551 = ADVANCED_FACE( '', ( #1270 ), #1271, .F. );
#552 = PRESENTATION_STYLE_ASSIGNMENT( ( #1272 ) );
#553 = ADVANCED_FACE( '', ( #1273 ), #1274, .F. );
#554 = PRESENTATION_STYLE_ASSIGNMENT( ( #1275 ) );
#555 = ADVANCED_FACE( '', ( #1276 ), #1277, .F. );
#556 = PRESENTATION_STYLE_ASSIGNMENT( ( #1278 ) );
#557 = ADVANCED_FACE( '', ( #1279 ), #1280, .F. );
#558 = PRESENTATION_STYLE_ASSIGNMENT( ( #1281 ) );
#559 = ADVANCED_FACE( '', ( #1282 ), #1283, .F. );
#560 = PRESENTATION_STYLE_ASSIGNMENT( ( #1284 ) );
#561 = ADVANCED_FACE( '', ( #1285 ), #1286, .T. );
#562 = PRESENTATION_STYLE_ASSIGNMENT( ( #1287 ) );
#563 = ADVANCED_FACE( '', ( #1288 ), #1289, .T. );
#564 = PRESENTATION_STYLE_ASSIGNMENT( ( #1290 ) );
#565 = ADVANCED_FACE( '', ( #1291 ), #1292, .T. );
#566 = PRESENTATION_STYLE_ASSIGNMENT( ( #1293 ) );
#567 = ADVANCED_FACE( '', ( #1294 ), #1295, .F. );
#568 = PRESENTATION_STYLE_ASSIGNMENT( ( #1296 ) );
#569 = ADVANCED_FACE( '', ( #1297 ), #1298, .T. );
#570 = PRESENTATION_STYLE_ASSIGNMENT( ( #1299 ) );
#571 = ADVANCED_FACE( '', ( #1300 ), #1301, .T. );
#572 = PRESENTATION_STYLE_ASSIGNMENT( ( #1302 ) );
#573 = ADVANCED_FACE( '', ( #1303 ), #1304, .F. );
#574 = PRESENTATION_STYLE_ASSIGNMENT( ( #1305 ) );
#575 = ADVANCED_FACE( '', ( #1306 ), #1307, .F. );
#576 = PRESENTATION_STYLE_ASSIGNMENT( ( #1308 ) );
#577 = ADVANCED_FACE( '', ( #1309 ), #1310, .T. );
#578 = PRESENTATION_STYLE_ASSIGNMENT( ( #1311 ) );
#579 = ADVANCED_FACE( '', ( #1312 ), #1313, .F. );
#580 = PRESENTATION_STYLE_ASSIGNMENT( ( #1314 ) );
#581 = ADVANCED_FACE( '', ( #1315 ), #1316, .T. );
#582 = PRESENTATION_STYLE_ASSIGNMENT( ( #1317 ) );
#583 = ADVANCED_FACE( '', ( #1318 ), #1319, .F. );
#584 = PRESENTATION_STYLE_ASSIGNMENT( ( #1320 ) );
#585 = ADVANCED_FACE( '', ( #1321 ), #1322, .T. );
#586 = PRESENTATION_STYLE_ASSIGNMENT( ( #1323 ) );
#587 = ADVANCED_FACE( '', ( #1324 ), #1325, .F. );
#588 = PRESENTATION_STYLE_ASSIGNMENT( ( #1326 ) );
#589 = ADVANCED_FACE( '', ( #1327 ), #1328, .T. );
#590 = PRESENTATION_STYLE_ASSIGNMENT( ( #1329 ) );
#591 = ADVANCED_FACE( '', ( #1330 ), #1331, .T. );
#592 = PRESENTATION_STYLE_ASSIGNMENT( ( #1332 ) );
#593 = ADVANCED_FACE( '', ( #1333 ), #1334, .T. );
#594 = PRESENTATION_STYLE_ASSIGNMENT( ( #1335 ) );
#595 = ADVANCED_FACE( '', ( #1336 ), #1337, .T. );
#596 = PRESENTATION_STYLE_ASSIGNMENT( ( #1338 ) );
#597 = ADVANCED_FACE( '', ( #1339 ), #1340, .T. );
#598 = PRESENTATION_STYLE_ASSIGNMENT( ( #1341 ) );
#599 = ADVANCED_FACE( '', ( #1342 ), #1343, .F. );
#600 = PRESENTATION_STYLE_ASSIGNMENT( ( #1344 ) );
#601 = ADVANCED_FACE( '', ( #1345 ), #1346, .F. );
#602 = PRESENTATION_STYLE_ASSIGNMENT( ( #1347 ) );
#603 = ADVANCED_FACE( '', ( #1348 ), #1349, .T. );
#604 = PRESENTATION_STYLE_ASSIGNMENT( ( #1350 ) );
#605 = ADVANCED_FACE( '', ( #1351 ), #1352, .T. );
#606 = PRESENTATION_STYLE_ASSIGNMENT( ( #1353 ) );
#607 = ADVANCED_FACE( '', ( #1354 ), #1355, .T. );
#608 = PRESENTATION_STYLE_ASSIGNMENT( ( #1356 ) );
#609 = ADVANCED_FACE( '', ( #1357 ), #1358, .F. );
#610 = PRESENTATION_STYLE_ASSIGNMENT( ( #1359 ) );
#611 = ADVANCED_FACE( '', ( #1360 ), #1361, .T. );
#612 = PRESENTATION_STYLE_ASSIGNMENT( ( #1362 ) );
#613 = ADVANCED_FACE( '', ( #1363, #1364 ), #1365, .T. );
#614 = PRESENTATION_STYLE_ASSIGNMENT( ( #1366 ) );
#615 = ADVANCED_FACE( '', ( #1367 ), #1368, .T. );
#616 = PRESENTATION_STYLE_ASSIGNMENT( ( #1369 ) );
#617 = ADVANCED_FACE( '', ( #1370 ), #1371, .F. );
#618 = PRESENTATION_STYLE_ASSIGNMENT( ( #1372 ) );
#619 = ADVANCED_FACE( '', ( #1373 ), #1374, .F. );
#620 = PRESENTATION_STYLE_ASSIGNMENT( ( #1375 ) );
#621 = ADVANCED_FACE( '', ( #1376 ), #1377, .T. );
#622 = PRESENTATION_STYLE_ASSIGNMENT( ( #1378 ) );
#623 = ADVANCED_FACE( '', ( #1379 ), #1380, .F. );
#624 = PRESENTATION_STYLE_ASSIGNMENT( ( #1381 ) );
#625 = ADVANCED_FACE( '', ( #1382 ), #1383, .T. );
#626 = PRESENTATION_STYLE_ASSIGNMENT( ( #1384 ) );
#627 = ADVANCED_FACE( '', ( #1385 ), #1386, .F. );
#628 = PRESENTATION_STYLE_ASSIGNMENT( ( #1387 ) );
#629 = ADVANCED_FACE( '', ( #1388 ), #1389, .F. );
#630 = PRESENTATION_STYLE_ASSIGNMENT( ( #1390 ) );
#631 = ADVANCED_FACE( '', ( #1391, #1392 ), #1393, .T. );
#632 = PRESENTATION_STYLE_ASSIGNMENT( ( #1394 ) );
#633 = ADVANCED_FACE( '', ( #1395 ), #1396, .T. );
#634 = PRESENTATION_STYLE_ASSIGNMENT( ( #1397 ) );
#635 = ADVANCED_FACE( '', ( #1398 ), #1399, .F. );
#636 = PRESENTATION_STYLE_ASSIGNMENT( ( #1400 ) );
#637 = ADVANCED_FACE( '', ( #1401 ), #1402, .F. );
#638 = PRESENTATION_STYLE_ASSIGNMENT( ( #1403 ) );
#639 = ADVANCED_FACE( '', ( #1404 ), #1405, .F. );
#640 = PRESENTATION_STYLE_ASSIGNMENT( ( #1406 ) );
#641 = ADVANCED_FACE( '', ( #1407 ), #1408, .T. );
#642 = PRESENTATION_STYLE_ASSIGNMENT( ( #1409 ) );
#643 = ADVANCED_FACE( '', ( #1410 ), #1411, .T. );
#644 = PRESENTATION_STYLE_ASSIGNMENT( ( #1412 ) );
#645 = ADVANCED_FACE( '', ( #1413 ), #1414, .T. );
#646 = PRESENTATION_STYLE_ASSIGNMENT( ( #1415 ) );
#647 = ADVANCED_FACE( '', ( #1416 ), #1417, .F. );
#648 = PRESENTATION_STYLE_ASSIGNMENT( ( #1418 ) );
#649 = ADVANCED_FACE( '', ( #1419 ), #1420, .T. );
#650 = PRESENTATION_STYLE_ASSIGNMENT( ( #1421 ) );
#651 = ADVANCED_FACE( '', ( #1422 ), #1423, .F. );
#652 = PRESENTATION_STYLE_ASSIGNMENT( ( #1424 ) );
#653 = ADVANCED_FACE( '', ( #1425 ), #1426, .T. );
#654 = PRESENTATION_STYLE_ASSIGNMENT( ( #1427 ) );
#655 = ADVANCED_FACE( '', ( #1428 ), #1429, .F. );
#656 = PRESENTATION_STYLE_ASSIGNMENT( ( #1430 ) );
#657 = ADVANCED_FACE( '', ( #1431 ), #1432, .T. );
#658 = PRESENTATION_STYLE_ASSIGNMENT( ( #1433 ) );
#659 = ADVANCED_FACE( '', ( #1434 ), #1435, .F. );
#660 = PRESENTATION_STYLE_ASSIGNMENT( ( #1436 ) );
#661 = ADVANCED_FACE( '', ( #1437 ), #1438, .T. );
#662 = PRESENTATION_STYLE_ASSIGNMENT( ( #1439 ) );
#663 = ADVANCED_FACE( '', ( #1440 ), #1441, .F. );
#664 = PRESENTATION_STYLE_ASSIGNMENT( ( #1442 ) );
#665 = ADVANCED_FACE( '', ( #1443 ), #1444, .T. );
#666 = PRESENTATION_STYLE_ASSIGNMENT( ( #1445 ) );
#667 = ADVANCED_FACE( '', ( #1446 ), #1447, .F. );
#668 = PRESENTATION_STYLE_ASSIGNMENT( ( #1448 ) );
#669 = ADVANCED_FACE( '', ( #1449 ), #1450, .F. );
#670 = PRESENTATION_STYLE_ASSIGNMENT( ( #1451 ) );
#671 = ADVANCED_FACE( '', ( #1452 ), #1453, .F. );
#672 = PRESENTATION_STYLE_ASSIGNMENT( ( #1454 ) );
#673 = ADVANCED_FACE( '', ( #1455 ), #1456, .T. );
#674 = PRESENTATION_STYLE_ASSIGNMENT( ( #1457 ) );
#675 = ADVANCED_FACE( '', ( #1458 ), #1459, .T. );
#676 = PRESENTATION_STYLE_ASSIGNMENT( ( #1460 ) );
#677 = ADVANCED_FACE( '', ( #1461 ), #1462, .F. );
#678 = PRESENTATION_STYLE_ASSIGNMENT( ( #1463 ) );
#679 = ADVANCED_FACE( '', ( #1464 ), #1465, .T. );
#680 = PRESENTATION_STYLE_ASSIGNMENT( ( #1466 ) );
#681 = ADVANCED_FACE( '', ( #1467 ), #1468, .T. );
#682 = PRESENTATION_STYLE_ASSIGNMENT( ( #1469 ) );
#683 = ADVANCED_FACE( '', ( #1470 ), #1471, .T. );
#684 = PRESENTATION_STYLE_ASSIGNMENT( ( #1472 ) );
#685 = ADVANCED_FACE( '', ( #1473 ), #1474, .F. );
#686 = PRESENTATION_STYLE_ASSIGNMENT( ( #1475 ) );
#687 = ADVANCED_FACE( '', ( #1476 ), #1477, .T. );
#688 = PRESENTATION_STYLE_ASSIGNMENT( ( #1478 ) );
#689 = ADVANCED_FACE( '', ( #1479 ), #1480, .F. );
#690 = PRESENTATION_STYLE_ASSIGNMENT( ( #1481 ) );
#691 = ADVANCED_FACE( '', ( #1482 ), #1483, .F. );
#692 = PRESENTATION_STYLE_ASSIGNMENT( ( #1484 ) );
#693 = ADVANCED_FACE( '', ( #1485 ), #1486, .F. );
#694 = PRESENTATION_STYLE_ASSIGNMENT( ( #1487 ) );
#695 = ADVANCED_FACE( '', ( #1488 ), #1489, .F. );
#696 = PRESENTATION_STYLE_ASSIGNMENT( ( #1490 ) );
#697 = ADVANCED_FACE( '', ( #1491 ), #1492, .T. );
#698 = PRESENTATION_STYLE_ASSIGNMENT( ( #1493 ) );
#699 = ADVANCED_FACE( '', ( #1494 ), #1495, .F. );
#700 = PRESENTATION_STYLE_ASSIGNMENT( ( #1496 ) );
#701 = ADVANCED_FACE( '', ( #1497 ), #1498, .T. );
#702 = PRESENTATION_STYLE_ASSIGNMENT( ( #1499 ) );
#703 = ADVANCED_FACE( '', ( #1500 ), #1501, .T. );
#704 = PRESENTATION_STYLE_ASSIGNMENT( ( #1502 ) );
#705 = ADVANCED_FACE( '', ( #1503 ), #1504, .T. );
#706 = PRESENTATION_STYLE_ASSIGNMENT( ( #1505 ) );
#707 = ADVANCED_FACE( '', ( #1506 ), #1507, .F. );
#708 = PRESENTATION_STYLE_ASSIGNMENT( ( #1508 ) );
#709 = ADVANCED_FACE( '', ( #1509 ), #1510, .F. );
#710 = PRESENTATION_STYLE_ASSIGNMENT( ( #1511 ) );
#711 = ADVANCED_FACE( '', ( #1512 ), #1513, .F. );
#712 = PRESENTATION_STYLE_ASSIGNMENT( ( #1514 ) );
#713 = ADVANCED_FACE( '', ( #1515 ), #1516, .T. );
#714 = PRESENTATION_STYLE_ASSIGNMENT( ( #1517 ) );
#715 = ADVANCED_FACE( '', ( #1518 ), #1519, .F. );
#716 = PRESENTATION_STYLE_ASSIGNMENT( ( #1520 ) );
#717 = ADVANCED_FACE( '', ( #1521 ), #1522, .T. );
#718 = PRESENTATION_STYLE_ASSIGNMENT( ( #1523 ) );
#719 = ADVANCED_FACE( '', ( #1524 ), #1525, .F. );
#720 = PRESENTATION_STYLE_ASSIGNMENT( ( #1526 ) );
#721 = ADVANCED_FACE( '', ( #1527 ), #1528, .F. );
#722 = PRESENTATION_STYLE_ASSIGNMENT( ( #1529 ) );
#723 = ADVANCED_FACE( '', ( #1530 ), #1531, .F. );
#724 = PRESENTATION_STYLE_ASSIGNMENT( ( #1532 ) );
#725 = ADVANCED_FACE( '', ( #1533 ), #1534, .T. );
#726 = PRESENTATION_STYLE_ASSIGNMENT( ( #1535 ) );
#727 = ADVANCED_FACE( '', ( #1536 ), #1537, .F. );
#728 = PRESENTATION_STYLE_ASSIGNMENT( ( #1538 ) );
#729 = ADVANCED_FACE( '', ( #1539 ), #1540, .F. );
#730 = PRESENTATION_STYLE_ASSIGNMENT( ( #1541 ) );
#731 = ADVANCED_FACE( '', ( #1542 ), #1543, .T. );
#732 = PRESENTATION_STYLE_ASSIGNMENT( ( #1544 ) );
#733 = ADVANCED_FACE( '', ( #1545 ), #1546, .F. );
#734 = PRESENTATION_STYLE_ASSIGNMENT( ( #1547 ) );
#735 = ADVANCED_FACE( '', ( #1548 ), #1549, .T. );
#736 = PRESENTATION_STYLE_ASSIGNMENT( ( #1550 ) );
#737 = ADVANCED_FACE( '', ( #1551 ), #1552, .T. );
#738 = PRESENTATION_STYLE_ASSIGNMENT( ( #1553 ) );
#739 = ADVANCED_FACE( '', ( #1554 ), #1555, .F. );
#740 = PRESENTATION_STYLE_ASSIGNMENT( ( #1556 ) );
#741 = ADVANCED_FACE( '', ( #1557 ), #1558, .T. );
#742 = PRESENTATION_STYLE_ASSIGNMENT( ( #1559 ) );
#743 = ADVANCED_FACE( '', ( #1560 ), #1561, .F. );
#744 = PRESENTATION_STYLE_ASSIGNMENT( ( #1562 ) );
#745 = ADVANCED_FACE( '', ( #1563 ), #1564, .F. );
#746 = PRESENTATION_STYLE_ASSIGNMENT( ( #1565 ) );
#747 = ADVANCED_FACE( '', ( #1566 ), #1567, .T. );
#748 = PRESENTATION_STYLE_ASSIGNMENT( ( #1568 ) );
#749 = ADVANCED_FACE( '', ( #1569 ), #1570, .T. );
#750 = PRESENTATION_STYLE_ASSIGNMENT( ( #1571 ) );
#751 = ADVANCED_FACE( '', ( #1572 ), #1573, .T. );
#752 = PRESENTATION_STYLE_ASSIGNMENT( ( #1574 ) );
#753 = ADVANCED_FACE( '', ( #1575 ), #1576, .F. );
#754 = PRESENTATION_STYLE_ASSIGNMENT( ( #1577 ) );
#755 = ADVANCED_FACE( '', ( #1578 ), #1579, .T. );
#756 = PRESENTATION_STYLE_ASSIGNMENT( ( #1580 ) );
#757 = ADVANCED_FACE( '', ( #1581 ), #1582, .T. );
#758 = PRESENTATION_STYLE_ASSIGNMENT( ( #1583 ) );
#759 = ADVANCED_FACE( '', ( #1584 ), #1585, .T. );
#760 = PRESENTATION_STYLE_ASSIGNMENT( ( #1586 ) );
#761 = ADVANCED_FACE( '', ( #1587 ), #1588, .T. );
#762 = PRESENTATION_STYLE_ASSIGNMENT( ( #1589 ) );
#763 = ADVANCED_FACE( '', ( #1590 ), #1591, .T. );
#764 = PRESENTATION_STYLE_ASSIGNMENT( ( #1592 ) );
#765 = ADVANCED_FACE( '', ( #1593 ), #1594, .T. );
#766 = PRESENTATION_STYLE_ASSIGNMENT( ( #1595 ) );
#767 = ADVANCED_FACE( '', ( #1596 ), #1597, .F. );
#768 = PRESENTATION_STYLE_ASSIGNMENT( ( #1598 ) );
#769 = ADVANCED_FACE( '', ( #1599 ), #1600, .F. );
#770 = PRESENTATION_STYLE_ASSIGNMENT( ( #1601 ) );
#771 = ADVANCED_FACE( '', ( #1602 ), #1603, .T. );
#772 = PRESENTATION_STYLE_ASSIGNMENT( ( #1604 ) );
#773 = ADVANCED_FACE( '', ( #1605 ), #1606, .F. );
#774 = PRESENTATION_STYLE_ASSIGNMENT( ( #1607 ) );
#775 = ADVANCED_FACE( '', ( #1608 ), #1609, .F. );
#776 = PRESENTATION_STYLE_ASSIGNMENT( ( #1610 ) );
#777 = ADVANCED_FACE( '', ( #1611 ), #1612, .T. );
#778 = PRESENTATION_STYLE_ASSIGNMENT( ( #1613 ) );
#779 = ADVANCED_FACE( '', ( #1614 ), #1615, .F. );
#780 = PRESENTATION_STYLE_ASSIGNMENT( ( #1616 ) );
#781 = ADVANCED_FACE( '', ( #1617 ), #1618, .F. );
#782 = PRESENTATION_STYLE_ASSIGNMENT( ( #1619 ) );
#783 = ADVANCED_FACE( '', ( #1620 ), #1621, .F. );
#784 = PRESENTATION_STYLE_ASSIGNMENT( ( #1622 ) );
#785 = ADVANCED_FACE( '', ( #1623 ), #1624, .T. );
#786 = PRESENTATION_STYLE_ASSIGNMENT( ( #1625 ) );
#787 = ADVANCED_FACE( '', ( #1626 ), #1627, .F. );
#788 = PRESENTATION_STYLE_ASSIGNMENT( ( #1628 ) );
#789 = ADVANCED_FACE( '', ( #1629 ), #1630, .T. );
#790 = PRESENTATION_STYLE_ASSIGNMENT( ( #1631 ) );
#791 = ADVANCED_FACE( '', ( #1632 ), #1633, .F. );
#792 = PRESENTATION_STYLE_ASSIGNMENT( ( #1634 ) );
#793 = ADVANCED_FACE( '', ( #1635 ), #1636, .T. );
#794 = PRESENTATION_STYLE_ASSIGNMENT( ( #1637 ) );
#795 = ADVANCED_FACE( '', ( #1638 ), #1639, .F. );
#796 = PRESENTATION_STYLE_ASSIGNMENT( ( #1640 ) );
#797 = ADVANCED_FACE( '', ( #1641 ), #1642, .F. );
#798 = PRESENTATION_STYLE_ASSIGNMENT( ( #1643 ) );
#799 = ADVANCED_FACE( '', ( #1644 ), #1645, .F. );
#800 = PRESENTATION_STYLE_ASSIGNMENT( ( #1646 ) );
#801 = ADVANCED_FACE( '', ( #1647 ), #1648, .T. );
#802 = PRESENTATION_STYLE_ASSIGNMENT( ( #1649 ) );
#803 = ADVANCED_FACE( '', ( #1650 ), #1651, .F. );
#804 = PRESENTATION_STYLE_ASSIGNMENT( ( #1652 ) );
#805 = ADVANCED_FACE( '', ( #1653 ), #1654, .F. );
#806 = PRESENTATION_STYLE_ASSIGNMENT( ( #1655 ) );
#807 = ADVANCED_FACE( '', ( #1656 ), #1657, .T. );
#808 = PRESENTATION_STYLE_ASSIGNMENT( ( #1658 ) );
#809 = ADVANCED_FACE( '', ( #1659 ), #1660, .T. );
#810 = PRESENTATION_STYLE_ASSIGNMENT( ( #1661 ) );
#811 = ADVANCED_FACE( '', ( #1662 ), #1663, .T. );
#812 = PRESENTATION_STYLE_ASSIGNMENT( ( #1664 ) );
#813 = ADVANCED_FACE( '', ( #1665 ), #1666, .F. );
#814 = PRESENTATION_STYLE_ASSIGNMENT( ( #1667 ) );
#815 = ADVANCED_FACE( '', ( #1668 ), #1669, .T. );
#816 = PRESENTATION_STYLE_ASSIGNMENT( ( #1670 ) );
#817 = ADVANCED_FACE( '', ( #1671 ), #1672, .T. );
#818 = PRESENTATION_STYLE_ASSIGNMENT( ( #1673 ) );
#819 = ADVANCED_FACE( '', ( #1674 ), #1675, .F. );
#820 = PRESENTATION_STYLE_ASSIGNMENT( ( #1676 ) );
#821 = ADVANCED_FACE( '', ( #1677 ), #1678, .F. );
#822 = PRESENTATION_STYLE_ASSIGNMENT( ( #1679 ) );
#823 = ADVANCED_FACE( '', ( #1680 ), #1681, .T. );
#824 = PRESENTATION_STYLE_ASSIGNMENT( ( #1682 ) );
#825 = ADVANCED_FACE( '', ( #1683 ), #1684, .T. );
#826 = PRESENTATION_STYLE_ASSIGNMENT( ( #1685 ) );
#827 = ADVANCED_FACE( '', ( #1686 ), #1687, .T. );
#828 = PRESENTATION_STYLE_ASSIGNMENT( ( #1688 ) );
#829 = ADVANCED_FACE( '', ( #1689 ), #1690, .T. );
#830 = PRESENTATION_STYLE_ASSIGNMENT( ( #1691 ) );
#831 = ADVANCED_FACE( '', ( #1692 ), #1693, .T. );
#832 = PRESENTATION_STYLE_ASSIGNMENT( ( #1694 ) );
#833 = ADVANCED_FACE( '', ( #1695 ), #1696, .F. );
#834 = PRESENTATION_STYLE_ASSIGNMENT( ( #1697 ) );
#835 = ADVANCED_FACE( '', ( #1698 ), #1699, .T. );
#836 = PRESENTATION_STYLE_ASSIGNMENT( ( #1700 ) );
#837 = ADVANCED_FACE( '', ( #1701 ), #1702, .F. );
#838 = PRESENTATION_STYLE_ASSIGNMENT( ( #1703 ) );
#839 = ADVANCED_FACE( '', ( #1704 ), #1705, .F. );
#840 = PRESENTATION_STYLE_ASSIGNMENT( ( #1706 ) );
#841 = ADVANCED_FACE( '', ( #1707, #1708 ), #1709, .T. );
#842 = PRESENTATION_STYLE_ASSIGNMENT( ( #1710 ) );
#843 = ADVANCED_FACE( '', ( #1711 ), #1712, .F. );
#844 = PRESENTATION_STYLE_ASSIGNMENT( ( #1713 ) );
#845 = ADVANCED_FACE( '', ( #1714 ), #1715, .F. );
#846 = PRESENTATION_STYLE_ASSIGNMENT( ( #1716 ) );
#847 = ADVANCED_FACE( '', ( #1717 ), #1718, .T. );
#848 = PRODUCT( 'Assem1', 'Assem1', 'PART-Assem1-DESC', ( #1719 ) );
#849 = PRODUCT_DEFINITION( 'NONE', 'NONE', #1720, #2 );
#850 = MAPPED_ITEM( '', #1721, #1722 );
#851 = MAPPED_ITEM( '', #1723, #1724 );
#852 = MAPPED_ITEM( '', #1725, #1726 );
#853 = AXIS2_PLACEMENT_3D( '', #1727, #1728, #1729 );
#854 = PRODUCT( 'bottom', 'bottom', 'PART-bottom-DESC', ( #1719 ) );
#855 = PRODUCT_DEFINITION( 'NONE', 'NONE', #1730, #2 );
#856 = MANIFOLD_SOLID_BREP( 'bottom', #1731 );
#857 = PRODUCT( 'ferrite_housing', 'ferrite_housing', 'PART-ferrite_housing-DESC', ( #1719 ) );
#858 = PRODUCT_DEFINITION( 'NONE', 'NONE', #1732, #2 );
#859 = MANIFOLD_SOLID_BREP( 'ferrite_housing', #1733 );
#860 = PRODUCT( 'turns', 'turns', 'PART-turns-DESC', ( #1719 ) );
#861 = PRODUCT_DEFINITION( 'NONE', 'NONE', #1734, #2 );
#862 = MANIFOLD_SOLID_BREP( 'turns', #1735 );
#865 = LENGTH_MEASURE_WITH_UNIT( LENGTH_MEASURE( 1.00000000000000 ), #1736 );
#868 = DIMENSIONAL_EXPONENTS( 1.00000000000000, 0.000000000000000, 0.000000000000000, 0.000000000000000, 0.000000000000000, 0.000000000000000, 0.000000000000000 );
#870 = DIMENSIONAL_EXPONENTS( 0.000000000000000, 0.000000000000000, 0.000000000000000, 0.000000000000000, 0.000000000000000, 0.000000000000000, 0.000000000000000 );
#876 = SURFACE_STYLE_USAGE( .BOTH., #1737 );
#877 = FACE_BOUND( '', #1738, .T. );
#878 = FACE_BOUND( '', #1739, .T. );
#879 = FACE_BOUND( '', #1740, .T. );
#880 = FACE_BOUND( '', #1741, .T. );
#881 = FACE_BOUND( '', #1742, .T. );
#882 = FACE_OUTER_BOUND( '', #1743, .T. );
#883 = FACE_BOUND( '', #1744, .T. );
#884 = FACE_BOUND( '', #1745, .T. );
#885 = FACE_BOUND( '', #1746, .T. );
#886 = FACE_BOUND( '', #1747, .T. );
#887 = FACE_BOUND( '', #1748, .T. );
#888 = FACE_BOUND( '', #1749, .T. );
#889 = FACE_BOUND( '', #1750, .T. );
#890 = FACE_BOUND( '', #1751, .T. );
#891 = FACE_BOUND( '', #1752, .T. );
#892 = FACE_BOUND( '', #1753, .T. );
#893 = FACE_BOUND( '', #1754, .T. );
#894 = FACE_BOUND( '', #1755, .T. );
#895 = FACE_BOUND( '', #1756, .T. );
#896 = PLANE( '', #1757 );
#897 = SURFACE_STYLE_USAGE( .BOTH., #1758 );
#898 = FACE_OUTER_BOUND( '', #1759, .T. );
#899 = PLANE( '', #1760 );
#900 = SURFACE_STYLE_USAGE( .BOTH., #1761 );
#901 = FACE_OUTER_BOUND( '', #1762, .T. );
#902 = PLANE( '', #1763 );
#903 = SURFACE_STYLE_USAGE( .BOTH., #1764 );
#904 = FACE_OUTER_BOUND( '', #1765, .T. );
#905 = FACE_OUTER_BOUND( '', #1766, .T. );
#906 = SURFACE_OF_LINEAR_EXTRUSION( '', #1767, #1768 );
#907 = SURFACE_STYLE_USAGE( .BOTH., #1769 );
#908 = FACE_OUTER_BOUND( '', #1770, .T. );
#909 = PLANE( '', #1771 );
#910 = SURFACE_STYLE_USAGE( .BOTH., #1772 );
#911 = FACE_OUTER_BOUND( '', #1773, .T. );
#912 = PLANE( '', #1774 );
#913 = SURFACE_STYLE_USAGE( .BOTH., #1775 );
#914 = FACE_OUTER_BOUND( '', #1776, .T. );
#915 = PLANE( '', #1777 );
#916 = SURFACE_STYLE_USAGE( .BOTH., #1778 );
#917 = FACE_OUTER_BOUND( '', #1779, .T. );
#918 = PLANE( '', #1780 );
#919 = SURFACE_STYLE_USAGE( .BOTH., #1781 );
#920 = FACE_OUTER_BOUND( '', #1782, .T. );
#921 = PLANE( '', #1783 );
#922 = SURFACE_STYLE_USAGE( .BOTH., #1784 );
#923 = FACE_OUTER_BOUND( '', #1785, .T. );
#924 = PLANE( '', #1786 );
#925 = SURFACE_STYLE_USAGE( .BOTH., #1787 );
#926 = FACE_OUTER_BOUND( '', #1788, .T. );
#927 = PLANE( '', #1789 );
#928 = SURFACE_STYLE_USAGE( .BOTH., #1790 );
#929 = FACE_OUTER_BOUND( '', #1791, .T. );
#930 = PLANE( '', #1792 );
#931 = SURFACE_STYLE_USAGE( .BOTH., #1793 );
#932 = FACE_OUTER_BOUND( '', #1794, .T. );
#933 = PLANE( '', #1795 );
#934 = SURFACE_STYLE_USAGE( .BOTH., #1796 );
#935 = FACE_OUTER_BOUND( '', #1797, .T. );
#936 = PLANE( '', #1798 );
#937 = SURFACE_STYLE_USAGE( .BOTH., #1799 );
#938 = FACE_OUTER_BOUND( '', #1800, .T. );
#939 = FACE_OUTER_BOUND( '', #1801, .T. );
#940 = SURFACE_OF_LINEAR_EXTRUSION( '', #1802, #1803 );
#941 = SURFACE_STYLE_USAGE( .BOTH., #1804 );
#942 = FACE_OUTER_BOUND( '', #1805, .T. );
#943 = PLANE( '', #1806 );
#944 = SURFACE_STYLE_USAGE( .BOTH., #1807 );
#945 = FACE_OUTER_BOUND( '', #1808, .T. );
#946 = SURFACE_OF_LINEAR_EXTRUSION( '', #1809, #1810 );
#947 = SURFACE_STYLE_USAGE( .BOTH., #1811 );
#948 = FACE_OUTER_BOUND( '', #1812, .T. );
#949 = PLANE( '', #1813 );
#950 = SURFACE_STYLE_USAGE( .BOTH., #1814 );
#951 = FACE_OUTER_BOUND( '', #1815, .T. );
#952 = PLANE( '', #1816 );
#953 = SURFACE_STYLE_USAGE( .BOTH., #1817 );
#954 = FACE_OUTER_BOUND( '', #1818, .T. );
#955 = PLANE( '', #1819 );
#956 = SURFACE_STYLE_USAGE( .BOTH., #1820 );
#957 = FACE_OUTER_BOUND( '', #1821, .T. );
#958 = CYLINDRICAL_SURFACE( '', #1822, 1.66800699300692 );
#959 = SURFACE_STYLE_USAGE( .BOTH., #1823 );
#960 = FACE_OUTER_BOUND( '', #1824, .T. );
#961 = SURFACE_OF_LINEAR_EXTRUSION( '', #1825, #1826 );
#962 = SURFACE_STYLE_USAGE( .BOTH., #1827 );
#963 = FACE_OUTER_BOUND( '', #1828, .T. );
#964 = SURFACE_OF_LINEAR_EXTRUSION( '', #1829, #1830 );
#965 = SURFACE_STYLE_USAGE( .BOTH., #1831 );
#966 = FACE_OUTER_BOUND( '', #1832, .T. );
#967 = PLANE( '', #1833 );
#968 = SURFACE_STYLE_USAGE( .BOTH., #1834 );
#969 = FACE_OUTER_BOUND( '', #1835, .T. );
#970 = PLANE( '', #1836 );
#971 = SURFACE_STYLE_USAGE( .BOTH., #1837 );
#972 = FACE_OUTER_BOUND( '', #1838, .T. );
#973 = PLANE( '', #1839 );
#974 = SURFACE_STYLE_USAGE( .BOTH., #1840 );
#975 = FACE_OUTER_BOUND( '', #1841, .T. );
#976 = PLANE( '', #1842 );
#977 = SURFACE_STYLE_USAGE( .BOTH., #1843 );
#978 = FACE_OUTER_BOUND( '', #1844, .T. );
#979 = PLANE( '', #1845 );
#980 = SURFACE_STYLE_USAGE( .BOTH., #1846 );
#981 = FACE_OUTER_BOUND( '', #1847, .T. );
#982 = PLANE( '', #1848 );
#983 = SURFACE_STYLE_USAGE( .BOTH., #1849 );
#984 = FACE_OUTER_BOUND( '', #1850, .T. );
#985 = PLANE( '', #1851 );
#986 = SURFACE_STYLE_USAGE( .BOTH., #1852 );
#987 = FACE_OUTER_BOUND( '', #1853, .T. );
#988 = FACE_BOUND( '', #1854, .T. );
#989 = PLANE( '', #1855 );
#990 = SURFACE_STYLE_USAGE( .BOTH., #1856 );
#991 = FACE_OUTER_BOUND( '', #1857, .T. );
#992 = CYLINDRICAL_SURFACE( '', #1858, 8.90000000000000 );
#993 = SURFACE_STYLE_USAGE( .BOTH., #1859 );
#994 = FACE_OUTER_BOUND( '', #1860, .T. );
#995 = SURFACE_OF_LINEAR_EXTRUSION( '', #1861, #1862 );
#996 = SURFACE_STYLE_USAGE( .BOTH., #1863 );
#997 = FACE_OUTER_BOUND( '', #1864, .T. );
#998 = CYLINDRICAL_SURFACE( '', #1865, 0.500000000000000 );
#999 = SURFACE_STYLE_USAGE( .BOTH., #1866 );
#1000 = FACE_OUTER_BOUND( '', #1867, .T. );
#1001 = CYLINDRICAL_SURFACE( '', #1868, 0.500000000000000 );
#1002 = SURFACE_STYLE_USAGE( .BOTH., #1869 );
#1003 = FACE_OUTER_BOUND( '', #1870, .T. );
#1004 = CYLINDRICAL_SURFACE( '', #1871, 1.00000000000000 );
#1005 = SURFACE_STYLE_USAGE( .BOTH., #1872 );
#1006 = FACE_OUTER_BOUND( '', #1873, .T. );
#1007 = PLANE( '', #1874 );
#1008 = SURFACE_STYLE_USAGE( .BOTH., #1875 );
#1009 = FACE_BOUND( '', #1876, .T. );
#1010 = FACE_OUTER_BOUND( '', #1877, .T. );
#1011 = PLANE( '', #1878 );
#1012 = SURFACE_STYLE_USAGE( .BOTH., #1879 );
#1013 = FACE_OUTER_BOUND( '', #1880, .T. );
#1014 = PLANE( '', #1881 );
#1015 = SURFACE_STYLE_USAGE( .BOTH., #1882 );
#1016 = FACE_OUTER_BOUND( '', #1883, .T. );
#1017 = PLANE( '', #1884 );
#1018 = SURFACE_STYLE_USAGE( .BOTH., #1885 );
#1019 = FACE_OUTER_BOUND( '', #1886, .T. );
#1020 = PLANE( '', #1887 );
#1021 = SURFACE_STYLE_USAGE( .BOTH., #1888 );
#1022 = FACE_OUTER_BOUND( '', #1889, .T. );
#1023 = PLANE( '', #1890 );
#1024 = SURFACE_STYLE_USAGE( .BOTH., #1891 );
#1025 = FACE_OUTER_BOUND( '', #1892, .T. );
#1026 = PLANE( '', #1893 );
#1027 = SURFACE_STYLE_USAGE( .BOTH., #1894 );
#1028 = FACE_OUTER_BOUND( '', #1895, .T. );
#1029 = CYLINDRICAL_SURFACE( '', #1896, 0.250000000000000 );
#1030 = SURFACE_STYLE_USAGE( .BOTH., #1897 );
#1031 = FACE_OUTER_BOUND( '', #1898, .T. );
#1032 = PLANE( '', #1899 );
#1033 = SURFACE_STYLE_USAGE( .BOTH., #1900 );
#1034 = FACE_OUTER_BOUND( '', #1901, .T. );
#1035 = PLANE( '', #1902 );
#1036 = SURFACE_STYLE_USAGE( .BOTH., #1903 );
#1037 = FACE_OUTER_BOUND( '', #1904, .T. );
#1038 = PLANE( '', #1905 );
#1039 = SURFACE_STYLE_USAGE( .BOTH., #1906 );
#1040 = FACE_OUTER_BOUND( '', #1907, .T. );
#1041 = PLANE( '', #1908 );
#1042 = SURFACE_STYLE_USAGE( .BOTH., #1909 );
#1043 = FACE_OUTER_BOUND( '', #1910, .T. );
#1044 = SURFACE_OF_LINEAR_EXTRUSION( '', #1911, #1912 );
#1045 = SURFACE_STYLE_USAGE( .BOTH., #1913 );
#1046 = FACE_OUTER_BOUND( '', #1914, .T. );
#1047 = SURFACE_OF_LINEAR_EXTRUSION( '', #1915, #1916 );
#1048 = SURFACE_STYLE_USAGE( .BOTH., #1917 );
#1049 = FACE_OUTER_BOUND( '', #1918, .T. );
#1050 = CONICAL_SURFACE( '', #1919, 0.500000000000000, 0.785398163397448 );
#1051 = SURFACE_STYLE_USAGE( .BOTH., #1920 );
#1052 = FACE_OUTER_BOUND( '', #1921, .T. );
#1053 = PLANE( '', #1922 );
#1054 = SURFACE_STYLE_USAGE( .BOTH., #1923 );
#1055 = FACE_OUTER_BOUND( '', #1924, .T. );
#1056 = PLANE( '', #1925 );
#1057 = SURFACE_STYLE_USAGE( .BOTH., #1926 );
#1058 = FACE_OUTER_BOUND( '', #1927, .T. );
#1059 = PLANE( '', #1928 );
#1060 = SURFACE_STYLE_USAGE( .BOTH., #1929 );
#1061 = FACE_OUTER_BOUND( '', #1930, .T. );
#1062 = PLANE( '', #1931 );
#1063 = SURFACE_STYLE_USAGE( .BOTH., #1932 );
#1064 = FACE_OUTER_BOUND( '', #1933, .T. );
#1065 = PLANE( '', #1934 );
#1066 = SURFACE_STYLE_USAGE( .BOTH., #1935 );
#1067 = FACE_OUTER_BOUND( '', #1936, .T. );
#1068 = FACE_OUTER_BOUND( '', #1937, .T. );
#1069 = SURFACE_OF_LINEAR_EXTRUSION( '', #1938, #1939 );
#1070 = SURFACE_STYLE_USAGE( .BOTH., #1940 );
#1071 = FACE_OUTER_BOUND( '', #1941, .T. );
#1072 = PLANE( '', #1942 );
#1073 = SURFACE_STYLE_USAGE( .BOTH., #1943 );
#1074 = FACE_OUTER_BOUND( '', #1944, .T. );
#1075 = PLANE( '', #1945 );
#1076 = SURFACE_STYLE_USAGE( .BOTH., #1946 );
#1077 = FACE_OUTER_BOUND( '', #1947, .T. );
#1078 = PLANE( '', #1948 );
#1079 = SURFACE_STYLE_USAGE( .BOTH., #1949 );
#1080 = FACE_BOUND( '', #1950, .T. );
#1081 = FACE_OUTER_BOUND( '', #1951, .T. );
#1082 = PLANE( '', #1952 );
#1083 = SURFACE_STYLE_USAGE( .BOTH., #1953 );
#1084 = FACE_OUTER_BOUND( '', #1954, .T. );
#1085 = PLANE( '', #1955 );
#1086 = SURFACE_STYLE_USAGE( .BOTH., #1956 );
#1087 = FACE_BOUND( '', #1957, .T. );
#1088 = FACE_OUTER_BOUND( '', #1958, .T. );
#1089 = PLANE( '', #1959 );
#1090 = SURFACE_STYLE_USAGE( .BOTH., #1960 );
#1091 = FACE_OUTER_BOUND( '', #1961, .T. );
#1092 = SURFACE_OF_LINEAR_EXTRUSION( '', #1962, #1963 );
#1093 = SURFACE_STYLE_USAGE( .BOTH., #1964 );
#1094 = FACE_OUTER_BOUND( '', #1965, .T. );
#1095 = CYLINDRICAL_SURFACE( '', #1966, 8.00000000000000 );
#1096 = SURFACE_STYLE_USAGE( .BOTH., #1967 );
#1097 = FACE_BOUND( '', #1968, .T. );
#1098 = FACE_OUTER_BOUND( '', #1969, .T. );
#1099 = PLANE( '', #1970 );
#1100 = SURFACE_STYLE_USAGE( .BOTH., #1971 );
#1101 = FACE_OUTER_BOUND( '', #1972, .T. );
#1102 = PLANE( '', #1973 );
#1103 = SURFACE_STYLE_USAGE( .BOTH., #1974 );
#1104 = FACE_OUTER_BOUND( '', #1975, .T. );
#1105 = PLANE( '', #1976 );
#1106 = SURFACE_STYLE_USAGE( .BOTH., #1977 );
#1107 = FACE_OUTER_BOUND( '', #1978, .T. );
#1108 = FACE_OUTER_BOUND( '', #1979, .T. );
#1109 = SURFACE_OF_LINEAR_EXTRUSION( '', #1980, #1981 );
#1110 = SURFACE_STYLE_USAGE( .BOTH., #1982 );
#1111 = FACE_OUTER_BOUND( '', #1983, .T. );
#1112 = PLANE( '', #1984 );
#1113 = SURFACE_STYLE_USAGE( .BOTH., #1985 );
#1114 = FACE_OUTER_BOUND( '', #1986, .T. );
#1115 = PLANE( '', #1987 );
#1116 = SURFACE_STYLE_USAGE( .BOTH., #1988 );
#1117 = FACE_OUTER_BOUND( '', #1989, .T. );
#1118 = ( BOUNDED_SURFACE(  )B_SPLINE_SURFACE( 1, 2, ( ( #1992, #1993, #1994, #1995, #1996, #1997, #1998, #1999, #2000, #2001, #2002, #2003, #2004, #2005, #2006, #2007, #2008, #2009, #2010, #2011, #2012, #2013, #2014, #2015, #2016, #2017, #2018, #2019, #2020, #2021, #2022, #2023, #2024, #2025, #2026, #2027, #2028, #2029, #2030, #2031, #2032, #2033, #2034, #2035, #2036, #2037, #2038, #2039, #2040, #2041, #2042, #2043, #2044, #2045, #2046, #2047, #2048, #2049, #2050, #2051, #2052, #2053, #2054, #2055, #2056, #2057, #2058, #2059, #2060, #2061, #2062, #2063, #2064, #2065, #2066, #2067, #2068, #2069, #2070, #2071, #2072, #2073, #2074, #2075, #2076, #2077, #2078, #2079, #2080, #2081, #2082, #2083, #2084, #2085, #2086, #2087, #2088, #2089, #2090, #2091, #2092, #2093, #2094, #2095, #2096, #2097, #2098, #2099, #2100 ), ( #2101, #2102, #2103, #2104, #2105, #2106, #2107, #2108, #2109, #2110, #2111, #2112, #2113, #2114, #2115, #2116, #2117, #2118, #2119, #2120, #2121, #2122, #2123, #2124, #2125, #2126, #2127, #2128, #2129, #2130, #2131, #2132, #2133, #2134, #2135, #2136, #2137, #2138, #2139, #2140, #2141, #2142, #2143, #2144, #2145, #2146, #2147, #2148, #2149, #2150, #2151, #2152, #2153, #2154, #2155, #2156, #2157, #2158, #2159, #2160, #2161, #2162, #2163, #2164, #2165, #2166, #2167, #2168, #2169, #2170, #2171, #2172, #2173, #2174, #2175, #2176, #2177, #2178, #2179, #2180, #2181, #2182, #2183, #2184, #2185, #2186, #2187, #2188, #2189, #2190, #2191, #2192, #2193, #2194, #2195, #2196, #2197, #2198, #2199, #2200, #2201, #2202, #2203, #2204, #2205, #2206, #2207, #2208, #2209 ) ), .UNSPECIFIED., .F., .F., .F. )B_SPLINE_SURFACE_WITH_KNOTS( ( 2, 2 ), ( 3, 2, 2, 2, 2, 2, 2, 2, 2, 2, 2, 2, 2, 2, 2, 2, 2, 2, 2, 2, 2, 2, 2, 2, 2, 2, 2, 2, 2, 2, 2, 2, 2, 2, 2, 2, 2, 2, 2, 2, 2, 2, 2, 2, 2, 2, 2, 2, 2, 2, 2, 2, 2, 2, 3 ), ( 0.000000000000000, 1.00000000000000 ), ( 0.000000000000000, 0.0185185185185185, 0.0370370370370370, 0.0555555555555556, 0.0740740740740741, 0.0925925925925926, 0.111111111111111, 0.129629629629630, 0.148148148148148, 0.166666666666667, 0.185185185185185, 0.203703703703704, 0.222222222222222, 0.240740740740741, 0.259259259259260, 0.277777777777778, 0.296296296296297, 0.314814814814815, 0.333333333333334, 0.351851851851852, 0.370370370370371, 0.388888888888889, 0.407407407407408, 0.425925925925926, 0.444444444444444, 0.462962962962963, 0.481481481481482, 0.500000000000000, 0.518518518518519, 0.537037037037037, 0.555555555555556, 0.574074074074074, 0.592592592592593, 0.611111111111111, 0.629629629629630, 0.648148148148148, 0.666666666666667, 0.685185185185185, 0.703703703703704, 0.722222222222222, 0.740740740740741, 0.759259259259259, 0.777777777777778, 0.796296296296296, 0.814814814814815, 0.833333333333333, 0.851851851851852, 0.870370370370370, 0.888888888888889, 0.907407407407407, 0.925925925925926, 0.944444444444444, 0.962962962962963, 0.981481481481481, 1.00000000000000 ), .UNSPECIFIED. )GEOMETRIC_REPRESENTATION_ITEM(  )RATIONAL_B_SPLINE_SURFACE( ( ( 1.00000000000000, 0.866025403784439, 1.00000000000000, 0.866025403784439, 1.00000000000000, 0.866025403784439, 1.00000000000000, 0.866025403784439, 1.00000000000000, 0.866025403784439, 1.00000000000000, 0.866025403784439, 1.00000000000000, 0.866025403784439, 1.00000000000000, 0.866025403784439, 1.00000000000000, 0.866025403784439, 1.00000000000000, 0.866025403784439, 1.00000000000000, 0.866025403784439, 1.00000000000000, 0.866025403784439, 1.00000000000000, 0.866025403784439, 1.00000000000000, 0.866025403784439, 1.00000000000000, 0.866025403784439, 1.00000000000000, 0.866025403784439, 1.00000000000000, 0.866025403784439, 1.00000000000000, 0.866025403784439, 1.00000000000000, 0.866025403784439, 1.00000000000000, 0.866025403784439, 1.00000000000000, 0.866025403784439, 1.00000000000000, 0.866025403784439, 1.00000000000000, 0.866025403784439, 1.00000000000000, 0.866025403784439, 1.00000000000000, 0.866025403784439, 1.00000000000000, 0.866025403784439, 1.00000000000000, 0.866025403784439, 1.00000000000000, 0.866025403784439, 1.00000000000000, 0.866025403784439, 1.00000000000000, 0.866025403784439, 1.00000000000000, 0.866025403784439, 1.00000000000000, 0.866025403784439, 1.00000000000000, 0.866025403784439, 1.00000000000000, 0.866025403784439, 1.00000000000000, 0.866025403784439, 1.00000000000000, 0.866025403784439, 1.00000000000000, 0.866025403784439, 1.00000000000000, 0.866025403784439, 1.00000000000000, 0.866025403784439, 1.00000000000000, 0.866025403784439, 1.00000000000000, 0.866025403784439, 1.00000000000000, 0.866025403784439, 1.00000000000000, 0.866025403784439, 1.00000000000000, 0.866025403784439, 1.00000000000000, 0.866025403784439, 1.00000000000000, 0.866025403784439, 1.00000000000000, 0.866025403784439, 1.00000000000000, 0.866025403784439, 1.00000000000000, 0.866025403784439, 1.00000000000000, 0.866025403784439, 1.00000000000000, 0.866025403784439, 1.00000000000000, 0.866025403784439, 1.00000000000000, 0.866025403784439, 1.00000000000000, 0.866025403784439, 1.00000000000000 ), ( 1.00000000000000, 0.866025403784439, 1.00000000000000, 0.866025403784439, 1.00000000000000, 0.866025403784439, 1.00000000000000, 0.866025403784439, 1.00000000000000, 0.866025403784439, 1.00000000000000, 0.866025403784439, 1.00000000000000, 0.866025403784439, 1.00000000000000, 0.866025403784439, 1.00000000000000, 0.866025403784439, 1.00000000000000, 0.866025403784439, 1.00000000000000, 0.866025403784439, 1.00000000000000, 0.866025403784439, 1.00000000000000, 0.866025403784439, 1.00000000000000, 0.866025403784439, 1.00000000000000, 0.866025403784439, 1.00000000000000, 0.866025403784439, 1.00000000000000, 0.866025403784439, 1.00000000000000, 0.866025403784439, 1.00000000000000, 0.866025403784439, 1.00000000000000, 0.866025403784439, 1.00000000000000, 0.866025403784439, 1.00000000000000, 0.866025403784439, 1.00000000000000, 0.866025403784439, 1.00000000000000, 0.866025403784439, 1.00000000000000, 0.866025403784439, 1.00000000000000, 0.866025403784439, 1.00000000000000, 0.866025403784439, 1.00000000000000, 0.866025403784439, 1.00000000000000, 0.866025403784439, 1.00000000000000, 0.866025403784439, 1.00000000000000, 0.866025403784439, 1.00000000000000, 0.866025403784439, 1.00000000000000, 0.866025403784439, 1.00000000000000, 0.866025403784439, 1.00000000000000, 0.866025403784439, 1.00000000000000, 0.866025403784439, 1.00000000000000, 0.866025403784439, 1.00000000000000, 0.866025403784439, 1.00000000000000, 0.866025403784439, 1.00000000000000, 0.866025403784439, 1.00000000000000, 0.866025403784439, 1.00000000000000, 0.866025403784439, 1.00000000000000, 0.866025403784439, 1.00000000000000, 0.866025403784439, 1.00000000000000, 0.866025403784439, 1.00000000000000, 0.866025403784439, 1.00000000000000, 0.866025403784439, 1.00000000000000, 0.866025403784439, 1.00000000000000, 0.866025403784439, 1.00000000000000, 0.866025403784439, 1.00000000000000, 0.866025403784439, 1.00000000000000, 0.866025403784439, 1.00000000000000, 0.866025403784439, 1.00000000000000, 0.866025403784439, 1.00000000000000 ) ) )REPRESENTATION_ITEM( '' )SURFACE(  ) );
#1119 = SURFACE_STYLE_USAGE( .BOTH., #2215 );
#1120 = FACE_OUTER_BOUND( '', #2216, .T. );
#1121 = PLANE( '', #2217 );
#1122 = SURFACE_STYLE_USAGE( .BOTH., #2218 );
#1123 = FACE_OUTER_BOUND( '', #2219, .T. );
#1124 = PLANE( '', #2220 );
#1125 = SURFACE_STYLE_USAGE( .BOTH., #2221 );
#1126 = FACE_OUTER_BOUND( '', #2222, .T. );
#1127 = PLANE( '', #2223 );
#1128 = SURFACE_STYLE_USAGE( .BOTH., #2224 );
#1129 = FACE_OUTER_BOUND( '', #2225, .T. );
#1130 = PLANE( '', #2226 );
#1131 = SURFACE_STYLE_USAGE( .BOTH., #2227 );
#1132 = FACE_OUTER_BOUND( '', #2228, .T. );
#1133 = PLANE( '', #2229 );
#1134 = SURFACE_STYLE_USAGE( .BOTH., #2230 );
#1135 = FACE_OUTER_BOUND( '', #2231, .T. );
#1136 = PLANE( '', #2232 );
#1137 = SURFACE_STYLE_USAGE( .BOTH., #2233 );
#1138 = FACE_OUTER_BOUND( '', #2234, .T. );
#1139 = PLANE( '', #2235 );
#1140 = SURFACE_STYLE_USAGE( .BOTH., #2236 );
#1141 = FACE_OUTER_BOUND( '', #2237, .T. );
#1142 = PLANE( '', #2238 );
#1143 = SURFACE_STYLE_USAGE( .BOTH., #2239 );
#1144 = FACE_OUTER_BOUND( '', #2240, .T. );
#1145 = CYLINDRICAL_SURFACE( '', #2241, 5.16800699300692 );
#1146 = SURFACE_STYLE_USAGE( .BOTH., #2242 );
#1147 = FACE_OUTER_BOUND( '', #2243, .T. );
#1148 = PLANE( '', #2244 );
#1149 = SURFACE_STYLE_USAGE( .BOTH., #2245 );
#1150 = FACE_OUTER_BOUND( '', #2246, .T. );
#1151 = PLANE( '', #2247 );
#1152 = SURFACE_STYLE_USAGE( .BOTH., #2248 );
#1153 = FACE_OUTER_BOUND( '', #2249, .T. );
#1154 = PLANE( '', #2250 );
#1155 = SURFACE_STYLE_USAGE( .BOTH., #2251 );
#1156 = FACE_OUTER_BOUND( '', #2252, .T. );
#1157 = PLANE( '', #2253 );
#1158 = SURFACE_STYLE_USAGE( .BOTH., #2254 );
#1159 = FACE_OUTER_BOUND( '', #2255, .T. );
#1160 = FACE_OUTER_BOUND( '', #2256, .T. );
#1161 = SURFACE_OF_LINEAR_EXTRUSION( '', #2257, #2258 );
#1162 = SURFACE_STYLE_USAGE( .BOTH., #2259 );
#1163 = FACE_OUTER_BOUND( '', #2260, .T. );
#1164 = SURFACE_OF_LINEAR_EXTRUSION( '', #2261, #2262 );
#1165 = SURFACE_STYLE_USAGE( .BOTH., #2263 );
#1166 = FACE_OUTER_BOUND( '', #2264, .T. );
#1167 = CYLINDRICAL_SURFACE( '', #2265, 9.40000000000000 );
#1168 = SURFACE_STYLE_USAGE( .BOTH., #2266 );
#1169 = FACE_OUTER_BOUND( '', #2267, .T. );
#1170 = PLANE( '', #2268 );
#1171 = SURFACE_STYLE_USAGE( .BOTH., #2269 );
#1172 = FACE_OUTER_BOUND( '', #2270, .T. );
#1173 = PLANE( '', #2271 );
#1174 = SURFACE_STYLE_USAGE( .BOTH., #2272 );
#1175 = FACE_OUTER_BOUND( '', #2273, .T. );
#1176 = PLANE( '', #2274 );
#1177 = SURFACE_STYLE_USAGE( .BOTH., #2275 );
#1178 = FACE_OUTER_BOUND( '', #2276, .T. );
#1179 = PLANE( '', #2277 );
#1180 = SURFACE_STYLE_USAGE( .BOTH., #2278 );
#1181 = FACE_OUTER_BOUND( '', #2279, .T. );
#1182 = PLANE( '', #2280 );
#1183 = SURFACE_STYLE_USAGE( .BOTH., #2281 );
#1184 = FACE_OUTER_BOUND( '', #2282, .T. );
#1185 = PLANE( '', #2283 );
#1186 = SURFACE_STYLE_USAGE( .BOTH., #2284 );
#1187 = FACE_OUTER_BOUND( '', #2285, .T. );
#1188 = CYLINDRICAL_SURFACE( '', #2286, 1.00000000000000 );
#1189 = SURFACE_STYLE_USAGE( .BOTH., #2287 );
#1190 = FACE_OUTER_BOUND( '', #2288, .T. );
#1191 = CYLINDRICAL_SURFACE( '', #2289, 0.250000000000000 );
#1192 = SURFACE_STYLE_USAGE( .BOTH., #2290 );
#1193 = FACE_OUTER_BOUND( '', #2291, .T. );
#1194 = CYLINDRICAL_SURFACE( '', #2292, 9.40000000000000 );
#1195 = SURFACE_STYLE_USAGE( .BOTH., #2293 );
#1196 = FACE_OUTER_BOUND( '', #2294, .T. );
#1197 = CYLINDRICAL_SURFACE( '', #2295, 1.00000000000000 );
#1198 = SURFACE_STYLE_USAGE( .BOTH., #2296 );
#1199 = FACE_OUTER_BOUND( '', #2297, .T. );
#1200 = PLANE( '', #2298 );
#1201 = SURFACE_STYLE_USAGE( .BOTH., #2299 );
#1202 = FACE_OUTER_BOUND( '', #2300, .T. );
#1203 = PLANE( '', #2301 );
#1204 = SURFACE_STYLE_USAGE( .BOTH., #2302 );
#1205 = FACE_OUTER_BOUND( '', #2303, .T. );
#1206 = PLANE( '', #2304 );
#1207 = SURFACE_STYLE_USAGE( .BOTH., #2305 );
#1208 = FACE_OUTER_BOUND( '', #2306, .T. );
#1209 = PLANE( '', #2307 );
#1210 = SURFACE_STYLE_USAGE( .BOTH., #2308 );
#1211 = FACE_OUTER_BOUND( '', #2309, .T. );
#1212 = SURFACE_OF_LINEAR_EXTRUSION( '', #2310, #2311 );
#1213 = SURFACE_STYLE_USAGE( .BOTH., #2312 );
#1214 = FACE_OUTER_BOUND( '', #2313, .T. );
#1215 = PLANE( '', #2314 );
#1216 = SURFACE_STYLE_USAGE( .BOTH., #2315 );
#1217 = FACE_OUTER_BOUND( '', #2316, .T. );
#1218 = PLANE( '', #2317 );
#1219 = SURFACE_STYLE_USAGE( .BOTH., #2318 );
#1220 = FACE_OUTER_BOUND( '', #2319, .T. );
#1221 = CYLINDRICAL_SURFACE( '', #2320, 0.250000000000000 );
#1222 = SURFACE_STYLE_USAGE( .BOTH., #2321 );
#1223 = FACE_OUTER_BOUND( '', #2322, .T. );
#1224 = PLANE( '', #2323 );
#1225 = SURFACE_STYLE_USAGE( .BOTH., #2324 );
#1226 = FACE_OUTER_BOUND( '', #2325, .T. );
#1227 = PLANE( '', #2326 );
#1228 = SURFACE_STYLE_USAGE( .BOTH., #2327 );
#1229 = FACE_OUTER_BOUND( '', #2328, .T. );
#1230 = FACE_OUTER_BOUND( '', #2329, .T. );
#1231 = SURFACE_OF_LINEAR_EXTRUSION( '', #2330, #2331 );
#1232 = SURFACE_STYLE_USAGE( .BOTH., #2332 );
#1233 = FACE_OUTER_BOUND( '', #2333, .T. );
#1234 = PLANE( '', #2334 );
#1235 = SURFACE_STYLE_USAGE( .BOTH., #2335 );
#1236 = FACE_OUTER_BOUND( '', #2336, .T. );
#1237 = SURFACE_OF_LINEAR_EXTRUSION( '', #2337, #2338 );
#1238 = SURFACE_STYLE_USAGE( .BOTH., #2339 );
#1239 = FACE_OUTER_BOUND( '', #2340, .T. );
#1240 = PLANE( '', #2341 );
#1241 = SURFACE_STYLE_USAGE( .BOTH., #2342 );
#1242 = FACE_OUTER_BOUND( '', #2343, .T. );
#1243 = PLANE( '', #2344 );
#1244 = SURFACE_STYLE_USAGE( .BOTH., #2345 );
#1245 = FACE_OUTER_BOUND( '', #2346, .T. );
#1246 = PLANE( '', #2347 );
#1247 = SURFACE_STYLE_USAGE( .BOTH., #2348 );
#1248 = FACE_OUTER_BOUND( '', #2349, .T. );
#1249 = PLANE( '', #2350 );
#1250 = SURFACE_STYLE_USAGE( .BOTH., #2351 );
#1251 = FACE_OUTER_BOUND( '', #2352, .T. );
#1252 = SURFACE_OF_LINEAR_EXTRUSION( '', #2353, #2354 );
#1253 = SURFACE_STYLE_USAGE( .BOTH., #2355 );
#1254 = FACE_OUTER_BOUND( '', #2356, .T. );
#1255 = PLANE( '', #2357 );
#1256 = SURFACE_STYLE_USAGE( .BOTH., #2358 );
#1257 = FACE_OUTER_BOUND( '', #2359, .T. );
#1258 = PLANE( '', #2360 );
#1259 = SURFACE_STYLE_USAGE( .BOTH., #2361 );
#1260 = FACE_OUTER_BOUND( '', #2362, .T. );
#1261 = PLANE( '', #2363 );
#1262 = SURFACE_STYLE_USAGE( .BOTH., #2364 );
#1263 = FACE_BOUND( '', #2365, .T. );
#1264 = FACE_OUTER_BOUND( '', #2366, .T. );
#1265 = PLANE( '', #2367 );
#1266 = SURFACE_STYLE_USAGE( .BOTH., #2368 );
#1267 = FACE_OUTER_BOUND( '', #2369, .T. );
#1268 = PLANE( '', #2370 );
#1269 = SURFACE_STYLE_USAGE( .BOTH., #2371 );
#1270 = FACE_OUTER_BOUND( '', #2372, .T. );
#1271 = PLANE( '', #2373 );
#1272 = SURFACE_STYLE_USAGE( .BOTH., #2374 );
#1273 = FACE_OUTER_BOUND( '', #2375, .T. );
#1274 = PLANE( '', #2376 );
#1275 = SURFACE_STYLE_USAGE( .BOTH., #2377 );
#1276 = FACE_OUTER_BOUND( '', #2378, .T. );
#1277 = PLANE( '', #2379 );
#1278 = SURFACE_STYLE_USAGE( .BOTH., #2380 );
#1279 = FACE_OUTER_BOUND( '', #2381, .T. );
#1280 = SURFACE_OF_LINEAR_EXTRUSION( '', #2382, #2383 );
#1281 = SURFACE_STYLE_USAGE( .BOTH., #2384 );
#1282 = FACE_OUTER_BOUND( '', #2385, .T. );
#1283 = PLANE( '', #2386 );
#1284 = SURFACE_STYLE_USAGE( .BOTH., #2387 );
#1285 = FACE_OUTER_BOUND( '', #2388, .T. );
#1286 = PLANE( '', #2389 );
#1287 = SURFACE_STYLE_USAGE( .BOTH., #2390 );
#1288 = FACE_OUTER_BOUND( '', #2391, .T. );
#1289 = CONICAL_SURFACE( '', #2392, 0.500000000000000, 0.785398163397448 );
#1290 = SURFACE_STYLE_USAGE( .BOTH., #2393 );
#1291 = FACE_OUTER_BOUND( '', #2394, .T. );
#1292 = PLANE( '', #2395 );
#1293 = SURFACE_STYLE_USAGE( .BOTH., #2396 );
#1294 = FACE_OUTER_BOUND( '', #2397, .T. );
#1295 = PLANE( '', #2398 );
#1296 = SURFACE_STYLE_USAGE( .BOTH., #2399 );
#1297 = FACE_OUTER_BOUND( '', #2400, .T. );
#1298 = CYLINDRICAL_SURFACE( '', #2401, 1.00000000000000 );
#1299 = SURFACE_STYLE_USAGE( .BOTH., #2402 );
#1300 = FACE_OUTER_BOUND( '', #2403, .T. );
#1301 = CYLINDRICAL_SURFACE( '', #2404, 8.00000000000000 );
#1302 = SURFACE_STYLE_USAGE( .BOTH., #2405 );
#1303 = FACE_OUTER_BOUND( '', #2406, .T. );
#1304 = PLANE( '', #2407 );
#1305 = SURFACE_STYLE_USAGE( .BOTH., #2408 );
#1306 = FACE_OUTER_BOUND( '', #2409, .T. );
#1307 = PLANE( '', #2410 );
#1308 = SURFACE_STYLE_USAGE( .BOTH., #2411 );
#1309 = FACE_OUTER_BOUND( '', #2412, .T. );
#1310 = PLANE( '', #2413 );
#1311 = SURFACE_STYLE_USAGE( .BOTH., #2414 );
#1312 = FACE_OUTER_BOUND( '', #2415, .T. );
#1313 = PLANE( '', #2416 );
#1314 = SURFACE_STYLE_USAGE( .BOTH., #2417 );
#1315 = FACE_OUTER_BOUND( '', #2418, .T. );
#1316 = PLANE( '', #2419 );
#1317 = SURFACE_STYLE_USAGE( .BOTH., #2420 );
#1318 = FACE_OUTER_BOUND( '', #2421, .T. );
#1319 = PLANE( '', #2422 );
#1320 = SURFACE_STYLE_USAGE( .BOTH., #2423 );
#1321 = FACE_OUTER_BOUND( '', #2424, .T. );
#1322 = PLANE( '', #2425 );
#1323 = SURFACE_STYLE_USAGE( .BOTH., #2426 );
#1324 = FACE_OUTER_BOUND( '', #2427, .T. );
#1325 = PLANE( '', #2428 );
#1326 = SURFACE_STYLE_USAGE( .BOTH., #2429 );
#1327 = FACE_OUTER_BOUND( '', #2430, .T. );
#1328 = SURFACE_OF_LINEAR_EXTRUSION( '', #2431, #2432 );
#1329 = SURFACE_STYLE_USAGE( .BOTH., #2433 );
#1330 = FACE_OUTER_BOUND( '', #2434, .T. );
#1331 = CYLINDRICAL_SURFACE( '', #2435, 1.00000000000000 );
#1332 = SURFACE_STYLE_USAGE( .BOTH., #2436 );
#1333 = FACE_OUTER_BOUND( '', #2437, .T. );
#1334 = PLANE( '', #2438 );
#1335 = SURFACE_STYLE_USAGE( .BOTH., #2439 );
#1336 = FACE_OUTER_BOUND( '', #2440, .T. );
#1337 = PLANE( '', #2441 );
#1338 = SURFACE_STYLE_USAGE( .BOTH., #2442 );
#1339 = FACE_OUTER_BOUND( '', #2443, .T. );
#1340 = CYLINDRICAL_SURFACE( '', #2444, 0.750000000000000 );
#1341 = SURFACE_STYLE_USAGE( .BOTH., #2445 );
#1342 = FACE_OUTER_BOUND( '', #2446, .T. );
#1343 = PLANE( '', #2447 );
#1344 = SURFACE_STYLE_USAGE( .BOTH., #2448 );
#1345 = FACE_OUTER_BOUND( '', #2449, .T. );
#1346 = PLANE( '', #2450 );
#1347 = SURFACE_STYLE_USAGE( .BOTH., #2451 );
#1348 = FACE_OUTER_BOUND( '', #2452, .T. );
#1349 = PLANE( '', #2453 );
#1350 = SURFACE_STYLE_USAGE( .BOTH., #2454 );
#1351 = FACE_OUTER_BOUND( '', #2455, .T. );
#1352 = PLANE( '', #2456 );
#1353 = SURFACE_STYLE_USAGE( .BOTH., #2457 );
#1354 = FACE_OUTER_BOUND( '', #2458, .T. );
#1355 = PLANE( '', #2459 );
#1356 = SURFACE_STYLE_USAGE( .BOTH., #2460 );
#1357 = FACE_OUTER_BOUND( '', #2461, .T. );
#1358 = PLANE( '', #2462 );
#1359 = SURFACE_STYLE_USAGE( .BOTH., #2463 );
#1360 = FACE_OUTER_BOUND( '', #2464, .T. );
#1361 = PLANE( '', #2465 );
#1362 = SURFACE_STYLE_USAGE( .BOTH., #2466 );
#1363 = FACE_BOUND( '', #2467, .T. );
#1364 = FACE_OUTER_BOUND( '', #2468, .T. );
#1365 = PLANE( '', #2469 );
#1366 = SURFACE_STYLE_USAGE( .BOTH., #2470 );
#1367 = FACE_OUTER_BOUND( '', #2471, .T. );
#1368 = PLANE( '', #2472 );
#1369 = SURFACE_STYLE_USAGE( .BOTH., #2473 );
#1370 = FACE_OUTER_BOUND( '', #2474, .T. );
#1371 = PLANE( '', #2475 );
#1372 = SURFACE_STYLE_USAGE( .BOTH., #2476 );
#1373 = FACE_OUTER_BOUND( '', #2477, .T. );
#1374 = CYLINDRICAL_SURFACE( '', #2478, 5.40000000000000 );
#1375 = SURFACE_STYLE_USAGE( .BOTH., #2479 );
#1376 = FACE_OUTER_BOUND( '', #2480, .T. );
#1377 = PLANE( '', #2481 );
#1378 = SURFACE_STYLE_USAGE( .BOTH., #2482 );
#1379 = FACE_OUTER_BOUND( '', #2483, .T. );
#1380 = PLANE( '', #2484 );
#1381 = SURFACE_STYLE_USAGE( .BOTH., #2485 );
#1382 = FACE_OUTER_BOUND( '', #2486, .T. );
#1383 = PLANE( '', #2487 );
#1384 = SURFACE_STYLE_USAGE( .BOTH., #2488 );
#1385 = FACE_OUTER_BOUND( '', #2489, .T. );
#1386 = PLANE( '', #2490 );
#1387 = SURFACE_STYLE_USAGE( .BOTH., #2491 );
#1388 = FACE_OUTER_BOUND( '', #2492, .T. );
#1389 = PLANE( '', #2493 );
#1390 = SURFACE_STYLE_USAGE( .BOTH., #2494 );
#1391 = FACE_OUTER_BOUND( '', #2495, .T. );
#1392 = FACE_BOUND( '', #2496, .T. );
#1393 = PLANE( '', #2497 );
#1394 = SURFACE_STYLE_USAGE( .BOTH., #2498 );
#1395 = FACE_OUTER_BOUND( '', #2499, .T. );
#1396 = PLANE( '', #2500 );
#1397 = SURFACE_STYLE_USAGE( .BOTH., #2501 );
#1398 = FACE_OUTER_BOUND( '', #2502, .T. );
#1399 = PLANE( '', #2503 );
#1400 = SURFACE_STYLE_USAGE( .BOTH., #2504 );
#1401 = FACE_OUTER_BOUND( '', #2505, .T. );
#1402 = PLANE( '', #2506 );
#1403 = SURFACE_STYLE_USAGE( .BOTH., #2507 );
#1404 = FACE_OUTER_BOUND( '', #2508, .T. );
#1405 = PLANE( '', #2509 );
#1406 = SURFACE_STYLE_USAGE( .BOTH., #2510 );
#1407 = FACE_OUTER_BOUND( '', #2511, .T. );
#1408 = PLANE( '', #2512 );
#1409 = SURFACE_STYLE_USAGE( .BOTH., #2513 );
#1410 = FACE_OUTER_BOUND( '', #2514, .T. );
#1411 = CONICAL_SURFACE( '', #2515, 0.500000000000000, 0.785398163397448 );
#1412 = SURFACE_STYLE_USAGE( .BOTH., #2516 );
#1413 = FACE_OUTER_BOUND( '', #2517, .T. );
#1414 = SURFACE_OF_LINEAR_EXTRUSION( '', #2518, #2519 );
#1415 = SURFACE_STYLE_USAGE( .BOTH., #2520 );
#1416 = FACE_OUTER_BOUND( '', #2521, .T. );
#1417 = PLANE( '', #2522 );
#1418 = SURFACE_STYLE_USAGE( .BOTH., #2523 );
#1419 = FACE_OUTER_BOUND( '', #2524, .T. );
#1420 = CYLINDRICAL_SURFACE( '', #2525, 0.500000000000000 );
#1421 = SURFACE_STYLE_USAGE( .BOTH., #2526 );
#1422 = FACE_OUTER_BOUND( '', #2527, .T. );
#1423 = SURFACE_OF_LINEAR_EXTRUSION( '', #2528, #2529 );
#1424 = SURFACE_STYLE_USAGE( .BOTH., #2530 );
#1425 = FACE_OUTER_BOUND( '', #2531, .T. );
#1426 = CYLINDRICAL_SURFACE( '', #2532, 0.750000000000000 );
#1427 = SURFACE_STYLE_USAGE( .BOTH., #2533 );
#1428 = FACE_OUTER_BOUND( '', #2534, .T. );
#1429 = PLANE( '', #2535 );
#1430 = SURFACE_STYLE_USAGE( .BOTH., #2536 );
#1431 = FACE_OUTER_BOUND( '', #2537, .T. );
#1432 = PLANE( '', #2538 );
#1433 = SURFACE_STYLE_USAGE( .BOTH., #2539 );
#1434 = FACE_OUTER_BOUND( '', #2540, .T. );
#1435 = PLANE( '', #2541 );
#1436 = SURFACE_STYLE_USAGE( .BOTH., #2542 );
#1437 = FACE_OUTER_BOUND( '', #2543, .T. );
#1438 = CYLINDRICAL_SURFACE( '', #2544, 0.750000000000000 );
#1439 = SURFACE_STYLE_USAGE( .BOTH., #2545 );
#1440 = FACE_OUTER_BOUND( '', #2546, .T. );
#1441 = PLANE( '', #2547 );
#1442 = SURFACE_STYLE_USAGE( .BOTH., #2548 );
#1443 = FACE_OUTER_BOUND( '', #2549, .T. );
#1444 = CYLINDRICAL_SURFACE( '', #2550, 8.00000000000000 );
#1445 = SURFACE_STYLE_USAGE( .BOTH., #2551 );
#1446 = FACE_OUTER_BOUND( '', #2552, .T. );
#1447 = PLANE( '', #2553 );
#1448 = SURFACE_STYLE_USAGE( .BOTH., #2554 );
#1449 = FACE_OUTER_BOUND( '', #2555, .T. );
#1450 = PLANE( '', #2556 );
#1451 = SURFACE_STYLE_USAGE( .BOTH., #2557 );
#1452 = FACE_OUTER_BOUND( '', #2558, .T. );
#1453 = PLANE( '', #2559 );
#1454 = SURFACE_STYLE_USAGE( .BOTH., #2560 );
#1455 = FACE_OUTER_BOUND( '', #2561, .T. );
#1456 = PLANE( '', #2562 );
#1457 = SURFACE_STYLE_USAGE( .BOTH., #2563 );
#1458 = FACE_OUTER_BOUND( '', #2564, .T. );
#1459 = SURFACE_OF_LINEAR_EXTRUSION( '', #2565, #2566 );
#1460 = SURFACE_STYLE_USAGE( .BOTH., #2567 );
#1461 = FACE_OUTER_BOUND( '', #2568, .T. );
#1462 = PLANE( '', #2569 );
#1463 = SURFACE_STYLE_USAGE( .BOTH., #2570 );
#1464 = FACE_OUTER_BOUND( '', #2571, .T. );
#1465 = CYLINDRICAL_SURFACE( '', #2572, 1.00000000000000 );
#1466 = SURFACE_STYLE_USAGE( .BOTH., #2573 );
#1467 = FACE_OUTER_BOUND( '', #2574, .T. );
#1468 = CYLINDRICAL_SURFACE( '', #2575, 1.00000000000000 );
#1469 = SURFACE_STYLE_USAGE( .BOTH., #2576 );
#1470 = FACE_OUTER_BOUND( '', #2577, .T. );
#1471 = PLANE( '', #2578 );
#1472 = SURFACE_STYLE_USAGE( .BOTH., #2579 );
#1473 = FACE_OUTER_BOUND( '', #2580, .T. );
#1474 = PLANE( '', #2581 );
#1475 = SURFACE_STYLE_USAGE( .BOTH., #2582 );
#1476 = FACE_OUTER_BOUND( '', #2583, .T. );
#1477 = PLANE( '', #2584 );
#1478 = SURFACE_STYLE_USAGE( .BOTH., #2585 );
#1479 = FACE_OUTER_BOUND( '', #2586, .T. );
#1480 = PLANE( '', #2587 );
#1481 = SURFACE_STYLE_USAGE( .BOTH., #2588 );
#1482 = FACE_OUTER_BOUND( '', #2589, .T. );
#1483 = PLANE( '', #2590 );
#1484 = SURFACE_STYLE_USAGE( .BOTH., #2591 );
#1485 = FACE_OUTER_BOUND( '', #2592, .T. );
#1486 = PLANE( '', #2593 );
#1487 = SURFACE_STYLE_USAGE( .BOTH., #2594 );
#1488 = FACE_OUTER_BOUND( '', #2595, .T. );
#1489 = PLANE( '', #2596 );
#1490 = SURFACE_STYLE_USAGE( .BOTH., #2597 );
#1491 = FACE_OUTER_BOUND( '', #2598, .T. );
#1492 = PLANE( '', #2599 );
#1493 = SURFACE_STYLE_USAGE( .BOTH., #2600 );
#1494 = FACE_OUTER_BOUND( '', #2601, .T. );
#1495 = PLANE( '', #2602 );
#1496 = SURFACE_STYLE_USAGE( .BOTH., #2603 );
#1497 = FACE_OUTER_BOUND( '', #2604, .T. );
#1498 = PLANE( '', #2605 );
#1499 = SURFACE_STYLE_USAGE( .BOTH., #2606 );
#1500 = FACE_OUTER_BOUND( '', #2607, .T. );
#1501 = CYLINDRICAL_SURFACE( '', #2608, 1.00000000000000 );
#1502 = SURFACE_STYLE_USAGE( .BOTH., #2609 );
#1503 = FACE_OUTER_BOUND( '', #2610, .T. );
#1504 = PLANE( '', #2611 );
#1505 = SURFACE_STYLE_USAGE( .BOTH., #2612 );
#1506 = FACE_OUTER_BOUND( '', #2613, .T. );
#1507 = PLANE( '', #2614 );
#1508 = SURFACE_STYLE_USAGE( .BOTH., #2615 );
#1509 = FACE_OUTER_BOUND( '', #2616, .T. );
#1510 = CYLINDRICAL_SURFACE( '', #2617, 0.250000000000000 );
#1511 = SURFACE_STYLE_USAGE( .BOTH., #2618 );
#1512 = FACE_OUTER_BOUND( '', #2619, .T. );
#1513 = ( BOUNDED_SURFACE(  )B_SPLINE_SURFACE( 1, 2, ( ( #2622, #2623, #2624, #2625, #2626, #2627, #2628, #2629, #2630, #2631, #2632, #2633, #2634, #2635, #2636, #2637, #2638, #2639, #2640, #2641, #2642, #2643, #2644, #2645, #2646, #2647, #2648, #2649, #2650, #2651, #2652, #2653, #2654, #2655, #2656, #2657, #2658, #2659, #2660, #2661, #2662, #2663, #2664, #2665, #2666, #2667, #2668, #2669, #2670, #2671, #2672, #2673, #2674, #2675, #2676, #2677, #2678, #2679, #2680, #2681, #2682, #2683, #2684, #2685, #2686, #2687, #2688, #2689, #2690, #2691, #2692, #2693, #2694, #2695, #2696, #2697, #2698, #2699, #2700, #2701, #2702, #2703, #2704, #2705, #2706, #2707, #2708, #2709, #2710, #2711, #2712, #2713, #2714, #2715, #2716, #2717, #2718, #2719, #2720, #2721, #2722, #2723, #2724, #2725, #2726, #2727, #2728, #2729, #2730 ), ( #2731, #2732, #2733, #2734, #2735, #2736, #2737, #2738, #2739, #2740, #2741, #2742, #2743, #2744, #2745, #2746, #2747, #2748, #2749, #2750, #2751, #2752, #2753, #2754, #2755, #2756, #2757, #2758, #2759, #2760, #2761, #2762, #2763, #2764, #2765, #2766, #2767, #2768, #2769, #2770, #2771, #2772, #2773, #2774, #2775, #2776, #2777, #2778, #2779, #2780, #2781, #2782, #2783, #2784, #2785, #2786, #2787, #2788, #2789, #2790, #2791, #2792, #2793, #2794, #2795, #2796, #2797, #2798, #2799, #2800, #2801, #2802, #2803, #2804, #2805, #2806, #2807, #2808, #2809, #2810, #2811, #2812, #2813, #2814, #2815, #2816, #2817, #2818, #2819, #2820, #2821, #2822, #2823, #2824, #2825, #2826, #2827, #2828, #2829, #2830, #2831, #2832, #2833, #2834, #2835, #2836, #2837, #2838, #2839 ) ), .UNSPECIFIED., .F., .F., .F. )B_SPLINE_SURFACE_WITH_KNOTS( ( 2, 2 ), ( 3, 2, 2, 2, 2, 2, 2, 2, 2, 2, 2, 2, 2, 2, 2, 2, 2, 2, 2, 2, 2, 2, 2, 2, 2, 2, 2, 2, 2, 2, 2, 2, 2, 2, 2, 2, 2, 2, 2, 2, 2, 2, 2, 2, 2, 2, 2, 2, 2, 2, 2, 2, 2, 2, 3 ), ( 0.000000000000000, 1.00000000000000 ), ( 0.000000000000000, 0.0185185185185185, 0.0370370370370370, 0.0555555555555556, 0.0740740740740741, 0.0925925925925926, 0.111111111111111, 0.129629629629630, 0.148148148148148, 0.166666666666667, 0.185185185185185, 0.203703703703704, 0.222222222222222, 0.240740740740741, 0.259259259259260, 0.277777777777778, 0.296296296296297, 0.314814814814815, 0.333333333333334, 0.351851851851852, 0.370370370370371, 0.388888888888889, 0.407407407407408, 0.425925925925926, 0.444444444444444, 0.462962962962963, 0.481481481481482, 0.500000000000000, 0.518518518518519, 0.537037037037037, 0.555555555555556, 0.574074074074074, 0.592592592592593, 0.611111111111111, 0.629629629629630, 0.648148148148148, 0.666666666666667, 0.685185185185185, 0.703703703703704, 0.722222222222222, 0.740740740740741, 0.759259259259259, 0.777777777777778, 0.796296296296296, 0.814814814814815, 0.833333333333333, 0.851851851851852, 0.870370370370370, 0.888888888888889, 0.907407407407407, 0.925925925925926, 0.944444444444444, 0.962962962962963, 0.981481481481481, 1.00000000000000 ), .UNSPECIFIED. )GEOMETRIC_REPRESENTATION_ITEM(  )RATIONAL_B_SPLINE_SURFACE( ( ( 1.00000000000000, 0.866025403784439, 1.00000000000000, 0.866025403784439, 1.00000000000000, 0.866025403784439, 1.00000000000000, 0.866025403784439, 1.00000000000000, 0.866025403784439, 1.00000000000000, 0.866025403784439, 1.00000000000000, 0.866025403784439, 1.00000000000000, 0.866025403784439, 1.00000000000000, 0.866025403784439, 1.00000000000000, 0.866025403784439, 1.00000000000000, 0.866025403784439, 1.00000000000000, 0.866025403784439, 1.00000000000000, 0.866025403784439, 1.00000000000000, 0.866025403784439, 1.00000000000000, 0.866025403784439, 1.00000000000000, 0.866025403784439, 1.00000000000000, 0.866025403784439, 1.00000000000000, 0.866025403784439, 1.00000000000000, 0.866025403784439, 1.00000000000000, 0.866025403784439, 1.00000000000000, 0.866025403784439, 1.00000000000000, 0.866025403784439, 1.00000000000000, 0.866025403784439, 1.00000000000000, 0.866025403784439, 1.00000000000000, 0.866025403784439, 1.00000000000000, 0.866025403784439, 1.00000000000000, 0.866025403784439, 1.00000000000000, 0.866025403784439, 1.00000000000000, 0.866025403784439, 1.00000000000000, 0.866025403784439, 1.00000000000000, 0.866025403784439, 1.00000000000000, 0.866025403784439, 1.00000000000000, 0.866025403784439, 1.00000000000000, 0.866025403784439, 1.00000000000000, 0.866025403784439, 1.00000000000000, 0.866025403784439, 1.00000000000000, 0.866025403784439, 1.00000000000000, 0.866025403784439, 1.00000000000000, 0.866025403784439, 1.00000000000000, 0.866025403784439, 1.00000000000000, 0.866025403784439, 1.00000000000000, 0.866025403784439, 1.00000000000000, 0.866025403784439, 1.00000000000000, 0.866025403784439, 1.00000000000000, 0.866025403784439, 1.00000000000000, 0.866025403784439, 1.00000000000000, 0.866025403784439, 1.00000000000000, 0.866025403784439, 1.00000000000000, 0.866025403784439, 1.00000000000000, 0.866025403784439, 1.00000000000000, 0.866025403784439, 1.00000000000000, 0.866025403784439, 1.00000000000000, 0.866025403784439, 1.00000000000000, 0.866025403784439, 1.00000000000000 ), ( 1.00000000000000, 0.866025403784439, 1.00000000000000, 0.866025403784439, 1.00000000000000, 0.866025403784439, 1.00000000000000, 0.866025403784439, 1.00000000000000, 0.866025403784439, 1.00000000000000, 0.866025403784439, 1.00000000000000, 0.866025403784439, 1.00000000000000, 0.866025403784439, 1.00000000000000, 0.866025403784439, 1.00000000000000, 0.866025403784439, 1.00000000000000, 0.866025403784439, 1.00000000000000, 0.866025403784439, 1.00000000000000, 0.866025403784439, 1.00000000000000, 0.866025403784439, 1.00000000000000, 0.866025403784439, 1.00000000000000, 0.866025403784439, 1.00000000000000, 0.866025403784439, 1.00000000000000, 0.866025403784439, 1.00000000000000, 0.866025403784439, 1.00000000000000, 0.866025403784439, 1.00000000000000, 0.866025403784439, 1.00000000000000, 0.866025403784439, 1.00000000000000, 0.866025403784439, 1.00000000000000, 0.866025403784439, 1.00000000000000, 0.866025403784439, 1.00000000000000, 0.866025403784439, 1.00000000000000, 0.866025403784439, 1.00000000000000, 0.866025403784439, 1.00000000000000, 0.866025403784439, 1.00000000000000, 0.866025403784439, 1.00000000000000, 0.866025403784439, 1.00000000000000, 0.866025403784439, 1.00000000000000, 0.866025403784439, 1.00000000000000, 0.866025403784439, 1.00000000000000, 0.866025403784439, 1.00000000000000, 0.866025403784439, 1.00000000000000, 0.866025403784439, 1.00000000000000, 0.866025403784439, 1.00000000000000, 0.866025403784439, 1.00000000000000, 0.866025403784439, 1.00000000000000, 0.866025403784439, 1.00000000000000, 0.866025403784439, 1.00000000000000, 0.866025403784439, 1.00000000000000, 0.866025403784439, 1.00000000000000, 0.866025403784439, 1.00000000000000, 0.866025403784439, 1.00000000000000, 0.866025403784439, 1.00000000000000, 0.866025403784439, 1.00000000000000, 0.866025403784439, 1.00000000000000, 0.866025403784439, 1.00000000000000, 0.866025403784439, 1.00000000000000, 0.866025403784439, 1.00000000000000, 0.866025403784439, 1.00000000000000, 0.866025403784439, 1.00000000000000 ) ) )REPRESENTATION_ITEM( '' )SURFACE(  ) );
#1514 = SURFACE_STYLE_USAGE( .BOTH., #2845 );
#1515 = FACE_OUTER_BOUND( '', #2846, .T. );
#1516 = CYLINDRICAL_SURFACE( '', #2847, 8.00000000000000 );
#1517 = SURFACE_STYLE_USAGE( .BOTH., #2848 );
#1518 = FACE_OUTER_BOUND( '', #2849, .T. );
#1519 = PLANE( '', #2850 );
#1520 = SURFACE_STYLE_USAGE( .BOTH., #2851 );
#1521 = FACE_OUTER_BOUND( '', #2852, .T. );
#1522 = PLANE( '', #2853 );
#1523 = SURFACE_STYLE_USAGE( .BOTH., #2854 );
#1524 = FACE_OUTER_BOUND( '', #2855, .T. );
#1525 = PLANE( '', #2856 );
#1526 = SURFACE_STYLE_USAGE( .BOTH., #2857 );
#1527 = FACE_OUTER_BOUND( '', #2858, .T. );
#1528 = PLANE( '', #2859 );
#1529 = SURFACE_STYLE_USAGE( .BOTH., #2860 );
#1530 = FACE_OUTER_BOUND( '', #2861, .T. );
#1531 = PLANE( '', #2862 );
#1532 = SURFACE_STYLE_USAGE( .BOTH., #2863 );
#1533 = FACE_OUTER_BOUND( '', #2864, .T. );
#1534 = CYLINDRICAL_SURFACE( '', #2865, 1.00000000000000 );
#1535 = SURFACE_STYLE_USAGE( .BOTH., #2866 );
#1536 = FACE_OUTER_BOUND( '', #2867, .T. );
#1537 = PLANE( '', #2868 );
#1538 = SURFACE_STYLE_USAGE( .BOTH., #2869 );
#1539 = FACE_OUTER_BOUND( '', #2870, .T. );
#1540 = PLANE( '', #2871 );
#1541 = SURFACE_STYLE_USAGE( .BOTH., #2872 );
#1542 = FACE_OUTER_BOUND( '', #2873, .T. );
#1543 = PLANE( '', #2874 );
#1544 = SURFACE_STYLE_USAGE( .BOTH., #2875 );
#1545 = FACE_OUTER_BOUND( '', #2876, .T. );
#1546 = PLANE( '', #2877 );
#1547 = SURFACE_STYLE_USAGE( .BOTH., #2878 );
#1548 = FACE_OUTER_BOUND( '', #2879, .T. );
#1549 = PLANE( '', #2880 );
#1550 = SURFACE_STYLE_USAGE( .BOTH., #2881 );
#1551 = FACE_OUTER_BOUND( '', #2882, .T. );
#1552 = PLANE( '', #2883 );
#1553 = SURFACE_STYLE_USAGE( .BOTH., #2884 );
#1554 = FACE_OUTER_BOUND( '', #2885, .T. );
#1555 = PLANE( '', #2886 );
#1556 = SURFACE_STYLE_USAGE( .BOTH., #2887 );
#1557 = FACE_OUTER_BOUND( '', #2888, .T. );
#1558 = PLANE( '', #2889 );
#1559 = SURFACE_STYLE_USAGE( .BOTH., #2890 );
#1560 = FACE_OUTER_BOUND( '', #2891, .T. );
#1561 = PLANE( '', #2892 );
#1562 = SURFACE_STYLE_USAGE( .BOTH., #2893 );
#1563 = FACE_OUTER_BOUND( '', #2894, .T. );
#1564 = PLANE( '', #2895 );
#1565 = SURFACE_STYLE_USAGE( .BOTH., #2896 );
#1566 = FACE_OUTER_BOUND( '', #2897, .T. );
#1567 = PLANE( '', #2898 );
#1568 = SURFACE_STYLE_USAGE( .BOTH., #2899 );
#1569 = FACE_OUTER_BOUND( '', #2900, .T. );
#1570 = PLANE( '', #2901 );
#1571 = SURFACE_STYLE_USAGE( .BOTH., #2902 );
#1572 = FACE_OUTER_BOUND( '', #2903, .T. );
#1573 = PLANE( '', #2904 );
#1574 = SURFACE_STYLE_USAGE( .BOTH., #2905 );
#1575 = FACE_OUTER_BOUND( '', #2906, .T. );
#1576 = PLANE( '', #2907 );
#1577 = SURFACE_STYLE_USAGE( .BOTH., #2908 );
#1578 = FACE_OUTER_BOUND( '', #2909, .T. );
#1579 = PLANE( '', #2910 );
#1580 = SURFACE_STYLE_USAGE( .BOTH., #2911 );
#1581 = FACE_OUTER_BOUND( '', #2912, .T. );
#1582 = PLANE( '', #2913 );
#1583 = SURFACE_STYLE_USAGE( .BOTH., #2914 );
#1584 = FACE_OUTER_BOUND( '', #2915, .T. );
#1585 = CONICAL_SURFACE( '', #2916, 0.500000000000000, 0.785398163397448 );
#1586 = SURFACE_STYLE_USAGE( .BOTH., #2917 );
#1587 = FACE_OUTER_BOUND( '', #2918, .T. );
#1588 = PLANE( '', #2919 );
#1589 = SURFACE_STYLE_USAGE( .BOTH., #2920 );
#1590 = FACE_OUTER_BOUND( '', #2921, .T. );
#1591 = PLANE( '', #2922 );
#1592 = SURFACE_STYLE_USAGE( .BOTH., #2923 );
#1593 = FACE_OUTER_BOUND( '', #2924, .T. );
#1594 = PLANE( '', #2925 );
#1595 = SURFACE_STYLE_USAGE( .BOTH., #2926 );
#1596 = FACE_OUTER_BOUND( '', #2927, .T. );
#1597 = PLANE( '', #2928 );
#1598 = SURFACE_STYLE_USAGE( .BOTH., #2929 );
#1599 = FACE_OUTER_BOUND( '', #2930, .T. );
#1600 = PLANE( '', #2931 );
#1601 = SURFACE_STYLE_USAGE( .BOTH., #2932 );
#1602 = FACE_OUTER_BOUND( '', #2933, .T. );
#1603 = PLANE( '', #2934 );
#1604 = SURFACE_STYLE_USAGE( .BOTH., #2935 );
#1605 = FACE_OUTER_BOUND( '', #2936, .T. );
#1606 = PLANE( '', #2937 );
#1607 = SURFACE_STYLE_USAGE( .BOTH., #2938 );
#1608 = FACE_OUTER_BOUND( '', #2939, .T. );
#1609 = PLANE( '', #2940 );
#1610 = SURFACE_STYLE_USAGE( .BOTH., #2941 );
#1611 = FACE_OUTER_BOUND( '', #2942, .T. );
#1612 = PLANE( '', #2943 );
#1613 = SURFACE_STYLE_USAGE( .BOTH., #2944 );
#1614 = FACE_OUTER_BOUND( '', #2945, .T. );
#1615 = SURFACE_OF_LINEAR_EXTRUSION( '', #2946, #2947 );
#1616 = SURFACE_STYLE_USAGE( .BOTH., #2948 );
#1617 = FACE_OUTER_BOUND( '', #2949, .T. );
#1618 = PLANE( '', #2950 );
#1619 = SURFACE_STYLE_USAGE( .BOTH., #2951 );
#1620 = FACE_OUTER_BOUND( '', #2952, .T. );
#1621 = PLANE( '', #2953 );
#1622 = SURFACE_STYLE_USAGE( .BOTH., #2954 );
#1623 = FACE_OUTER_BOUND( '', #2955, .T. );
#1624 = PLANE( '', #2956 );
#1625 = SURFACE_STYLE_USAGE( .BOTH., #2957 );
#1626 = FACE_OUTER_BOUND( '', #2958, .T. );
#1627 = PLANE( '', #2959 );
#1628 = SURFACE_STYLE_USAGE( .BOTH., #2960 );
#1629 = FACE_OUTER_BOUND( '', #2961, .T. );
#1630 = PLANE( '', #2962 );
#1631 = SURFACE_STYLE_USAGE( .BOTH., #2963 );
#1632 = FACE_OUTER_BOUND( '', #2964, .T. );
#1633 = SURFACE_OF_LINEAR_EXTRUSION( '', #2965, #2966 );
#1634 = SURFACE_STYLE_USAGE( .BOTH., #2967 );
#1635 = FACE_OUTER_BOUND( '', #2968, .T. );
#1636 = CYLINDRICAL_SURFACE( '', #2969, 0.500000000000000 );
#1637 = SURFACE_STYLE_USAGE( .BOTH., #2970 );
#1638 = FACE_OUTER_BOUND( '', #2971, .T. );
#1639 = PLANE( '', #2972 );
#1640 = SURFACE_STYLE_USAGE( .BOTH., #2973 );
#1641 = FACE_OUTER_BOUND( '', #2974, .T. );
#1642 = PLANE( '', #2975 );
#1643 = SURFACE_STYLE_USAGE( .BOTH., #2976 );
#1644 = FACE_OUTER_BOUND( '', #2977, .T. );
#1645 = PLANE( '', #2978 );
#1646 = SURFACE_STYLE_USAGE( .BOTH., #2979 );
#1647 = FACE_OUTER_BOUND( '', #2980, .T. );
#1648 = CYLINDRICAL_SURFACE( '', #2981, 0.750000000000000 );
#1649 = SURFACE_STYLE_USAGE( .BOTH., #2982 );
#1650 = FACE_OUTER_BOUND( '', #2983, .T. );
#1651 = PLANE( '', #2984 );
#1652 = SURFACE_STYLE_USAGE( .BOTH., #2985 );
#1653 = FACE_OUTER_BOUND( '', #2986, .T. );
#1654 = PLANE( '', #2987 );
#1655 = SURFACE_STYLE_USAGE( .BOTH., #2988 );
#1656 = FACE_OUTER_BOUND( '', #2989, .T. );
#1657 = PLANE( '', #2990 );
#1658 = SURFACE_STYLE_USAGE( .BOTH., #2991 );
#1659 = FACE_OUTER_BOUND( '', #2992, .T. );
#1660 = SURFACE_OF_LINEAR_EXTRUSION( '', #2993, #2994 );
#1661 = SURFACE_STYLE_USAGE( .BOTH., #2995 );
#1662 = FACE_OUTER_BOUND( '', #2996, .T. );
#1663 = CYLINDRICAL_SURFACE( '', #2997, 5.16800699300692 );
#1664 = SURFACE_STYLE_USAGE( .BOTH., #2998 );
#1665 = FACE_OUTER_BOUND( '', #2999, .T. );
#1666 = PLANE( '', #3000 );
#1667 = SURFACE_STYLE_USAGE( .BOTH., #3001 );
#1668 = FACE_OUTER_BOUND( '', #3002, .T. );
#1669 = CYLINDRICAL_SURFACE( '', #3003, 1.00000000000000 );
#1670 = SURFACE_STYLE_USAGE( .BOTH., #3004 );
#1671 = FACE_OUTER_BOUND( '', #3005, .T. );
#1672 = SURFACE_OF_LINEAR_EXTRUSION( '', #3006, #3007 );
#1673 = SURFACE_STYLE_USAGE( .BOTH., #3008 );
#1674 = FACE_OUTER_BOUND( '', #3009, .T. );
#1675 = PLANE( '', #3010 );
#1676 = SURFACE_STYLE_USAGE( .BOTH., #3011 );
#1677 = FACE_OUTER_BOUND( '', #3012, .T. );
#1678 = PLANE( '', #3013 );
#1679 = SURFACE_STYLE_USAGE( .BOTH., #3014 );
#1680 = FACE_OUTER_BOUND( '', #3015, .T. );
#1681 = CYLINDRICAL_SURFACE( '', #3016, 1.00000000000000 );
#1682 = SURFACE_STYLE_USAGE( .BOTH., #3017 );
#1683 = FACE_OUTER_BOUND( '', #3018, .T. );
#1684 = PLANE( '', #3019 );
#1685 = SURFACE_STYLE_USAGE( .BOTH., #3020 );
#1686 = FACE_OUTER_BOUND( '', #3021, .T. );
#1687 = SURFACE_OF_LINEAR_EXTRUSION( '', #3022, #3023 );
#1688 = SURFACE_STYLE_USAGE( .BOTH., #3024 );
#1689 = FACE_OUTER_BOUND( '', #3025, .T. );
#1690 = PLANE( '', #3026 );
#1691 = SURFACE_STYLE_USAGE( .BOTH., #3027 );
#1692 = FACE_OUTER_BOUND( '', #3028, .T. );
#1693 = CYLINDRICAL_SURFACE( '', #3029, 1.00000000000000 );
#1694 = SURFACE_STYLE_USAGE( .BOTH., #3030 );
#1695 = FACE_OUTER_BOUND( '', #3031, .T. );
#1696 = PLANE( '', #3032 );
#1697 = SURFACE_STYLE_USAGE( .BOTH., #3033 );
#1698 = FACE_OUTER_BOUND( '', #3034, .T. );
#1699 = PLANE( '', #3035 );
#1700 = SURFACE_STYLE_USAGE( .BOTH., #3036 );
#1701 = FACE_OUTER_BOUND( '', #3037, .T. );
#1702 = PLANE( '', #3038 );
#1703 = SURFACE_STYLE_USAGE( .BOTH., #3039 );
#1704 = FACE_OUTER_BOUND( '', #3040, .T. );
#1705 = PLANE( '', #3041 );
#1706 = SURFACE_STYLE_USAGE( .BOTH., #3042 );
#1707 = FACE_OUTER_BOUND( '', #3043, .T. );
#1708 = FACE_OUTER_BOUND( '', #3044, .T. );
#1709 = CYLINDRICAL_SURFACE( '', #3045, 4.70000000000000 );
#1710 = SURFACE_STYLE_USAGE( .BOTH., #3046 );
#1711 = FACE_OUTER_BOUND( '', #3047, .T. );
#1712 = CYLINDRICAL_SURFACE( '', #3048, 1.66800699300692 );
#1713 = SURFACE_STYLE_USAGE( .BOTH., #3049 );
#1714 = FACE_OUTER_BOUND( '', #3050, .T. );
#1715 = PLANE( '', #3051 );
#1716 = SURFACE_STYLE_USAGE( .BOTH., #3052 );
#1717 = FACE_OUTER_BOUND( '', #3053, .T. );
#1718 = PLANE( '', #3054 );
#1719 = PRODUCT_CONTEXT( '', #286, 'mechanical' );
#1720 = PRODUCT_DEFINITION_FORMATION_WITH_SPECIFIED_SOURCE( ' ', 'NONE', #848, .NOT_KNOWN. );
#1721 = REPRESENTATION_MAP( #853, #293 );
#1722 = AXIS2_PLACEMENT_3D( '', #3055, #3056, #3057 );
#1723 = REPRESENTATION_MAP( #853, #296 );
#1724 = AXIS2_PLACEMENT_3D( '', #3058, #3059, #3060 );
#1725 = REPRESENTATION_MAP( #853, #299 );
#1726 = AXIS2_PLACEMENT_3D( '', #3061, #3062, #3063 );
#1727 = CARTESIAN_POINT( '', ( 0.000000000000000, 0.000000000000000, 0.000000000000000 ) );
#1728 = DIRECTION( '', ( 0.000000000000000, 0.000000000000000, 1.00000000000000 ) );
#1729 = DIRECTION( '', ( 1.00000000000000, 0.000000000000000, 0.000000000000000 ) );
#1730 = PRODUCT_DEFINITION_FORMATION_WITH_SPECIFIED_SOURCE( ' ', 'NONE', #854, .NOT_KNOWN. );
#1731 = CLOSED_SHELL( '', ( #667, #823, #577, #359, #829, #381, #311, #379, #399, #845, #611, #821, #703, #599, #725, #427, #591, #535, #559, #569, #497, #681, #495, #593, #339, #707 ) );
#1732 = PRODUCT_DEFINITION_FORMATION_WITH_SPECIFIED_SOURCE( ' ', 'NONE', #857, .NOT_KNOWN. );
#1733 = CLOSED_SHELL( '', ( #309, #819, #789, #809, #383, #641, #751, #583, #685, #715, #401, #689, #471, #509, #573, #331, #637, #655, #733, #639, #453, #417, #397, #705, #543, #561, #455, #527, #621, #763, #765, #515, #741, #735, #463, #467, #531, #777, #403, #313, #605, #491, #625, #319, #603, #807, #505, #657, #615, #439, #585, #421, #687, #645, #493, #785, #547, #607, #315, #755, #513, #447, #333, #429, #635, #445, #791, #353, #721, #837, #545, #507, #541, #719, #489, #803, #659, #669, #321, #627, #387, #391, #361, #579, #693, #797, #575, #517, #335, #461, #449, #317, #739, #549, #799, #511, #567, #537, #367, #557, #723, #341, #457, #363, #695, #729, #795, #671, #347, #647, #459, #699, #839, #327, #691, #775, #629, #533, #551, #389, #617, #767, #587, #677, #581, #841, #571, #631, #753, #483, #501, #757, #555, #771, #805, #369, #393, #521, #761, #793, #323, #679, #815, #831, #503, #375, #649, #377, #665, #437, #713, #563, #643, #411, #441, #759, #409, #431, #479, #697, #487, #373, #355, #433, #475, #525, #701, #351, #847, #633, #613, #835, #337, #523, #539, #743, #601, #787, #329, #769, #345, #783, #481, #529, #477, #405, #407, #675, #473, #737, #423, #827, #717, #343, #749, #435, #485, #465, #357, #817, #731, #443, #385, #589, #425, #747, #745, #651, #419, #779 ) );
#1734 = PRODUCT_DEFINITION_FORMATION_WITH_SPECIFIED_SOURCE( ' ', 'NONE', #860, .NOT_KNOWN. );
#1735 = CLOSED_SHELL( '', ( #619, #711, #773, #469, #451, #371, #843, #833, #811, #325, #349, #683, #781, #519, #813, #727, #395, #609, #801, #553, #661, #415, #663, #623, #653, #595, #673, #825, #413, #499, #597, #565, #365, #709 ) );
#1736 =  ( LENGTH_UNIT(  )NAMED_UNIT( #868 )SI_UNIT( .MILLI., .METRE. ) );
#1737 = SURFACE_SIDE_STYLE( '', ( #3065 ) );
#1738 = EDGE_LOOP( '', ( #3066, #3067, #3068, #3069, #3070, #3071, #3072, #3073, #3074, #3075, #3076, #3077, #3078 ) );
#1739 = EDGE_LOOP( '', ( #3079, #3080, #3081, #3082 ) );
#1740 = EDGE_LOOP( '', ( #3083, #3084, #3085, #3086, #3087, #3088, #3089, #3090 ) );
#1741 = EDGE_LOOP( '', ( #3091, #3092, #3093, #3094, #3095, #3096, #3097, #3098 ) );
#1742 = EDGE_LOOP( '', ( #3099, #3100, #3101, #3102, #3103, #3104, #3105, #3106, #3107, #3108, #3109, #3110, #3111, #3112, #3113, #3114 ) );
#1743 = EDGE_LOOP( '', ( #3115, #3116, #3117, #3118, #3119, #3120, #3121, #3122 ) );
#1744 = EDGE_LOOP( '', ( #3123, #3124, #3125, #3126, #3127, #3128 ) );
#1745 = EDGE_LOOP( '', ( #3129, #3130, #3131, #3132, #3133, #3134, #3135, #3136 ) );
#1746 = EDGE_LOOP( '', ( #3137, #3138, #3139, #3140, #3141, #3142, #3143, #3144, #3145, #3146, #3147, #3148, #3149 ) );
#1747 = EDGE_LOOP( '', ( #3150, #3151, #3152, #3153 ) );
#1748 = EDGE_LOOP( '', ( #3154, #3155, #3156, #3157 ) );
#1749 = EDGE_LOOP( '', ( #3158, #3159, #3160, #3161, #3162, #3163, #3164, #3165 ) );
#1750 = EDGE_LOOP( '', ( #3166, #3167, #3168, #3169, #3170, #3171, #3172, #3173 ) );
#1751 = EDGE_LOOP( '', ( #3174, #3175, #3176, #3177, #3178, #3179, #3180, #3181 ) );
#1752 = EDGE_LOOP( '', ( #3182, #3183, #3184, #3185, #3186, #3187, #3188, #3189 ) );
#1753 = EDGE_LOOP( '', ( #3190, #3191, #3192, #3193 ) );
#1754 = EDGE_LOOP( '', ( #3194, #3195, #3196, #3197 ) );
#1755 = EDGE_LOOP( '', ( #3198, #3199, #3200, #3201, #3202, #3203, #3204, #3205, #3206, #3207, #3208, #3209 ) );
#1756 = EDGE_LOOP( '', ( #3210, #3211, #3212, #3213, #3214, #3215, #3216, #3217 ) );
#1757 = AXIS2_PLACEMENT_3D( '', #3218, #3219, #3220 );
#1758 = SURFACE_SIDE_STYLE( '', ( #3221 ) );
#1759 = EDGE_LOOP( '', ( #3222, #3223, #3224, #3225, #3226, #3227, #3228, #3229, #3230, #3231, #3232, #3233, #3234, #3235, #3236, #3237, #3238, #3239, #3240, #3241 ) );
#1760 = AXIS2_PLACEMENT_3D( '', #3242, #3243, #3244 );
#1761 = SURFACE_SIDE_STYLE( '', ( #3245 ) );
#1762 = EDGE_LOOP( '', ( #3246, #3247, #3248, #3249 ) );
#1763 = AXIS2_PLACEMENT_3D( '', #3250, #3251, #3252 );
#1764 = SURFACE_SIDE_STYLE( '', ( #3253 ) );
#1765 = EDGE_LOOP( '', ( #3254 ) );
#1766 = EDGE_LOOP( '', ( #3255 ) );
#1767 = B_SPLINE_CURVE_WITH_KNOTS( '', 3, ( #3256, #3257, #3258, #3259, #3260, #3261, #3262, #3263, #3264, #3265, #3266, #3267, #3268 ), .UNSPECIFIED., .T., .F., ( 4, 3, 3, 3, 4 ), ( 0.000000000000000, 0.250000000000000, 0.500000000000000, 0.750000000000000, 1.00000000000000 ), .UNSPECIFIED. );
#1768 = VECTOR( '', #3269, 1000.00000000000 );
#1769 = SURFACE_SIDE_STYLE( '', ( #3270 ) );
#1770 = EDGE_LOOP( '', ( #3271, #3272, #3273, #3274 ) );
#1771 = AXIS2_PLACEMENT_3D( '', #3275, #3276, #3277 );
#1772 = SURFACE_SIDE_STYLE( '', ( #3278 ) );
#1773 = EDGE_LOOP( '', ( #3279, #3280, #3281, #3282 ) );
#1774 = AXIS2_PLACEMENT_3D( '', #3283, #3284, #3285 );
#1775 = SURFACE_SIDE_STYLE( '', ( #3286 ) );
#1776 = EDGE_LOOP( '', ( #3287, #3288, #3289, #3290 ) );
#1777 = AXIS2_PLACEMENT_3D( '', #3291, #3292, #3293 );
#1778 = SURFACE_SIDE_STYLE( '', ( #3294 ) );
#1779 = EDGE_LOOP( '', ( #3295, #3296, #3297, #3298 ) );
#1780 = AXIS2_PLACEMENT_3D( '', #3299, #3300, #3301 );
#1781 = SURFACE_SIDE_STYLE( '', ( #3302 ) );
#1782 = EDGE_LOOP( '', ( #3303, #3304, #3305, #3306, #3307, #3308, #3309, #3310 ) );
#1783 = AXIS2_PLACEMENT_3D( '', #3311, #3312, #3313 );
#1784 = SURFACE_SIDE_STYLE( '', ( #3314 ) );
#1785 = EDGE_LOOP( '', ( #3315, #3316, #3317, #3318 ) );
#1786 = AXIS2_PLACEMENT_3D( '', #3319, #3320, #3321 );
#1787 = SURFACE_SIDE_STYLE( '', ( #3322 ) );
#1788 = EDGE_LOOP( '', ( #3323, #3324, #3325, #3326, #3327, #3328, #3329, #3330 ) );
#1789 = AXIS2_PLACEMENT_3D( '', #3331, #3332, #3333 );
#1790 = SURFACE_SIDE_STYLE( '', ( #3334 ) );
#1791 = EDGE_LOOP( '', ( #3335, #3336, #3337, #3338 ) );
#1792 = AXIS2_PLACEMENT_3D( '', #3339, #3340, #3341 );
#1793 = SURFACE_SIDE_STYLE( '', ( #3342 ) );
#1794 = EDGE_LOOP( '', ( #3343 ) );
#1795 = AXIS2_PLACEMENT_3D( '', #3344, #3345, #3346 );
#1796 = SURFACE_SIDE_STYLE( '', ( #3347 ) );
#1797 = EDGE_LOOP( '', ( #3348, #3349, #3350, #3351 ) );
#1798 = AXIS2_PLACEMENT_3D( '', #3352, #3353, #3354 );
#1799 = SURFACE_SIDE_STYLE( '', ( #3355 ) );
#1800 = EDGE_LOOP( '', ( #3356 ) );
#1801 = EDGE_LOOP( '', ( #3357 ) );
#1802 = B_SPLINE_CURVE_WITH_KNOTS( '', 3, ( #3358, #3359, #3360, #3361, #3362, #3363, #3364, #3365, #3366, #3367, #3368, #3369, #3370 ), .UNSPECIFIED., .T., .F., ( 4, 3, 3, 3, 4 ), ( 0.000000000000000, 0.250000000000000, 0.500000000000000, 0.750000000000000, 1.00000000000000 ), .UNSPECIFIED. );
#1803 = VECTOR( '', #3371, 1000.00000000000 );
#1804 = SURFACE_SIDE_STYLE( '', ( #3372 ) );
#1805 = EDGE_LOOP( '', ( #3373, #3374, #3375, #3376 ) );
#1806 = AXIS2_PLACEMENT_3D( '', #3377, #3378, #3379 );
#1807 = SURFACE_SIDE_STYLE( '', ( #3380 ) );
#1808 = EDGE_LOOP( '', ( #3381, #3382, #3383, #3384 ) );
#1809 = B_SPLINE_CURVE_WITH_KNOTS( '', 3, ( #3385, #3386, #3387, #3388, #3389, #3390, #3391, #3392, #3393, #3394, #3395, #3396, #3397, #3398, #3399, #3400, #3401, #3402 ), .UNSPECIFIED., .F., .F., ( 4, 2, 2, 3, 3, 2, 2, 4 ), ( 0.000000000000000, 0.0769802747105764, 0.136117439388900, 0.189051404975092, 0.239318908466401, 0.322607153285819, 0.429216106654675, 0.498101891908398 ), .UNSPECIFIED. );
#1810 = VECTOR( '', #3403, 1000.00000000000 );
#1811 = SURFACE_SIDE_STYLE( '', ( #3404 ) );
#1812 = EDGE_LOOP( '', ( #3405, #3406, #3407, #3408 ) );
#1813 = AXIS2_PLACEMENT_3D( '', #3409, #3410, #3411 );
#1814 = SURFACE_SIDE_STYLE( '', ( #3412 ) );
#1815 = EDGE_LOOP( '', ( #3413, #3414, #3415, #3416 ) );
#1816 = AXIS2_PLACEMENT_3D( '', #3417, #3418, #3419 );
#1817 = SURFACE_SIDE_STYLE( '', ( #3420 ) );
#1818 = EDGE_LOOP( '', ( #3421, #3422, #3423, #3424 ) );
#1819 = AXIS2_PLACEMENT_3D( '', #3425, #3426, #3427 );
#1820 = SURFACE_SIDE_STYLE( '', ( #3428 ) );
#1821 = EDGE_LOOP( '', ( #3429, #3430, #3431, #3432 ) );
#1822 = AXIS2_PLACEMENT_3D( '', #3433, #3434, #3435 );
#1823 = SURFACE_SIDE_STYLE( '', ( #3436 ) );
#1824 = EDGE_LOOP( '', ( #3437, #3438, #3439, #3440 ) );
#1825 = B_SPLINE_CURVE_WITH_KNOTS( '', 3, ( #3441, #3442, #3443, #3444, #3445, #3446, #3447 ), .UNSPECIFIED., .F., .F., ( 4, 3, 4 ), ( 0.000000000000000, 0.100000000000000, 0.200000000000000 ), .UNSPECIFIED. );
#1826 = VECTOR( '', #3448, 1000.00000000000 );
#1827 = SURFACE_SIDE_STYLE( '', ( #3449 ) );
#1828 = EDGE_LOOP( '', ( #3450, #3451, #3452, #3453 ) );
#1829 = B_SPLINE_CURVE_WITH_KNOTS( '', 3, ( #3454, #3455, #3456, #3457, #3458, #3459, #3460, #3461, #3462, #3463, #3464, #3465 ), .UNSPECIFIED., .F., .F., ( 4, 3, 2, 3, 4 ), ( 0.0223650338945280, 0.155312735378668, 0.228504615467214, 0.291380861449322, 0.434446078266701 ), .UNSPECIFIED. );
#1830 = VECTOR( '', #3466, 1000.00000000000 );
#1831 = SURFACE_SIDE_STYLE( '', ( #3467 ) );
#1832 = EDGE_LOOP( '', ( #3468, #3469, #3470, #3471 ) );
#1833 = AXIS2_PLACEMENT_3D( '', #3472, #3473, #3474 );
#1834 = SURFACE_SIDE_STYLE( '', ( #3475 ) );
#1835 = EDGE_LOOP( '', ( #3476, #3477, #3478, #3479 ) );
#1836 = AXIS2_PLACEMENT_3D( '', #3480, #3481, #3482 );
#1837 = SURFACE_SIDE_STYLE( '', ( #3483 ) );
#1838 = EDGE_LOOP( '', ( #3484, #3485, #3486, #3487 ) );
#1839 = AXIS2_PLACEMENT_3D( '', #3488, #3489, #3490 );
#1840 = SURFACE_SIDE_STYLE( '', ( #3491 ) );
#1841 = EDGE_LOOP( '', ( #3492, #3493, #3494, #3495 ) );
#1842 = AXIS2_PLACEMENT_3D( '', #3496, #3497, #3498 );
#1843 = SURFACE_SIDE_STYLE( '', ( #3499 ) );
#1844 = EDGE_LOOP( '', ( #3500, #3501, #3502, #3503 ) );
#1845 = AXIS2_PLACEMENT_3D( '', #3504, #3505, #3506 );
#1846 = SURFACE_SIDE_STYLE( '', ( #3507 ) );
#1847 = EDGE_LOOP( '', ( #3508, #3509, #3510, #3511 ) );
#1848 = AXIS2_PLACEMENT_3D( '', #3512, #3513, #3514 );
#1849 = SURFACE_SIDE_STYLE( '', ( #3515 ) );
#1850 = EDGE_LOOP( '', ( #3516, #3517, #3518, #3519 ) );
#1851 = AXIS2_PLACEMENT_3D( '', #3520, #3521, #3522 );
#1852 = SURFACE_SIDE_STYLE( '', ( #3523 ) );
#1853 = EDGE_LOOP( '', ( #3524, #3525, #3526, #3527, #3528, #3529 ) );
#1854 = EDGE_LOOP( '', ( #3530, #3531, #3532 ) );
#1855 = AXIS2_PLACEMENT_3D( '', #3533, #3534, #3535 );
#1856 = SURFACE_SIDE_STYLE( '', ( #3536 ) );
#1857 = EDGE_LOOP( '', ( #3537, #3538, #3539, #3540, #3541, #3542, #3543, #3544 ) );
#1858 = AXIS2_PLACEMENT_3D( '', #3545, #3546, #3547 );
#1859 = SURFACE_SIDE_STYLE( '', ( #3548 ) );
#1860 = EDGE_LOOP( '', ( #3549, #3550, #3551, #3552 ) );
#1861 = B_SPLINE_CURVE_WITH_KNOTS( '', 3, ( #3553, #3554, #3555, #3556, #3557, #3558, #3559 ), .UNSPECIFIED., .F., .F., ( 4, 3, 4 ), ( 0.000000000000000, 0.100000000000000, 0.200000000000000 ), .UNSPECIFIED. );
#1862 = VECTOR( '', #3560, 1000.00000000000 );
#1863 = SURFACE_SIDE_STYLE( '', ( #3561 ) );
#1864 = EDGE_LOOP( '', ( #3562, #3563, #3564, #3565 ) );
#1865 = AXIS2_PLACEMENT_3D( '', #3566, #3567, #3568 );
#1866 = SURFACE_SIDE_STYLE( '', ( #3569 ) );
#1867 = EDGE_LOOP( '', ( #3570, #3571, #3572, #3573 ) );
#1868 = AXIS2_PLACEMENT_3D( '', #3574, #3575, #3576 );
#1869 = SURFACE_SIDE_STYLE( '', ( #3577 ) );
#1870 = EDGE_LOOP( '', ( #3578, #3579, #3580, #3581 ) );
#1871 = AXIS2_PLACEMENT_3D( '', #3582, #3583, #3584 );
#1872 = SURFACE_SIDE_STYLE( '', ( #3585 ) );
#1873 = EDGE_LOOP( '', ( #3586, #3587, #3588, #3589 ) );
#1874 = AXIS2_PLACEMENT_3D( '', #3590, #3591, #3592 );
#1875 = SURFACE_SIDE_STYLE( '', ( #3593 ) );
#1876 = EDGE_LOOP( '', ( #3594 ) );
#1877 = EDGE_LOOP( '', ( #3595, #3596, #3597, #3598, #3599, #3600, #3601, #3602 ) );
#1878 = AXIS2_PLACEMENT_3D( '', #3603, #3604, #3605 );
#1879 = SURFACE_SIDE_STYLE( '', ( #3606 ) );
#1880 = EDGE_LOOP( '', ( #3607, #3608, #3609, #3610 ) );
#1881 = AXIS2_PLACEMENT_3D( '', #3611, #3612, #3613 );
#1882 = SURFACE_SIDE_STYLE( '', ( #3614 ) );
#1883 = EDGE_LOOP( '', ( #3615, #3616, #3617, #3618 ) );
#1884 = AXIS2_PLACEMENT_3D( '', #3619, #3620, #3621 );
#1885 = SURFACE_SIDE_STYLE( '', ( #3622 ) );
#1886 = EDGE_LOOP( '', ( #3623, #3624, #3625, #3626 ) );
#1887 = AXIS2_PLACEMENT_3D( '', #3627, #3628, #3629 );
#1888 = SURFACE_SIDE_STYLE( '', ( #3630 ) );
#1889 = EDGE_LOOP( '', ( #3631, #3632, #3633, #3634, #3635, #3636, #3637, #3638, #3639, #3640, #3641, #3642, #3643 ) );
#1890 = AXIS2_PLACEMENT_3D( '', #3644, #3645, #3646 );
#1891 = SURFACE_SIDE_STYLE( '', ( #3647 ) );
#1892 = EDGE_LOOP( '', ( #3648 ) );
#1893 = AXIS2_PLACEMENT_3D( '', #3649, #3650, #3651 );
#1894 = SURFACE_SIDE_STYLE( '', ( #3652 ) );
#1895 = EDGE_LOOP( '', ( #3653, #3654, #3655, #3656 ) );
#1896 = AXIS2_PLACEMENT_3D( '', #3657, #3658, #3659 );
#1897 = SURFACE_SIDE_STYLE( '', ( #3660 ) );
#1898 = EDGE_LOOP( '', ( #3661, #3662, #3663, #3664 ) );
#1899 = AXIS2_PLACEMENT_3D( '', #3665, #3666, #3667 );
#1900 = SURFACE_SIDE_STYLE( '', ( #3668 ) );
#1901 = EDGE_LOOP( '', ( #3669, #3670, #3671, #3672, #3673, #3674 ) );
#1902 = AXIS2_PLACEMENT_3D( '', #3675, #3676, #3677 );
#1903 = SURFACE_SIDE_STYLE( '', ( #3678 ) );
#1904 = EDGE_LOOP( '', ( #3679, #3680, #3681, #3682 ) );
#1905 = AXIS2_PLACEMENT_3D( '', #3683, #3684, #3685 );
#1906 = SURFACE_SIDE_STYLE( '', ( #3686 ) );
#1907 = EDGE_LOOP( '', ( #3687, #3688, #3689, #3690 ) );
#1908 = AXIS2_PLACEMENT_3D( '', #3691, #3692, #3693 );
#1909 = SURFACE_SIDE_STYLE( '', ( #3694 ) );
#1910 = EDGE_LOOP( '', ( #3695, #3696, #3697, #3698 ) );
#1911 = B_SPLINE_CURVE_WITH_KNOTS( '', 3, ( #3699, #3700, #3701, #3702, #3703, #3704, #3705, #3706, #3707, #3708, #3709, #3710, #3711, #3712 ), .UNSPECIFIED., .F., .F., ( 4, 2, 2, 3, 3, 4 ), ( 0.000000000000000, 0.281158487642570, 0.481460939623222, 0.684775458550952, 0.752262299597795, 0.850331981942404 ), .UNSPECIFIED. );
#1912 = VECTOR( '', #3713, 1000.00000000000 );
#1913 = SURFACE_SIDE_STYLE( '', ( #3714 ) );
#1914 = EDGE_LOOP( '', ( #3715, #3716, #3717, #3718 ) );
#1915 = B_SPLINE_CURVE_WITH_KNOTS( '', 3, ( #3719, #3720, #3721, #3722, #3723, #3724, #3725, #3726, #3727, #3728, #3729, #3730, #3731, #3732, #3733 ), .UNSPECIFIED., .F., .F., ( 4, 3, 3, 3, 2, 4 ), ( 0.588726595345347, 0.596073886305353, 0.622066550139879, 0.756970975822210, 0.863762376749826, 0.974284481639980 ), .UNSPECIFIED. );
#1916 = VECTOR( '', #3734, 1000.00000000000 );
#1917 = SURFACE_SIDE_STYLE( '', ( #3735 ) );
#1918 = EDGE_LOOP( '', ( #3736, #3737, #3738, #3739 ) );
#1919 = AXIS2_PLACEMENT_3D( '', #3740, #3741, #3742 );
#1920 = SURFACE_SIDE_STYLE( '', ( #3743 ) );
#1921 = EDGE_LOOP( '', ( #3744, #3745, #3746, #3747 ) );
#1922 = AXIS2_PLACEMENT_3D( '', #3748, #3749, #3750 );
#1923 = SURFACE_SIDE_STYLE( '', ( #3751 ) );
#1924 = EDGE_LOOP( '', ( #3752, #3753, #3754, #3755 ) );
#1925 = AXIS2_PLACEMENT_3D( '', #3756, #3757, #3758 );
#1926 = SURFACE_SIDE_STYLE( '', ( #3759 ) );
#1927 = EDGE_LOOP( '', ( #3760, #3761, #3762, #3763 ) );
#1928 = AXIS2_PLACEMENT_3D( '', #3764, #3765, #3766 );
#1929 = SURFACE_SIDE_STYLE( '', ( #3767 ) );
#1930 = EDGE_LOOP( '', ( #3768, #3769, #3770, #3771 ) );
#1931 = AXIS2_PLACEMENT_3D( '', #3772, #3773, #3774 );
#1932 = SURFACE_SIDE_STYLE( '', ( #3775 ) );
#1933 = EDGE_LOOP( '', ( #3776, #3777, #3778, #3779 ) );
#1934 = AXIS2_PLACEMENT_3D( '', #3780, #3781, #3782 );
#1935 = SURFACE_SIDE_STYLE( '', ( #3783 ) );
#1936 = EDGE_LOOP( '', ( #3784 ) );
#1937 = EDGE_LOOP( '', ( #3785 ) );
#1938 = B_SPLINE_CURVE_WITH_KNOTS( '', 3, ( #3786, #3787, #3788, #3789, #3790, #3791, #3792, #3793, #3794, #3795, #3796, #3797, #3798 ), .UNSPECIFIED., .T., .F., ( 4, 3, 3, 3, 4 ), ( 0.000000000000000, 0.250000000000000, 0.500000000000000, 0.750000000000000, 1.00000000000000 ), .UNSPECIFIED. );
#1939 = VECTOR( '', #3799, 1000.00000000000 );
#1940 = SURFACE_SIDE_STYLE( '', ( #3800 ) );
#1941 = EDGE_LOOP( '', ( #3801, #3802, #3803, #3804 ) );
#1942 = AXIS2_PLACEMENT_3D( '', #3805, #3806, #3807 );
#1943 = SURFACE_SIDE_STYLE( '', ( #3808 ) );
#1944 = EDGE_LOOP( '', ( #3809, #3810, #3811, #3812 ) );
#1945 = AXIS2_PLACEMENT_3D( '', #3813, #3814, #3815 );
#1946 = SURFACE_SIDE_STYLE( '', ( #3816 ) );
#1947 = EDGE_LOOP( '', ( #3817, #3818, #3819, #3820 ) );
#1948 = AXIS2_PLACEMENT_3D( '', #3821, #3822, #3823 );
#1949 = SURFACE_SIDE_STYLE( '', ( #3824 ) );
#1950 = EDGE_LOOP( '', ( #3825 ) );
#1951 = EDGE_LOOP( '', ( #3826, #3827, #3828, #3829, #3830, #3831, #3832, #3833 ) );
#1952 = AXIS2_PLACEMENT_3D( '', #3834, #3835, #3836 );
#1953 = SURFACE_SIDE_STYLE( '', ( #3837 ) );
#1954 = EDGE_LOOP( '', ( #3838 ) );
#1955 = AXIS2_PLACEMENT_3D( '', #3839, #3840, #3841 );
#1956 = SURFACE_SIDE_STYLE( '', ( #3842 ) );
#1957 = EDGE_LOOP( '', ( #3843 ) );
#1958 = EDGE_LOOP( '', ( #3844, #3845, #3846, #3847, #3848, #3849, #3850, #3851 ) );
#1959 = AXIS2_PLACEMENT_3D( '', #3852, #3853, #3854 );
#1960 = SURFACE_SIDE_STYLE( '', ( #3855 ) );
#1961 = EDGE_LOOP( '', ( #3856, #3857, #3858, #3859 ) );
#1962 = B_SPLINE_CURVE_WITH_KNOTS( '', 3, ( #3860, #3861, #3862, #3863, #3864, #3865, #3866 ), .UNSPECIFIED., .F., .F., ( 4, 3, 4 ), ( 0.500000000000000, 0.600000000000000, 0.700000000000000 ), .UNSPECIFIED. );
#1963 = VECTOR( '', #3867, 1000.00000000000 );
#1964 = SURFACE_SIDE_STYLE( '', ( #3868 ) );
#1965 = EDGE_LOOP( '', ( #3869, #3870, #3871, #3872 ) );
#1966 = AXIS2_PLACEMENT_3D( '', #3873, #3874, #3875 );
#1967 = SURFACE_SIDE_STYLE( '', ( #3876 ) );
#1968 = EDGE_LOOP( '', ( #3877 ) );
#1969 = EDGE_LOOP( '', ( #3878, #3879, #3880, #3881, #3882, #3883, #3884, #3885 ) );
#1970 = AXIS2_PLACEMENT_3D( '', #3886, #3887, #3888 );
#1971 = SURFACE_SIDE_STYLE( '', ( #3889 ) );
#1972 = EDGE_LOOP( '', ( #3890, #3891, #3892, #3893 ) );
#1973 = AXIS2_PLACEMENT_3D( '', #3894, #3895, #3896 );
#1974 = SURFACE_SIDE_STYLE( '', ( #3897 ) );
#1975 = EDGE_LOOP( '', ( #3898, #3899, #3900, #3901 ) );
#1976 = AXIS2_PLACEMENT_3D( '', #3902, #3903, #3904 );
#1977 = SURFACE_SIDE_STYLE( '', ( #3905 ) );
#1978 = EDGE_LOOP( '', ( #3906 ) );
#1979 = EDGE_LOOP( '', ( #3907 ) );
#1980 = B_SPLINE_CURVE_WITH_KNOTS( '', 3, ( #3908, #3909, #3910, #3911, #3912, #3913, #3914, #3915, #3916, #3917 ), .UNSPECIFIED., .T., .F., ( 4, 2, 2, 2, 4 ), ( 0.000000000000000, 0.248942172073344, 0.497884344146685, 0.748942172073341, 1.00000000000000 ), .UNSPECIFIED. );
#1981 = VECTOR( '', #3918, 1000.00000000000 );
#1982 = SURFACE_SIDE_STYLE( '', ( #3919 ) );
#1983 = EDGE_LOOP( '', ( #3920, #3921, #3922, #3923 ) );
#1984 = AXIS2_PLACEMENT_3D( '', #3924, #3925, #3926 );
#1985 = SURFACE_SIDE_STYLE( '', ( #3927 ) );
#1986 = EDGE_LOOP( '', ( #3928, #3929, #3930, #3931 ) );
#1987 = AXIS2_PLACEMENT_3D( '', #3932, #3933, #3934 );
#1988 = SURFACE_SIDE_STYLE( '', ( #3935 ) );
#1989 = EDGE_LOOP( '', ( #3936, #3937, #3938, #3939 ) );
#1992 = CARTESIAN_POINT( '', ( 5.40000000000000, 0.000000000000000, 1.90000000000000 ) );
#1993 = CARTESIAN_POINT( '', ( 5.40000000000000, 3.11769145362398, 1.96583333333333 ) );
#1994 = CARTESIAN_POINT( '', ( 2.70000000000000, 4.67653718043597, 2.03166666666667 ) );
#1995 = CARTESIAN_POINT( '', ( 3.81807085940966E-016, 6.23538290724796, 2.09750000000000 ) );
#1996 = CARTESIAN_POINT( '', ( -2.70000000000000, 4.67653718043597, 2.16333333333333 ) );
#1997 = CARTESIAN_POINT( '', ( -5.40000000000000, 3.11769145362398, 2.22916666666666 ) );
#1998 = CARTESIAN_POINT( '', ( -5.40000000000000, 6.61309271539571E-016, 2.29500000000000 ) );
#1999 = CARTESIAN_POINT( '', ( -5.40000000000000, -3.11769145362398, 2.36083333333333 ) );
#2000 = CARTESIAN_POINT( '', ( -2.70000000000000, -4.67653718043597, 2.42666666666667 ) );
#2001 = CARTESIAN_POINT( '', ( -1.14542125782290E-015, -6.23538290724796, 2.49250000000000 ) );
#2002 = CARTESIAN_POINT( '', ( 2.70000000000000, -4.67653718043597, 2.55833333333333 ) );
#2003 = CARTESIAN_POINT( '', ( 5.40000000000000, -3.11769145362398, 2.62416666666667 ) );
#2004 = CARTESIAN_POINT( '', ( 5.40000000000000, 0.000000000000000, 2.69000000000000 ) );
#2005 = CARTESIAN_POINT( '', ( 5.40000000000000, 3.11769145362398, 2.75583333333333 ) );
#2006 = CARTESIAN_POINT( '', ( 2.70000000000000, 4.67653718043597, 2.82166666666667 ) );
#2007 = CARTESIAN_POINT( '', ( 3.81807085940966E-016, 6.23538290724796, 2.88750000000000 ) );
#2008 = CARTESIAN_POINT( '', ( -2.70000000000000, 4.67653718043597, 2.95333333333333 ) );
#2009 = CARTESIAN_POINT( '', ( -5.40000000000000, 3.11769145362398, 3.01916666666666 ) );
#2010 = CARTESIAN_POINT( '', ( -5.40000000000000, 6.61309271539571E-016, 3.08500000000000 ) );
#2011 = CARTESIAN_POINT( '', ( -5.40000000000000, -3.11769145362398, 3.15083333333333 ) );
#2012 = CARTESIAN_POINT( '', ( -2.70000000000000, -4.67653718043597, 3.21666666666667 ) );
#2013 = CARTESIAN_POINT( '', ( -1.14542125782290E-015, -6.23538290724796, 3.28250000000000 ) );
#2014 = CARTESIAN_POINT( '', ( 2.70000000000000, -4.67653718043597, 3.34833333333333 ) );
#2015 = CARTESIAN_POINT( '', ( 5.40000000000000, -3.11769145362398, 3.41416666666666 ) );
#2016 = CARTESIAN_POINT( '', ( 5.40000000000000, 0.000000000000000, 3.48000000000000 ) );
#2017 = CARTESIAN_POINT( '', ( 5.40000000000000, 3.11769145362398, 3.54583333333333 ) );
#2018 = CARTESIAN_POINT( '', ( 2.70000000000000, 4.67653718043597, 3.61166666666667 ) );
#2019 = CARTESIAN_POINT( '', ( 3.81807085940966E-016, 6.23538290724796, 3.67750000000000 ) );
#2020 = CARTESIAN_POINT( '', ( -2.70000000000000, 4.67653718043597, 3.74333333333333 ) );
#2021 = CARTESIAN_POINT( '', ( -5.40000000000000, 3.11769145362398, 3.80916666666667 ) );
#2022 = CARTESIAN_POINT( '', ( -5.40000000000000, 6.61309271539571E-016, 3.87500000000000 ) );
#2023 = CARTESIAN_POINT( '', ( -5.40000000000000, -3.11769145362398, 3.94083333333333 ) );
#2024 = CARTESIAN_POINT( '', ( -2.70000000000000, -4.67653718043597, 4.00666666666666 ) );
#2025 = CARTESIAN_POINT( '', ( -1.14542125782290E-015, -6.23538290724796, 4.07250000000000 ) );
#2026 = CARTESIAN_POINT( '', ( 2.70000000000000, -4.67653718043597, 4.13833333333334 ) );
#2027 = CARTESIAN_POINT( '', ( 5.40000000000000, -3.11769145362398, 4.20416666666667 ) );
#2028 = CARTESIAN_POINT( '', ( 5.40000000000000, 0.000000000000000, 4.27000000000000 ) );
#2029 = CARTESIAN_POINT( '', ( 5.40000000000000, 3.11769145362398, 4.33583333333333 ) );
#2030 = CARTESIAN_POINT( '', ( 2.70000000000000, 4.67653718043597, 4.40166666666666 ) );
#2031 = CARTESIAN_POINT( '', ( 3.81807085940966E-016, 6.23538290724796, 4.46750000000000 ) );
#2032 = CARTESIAN_POINT( '', ( -2.70000000000000, 4.67653718043597, 4.53333333333333 ) );
#2033 = CARTESIAN_POINT( '', ( -5.40000000000000, 3.11769145362398, 4.59916666666666 ) );
#2034 = CARTESIAN_POINT( '', ( -5.40000000000000, 6.61309271539571E-016, 4.66500000000000 ) );
#2035 = CARTESIAN_POINT( '', ( -5.40000000000000, -3.11769145362398, 4.73083333333333 ) );
#2036 = CARTESIAN_POINT( '', ( -2.70000000000000, -4.67653718043597, 4.79666666666667 ) );
#2037 = CARTESIAN_POINT( '', ( -1.14542125782290E-015, -6.23538290724796, 4.86250000000000 ) );
#2038 = CARTESIAN_POINT( '', ( 2.70000000000000, -4.67653718043597, 4.92833333333333 ) );
#2039 = CARTESIAN_POINT( '', ( 5.40000000000000, -3.11769145362398, 4.99416666666667 ) );
#2040 = CARTESIAN_POINT( '', ( 5.40000000000000, 0.000000000000000, 5.06000000000000 ) );
#2041 = CARTESIAN_POINT( '', ( 5.40000000000000, 3.11769145362398, 5.12583333333333 ) );
#2042 = CARTESIAN_POINT( '', ( 2.70000000000000, 4.67653718043597, 5.19166666666667 ) );
#2043 = CARTESIAN_POINT( '', ( 3.81807085940966E-016, 6.23538290724796, 5.25750000000000 ) );
#2044 = CARTESIAN_POINT( '', ( -2.70000000000000, 4.67653718043597, 5.32333333333333 ) );
#2045 = CARTESIAN_POINT( '', ( -5.40000000000000, 3.11769145362398, 5.38916666666667 ) );
#2046 = CARTESIAN_POINT( '', ( -5.40000000000000, 6.61309271539571E-016, 5.45500000000000 ) );
#2047 = CARTESIAN_POINT( '', ( -5.40000000000000, -3.11769145362398, 5.52083333333333 ) );
#2048 = CARTESIAN_POINT( '', ( -2.70000000000000, -4.67653718043597, 5.58666666666667 ) );
#2049 = CARTESIAN_POINT( '', ( -1.14542125782290E-015, -6.23538290724796, 5.65250000000000 ) );
#2050 = CARTESIAN_POINT( '', ( 2.70000000000000, -4.67653718043597, 5.71833333333333 ) );
#2051 = CARTESIAN_POINT( '', ( 5.40000000000000, -3.11769145362398, 5.78416666666666 ) );
#2052 = CARTESIAN_POINT( '', ( 5.40000000000000, 0.000000000000000, 5.85000000000000 ) );
#2053 = CARTESIAN_POINT( '', ( 5.40000000000000, 3.11769145362398, 5.91583333333333 ) );
#2054 = CARTESIAN_POINT( '', ( 2.70000000000000, 4.67653718043597, 5.98166666666667 ) );
#2055 = CARTESIAN_POINT( '', ( 3.81807085940966E-016, 6.23538290724796, 6.04749999999999 ) );
#2056 = CARTESIAN_POINT( '', ( -2.70000000000000, 4.67653718043597, 6.11333333333333 ) );
#2057 = CARTESIAN_POINT( '', ( -5.40000000000000, 3.11769145362398, 6.17916666666666 ) );
#2058 = CARTESIAN_POINT( '', ( -5.40000000000000, 6.61309271539571E-016, 6.24500000000000 ) );
#2059 = CARTESIAN_POINT( '', ( -5.40000000000000, -3.11769145362398, 6.31083333333333 ) );
#2060 = CARTESIAN_POINT( '', ( -2.70000000000000, -4.67653718043597, 6.37666666666667 ) );
#2061 = CARTESIAN_POINT( '', ( -1.14542125782290E-015, -6.23538290724796, 6.44250000000000 ) );
#2062 = CARTESIAN_POINT( '', ( 2.70000000000000, -4.67653718043597, 6.50833333333333 ) );
#2063 = CARTESIAN_POINT( '', ( 5.40000000000000, -3.11769145362398, 6.57416666666667 ) );
#2064 = CARTESIAN_POINT( '', ( 5.40000000000000, 0.000000000000000, 6.64000000000000 ) );
#2065 = CARTESIAN_POINT( '', ( 5.40000000000000, 3.11769145362398, 6.70583333333333 ) );
#2066 = CARTESIAN_POINT( '', ( 2.70000000000000, 4.67653718043597, 6.77166666666667 ) );
#2067 = CARTESIAN_POINT( '', ( 3.81807085940966E-016, 6.23538290724796, 6.83750000000000 ) );
#2068 = CARTESIAN_POINT( '', ( -2.70000000000000, 4.67653718043597, 6.90333333333333 ) );
#2069 = CARTESIAN_POINT( '', ( -5.40000000000000, 3.11769145362398, 6.96916666666666 ) );
#2070 = CARTESIAN_POINT( '', ( -5.40000000000000, 6.61309271539571E-016, 7.03500000000000 ) );
#2071 = CARTESIAN_POINT( '', ( -5.40000000000000, -3.11769145362398, 7.10083333333333 ) );
#2072 = CARTESIAN_POINT( '', ( -2.70000000000000, -4.67653718043597, 7.16666666666667 ) );
#2073 = CARTESIAN_POINT( '', ( -1.14542125782290E-015, -6.23538290724796, 7.23249999999999 ) );
#2074 = CARTESIAN_POINT( '', ( 2.70000000000000, -4.67653718043597, 7.29833333333333 ) );
#2075 = CARTESIAN_POINT( '', ( 5.40000000000000, -3.11769145362398, 7.36416666666666 ) );
#2076 = CARTESIAN_POINT( '', ( 5.40000000000000, 0.000000000000000, 7.43000000000000 ) );
#2077 = CARTESIAN_POINT( '', ( 5.40000000000000, 3.11769145362398, 7.49583333333334 ) );
#2078 = CARTESIAN_POINT( '', ( 2.70000000000000, 4.67653718043597, 7.56166666666667 ) );
#2079 = CARTESIAN_POINT( '', ( 3.81807085940966E-016, 6.23538290724796, 7.62750000000000 ) );
#2080 = CARTESIAN_POINT( '', ( -2.70000000000000, 4.67653718043597, 7.69333333333333 ) );
#2081 = CARTESIAN_POINT( '', ( -5.40000000000000, 3.11769145362398, 7.75916666666667 ) );
#2082 = CARTESIAN_POINT( '', ( -5.40000000000000, 6.61309271539571E-016, 7.82500000000000 ) );
#2083 = CARTESIAN_POINT( '', ( -5.40000000000000, -3.11769145362398, 7.89083333333333 ) );
#2084 = CARTESIAN_POINT( '', ( -2.70000000000000, -4.67653718043597, 7.95666666666667 ) );
#2085 = CARTESIAN_POINT( '', ( -1.14542125782290E-015, -6.23538290724796, 8.02250000000000 ) );
#2086 = CARTESIAN_POINT( '', ( 2.70000000000000, -4.67653718043597, 8.08833333333333 ) );
#2087 = CARTESIAN_POINT( '', ( 5.40000000000000, -3.11769145362398, 8.15416666666666 ) );
#2088 = CARTESIAN_POINT( '', ( 5.40000000000000, 0.000000000000000, 8.22000000000000 ) );
#2089 = CARTESIAN_POINT( '', ( 5.40000000000000, 3.11769145362398, 8.28583333333333 ) );
#2090 = CARTESIAN_POINT( '', ( 2.70000000000000, 4.67653718043597, 8.35166666666667 ) );
#2091 = CARTESIAN_POINT( '', ( 3.81807085940966E-016, 6.23538290724796, 8.41750000000000 ) );
#2092 = CARTESIAN_POINT( '', ( -2.70000000000000, 4.67653718043597, 8.48333333333333 ) );
#2093 = CARTESIAN_POINT( '', ( -5.40000000000000, 3.11769145362398, 8.54916666666666 ) );
#2094 = CARTESIAN_POINT( '', ( -5.40000000000000, 6.61309271539571E-016, 8.61500000000000 ) );
#2095 = CARTESIAN_POINT( '', ( -5.40000000000000, -3.11769145362398, 8.68083333333333 ) );
#2096 = CARTESIAN_POINT( '', ( -2.70000000000000, -4.67653718043597, 8.74666666666667 ) );
#2097 = CARTESIAN_POINT( '', ( -1.14542125782290E-015, -6.23538290724796, 8.81250000000000 ) );
#2098 = CARTESIAN_POINT( '', ( 2.70000000000000, -4.67653718043597, 8.87833333333333 ) );
#2099 = CARTESIAN_POINT( '', ( 5.40000000000000, -3.11769145362398, 8.94416666666667 ) );
#2100 = CARTESIAN_POINT( '', ( 5.40000000000000, 0.000000000000000, 9.01000000000000 ) );
#2101 = CARTESIAN_POINT( '', ( 8.90000000000000, 0.000000000000000, 1.90000000000000 ) );
#2102 = CARTESIAN_POINT( '', ( 8.90000000000000, 5.13841739578767, 1.96583333333333 ) );
#2103 = CARTESIAN_POINT( '', ( 4.45000000000000, 7.70762609368151, 2.03166666666667 ) );
#2104 = CARTESIAN_POINT( '', ( 6.29274641643444E-016, 10.2768347915753, 2.09750000000000 ) );
#2105 = CARTESIAN_POINT( '', ( -4.45000000000000, 7.70762609368151, 2.16333333333333 ) );
#2106 = CARTESIAN_POINT( '', ( -8.90000000000000, 5.13841739578767, 2.22916666666666 ) );
#2107 = CARTESIAN_POINT( '', ( -8.90000000000000, 1.08993565124114E-015, 2.29500000000000 ) );
#2108 = CARTESIAN_POINT( '', ( -8.90000000000000, -5.13841739578767, 2.36083333333333 ) );
#2109 = CARTESIAN_POINT( '', ( -4.45000000000000, -7.70762609368150, 2.42666666666667 ) );
#2110 = CARTESIAN_POINT( '', ( -1.88782392493033E-015, -10.2768347915753, 2.49250000000000 ) );
#2111 = CARTESIAN_POINT( '', ( 4.45000000000000, -7.70762609368151, 2.55833333333333 ) );
#2112 = CARTESIAN_POINT( '', ( 8.89999999999999, -5.13841739578767, 2.62416666666667 ) );
#2113 = CARTESIAN_POINT( '', ( 8.90000000000000, 0.000000000000000, 2.69000000000000 ) );
#2114 = CARTESIAN_POINT( '', ( 8.90000000000000, 5.13841739578767, 2.75583333333333 ) );
#2115 = CARTESIAN_POINT( '', ( 4.45000000000000, 7.70762609368151, 2.82166666666667 ) );
#2116 = CARTESIAN_POINT( '', ( 6.29274641643444E-016, 10.2768347915753, 2.88750000000000 ) );
#2117 = CARTESIAN_POINT( '', ( -4.45000000000000, 7.70762609368151, 2.95333333333333 ) );
#2118 = CARTESIAN_POINT( '', ( -8.90000000000000, 5.13841739578767, 3.01916666666666 ) );
#2119 = CARTESIAN_POINT( '', ( -8.90000000000000, 1.08993565124114E-015, 3.08500000000000 ) );
#2120 = CARTESIAN_POINT( '', ( -8.90000000000000, -5.13841739578767, 3.15083333333333 ) );
#2121 = CARTESIAN_POINT( '', ( -4.45000000000000, -7.70762609368150, 3.21666666666667 ) );
#2122 = CARTESIAN_POINT( '', ( -1.88782392493033E-015, -10.2768347915753, 3.28250000000000 ) );
#2123 = CARTESIAN_POINT( '', ( 4.45000000000000, -7.70762609368151, 3.34833333333333 ) );
#2124 = CARTESIAN_POINT( '', ( 8.89999999999999, -5.13841739578767, 3.41416666666666 ) );
#2125 = CARTESIAN_POINT( '', ( 8.90000000000000, 0.000000000000000, 3.48000000000000 ) );
#2126 = CARTESIAN_POINT( '', ( 8.90000000000000, 5.13841739578767, 3.54583333333333 ) );
#2127 = CARTESIAN_POINT( '', ( 4.45000000000000, 7.70762609368151, 3.61166666666667 ) );
#2128 = CARTESIAN_POINT( '', ( 6.29274641643444E-016, 10.2768347915753, 3.67750000000000 ) );
#2129 = CARTESIAN_POINT( '', ( -4.45000000000000, 7.70762609368151, 3.74333333333333 ) );
#2130 = CARTESIAN_POINT( '', ( -8.90000000000000, 5.13841739578767, 3.80916666666667 ) );
#2131 = CARTESIAN_POINT( '', ( -8.90000000000000, 1.08993565124114E-015, 3.87500000000000 ) );
#2132 = CARTESIAN_POINT( '', ( -8.90000000000000, -5.13841739578767, 3.94083333333333 ) );
#2133 = CARTESIAN_POINT( '', ( -4.45000000000000, -7.70762609368150, 4.00666666666666 ) );
#2134 = CARTESIAN_POINT( '', ( -1.88782392493033E-015, -10.2768347915753, 4.07250000000000 ) );
#2135 = CARTESIAN_POINT( '', ( 4.45000000000000, -7.70762609368151, 4.13833333333334 ) );
#2136 = CARTESIAN_POINT( '', ( 8.89999999999999, -5.13841739578767, 4.20416666666667 ) );
#2137 = CARTESIAN_POINT( '', ( 8.90000000000000, 0.000000000000000, 4.27000000000000 ) );
#2138 = CARTESIAN_POINT( '', ( 8.90000000000000, 5.13841739578767, 4.33583333333333 ) );
#2139 = CARTESIAN_POINT( '', ( 4.45000000000000, 7.70762609368151, 4.40166666666666 ) );
#2140 = CARTESIAN_POINT( '', ( 6.29274641643444E-016, 10.2768347915753, 4.46750000000000 ) );
#2141 = CARTESIAN_POINT( '', ( -4.45000000000000, 7.70762609368151, 4.53333333333333 ) );
#2142 = CARTESIAN_POINT( '', ( -8.90000000000000, 5.13841739578767, 4.59916666666666 ) );
#2143 = CARTESIAN_POINT( '', ( -8.90000000000000, 1.08993565124114E-015, 4.66500000000000 ) );
#2144 = CARTESIAN_POINT( '', ( -8.90000000000000, -5.13841739578767, 4.73083333333333 ) );
#2145 = CARTESIAN_POINT( '', ( -4.45000000000000, -7.70762609368150, 4.79666666666667 ) );
#2146 = CARTESIAN_POINT( '', ( -1.88782392493033E-015, -10.2768347915753, 4.86250000000000 ) );
#2147 = CARTESIAN_POINT( '', ( 4.45000000000000, -7.70762609368151, 4.92833333333333 ) );
#2148 = CARTESIAN_POINT( '', ( 8.89999999999999, -5.13841739578767, 4.99416666666667 ) );
#2149 = CARTESIAN_POINT( '', ( 8.90000000000000, 0.000000000000000, 5.06000000000000 ) );
#2150 = CARTESIAN_POINT( '', ( 8.90000000000000, 5.13841739578767, 5.12583333333333 ) );
#2151 = CARTESIAN_POINT( '', ( 4.45000000000000, 7.70762609368151, 5.19166666666667 ) );
#2152 = CARTESIAN_POINT( '', ( 6.29274641643444E-016, 10.2768347915753, 5.25750000000000 ) );
#2153 = CARTESIAN_POINT( '', ( -4.45000000000000, 7.70762609368151, 5.32333333333333 ) );
#2154 = CARTESIAN_POINT( '', ( -8.90000000000000, 5.13841739578767, 5.38916666666667 ) );
#2155 = CARTESIAN_POINT( '', ( -8.90000000000000, 1.08993565124114E-015, 5.45500000000000 ) );
#2156 = CARTESIAN_POINT( '', ( -8.90000000000000, -5.13841739578767, 5.52083333333333 ) );
#2157 = CARTESIAN_POINT( '', ( -4.45000000000000, -7.70762609368150, 5.58666666666667 ) );
#2158 = CARTESIAN_POINT( '', ( -1.88782392493033E-015, -10.2768347915753, 5.65250000000000 ) );
#2159 = CARTESIAN_POINT( '', ( 4.45000000000000, -7.70762609368151, 5.71833333333333 ) );
#2160 = CARTESIAN_POINT( '', ( 8.89999999999999, -5.13841739578767, 5.78416666666666 ) );
#2161 = CARTESIAN_POINT( '', ( 8.90000000000000, 0.000000000000000, 5.85000000000000 ) );
#2162 = CARTESIAN_POINT( '', ( 8.90000000000000, 5.13841739578767, 5.91583333333333 ) );
#2163 = CARTESIAN_POINT( '', ( 4.45000000000000, 7.70762609368151, 5.98166666666667 ) );
#2164 = CARTESIAN_POINT( '', ( 6.29274641643444E-016, 10.2768347915753, 6.04749999999999 ) );
#2165 = CARTESIAN_POINT( '', ( -4.45000000000000, 7.70762609368151, 6.11333333333333 ) );
#2166 = CARTESIAN_POINT( '', ( -8.90000000000000, 5.13841739578767, 6.17916666666666 ) );
#2167 = CARTESIAN_POINT( '', ( -8.90000000000000, 1.08993565124114E-015, 6.24500000000000 ) );
#2168 = CARTESIAN_POINT( '', ( -8.90000000000000, -5.13841739578767, 6.31083333333333 ) );
#2169 = CARTESIAN_POINT( '', ( -4.45000000000000, -7.70762609368150, 6.37666666666667 ) );
#2170 = CARTESIAN_POINT( '', ( -1.88782392493033E-015, -10.2768347915753, 6.44250000000000 ) );
#2171 = CARTESIAN_POINT( '', ( 4.45000000000000, -7.70762609368151, 6.50833333333333 ) );
#2172 = CARTESIAN_POINT( '', ( 8.89999999999999, -5.13841739578767, 6.57416666666667 ) );
#2173 = CARTESIAN_POINT( '', ( 8.90000000000000, 0.000000000000000, 6.64000000000000 ) );
#2174 = CARTESIAN_POINT( '', ( 8.90000000000000, 5.13841739578767, 6.70583333333333 ) );
#2175 = CARTESIAN_POINT( '', ( 4.45000000000000, 7.70762609368151, 6.77166666666667 ) );
#2176 = CARTESIAN_POINT( '', ( 6.29274641643444E-016, 10.2768347915753, 6.83750000000000 ) );
#2177 = CARTESIAN_POINT( '', ( -4.45000000000000, 7.70762609368151, 6.90333333333333 ) );
#2178 = CARTESIAN_POINT( '', ( -8.90000000000000, 5.13841739578767, 6.96916666666666 ) );
#2179 = CARTESIAN_POINT( '', ( -8.90000000000000, 1.08993565124114E-015, 7.03500000000000 ) );
#2180 = CARTESIAN_POINT( '', ( -8.90000000000000, -5.13841739578767, 7.10083333333333 ) );
#2181 = CARTESIAN_POINT( '', ( -4.45000000000000, -7.70762609368150, 7.16666666666667 ) );
#2182 = CARTESIAN_POINT( '', ( -1.88782392493033E-015, -10.2768347915753, 7.23249999999999 ) );
#2183 = CARTESIAN_POINT( '', ( 4.45000000000000, -7.70762609368151, 7.29833333333333 ) );
#2184 = CARTESIAN_POINT( '', ( 8.89999999999999, -5.13841739578767, 7.36416666666666 ) );
#2185 = CARTESIAN_POINT( '', ( 8.90000000000000, 0.000000000000000, 7.43000000000000 ) );
#2186 = CARTESIAN_POINT( '', ( 8.90000000000000, 5.13841739578767, 7.49583333333334 ) );
#2187 = CARTESIAN_POINT( '', ( 4.45000000000000, 7.70762609368151, 7.56166666666667 ) );
#2188 = CARTESIAN_POINT( '', ( 6.29274641643444E-016, 10.2768347915753, 7.62750000000000 ) );
#2189 = CARTESIAN_POINT( '', ( -4.45000000000000, 7.70762609368151, 7.69333333333333 ) );
#2190 = CARTESIAN_POINT( '', ( -8.90000000000000, 5.13841739578767, 7.75916666666667 ) );
#2191 = CARTESIAN_POINT( '', ( -8.90000000000000, 1.08993565124114E-015, 7.82500000000000 ) );
#2192 = CARTESIAN_POINT( '', ( -8.90000000000000, -5.13841739578767, 7.89083333333333 ) );
#2193 = CARTESIAN_POINT( '', ( -4.45000000000000, -7.70762609368150, 7.95666666666667 ) );
#2194 = CARTESIAN_POINT( '', ( -1.88782392493033E-015, -10.2768347915753, 8.02250000000000 ) );
#2195 = CARTESIAN_POINT( '', ( 4.45000000000000, -7.70762609368151, 8.08833333333333 ) );
#2196 = CARTESIAN_POINT( '', ( 8.89999999999999, -5.13841739578767, 8.15416666666666 ) );
#2197 = CARTESIAN_POINT( '', ( 8.90000000000000, 0.000000000000000, 8.22000000000000 ) );
#2198 = CARTESIAN_POINT( '', ( 8.90000000000000, 5.13841739578767, 8.28583333333333 ) );
#2199 = CARTESIAN_POINT( '', ( 4.45000000000000, 7.70762609368151, 8.35166666666667 ) );
#2200 = CARTESIAN_POINT( '', ( 6.29274641643444E-016, 10.2768347915753, 8.41750000000000 ) );
#2201 = CARTESIAN_POINT( '', ( -4.45000000000000, 7.70762609368151, 8.48333333333333 ) );
#2202 = CARTESIAN_POINT( '', ( -8.90000000000000, 5.13841739578767, 8.54916666666666 ) );
#2203 = CARTESIAN_POINT( '', ( -8.90000000000000, 1.08993565124114E-015, 8.61500000000000 ) );
#2204 = CARTESIAN_POINT( '', ( -8.90000000000000, -5.13841739578767, 8.68083333333333 ) );
#2205 = CARTESIAN_POINT( '', ( -4.45000000000000, -7.70762609368150, 8.74666666666667 ) );
#2206 = CARTESIAN_POINT( '', ( -1.88782392493033E-015, -10.2768347915753, 8.81250000000000 ) );
#2207 = CARTESIAN_POINT( '', ( 4.45000000000000, -7.70762609368151, 8.87833333333333 ) );
#2208 = CARTESIAN_POINT( '', ( 8.89999999999999, -5.13841739578767, 8.94416666666667 ) );
#2209 = CARTESIAN_POINT( '', ( 8.90000000000000, 0.000000000000000, 9.01000000000000 ) );
#2215 = SURFACE_SIDE_STYLE( '', ( #3940 ) );
#2216 = EDGE_LOOP( '', ( #3941, #3942, #3943, #3944 ) );
#2217 = AXIS2_PLACEMENT_3D( '', #3945, #3946, #3947 );
#2218 = SURFACE_SIDE_STYLE( '', ( #3948 ) );
#2219 = EDGE_LOOP( '', ( #3949, #3950, #3951, #3952 ) );
#2220 = AXIS2_PLACEMENT_3D( '', #3953, #3954, #3955 );
#2221 = SURFACE_SIDE_STYLE( '', ( #3956 ) );
#2222 = EDGE_LOOP( '', ( #3957, #3958, #3959, #3960 ) );
#2223 = AXIS2_PLACEMENT_3D( '', #3961, #3962, #3963 );
#2224 = SURFACE_SIDE_STYLE( '', ( #3964 ) );
#2225 = EDGE_LOOP( '', ( #3965, #3966, #3967, #3968 ) );
#2226 = AXIS2_PLACEMENT_3D( '', #3969, #3970, #3971 );
#2227 = SURFACE_SIDE_STYLE( '', ( #3972 ) );
#2228 = EDGE_LOOP( '', ( #3973, #3974, #3975, #3976 ) );
#2229 = AXIS2_PLACEMENT_3D( '', #3977, #3978, #3979 );
#2230 = SURFACE_SIDE_STYLE( '', ( #3980 ) );
#2231 = EDGE_LOOP( '', ( #3981, #3982, #3983, #3984 ) );
#2232 = AXIS2_PLACEMENT_3D( '', #3985, #3986, #3987 );
#2233 = SURFACE_SIDE_STYLE( '', ( #3988 ) );
#2234 = EDGE_LOOP( '', ( #3989, #3990, #3991, #3992 ) );
#2235 = AXIS2_PLACEMENT_3D( '', #3993, #3994, #3995 );
#2236 = SURFACE_SIDE_STYLE( '', ( #3996 ) );
#2237 = EDGE_LOOP( '', ( #3997, #3998, #3999, #4000 ) );
#2238 = AXIS2_PLACEMENT_3D( '', #4001, #4002, #4003 );
#2239 = SURFACE_SIDE_STYLE( '', ( #4004 ) );
#2240 = EDGE_LOOP( '', ( #4005, #4006, #4007, #4008 ) );
#2241 = AXIS2_PLACEMENT_3D( '', #4009, #4010, #4011 );
#2242 = SURFACE_SIDE_STYLE( '', ( #4012 ) );
#2243 = EDGE_LOOP( '', ( #4013, #4014, #4015, #4016 ) );
#2244 = AXIS2_PLACEMENT_3D( '', #4017, #4018, #4019 );
#2245 = SURFACE_SIDE_STYLE( '', ( #4020 ) );
#2246 = EDGE_LOOP( '', ( #4021, #4022, #4023, #4024 ) );
#2247 = AXIS2_PLACEMENT_3D( '', #4025, #4026, #4027 );
#2248 = SURFACE_SIDE_STYLE( '', ( #4028 ) );
#2249 = EDGE_LOOP( '', ( #4029, #4030, #4031, #4032 ) );
#2250 = AXIS2_PLACEMENT_3D( '', #4033, #4034, #4035 );
#2251 = SURFACE_SIDE_STYLE( '', ( #4036 ) );
#2252 = EDGE_LOOP( '', ( #4037, #4038, #4039, #4040 ) );
#2253 = AXIS2_PLACEMENT_3D( '', #4041, #4042, #4043 );
#2254 = SURFACE_SIDE_STYLE( '', ( #4044 ) );
#2255 = EDGE_LOOP( '', ( #4045 ) );
#2256 = EDGE_LOOP( '', ( #4046 ) );
#2257 = B_SPLINE_CURVE_WITH_KNOTS( '', 3, ( #4047, #4048, #4049, #4050, #4051, #4052, #4053, #4054, #4055, #4056, #4057, #4058, #4059 ), .UNSPECIFIED., .T., .F., ( 4, 3, 3, 3, 4 ), ( 0.000000000000000, 0.250000000000000, 0.500000000000000, 0.750000000000000, 1.00000000000000 ), .UNSPECIFIED. );
#2258 = VECTOR( '', #4060, 1000.00000000000 );
#2259 = SURFACE_SIDE_STYLE( '', ( #4061 ) );
#2260 = EDGE_LOOP( '', ( #4062, #4063, #4064, #4065 ) );
#2261 = B_SPLINE_CURVE_WITH_KNOTS( '', 3, ( #4066, #4067, #4068, #4069, #4070, #4071, #4072, #4073, #4074 ), .UNSPECIFIED., .F., .F., ( 4, 3, 2, 4 ), ( 0.456811112161229, 0.606266338662758, 0.694048335818859, 0.753430275071515 ), .UNSPECIFIED. );
#2262 = VECTOR( '', #4075, 1000.00000000000 );
#2263 = SURFACE_SIDE_STYLE( '', ( #4076 ) );
#2264 = EDGE_LOOP( '', ( #4077, #4078, #4079, #4080 ) );
#2265 = AXIS2_PLACEMENT_3D( '', #4081, #4082, #4083 );
#2266 = SURFACE_SIDE_STYLE( '', ( #4084 ) );
#2267 = EDGE_LOOP( '', ( #4085, #4086, #4087, #4088 ) );
#2268 = AXIS2_PLACEMENT_3D( '', #4089, #4090, #4091 );
#2269 = SURFACE_SIDE_STYLE( '', ( #4092 ) );
#2270 = EDGE_LOOP( '', ( #4093, #4094, #4095, #4096 ) );
#2271 = AXIS2_PLACEMENT_3D( '', #4097, #4098, #4099 );
#2272 = SURFACE_SIDE_STYLE( '', ( #4100 ) );
#2273 = EDGE_LOOP( '', ( #4101, #4102, #4103, #4104 ) );
#2274 = AXIS2_PLACEMENT_3D( '', #4105, #4106, #4107 );
#2275 = SURFACE_SIDE_STYLE( '', ( #4108 ) );
#2276 = EDGE_LOOP( '', ( #4109, #4110, #4111, #4112 ) );
#2277 = AXIS2_PLACEMENT_3D( '', #4113, #4114, #4115 );
#2278 = SURFACE_SIDE_STYLE( '', ( #4116 ) );
#2279 = EDGE_LOOP( '', ( #4117, #4118, #4119, #4120 ) );
#2280 = AXIS2_PLACEMENT_3D( '', #4121, #4122, #4123 );
#2281 = SURFACE_SIDE_STYLE( '', ( #4124 ) );
#2282 = EDGE_LOOP( '', ( #4125, #4126, #4127, #4128 ) );
#2283 = AXIS2_PLACEMENT_3D( '', #4129, #4130, #4131 );
#2284 = SURFACE_SIDE_STYLE( '', ( #4132 ) );
#2285 = EDGE_LOOP( '', ( #4133, #4134, #4135, #4136 ) );
#2286 = AXIS2_PLACEMENT_3D( '', #4137, #4138, #4139 );
#2287 = SURFACE_SIDE_STYLE( '', ( #4140 ) );
#2288 = EDGE_LOOP( '', ( #4141, #4142, #4143, #4144 ) );
#2289 = AXIS2_PLACEMENT_3D( '', #4145, #4146, #4147 );
#2290 = SURFACE_SIDE_STYLE( '', ( #4148 ) );
#2291 = EDGE_LOOP( '', ( #4149, #4150, #4151, #4152 ) );
#2292 = AXIS2_PLACEMENT_3D( '', #4153, #4154, #4155 );
#2293 = SURFACE_SIDE_STYLE( '', ( #4156 ) );
#2294 = EDGE_LOOP( '', ( #4157, #4158, #4159, #4160 ) );
#2295 = AXIS2_PLACEMENT_3D( '', #4161, #4162, #4163 );
#2296 = SURFACE_SIDE_STYLE( '', ( #4164 ) );
#2297 = EDGE_LOOP( '', ( #4165, #4166, #4167, #4168 ) );
#2298 = AXIS2_PLACEMENT_3D( '', #4169, #4170, #4171 );
#2299 = SURFACE_SIDE_STYLE( '', ( #4172 ) );
#2300 = EDGE_LOOP( '', ( #4173, #4174, #4175, #4176 ) );
#2301 = AXIS2_PLACEMENT_3D( '', #4177, #4178, #4179 );
#2302 = SURFACE_SIDE_STYLE( '', ( #4180 ) );
#2303 = EDGE_LOOP( '', ( #4181, #4182, #4183, #4184 ) );
#2304 = AXIS2_PLACEMENT_3D( '', #4185, #4186, #4187 );
#2305 = SURFACE_SIDE_STYLE( '', ( #4188 ) );
#2306 = EDGE_LOOP( '', ( #4189, #4190, #4191, #4192, #4193, #4194, #4195, #4196 ) );
#2307 = AXIS2_PLACEMENT_3D( '', #4197, #4198, #4199 );
#2308 = SURFACE_SIDE_STYLE( '', ( #4200 ) );
#2309 = EDGE_LOOP( '', ( #4201, #4202, #4203, #4204 ) );
#2310 = B_SPLINE_CURVE_WITH_KNOTS( '', 3, ( #4205, #4206, #4207, #4208, #4209, #4210, #4211 ), .UNSPECIFIED., .F., .F., ( 4, 3, 4 ), ( 0.000000000000000, 0.100000000000000, 0.200000000000000 ), .UNSPECIFIED. );
#2311 = VECTOR( '', #4212, 1000.00000000000 );
#2312 = SURFACE_SIDE_STYLE( '', ( #4213 ) );
#2313 = EDGE_LOOP( '', ( #4214, #4215, #4216, #4217 ) );
#2314 = AXIS2_PLACEMENT_3D( '', #4218, #4219, #4220 );
#2315 = SURFACE_SIDE_STYLE( '', ( #4221 ) );
#2316 = EDGE_LOOP( '', ( #4222, #4223, #4224, #4225 ) );
#2317 = AXIS2_PLACEMENT_3D( '', #4226, #4227, #4228 );
#2318 = SURFACE_SIDE_STYLE( '', ( #4229 ) );
#2319 = EDGE_LOOP( '', ( #4230, #4231, #4232, #4233 ) );
#2320 = AXIS2_PLACEMENT_3D( '', #4234, #4235, #4236 );
#2321 = SURFACE_SIDE_STYLE( '', ( #4237 ) );
#2322 = EDGE_LOOP( '', ( #4238, #4239, #4240, #4241, #4242, #4243, #4244, #4245 ) );
#2323 = AXIS2_PLACEMENT_3D( '', #4246, #4247, #4248 );
#2324 = SURFACE_SIDE_STYLE( '', ( #4249 ) );
#2325 = EDGE_LOOP( '', ( #4250, #4251, #4252, #4253 ) );
#2326 = AXIS2_PLACEMENT_3D( '', #4254, #4255, #4256 );
#2327 = SURFACE_SIDE_STYLE( '', ( #4257 ) );
#2328 = EDGE_LOOP( '', ( #4258 ) );
#2329 = EDGE_LOOP( '', ( #4259 ) );
#2330 = B_SPLINE_CURVE_WITH_KNOTS( '', 3, ( #4260, #4261, #4262, #4263, #4264, #4265, #4266, #4267, #4268, #4269, #4270, #4271, #4272 ), .UNSPECIFIED., .T., .F., ( 4, 3, 3, 3, 4 ), ( 0.000000000000000, 0.250000000000000, 0.500000000000000, 0.750000000000000, 1.00000000000000 ), .UNSPECIFIED. );
#2331 = VECTOR( '', #4273, 1000.00000000000 );
#2332 = SURFACE_SIDE_STYLE( '', ( #4274 ) );
#2333 = EDGE_LOOP( '', ( #4275, #4276, #4277, #4278 ) );
#2334 = AXIS2_PLACEMENT_3D( '', #4279, #4280, #4281 );
#2335 = SURFACE_SIDE_STYLE( '', ( #4282 ) );
#2336 = EDGE_LOOP( '', ( #4283, #4284, #4285, #4286 ) );
#2337 = B_SPLINE_CURVE_WITH_KNOTS( '', 3, ( #4287, #4288, #4289, #4290, #4291, #4292, #4293, #4294, #4295 ), .UNSPECIFIED., .F., .F., ( 4, 3, 2, 4 ), ( 0.0380283093797748, 0.248089446906148, 0.388843180483151, 0.407809995646010 ), .UNSPECIFIED. );
#2338 = VECTOR( '', #4296, 1000.00000000000 );
#2339 = SURFACE_SIDE_STYLE( '', ( #4297 ) );
#2340 = EDGE_LOOP( '', ( #4298, #4299, #4300, #4301 ) );
#2341 = AXIS2_PLACEMENT_3D( '', #4302, #4303, #4304 );
#2342 = SURFACE_SIDE_STYLE( '', ( #4305 ) );
#2343 = EDGE_LOOP( '', ( #4306, #4307, #4308, #4309 ) );
#2344 = AXIS2_PLACEMENT_3D( '', #4310, #4311, #4312 );
#2345 = SURFACE_SIDE_STYLE( '', ( #4313 ) );
#2346 = EDGE_LOOP( '', ( #4314, #4315, #4316, #4317 ) );
#2347 = AXIS2_PLACEMENT_3D( '', #4318, #4319, #4320 );
#2348 = SURFACE_SIDE_STYLE( '', ( #4321 ) );
#2349 = EDGE_LOOP( '', ( #4322, #4323, #4324, #4325 ) );
#2350 = AXIS2_PLACEMENT_3D( '', #4326, #4327, #4328 );
#2351 = SURFACE_SIDE_STYLE( '', ( #4329 ) );
#2352 = EDGE_LOOP( '', ( #4330, #4331, #4332, #4333 ) );
#2353 = B_SPLINE_CURVE_WITH_KNOTS( '', 3, ( #4334, #4335, #4336, #4337, #4338, #4339, #4340, #4341, #4342, #4343 ), .UNSPECIFIED., .F., .F., ( 4, 2, 2, 2, 4 ), ( 0.000695053991911922, 0.0574447745330089, 0.169113579468717, 0.298718824575445, 0.385867179043761 ), .UNSPECIFIED. );
#2354 = VECTOR( '', #4344, 1000.00000000000 );
#2355 = SURFACE_SIDE_STYLE( '', ( #4345 ) );
#2356 = EDGE_LOOP( '', ( #4346, #4347, #4348, #4349 ) );
#2357 = AXIS2_PLACEMENT_3D( '', #4350, #4351, #4352 );
#2358 = SURFACE_SIDE_STYLE( '', ( #4353 ) );
#2359 = EDGE_LOOP( '', ( #4354, #4355, #4356, #4357 ) );
#2360 = AXIS2_PLACEMENT_3D( '', #4358, #4359, #4360 );
#2361 = SURFACE_SIDE_STYLE( '', ( #4361 ) );
#2362 = EDGE_LOOP( '', ( #4362, #4363, #4364, #4365 ) );
#2363 = AXIS2_PLACEMENT_3D( '', #4366, #4367, #4368 );
#2364 = SURFACE_SIDE_STYLE( '', ( #4369 ) );
#2365 = EDGE_LOOP( '', ( #4370 ) );
#2366 = EDGE_LOOP( '', ( #4371, #4372, #4373, #4374, #4375, #4376, #4377, #4378 ) );
#2367 = AXIS2_PLACEMENT_3D( '', #4379, #4380, #4381 );
#2368 = SURFACE_SIDE_STYLE( '', ( #4382 ) );
#2369 = EDGE_LOOP( '', ( #4383, #4384, #4385, #4386 ) );
#2370 = AXIS2_PLACEMENT_3D( '', #4387, #4388, #4389 );
#2371 = SURFACE_SIDE_STYLE( '', ( #4390 ) );
#2372 = EDGE_LOOP( '', ( #4391, #4392, #4393, #4394 ) );
#2373 = AXIS2_PLACEMENT_3D( '', #4395, #4396, #4397 );
#2374 = SURFACE_SIDE_STYLE( '', ( #4398 ) );
#2375 = EDGE_LOOP( '', ( #4399, #4400, #4401, #4402 ) );
#2376 = AXIS2_PLACEMENT_3D( '', #4403, #4404, #4405 );
#2377 = SURFACE_SIDE_STYLE( '', ( #4406 ) );
#2378 = EDGE_LOOP( '', ( #4407, #4408, #4409, #4410, #4411, #4412, #4413, #4414, #4415, #4416 ) );
#2379 = AXIS2_PLACEMENT_3D( '', #4417, #4418, #4419 );
#2380 = SURFACE_SIDE_STYLE( '', ( #4420 ) );
#2381 = EDGE_LOOP( '', ( #4421, #4422, #4423, #4424 ) );
#2382 = B_SPLINE_CURVE_WITH_KNOTS( '', 3, ( #4425, #4426, #4427, #4428, #4429, #4430 ), .UNSPECIFIED., .F., .F., ( 4, 2, 4 ), ( 0.445838305025784, 0.458591882632450, 0.570823365571117 ), .UNSPECIFIED. );
#2383 = VECTOR( '', #4431, 1000.00000000000 );
#2384 = SURFACE_SIDE_STYLE( '', ( #4432 ) );
#2385 = EDGE_LOOP( '', ( #4433, #4434, #4435, #4436 ) );
#2386 = AXIS2_PLACEMENT_3D( '', #4437, #4438, #4439 );
#2387 = SURFACE_SIDE_STYLE( '', ( #4440 ) );
#2388 = EDGE_LOOP( '', ( #4441, #4442, #4443, #4444 ) );
#2389 = AXIS2_PLACEMENT_3D( '', #4445, #4446, #4447 );
#2390 = SURFACE_SIDE_STYLE( '', ( #4448 ) );
#2391 = EDGE_LOOP( '', ( #4449, #4450, #4451, #4452 ) );
#2392 = AXIS2_PLACEMENT_3D( '', #4453, #4454, #4455 );
#2393 = SURFACE_SIDE_STYLE( '', ( #4456 ) );
#2394 = EDGE_LOOP( '', ( #4457, #4458, #4459, #4460 ) );
#2395 = AXIS2_PLACEMENT_3D( '', #4461, #4462, #4463 );
#2396 = SURFACE_SIDE_STYLE( '', ( #4464 ) );
#2397 = EDGE_LOOP( '', ( #4465, #4466, #4467, #4468 ) );
#2398 = AXIS2_PLACEMENT_3D( '', #4469, #4470, #4471 );
#2399 = SURFACE_SIDE_STYLE( '', ( #4472 ) );
#2400 = EDGE_LOOP( '', ( #4473, #4474, #4475, #4476 ) );
#2401 = AXIS2_PLACEMENT_3D( '', #4477, #4478, #4479 );
#2402 = SURFACE_SIDE_STYLE( '', ( #4480 ) );
#2403 = EDGE_LOOP( '', ( #4481, #4482, #4483, #4484 ) );
#2404 = AXIS2_PLACEMENT_3D( '', #4485, #4486, #4487 );
#2405 = SURFACE_SIDE_STYLE( '', ( #4488 ) );
#2406 = EDGE_LOOP( '', ( #4489, #4490, #4491, #4492 ) );
#2407 = AXIS2_PLACEMENT_3D( '', #4493, #4494, #4495 );
#2408 = SURFACE_SIDE_STYLE( '', ( #4496 ) );
#2409 = EDGE_LOOP( '', ( #4497, #4498, #4499, #4500 ) );
#2410 = AXIS2_PLACEMENT_3D( '', #4501, #4502, #4503 );
#2411 = SURFACE_SIDE_STYLE( '', ( #4504 ) );
#2412 = EDGE_LOOP( '', ( #4505, #4506, #4507, #4508, #4509, #4510, #4511, #4512, #4513, #4514, #4515, #4516, #4517, #4518, #4519, #4520, #4521, #4522, #4523, #4524 ) );
#2413 = AXIS2_PLACEMENT_3D( '', #4525, #4526, #4527 );
#2414 = SURFACE_SIDE_STYLE( '', ( #4528 ) );
#2415 = EDGE_LOOP( '', ( #4529, #4530, #4531, #4532 ) );
#2416 = AXIS2_PLACEMENT_3D( '', #4533, #4534, #4535 );
#2417 = SURFACE_SIDE_STYLE( '', ( #4536 ) );
#2418 = EDGE_LOOP( '', ( #4537 ) );
#2419 = AXIS2_PLACEMENT_3D( '', #4538, #4539, #4540 );
#2420 = SURFACE_SIDE_STYLE( '', ( #4541 ) );
#2421 = EDGE_LOOP( '', ( #4542, #4543, #4544, #4545 ) );
#2422 = AXIS2_PLACEMENT_3D( '', #4546, #4547, #4548 );
#2423 = SURFACE_SIDE_STYLE( '', ( #4549 ) );
#2424 = EDGE_LOOP( '', ( #4550, #4551, #4552, #4553 ) );
#2425 = AXIS2_PLACEMENT_3D( '', #4554, #4555, #4556 );
#2426 = SURFACE_SIDE_STYLE( '', ( #4557 ) );
#2427 = EDGE_LOOP( '', ( #4558, #4559, #4560, #4561 ) );
#2428 = AXIS2_PLACEMENT_3D( '', #4562, #4563, #4564 );
#2429 = SURFACE_SIDE_STYLE( '', ( #4565 ) );
#2430 = EDGE_LOOP( '', ( #4566, #4567, #4568, #4569 ) );
#2431 = B_SPLINE_CURVE_WITH_KNOTS( '', 3, ( #4570, #4571, #4572, #4573, #4574, #4575, #4576 ), .UNSPECIFIED., .F., .F., ( 4, 3, 4 ), ( 0.500000000000000, 0.600000000000000, 0.700000000000000 ), .UNSPECIFIED. );
#2432 = VECTOR( '', #4577, 1000.00000000000 );
#2433 = SURFACE_SIDE_STYLE( '', ( #4578 ) );
#2434 = EDGE_LOOP( '', ( #4579, #4580, #4581, #4582 ) );
#2435 = AXIS2_PLACEMENT_3D( '', #4583, #4584, #4585 );
#2436 = SURFACE_SIDE_STYLE( '', ( #4586 ) );
#2437 = EDGE_LOOP( '', ( #4587, #4588, #4589, #4590, #4591, #4592 ) );
#2438 = AXIS2_PLACEMENT_3D( '', #4593, #4594, #4595 );
#2439 = SURFACE_SIDE_STYLE( '', ( #4596 ) );
#2440 = EDGE_LOOP( '', ( #4597, #4598, #4599, #4600 ) );
#2441 = AXIS2_PLACEMENT_3D( '', #4601, #4602, #4603 );
#2442 = SURFACE_SIDE_STYLE( '', ( #4604 ) );
#2443 = EDGE_LOOP( '', ( #4605, #4606, #4607, #4608 ) );
#2444 = AXIS2_PLACEMENT_3D( '', #4609, #4610, #4611 );
#2445 = SURFACE_SIDE_STYLE( '', ( #4612 ) );
#2446 = EDGE_LOOP( '', ( #4613, #4614, #4615, #4616 ) );
#2447 = AXIS2_PLACEMENT_3D( '', #4617, #4618, #4619 );
#2448 = SURFACE_SIDE_STYLE( '', ( #4620 ) );
#2449 = EDGE_LOOP( '', ( #4621, #4622, #4623, #4624 ) );
#2450 = AXIS2_PLACEMENT_3D( '', #4625, #4626, #4627 );
#2451 = SURFACE_SIDE_STYLE( '', ( #4628 ) );
#2452 = EDGE_LOOP( '', ( #4629, #4630, #4631, #4632 ) );
#2453 = AXIS2_PLACEMENT_3D( '', #4633, #4634, #4635 );
#2454 = SURFACE_SIDE_STYLE( '', ( #4636 ) );
#2455 = EDGE_LOOP( '', ( #4637, #4638, #4639, #4640 ) );
#2456 = AXIS2_PLACEMENT_3D( '', #4641, #4642, #4643 );
#2457 = SURFACE_SIDE_STYLE( '', ( #4644 ) );
#2458 = EDGE_LOOP( '', ( #4645, #4646, #4647, #4648 ) );
#2459 = AXIS2_PLACEMENT_3D( '', #4649, #4650, #4651 );
#2460 = SURFACE_SIDE_STYLE( '', ( #4652 ) );
#2461 = EDGE_LOOP( '', ( #4653, #4654, #4655, #4656, #4657, #4658, #4659, #4660, #4661, #4662, #4663, #4664 ) );
#2462 = AXIS2_PLACEMENT_3D( '', #4665, #4666, #4667 );
#2463 = SURFACE_SIDE_STYLE( '', ( #4668 ) );
#2464 = EDGE_LOOP( '', ( #4669, #4670, #4671, #4672 ) );
#2465 = AXIS2_PLACEMENT_3D( '', #4673, #4674, #4675 );
#2466 = SURFACE_SIDE_STYLE( '', ( #4676 ) );
#2467 = EDGE_LOOP( '', ( #4677 ) );
#2468 = EDGE_LOOP( '', ( #4678, #4679, #4680, #4681, #4682, #4683, #4684, #4685 ) );
#2469 = AXIS2_PLACEMENT_3D( '', #4686, #4687, #4688 );
#2470 = SURFACE_SIDE_STYLE( '', ( #4689 ) );
#2471 = EDGE_LOOP( '', ( #4690 ) );
#2472 = AXIS2_PLACEMENT_3D( '', #4691, #4692, #4693 );
#2473 = SURFACE_SIDE_STYLE( '', ( #4694 ) );
#2474 = EDGE_LOOP( '', ( #4695, #4696, #4697, #4698 ) );
#2475 = AXIS2_PLACEMENT_3D( '', #4699, #4700, #4701 );
#2476 = SURFACE_SIDE_STYLE( '', ( #4702 ) );
#2477 = EDGE_LOOP( '', ( #4703, #4704, #4705, #4706, #4707, #4708, #4709, #4710 ) );
#2478 = AXIS2_PLACEMENT_3D( '', #4711, #4712, #4713 );
#2479 = SURFACE_SIDE_STYLE( '', ( #4714 ) );
#2480 = EDGE_LOOP( '', ( #4715, #4716, #4717, #4718 ) );
#2481 = AXIS2_PLACEMENT_3D( '', #4719, #4720, #4721 );
#2482 = SURFACE_SIDE_STYLE( '', ( #4722 ) );
#2483 = EDGE_LOOP( '', ( #4723, #4724, #4725, #4726 ) );
#2484 = AXIS2_PLACEMENT_3D( '', #4727, #4728, #4729 );
#2485 = SURFACE_SIDE_STYLE( '', ( #4730 ) );
#2486 = EDGE_LOOP( '', ( #4731, #4732, #4733, #4734 ) );
#2487 = AXIS2_PLACEMENT_3D( '', #4735, #4736, #4737 );
#2488 = SURFACE_SIDE_STYLE( '', ( #4738 ) );
#2489 = EDGE_LOOP( '', ( #4739, #4740, #4741, #4742 ) );
#2490 = AXIS2_PLACEMENT_3D( '', #4743, #4744, #4745 );
#2491 = SURFACE_SIDE_STYLE( '', ( #4746 ) );
#2492 = EDGE_LOOP( '', ( #4747, #4748, #4749, #4750 ) );
#2493 = AXIS2_PLACEMENT_3D( '', #4751, #4752, #4753 );
#2494 = SURFACE_SIDE_STYLE( '', ( #4754 ) );
#2495 = EDGE_LOOP( '', ( #4755, #4756, #4757, #4758, #4759, #4760, #4761, #4762, #4763, #4764, #4765, #4766 ) );
#2496 = EDGE_LOOP( '', ( #4767 ) );
#2497 = AXIS2_PLACEMENT_3D( '', #4768, #4769, #4770 );
#2498 = SURFACE_SIDE_STYLE( '', ( #4771 ) );
#2499 = EDGE_LOOP( '', ( #4772 ) );
#2500 = AXIS2_PLACEMENT_3D( '', #4773, #4774, #4775 );
#2501 = SURFACE_SIDE_STYLE( '', ( #4776 ) );
#2502 = EDGE_LOOP( '', ( #4777, #4778, #4779, #4780 ) );
#2503 = AXIS2_PLACEMENT_3D( '', #4781, #4782, #4783 );
#2504 = SURFACE_SIDE_STYLE( '', ( #4784 ) );
#2505 = EDGE_LOOP( '', ( #4785, #4786, #4787, #4788 ) );
#2506 = AXIS2_PLACEMENT_3D( '', #4789, #4790, #4791 );
#2507 = SURFACE_SIDE_STYLE( '', ( #4792 ) );
#2508 = EDGE_LOOP( '', ( #4793, #4794, #4795, #4796, #4797, #4798, #4799, #4800, #4801, #4802, #4803, #4804, #4805 ) );
#2509 = AXIS2_PLACEMENT_3D( '', #4806, #4807, #4808 );
#2510 = SURFACE_SIDE_STYLE( '', ( #4809 ) );
#2511 = EDGE_LOOP( '', ( #4810, #4811, #4812, #4813 ) );
#2512 = AXIS2_PLACEMENT_3D( '', #4814, #4815, #4816 );
#2513 = SURFACE_SIDE_STYLE( '', ( #4817 ) );
#2514 = EDGE_LOOP( '', ( #4818, #4819, #4820, #4821 ) );
#2515 = AXIS2_PLACEMENT_3D( '', #4822, #4823, #4824 );
#2516 = SURFACE_SIDE_STYLE( '', ( #4825 ) );
#2517 = EDGE_LOOP( '', ( #4826, #4827, #4828, #4829 ) );
#2518 = B_SPLINE_CURVE_WITH_KNOTS( '', 3, ( #4830, #4831, #4832, #4833, #4834, #4835, #4836 ), .UNSPECIFIED., .F., .F., ( 4, 3, 4 ), ( 0.000000000000000, 0.100000000000000, 0.200000000000000 ), .UNSPECIFIED. );
#2519 = VECTOR( '', #4837, 1000.00000000000 );
#2520 = SURFACE_SIDE_STYLE( '', ( #4838 ) );
#2521 = EDGE_LOOP( '', ( #4839, #4840, #4841, #4842 ) );
#2522 = AXIS2_PLACEMENT_3D( '', #4843, #4844, #4845 );
#2523 = SURFACE_SIDE_STYLE( '', ( #4846 ) );
#2524 = EDGE_LOOP( '', ( #4847, #4848, #4849, #4850 ) );
#2525 = AXIS2_PLACEMENT_3D( '', #4851, #4852, #4853 );
#2526 = SURFACE_SIDE_STYLE( '', ( #4854 ) );
#2527 = EDGE_LOOP( '', ( #4855, #4856, #4857, #4858 ) );
#2528 = B_SPLINE_CURVE_WITH_KNOTS( '', 3, ( #4859, #4860, #4861, #4862, #4863, #4864, #4865, #4866, #4867 ), .UNSPECIFIED., .F., .F., ( 4, 3, 2, 4 ), ( 0.387083523529607, 0.417839662671704, 0.492100516057345, 0.545626196095048 ), .UNSPECIFIED. );
#2529 = VECTOR( '', #4868, 1000.00000000000 );
#2530 = SURFACE_SIDE_STYLE( '', ( #4869 ) );
#2531 = EDGE_LOOP( '', ( #4870, #4871, #4872, #4873 ) );
#2532 = AXIS2_PLACEMENT_3D( '', #4874, #4875, #4876 );
#2533 = SURFACE_SIDE_STYLE( '', ( #4877 ) );
#2534 = EDGE_LOOP( '', ( #4878, #4879, #4880, #4881 ) );
#2535 = AXIS2_PLACEMENT_3D( '', #4882, #4883, #4884 );
#2536 = SURFACE_SIDE_STYLE( '', ( #4885 ) );
#2537 = EDGE_LOOP( '', ( #4886, #4887, #4888, #4889 ) );
#2538 = AXIS2_PLACEMENT_3D( '', #4890, #4891, #4892 );
#2539 = SURFACE_SIDE_STYLE( '', ( #4893 ) );
#2540 = EDGE_LOOP( '', ( #4894, #4895, #4896, #4897 ) );
#2541 = AXIS2_PLACEMENT_3D( '', #4898, #4899, #4900 );
#2542 = SURFACE_SIDE_STYLE( '', ( #4901 ) );
#2543 = EDGE_LOOP( '', ( #4902, #4903, #4904, #4905 ) );
#2544 = AXIS2_PLACEMENT_3D( '', #4906, #4907, #4908 );
#2545 = SURFACE_SIDE_STYLE( '', ( #4909 ) );
#2546 = EDGE_LOOP( '', ( #4910, #4911, #4912, #4913 ) );
#2547 = AXIS2_PLACEMENT_3D( '', #4914, #4915, #4916 );
#2548 = SURFACE_SIDE_STYLE( '', ( #4917 ) );
#2549 = EDGE_LOOP( '', ( #4918, #4919, #4920, #4921 ) );
#2550 = AXIS2_PLACEMENT_3D( '', #4922, #4923, #4924 );
#2551 = SURFACE_SIDE_STYLE( '', ( #4925 ) );
#2552 = EDGE_LOOP( '', ( #4926, #4927, #4928, #4929 ) );
#2553 = AXIS2_PLACEMENT_3D( '', #4930, #4931, #4932 );
#2554 = SURFACE_SIDE_STYLE( '', ( #4933 ) );
#2555 = EDGE_LOOP( '', ( #4934, #4935, #4936, #4937 ) );
#2556 = AXIS2_PLACEMENT_3D( '', #4938, #4939, #4940 );
#2557 = SURFACE_SIDE_STYLE( '', ( #4941 ) );
#2558 = EDGE_LOOP( '', ( #4942, #4943, #4944, #4945 ) );
#2559 = AXIS2_PLACEMENT_3D( '', #4946, #4947, #4948 );
#2560 = SURFACE_SIDE_STYLE( '', ( #4949 ) );
#2561 = EDGE_LOOP( '', ( #4950, #4951, #4952, #4953, #4954, #4955, #4956, #4957, #4958, #4959, #4960, #4961 ) );
#2562 = AXIS2_PLACEMENT_3D( '', #4962, #4963, #4964 );
#2563 = SURFACE_SIDE_STYLE( '', ( #4965 ) );
#2564 = EDGE_LOOP( '', ( #4966, #4967, #4968, #4969 ) );
#2565 = B_SPLINE_CURVE_WITH_KNOTS( '', 3, ( #4970, #4971, #4972, #4973, #4974, #4975, #4976 ), .UNSPECIFIED., .F., .F., ( 4, 3, 4 ), ( 0.500000000000000, 0.600000000000000, 0.700000000000000 ), .UNSPECIFIED. );
#2566 = VECTOR( '', #4977, 1000.00000000000 );
#2567 = SURFACE_SIDE_STYLE( '', ( #4978 ) );
#2568 = EDGE_LOOP( '', ( #4979, #4980, #4981, #4982 ) );
#2569 = AXIS2_PLACEMENT_3D( '', #4983, #4984, #4985 );
#2570 = SURFACE_SIDE_STYLE( '', ( #4986 ) );
#2571 = EDGE_LOOP( '', ( #4987, #4988, #4989, #4990 ) );
#2572 = AXIS2_PLACEMENT_3D( '', #4991, #4992, #4993 );
#2573 = SURFACE_SIDE_STYLE( '', ( #4994 ) );
#2574 = EDGE_LOOP( '', ( #4995, #4996, #4997, #4998 ) );
#2575 = AXIS2_PLACEMENT_3D( '', #4999, #5000, #5001 );
#2576 = SURFACE_SIDE_STYLE( '', ( #5002 ) );
#2577 = EDGE_LOOP( '', ( #5003, #5004, #5005, #5006, #5007, #5008, #5009, #5010, #5011, #5012, #5013, #5014 ) );
#2578 = AXIS2_PLACEMENT_3D( '', #5015, #5016, #5017 );
#2579 = SURFACE_SIDE_STYLE( '', ( #5018 ) );
#2580 = EDGE_LOOP( '', ( #5019, #5020, #5021, #5022 ) );
#2581 = AXIS2_PLACEMENT_3D( '', #5023, #5024, #5025 );
#2582 = SURFACE_SIDE_STYLE( '', ( #5026 ) );
#2583 = EDGE_LOOP( '', ( #5027, #5028, #5029, #5030 ) );
#2584 = AXIS2_PLACEMENT_3D( '', #5031, #5032, #5033 );
#2585 = SURFACE_SIDE_STYLE( '', ( #5034 ) );
#2586 = EDGE_LOOP( '', ( #5035, #5036, #5037, #5038 ) );
#2587 = AXIS2_PLACEMENT_3D( '', #5039, #5040, #5041 );
#2588 = SURFACE_SIDE_STYLE( '', ( #5042 ) );
#2589 = EDGE_LOOP( '', ( #5043, #5044, #5045, #5046 ) );
#2590 = AXIS2_PLACEMENT_3D( '', #5047, #5048, #5049 );
#2591 = SURFACE_SIDE_STYLE( '', ( #5050 ) );
#2592 = EDGE_LOOP( '', ( #5051, #5052, #5053, #5054 ) );
#2593 = AXIS2_PLACEMENT_3D( '', #5055, #5056, #5057 );
#2594 = SURFACE_SIDE_STYLE( '', ( #5058 ) );
#2595 = EDGE_LOOP( '', ( #5059, #5060, #5061, #5062 ) );
#2596 = AXIS2_PLACEMENT_3D( '', #5063, #5064, #5065 );
#2597 = SURFACE_SIDE_STYLE( '', ( #5066 ) );
#2598 = EDGE_LOOP( '', ( #5067, #5068, #5069, #5070 ) );
#2599 = AXIS2_PLACEMENT_3D( '', #5071, #5072, #5073 );
#2600 = SURFACE_SIDE_STYLE( '', ( #5074 ) );
#2601 = EDGE_LOOP( '', ( #5075, #5076, #5077, #5078 ) );
#2602 = AXIS2_PLACEMENT_3D( '', #5079, #5080, #5081 );
#2603 = SURFACE_SIDE_STYLE( '', ( #5082 ) );
#2604 = EDGE_LOOP( '', ( #5083, #5084, #5085, #5086 ) );
#2605 = AXIS2_PLACEMENT_3D( '', #5087, #5088, #5089 );
#2606 = SURFACE_SIDE_STYLE( '', ( #5090 ) );
#2607 = EDGE_LOOP( '', ( #5091, #5092, #5093, #5094 ) );
#2608 = AXIS2_PLACEMENT_3D( '', #5095, #5096, #5097 );
#2609 = SURFACE_SIDE_STYLE( '', ( #5098 ) );
#2610 = EDGE_LOOP( '', ( #5099, #5100, #5101, #5102 ) );
#2611 = AXIS2_PLACEMENT_3D( '', #5103, #5104, #5105 );
#2612 = SURFACE_SIDE_STYLE( '', ( #5106 ) );
#2613 = EDGE_LOOP( '', ( #5107, #5108, #5109, #5110 ) );
#2614 = AXIS2_PLACEMENT_3D( '', #5111, #5112, #5113 );
#2615 = SURFACE_SIDE_STYLE( '', ( #5114 ) );
#2616 = EDGE_LOOP( '', ( #5115, #5116, #5117, #5118 ) );
#2617 = AXIS2_PLACEMENT_3D( '', #5119, #5120, #5121 );
#2618 = SURFACE_SIDE_STYLE( '', ( #5122 ) );
#2619 = EDGE_LOOP( '', ( #5123, #5124, #5125, #5126 ) );
#2622 = CARTESIAN_POINT( '', ( 8.90000000000000, 0.000000000000000, 2.40000000000000 ) );
#2623 = CARTESIAN_POINT( '', ( 8.90000000000000, 5.13841739578767, 2.46583333333333 ) );
#2624 = CARTESIAN_POINT( '', ( 4.45000000000000, 7.70762609368151, 2.53166666666667 ) );
#2625 = CARTESIAN_POINT( '', ( 6.29274641643444E-016, 10.2768347915753, 2.59750000000000 ) );
#2626 = CARTESIAN_POINT( '', ( -4.45000000000000, 7.70762609368151, 2.66333333333333 ) );
#2627 = CARTESIAN_POINT( '', ( -8.90000000000000, 5.13841739578767, 2.72916666666667 ) );
#2628 = CARTESIAN_POINT( '', ( -8.90000000000000, 1.08993565124114E-015, 2.79500000000000 ) );
#2629 = CARTESIAN_POINT( '', ( -8.90000000000000, -5.13841739578767, 2.86083333333333 ) );
#2630 = CARTESIAN_POINT( '', ( -4.45000000000000, -7.70762609368150, 2.92666666666667 ) );
#2631 = CARTESIAN_POINT( '', ( -1.88782392493033E-015, -10.2768347915753, 2.99250000000000 ) );
#2632 = CARTESIAN_POINT( '', ( 4.45000000000000, -7.70762609368151, 3.05833333333333 ) );
#2633 = CARTESIAN_POINT( '', ( 8.89999999999999, -5.13841739578767, 3.12416666666667 ) );
#2634 = CARTESIAN_POINT( '', ( 8.90000000000000, 0.000000000000000, 3.19000000000000 ) );
#2635 = CARTESIAN_POINT( '', ( 8.90000000000000, 5.13841739578767, 3.25583333333333 ) );
#2636 = CARTESIAN_POINT( '', ( 4.45000000000000, 7.70762609368151, 3.32166666666667 ) );
#2637 = CARTESIAN_POINT( '', ( 6.29274641643444E-016, 10.2768347915753, 3.38750000000000 ) );
#2638 = CARTESIAN_POINT( '', ( -4.45000000000000, 7.70762609368151, 3.45333333333333 ) );
#2639 = CARTESIAN_POINT( '', ( -8.90000000000000, 5.13841739578767, 3.51916666666666 ) );
#2640 = CARTESIAN_POINT( '', ( -8.90000000000000, 1.08993565124114E-015, 3.58500000000000 ) );
#2641 = CARTESIAN_POINT( '', ( -8.90000000000000, -5.13841739578767, 3.65083333333333 ) );
#2642 = CARTESIAN_POINT( '', ( -4.45000000000000, -7.70762609368150, 3.71666666666667 ) );
#2643 = CARTESIAN_POINT( '', ( -1.88782392493033E-015, -10.2768347915753, 3.78250000000000 ) );
#2644 = CARTESIAN_POINT( '', ( 4.45000000000000, -7.70762609368151, 3.84833333333333 ) );
#2645 = CARTESIAN_POINT( '', ( 8.89999999999999, -5.13841739578767, 3.91416666666667 ) );
#2646 = CARTESIAN_POINT( '', ( 8.90000000000000, 0.000000000000000, 3.98000000000000 ) );
#2647 = CARTESIAN_POINT( '', ( 8.90000000000000, 5.13841739578767, 4.04583333333333 ) );
#2648 = CARTESIAN_POINT( '', ( 4.45000000000000, 7.70762609368151, 4.11166666666666 ) );
#2649 = CARTESIAN_POINT( '', ( 6.29274641643444E-016, 10.2768347915753, 4.17750000000000 ) );
#2650 = CARTESIAN_POINT( '', ( -4.45000000000000, 7.70762609368151, 4.24333333333334 ) );
#2651 = CARTESIAN_POINT( '', ( -8.90000000000000, 5.13841739578767, 4.30916666666667 ) );
#2652 = CARTESIAN_POINT( '', ( -8.90000000000000, 1.08993565124114E-015, 4.37500000000000 ) );
#2653 = CARTESIAN_POINT( '', ( -8.90000000000000, -5.13841739578767, 4.44083333333333 ) );
#2654 = CARTESIAN_POINT( '', ( -4.45000000000000, -7.70762609368150, 4.50666666666667 ) );
#2655 = CARTESIAN_POINT( '', ( -1.88782392493033E-015, -10.2768347915753, 4.57250000000000 ) );
#2656 = CARTESIAN_POINT( '', ( 4.45000000000000, -7.70762609368151, 4.63833333333333 ) );
#2657 = CARTESIAN_POINT( '', ( 8.89999999999999, -5.13841739578767, 4.70416666666666 ) );
#2658 = CARTESIAN_POINT( '', ( 8.90000000000000, 0.000000000000000, 4.77000000000000 ) );
#2659 = CARTESIAN_POINT( '', ( 8.90000000000000, 5.13841739578767, 4.83583333333333 ) );
#2660 = CARTESIAN_POINT( '', ( 4.45000000000000, 7.70762609368151, 4.90166666666667 ) );
#2661 = CARTESIAN_POINT( '', ( 6.29274641643444E-016, 10.2768347915753, 4.96750000000000 ) );
#2662 = CARTESIAN_POINT( '', ( -4.45000000000000, 7.70762609368151, 5.03333333333333 ) );
#2663 = CARTESIAN_POINT( '', ( -8.90000000000000, 5.13841739578767, 5.09916666666667 ) );
#2664 = CARTESIAN_POINT( '', ( -8.90000000000000, 1.08993565124114E-015, 5.16500000000000 ) );
#2665 = CARTESIAN_POINT( '', ( -8.90000000000000, -5.13841739578767, 5.23083333333333 ) );
#2666 = CARTESIAN_POINT( '', ( -4.45000000000000, -7.70762609368150, 5.29666666666667 ) );
#2667 = CARTESIAN_POINT( '', ( -1.88782392493033E-015, -10.2768347915753, 5.36250000000000 ) );
#2668 = CARTESIAN_POINT( '', ( 4.45000000000000, -7.70762609368151, 5.42833333333333 ) );
#2669 = CARTESIAN_POINT( '', ( 8.89999999999999, -5.13841739578767, 5.49416666666666 ) );
#2670 = CARTESIAN_POINT( '', ( 8.90000000000000, 0.000000000000000, 5.56000000000000 ) );
#2671 = CARTESIAN_POINT( '', ( 8.90000000000000, 5.13841739578767, 5.62583333333333 ) );
#2672 = CARTESIAN_POINT( '', ( 4.45000000000000, 7.70762609368151, 5.69166666666667 ) );
#2673 = CARTESIAN_POINT( '', ( 6.29274641643444E-016, 10.2768347915753, 5.75750000000000 ) );
#2674 = CARTESIAN_POINT( '', ( -4.45000000000000, 7.70762609368151, 5.82333333333333 ) );
#2675 = CARTESIAN_POINT( '', ( -8.90000000000000, 5.13841739578767, 5.88916666666667 ) );
#2676 = CARTESIAN_POINT( '', ( -8.90000000000000, 1.08993565124114E-015, 5.95500000000000 ) );
#2677 = CARTESIAN_POINT( '', ( -8.90000000000000, -5.13841739578767, 6.02083333333333 ) );
#2678 = CARTESIAN_POINT( '', ( -4.45000000000000, -7.70762609368150, 6.08666666666667 ) );
#2679 = CARTESIAN_POINT( '', ( -1.88782392493033E-015, -10.2768347915753, 6.15250000000000 ) );
#2680 = CARTESIAN_POINT( '', ( 4.45000000000000, -7.70762609368151, 6.21833333333333 ) );
#2681 = CARTESIAN_POINT( '', ( 8.89999999999999, -5.13841739578767, 6.28416666666666 ) );
#2682 = CARTESIAN_POINT( '', ( 8.90000000000000, 0.000000000000000, 6.35000000000000 ) );
#2683 = CARTESIAN_POINT( '', ( 8.90000000000000, 5.13841739578767, 6.41583333333333 ) );
#2684 = CARTESIAN_POINT( '', ( 4.45000000000000, 7.70762609368151, 6.48166666666667 ) );
#2685 = CARTESIAN_POINT( '', ( 6.29274641643444E-016, 10.2768347915753, 6.54750000000000 ) );
#2686 = CARTESIAN_POINT( '', ( -4.45000000000000, 7.70762609368151, 6.61333333333333 ) );
#2687 = CARTESIAN_POINT( '', ( -8.90000000000000, 5.13841739578767, 6.67916666666666 ) );
#2688 = CARTESIAN_POINT( '', ( -8.90000000000000, 1.08993565124114E-015, 6.74500000000000 ) );
#2689 = CARTESIAN_POINT( '', ( -8.90000000000000, -5.13841739578767, 6.81083333333333 ) );
#2690 = CARTESIAN_POINT( '', ( -4.45000000000000, -7.70762609368150, 6.87666666666667 ) );
#2691 = CARTESIAN_POINT( '', ( -1.88782392493033E-015, -10.2768347915753, 6.94250000000000 ) );
#2692 = CARTESIAN_POINT( '', ( 4.45000000000000, -7.70762609368151, 7.00833333333333 ) );
#2693 = CARTESIAN_POINT( '', ( 8.89999999999999, -5.13841739578767, 7.07416666666667 ) );
#2694 = CARTESIAN_POINT( '', ( 8.90000000000000, 0.000000000000000, 7.14000000000000 ) );
#2695 = CARTESIAN_POINT( '', ( 8.90000000000000, 5.13841739578767, 7.20583333333333 ) );
#2696 = CARTESIAN_POINT( '', ( 4.45000000000000, 7.70762609368151, 7.27166666666667 ) );
#2697 = CARTESIAN_POINT( '', ( 6.29274641643444E-016, 10.2768347915753, 7.33750000000000 ) );
#2698 = CARTESIAN_POINT( '', ( -4.45000000000000, 7.70762609368151, 7.40333333333333 ) );
#2699 = CARTESIAN_POINT( '', ( -8.90000000000000, 5.13841739578767, 7.46916666666667 ) );
#2700 = CARTESIAN_POINT( '', ( -8.90000000000000, 1.08993565124114E-015, 7.53500000000000 ) );
#2701 = CARTESIAN_POINT( '', ( -8.90000000000000, -5.13841739578767, 7.60083333333333 ) );
#2702 = CARTESIAN_POINT( '', ( -4.45000000000000, -7.70762609368150, 7.66666666666667 ) );
#2703 = CARTESIAN_POINT( '', ( -1.88782392493033E-015, -10.2768347915753, 7.73250000000000 ) );
#2704 = CARTESIAN_POINT( '', ( 4.45000000000000, -7.70762609368151, 7.79833333333333 ) );
#2705 = CARTESIAN_POINT( '', ( 8.89999999999999, -5.13841739578767, 7.86416666666666 ) );
#2706 = CARTESIAN_POINT( '', ( 8.90000000000000, 0.000000000000000, 7.93000000000000 ) );
#2707 = CARTESIAN_POINT( '', ( 8.90000000000000, 5.13841739578767, 7.99583333333334 ) );
#2708 = CARTESIAN_POINT( '', ( 4.45000000000000, 7.70762609368151, 8.06166666666667 ) );
#2709 = CARTESIAN_POINT( '', ( 6.29274641643444E-016, 10.2768347915753, 8.12750000000000 ) );
#2710 = CARTESIAN_POINT( '', ( -4.45000000000000, 7.70762609368151, 8.19333333333333 ) );
#2711 = CARTESIAN_POINT( '', ( -8.90000000000000, 5.13841739578767, 8.25916666666667 ) );
#2712 = CARTESIAN_POINT( '', ( -8.90000000000000, 1.08993565124114E-015, 8.32500000000000 ) );
#2713 = CARTESIAN_POINT( '', ( -8.90000000000000, -5.13841739578767, 8.39083333333333 ) );
#2714 = CARTESIAN_POINT( '', ( -4.45000000000000, -7.70762609368150, 8.45666666666667 ) );
#2715 = CARTESIAN_POINT( '', ( -1.88782392493033E-015, -10.2768347915753, 8.52250000000000 ) );
#2716 = CARTESIAN_POINT( '', ( 4.45000000000000, -7.70762609368151, 8.58833333333333 ) );
#2717 = CARTESIAN_POINT( '', ( 8.89999999999999, -5.13841739578767, 8.65416666666666 ) );
#2718 = CARTESIAN_POINT( '', ( 8.90000000000000, 0.000000000000000, 8.72000000000000 ) );
#2719 = CARTESIAN_POINT( '', ( 8.90000000000000, 5.13841739578767, 8.78583333333333 ) );
#2720 = CARTESIAN_POINT( '', ( 4.45000000000000, 7.70762609368151, 8.85166666666667 ) );
#2721 = CARTESIAN_POINT( '', ( 6.29274641643444E-016, 10.2768347915753, 8.91750000000000 ) );
#2722 = CARTESIAN_POINT( '', ( -4.45000000000000, 7.70762609368151, 8.98333333333333 ) );
#2723 = CARTESIAN_POINT( '', ( -8.90000000000000, 5.13841739578767, 9.04916666666666 ) );
#2724 = CARTESIAN_POINT( '', ( -8.90000000000000, 1.08993565124114E-015, 9.11500000000000 ) );
#2725 = CARTESIAN_POINT( '', ( -8.90000000000000, -5.13841739578767, 9.18083333333333 ) );
#2726 = CARTESIAN_POINT( '', ( -4.45000000000000, -7.70762609368150, 9.24666666666667 ) );
#2727 = CARTESIAN_POINT( '', ( -1.88782392493033E-015, -10.2768347915753, 9.31250000000000 ) );
#2728 = CARTESIAN_POINT( '', ( 4.45000000000000, -7.70762609368151, 9.37833333333333 ) );
#2729 = CARTESIAN_POINT( '', ( 8.89999999999999, -5.13841739578767, 9.44416666666667 ) );
#2730 = CARTESIAN_POINT( '', ( 8.90000000000000, 0.000000000000000, 9.51000000000000 ) );
#2731 = CARTESIAN_POINT( '', ( 5.40000000000000, 0.000000000000000, 2.40000000000000 ) );
#2732 = CARTESIAN_POINT( '', ( 5.40000000000000, 3.11769145362398, 2.46583333333333 ) );
#2733 = CARTESIAN_POINT( '', ( 2.70000000000000, 4.67653718043597, 2.53166666666667 ) );
#2734 = CARTESIAN_POINT( '', ( 3.81807085940966E-016, 6.23538290724796, 2.59750000000000 ) );
#2735 = CARTESIAN_POINT( '', ( -2.70000000000000, 4.67653718043597, 2.66333333333333 ) );
#2736 = CARTESIAN_POINT( '', ( -5.40000000000000, 3.11769145362398, 2.72916666666667 ) );
#2737 = CARTESIAN_POINT( '', ( -5.40000000000000, 6.61309271539571E-016, 2.79500000000000 ) );
#2738 = CARTESIAN_POINT( '', ( -5.40000000000000, -3.11769145362398, 2.86083333333333 ) );
#2739 = CARTESIAN_POINT( '', ( -2.70000000000000, -4.67653718043597, 2.92666666666667 ) );
#2740 = CARTESIAN_POINT( '', ( -1.14542125782290E-015, -6.23538290724796, 2.99250000000000 ) );
#2741 = CARTESIAN_POINT( '', ( 2.70000000000000, -4.67653718043597, 3.05833333333333 ) );
#2742 = CARTESIAN_POINT( '', ( 5.40000000000000, -3.11769145362398, 3.12416666666667 ) );
#2743 = CARTESIAN_POINT( '', ( 5.40000000000000, 0.000000000000000, 3.19000000000000 ) );
#2744 = CARTESIAN_POINT( '', ( 5.40000000000000, 3.11769145362398, 3.25583333333333 ) );
#2745 = CARTESIAN_POINT( '', ( 2.70000000000000, 4.67653718043597, 3.32166666666667 ) );
#2746 = CARTESIAN_POINT( '', ( 3.81807085940966E-016, 6.23538290724796, 3.38750000000000 ) );
#2747 = CARTESIAN_POINT( '', ( -2.70000000000000, 4.67653718043597, 3.45333333333333 ) );
#2748 = CARTESIAN_POINT( '', ( -5.40000000000000, 3.11769145362398, 3.51916666666666 ) );
#2749 = CARTESIAN_POINT( '', ( -5.40000000000000, 6.61309271539571E-016, 3.58500000000000 ) );
#2750 = CARTESIAN_POINT( '', ( -5.40000000000000, -3.11769145362398, 3.65083333333333 ) );
#2751 = CARTESIAN_POINT( '', ( -2.70000000000000, -4.67653718043597, 3.71666666666667 ) );
#2752 = CARTESIAN_POINT( '', ( -1.14542125782290E-015, -6.23538290724796, 3.78250000000000 ) );
#2753 = CARTESIAN_POINT( '', ( 2.70000000000000, -4.67653718043597, 3.84833333333333 ) );
#2754 = CARTESIAN_POINT( '', ( 5.40000000000000, -3.11769145362398, 3.91416666666667 ) );
#2755 = CARTESIAN_POINT( '', ( 5.40000000000000, 0.000000000000000, 3.98000000000000 ) );
#2756 = CARTESIAN_POINT( '', ( 5.40000000000000, 3.11769145362398, 4.04583333333333 ) );
#2757 = CARTESIAN_POINT( '', ( 2.70000000000000, 4.67653718043597, 4.11166666666666 ) );
#2758 = CARTESIAN_POINT( '', ( 3.81807085940966E-016, 6.23538290724796, 4.17750000000000 ) );
#2759 = CARTESIAN_POINT( '', ( -2.70000000000000, 4.67653718043597, 4.24333333333334 ) );
#2760 = CARTESIAN_POINT( '', ( -5.40000000000000, 3.11769145362398, 4.30916666666667 ) );
#2761 = CARTESIAN_POINT( '', ( -5.40000000000000, 6.61309271539571E-016, 4.37500000000000 ) );
#2762 = CARTESIAN_POINT( '', ( -5.40000000000000, -3.11769145362398, 4.44083333333333 ) );
#2763 = CARTESIAN_POINT( '', ( -2.70000000000000, -4.67653718043597, 4.50666666666667 ) );
#2764 = CARTESIAN_POINT( '', ( -1.14542125782290E-015, -6.23538290724796, 4.57250000000000 ) );
#2765 = CARTESIAN_POINT( '', ( 2.70000000000000, -4.67653718043597, 4.63833333333333 ) );
#2766 = CARTESIAN_POINT( '', ( 5.40000000000000, -3.11769145362398, 4.70416666666666 ) );
#2767 = CARTESIAN_POINT( '', ( 5.40000000000000, 0.000000000000000, 4.77000000000000 ) );
#2768 = CARTESIAN_POINT( '', ( 5.40000000000000, 3.11769145362398, 4.83583333333333 ) );
#2769 = CARTESIAN_POINT( '', ( 2.70000000000000, 4.67653718043597, 4.90166666666667 ) );
#2770 = CARTESIAN_POINT( '', ( 3.81807085940966E-016, 6.23538290724796, 4.96750000000000 ) );
#2771 = CARTESIAN_POINT( '', ( -2.70000000000000, 4.67653718043597, 5.03333333333333 ) );
#2772 = CARTESIAN_POINT( '', ( -5.40000000000000, 3.11769145362398, 5.09916666666667 ) );
#2773 = CARTESIAN_POINT( '', ( -5.40000000000000, 6.61309271539571E-016, 5.16500000000000 ) );
#2774 = CARTESIAN_POINT( '', ( -5.40000000000000, -3.11769145362398, 5.23083333333333 ) );
#2775 = CARTESIAN_POINT( '', ( -2.70000000000000, -4.67653718043597, 5.29666666666667 ) );
#2776 = CARTESIAN_POINT( '', ( -1.14542125782290E-015, -6.23538290724796, 5.36250000000000 ) );
#2777 = CARTESIAN_POINT( '', ( 2.70000000000000, -4.67653718043597, 5.42833333333333 ) );
#2778 = CARTESIAN_POINT( '', ( 5.40000000000000, -3.11769145362398, 5.49416666666666 ) );
#2779 = CARTESIAN_POINT( '', ( 5.40000000000000, 0.000000000000000, 5.56000000000000 ) );
#2780 = CARTESIAN_POINT( '', ( 5.40000000000000, 3.11769145362398, 5.62583333333333 ) );
#2781 = CARTESIAN_POINT( '', ( 2.70000000000000, 4.67653718043597, 5.69166666666667 ) );
#2782 = CARTESIAN_POINT( '', ( 3.81807085940966E-016, 6.23538290724796, 5.75750000000000 ) );
#2783 = CARTESIAN_POINT( '', ( -2.70000000000000, 4.67653718043597, 5.82333333333333 ) );
#2784 = CARTESIAN_POINT( '', ( -5.40000000000000, 3.11769145362398, 5.88916666666667 ) );
#2785 = CARTESIAN_POINT( '', ( -5.40000000000000, 6.61309271539571E-016, 5.95500000000000 ) );
#2786 = CARTESIAN_POINT( '', ( -5.40000000000000, -3.11769145362398, 6.02083333333333 ) );
#2787 = CARTESIAN_POINT( '', ( -2.70000000000000, -4.67653718043597, 6.08666666666667 ) );
#2788 = CARTESIAN_POINT( '', ( -1.14542125782290E-015, -6.23538290724796, 6.15250000000000 ) );
#2789 = CARTESIAN_POINT( '', ( 2.70000000000000, -4.67653718043597, 6.21833333333333 ) );
#2790 = CARTESIAN_POINT( '', ( 5.40000000000000, -3.11769145362398, 6.28416666666666 ) );
#2791 = CARTESIAN_POINT( '', ( 5.40000000000000, 0.000000000000000, 6.35000000000000 ) );
#2792 = CARTESIAN_POINT( '', ( 5.40000000000000, 3.11769145362398, 6.41583333333333 ) );
#2793 = CARTESIAN_POINT( '', ( 2.70000000000000, 4.67653718043597, 6.48166666666667 ) );
#2794 = CARTESIAN_POINT( '', ( 3.81807085940966E-016, 6.23538290724796, 6.54750000000000 ) );
#2795 = CARTESIAN_POINT( '', ( -2.70000000000000, 4.67653718043597, 6.61333333333333 ) );
#2796 = CARTESIAN_POINT( '', ( -5.40000000000000, 3.11769145362398, 6.67916666666666 ) );
#2797 = CARTESIAN_POINT( '', ( -5.40000000000000, 6.61309271539571E-016, 6.74500000000000 ) );
#2798 = CARTESIAN_POINT( '', ( -5.40000000000000, -3.11769145362398, 6.81083333333334 ) );
#2799 = CARTESIAN_POINT( '', ( -2.70000000000000, -4.67653718043597, 6.87666666666667 ) );
#2800 = CARTESIAN_POINT( '', ( -1.14542125782290E-015, -6.23538290724796, 6.94250000000000 ) );
#2801 = CARTESIAN_POINT( '', ( 2.70000000000000, -4.67653718043597, 7.00833333333333 ) );
#2802 = CARTESIAN_POINT( '', ( 5.40000000000000, -3.11769145362398, 7.07416666666667 ) );
#2803 = CARTESIAN_POINT( '', ( 5.40000000000000, 0.000000000000000, 7.14000000000000 ) );
#2804 = CARTESIAN_POINT( '', ( 5.40000000000000, 3.11769145362398, 7.20583333333333 ) );
#2805 = CARTESIAN_POINT( '', ( 2.70000000000000, 4.67653718043597, 7.27166666666667 ) );
#2806 = CARTESIAN_POINT( '', ( 3.81807085940966E-016, 6.23538290724796, 7.33750000000000 ) );
#2807 = CARTESIAN_POINT( '', ( -2.70000000000000, 4.67653718043597, 7.40333333333333 ) );
#2808 = CARTESIAN_POINT( '', ( -5.40000000000000, 3.11769145362398, 7.46916666666667 ) );
#2809 = CARTESIAN_POINT( '', ( -5.40000000000000, 6.61309271539571E-016, 7.53500000000000 ) );
#2810 = CARTESIAN_POINT( '', ( -5.40000000000000, -3.11769145362398, 7.60083333333333 ) );
#2811 = CARTESIAN_POINT( '', ( -2.70000000000000, -4.67653718043597, 7.66666666666667 ) );
#2812 = CARTESIAN_POINT( '', ( -1.14542125782290E-015, -6.23538290724796, 7.73250000000000 ) );
#2813 = CARTESIAN_POINT( '', ( 2.70000000000000, -4.67653718043597, 7.79833333333333 ) );
#2814 = CARTESIAN_POINT( '', ( 5.40000000000000, -3.11769145362398, 7.86416666666666 ) );
#2815 = CARTESIAN_POINT( '', ( 5.40000000000000, 0.000000000000000, 7.93000000000000 ) );
#2816 = CARTESIAN_POINT( '', ( 5.40000000000000, 3.11769145362398, 7.99583333333333 ) );
#2817 = CARTESIAN_POINT( '', ( 2.70000000000000, 4.67653718043597, 8.06166666666667 ) );
#2818 = CARTESIAN_POINT( '', ( 3.81807085940966E-016, 6.23538290724796, 8.12750000000000 ) );
#2819 = CARTESIAN_POINT( '', ( -2.70000000000000, 4.67653718043597, 8.19333333333333 ) );
#2820 = CARTESIAN_POINT( '', ( -5.40000000000000, 3.11769145362398, 8.25916666666667 ) );
#2821 = CARTESIAN_POINT( '', ( -5.40000000000000, 6.61309271539571E-016, 8.32500000000000 ) );
#2822 = CARTESIAN_POINT( '', ( -5.40000000000000, -3.11769145362398, 8.39083333333333 ) );
#2823 = CARTESIAN_POINT( '', ( -2.70000000000000, -4.67653718043597, 8.45666666666667 ) );
#2824 = CARTESIAN_POINT( '', ( -1.14542125782290E-015, -6.23538290724796, 8.52250000000000 ) );
#2825 = CARTESIAN_POINT( '', ( 2.70000000000000, -4.67653718043597, 8.58833333333333 ) );
#2826 = CARTESIAN_POINT( '', ( 5.40000000000000, -3.11769145362398, 8.65416666666666 ) );
#2827 = CARTESIAN_POINT( '', ( 5.40000000000000, 0.000000000000000, 8.72000000000000 ) );
#2828 = CARTESIAN_POINT( '', ( 5.40000000000000, 3.11769145362398, 8.78583333333333 ) );
#2829 = CARTESIAN_POINT( '', ( 2.70000000000000, 4.67653718043597, 8.85166666666667 ) );
#2830 = CARTESIAN_POINT( '', ( 3.81807085940966E-016, 6.23538290724796, 8.91750000000000 ) );
#2831 = CARTESIAN_POINT( '', ( -2.70000000000000, 4.67653718043597, 8.98333333333333 ) );
#2832 = CARTESIAN_POINT( '', ( -5.40000000000000, 3.11769145362398, 9.04916666666666 ) );
#2833 = CARTESIAN_POINT( '', ( -5.40000000000000, 6.61309271539571E-016, 9.11500000000000 ) );
#2834 = CARTESIAN_POINT( '', ( -5.40000000000000, -3.11769145362398, 9.18083333333334 ) );
#2835 = CARTESIAN_POINT( '', ( -2.70000000000000, -4.67653718043597, 9.24666666666667 ) );
#2836 = CARTESIAN_POINT( '', ( -1.14542125782290E-015, -6.23538290724796, 9.31250000000000 ) );
#2837 = CARTESIAN_POINT( '', ( 2.70000000000000, -4.67653718043597, 9.37833333333333 ) );
#2838 = CARTESIAN_POINT( '', ( 5.40000000000000, -3.11769145362398, 9.44416666666667 ) );
#2839 = CARTESIAN_POINT( '', ( 5.40000000000000, 0.000000000000000, 9.51000000000000 ) );
#2845 = SURFACE_SIDE_STYLE( '', ( #5127 ) );
#2846 = EDGE_LOOP( '', ( #5128, #5129, #5130, #5131 ) );
#2847 = AXIS2_PLACEMENT_3D( '', #5132, #5133, #5134 );
#2848 = SURFACE_SIDE_STYLE( '', ( #5135 ) );
#2849 = EDGE_LOOP( '', ( #5136, #5137, #5138, #5139 ) );
#2850 = AXIS2_PLACEMENT_3D( '', #5140, #5141, #5142 );
#2851 = SURFACE_SIDE_STYLE( '', ( #5143 ) );
#2852 = EDGE_LOOP( '', ( #5144, #5145, #5146, #5147 ) );
#2853 = AXIS2_PLACEMENT_3D( '', #5148, #5149, #5150 );
#2854 = SURFACE_SIDE_STYLE( '', ( #5151 ) );
#2855 = EDGE_LOOP( '', ( #5152, #5153, #5154, #5155 ) );
#2856 = AXIS2_PLACEMENT_3D( '', #5156, #5157, #5158 );
#2857 = SURFACE_SIDE_STYLE( '', ( #5159 ) );
#2858 = EDGE_LOOP( '', ( #5160, #5161, #5162, #5163 ) );
#2859 = AXIS2_PLACEMENT_3D( '', #5164, #5165, #5166 );
#2860 = SURFACE_SIDE_STYLE( '', ( #5167 ) );
#2861 = EDGE_LOOP( '', ( #5168, #5169, #5170, #5171 ) );
#2862 = AXIS2_PLACEMENT_3D( '', #5172, #5173, #5174 );
#2863 = SURFACE_SIDE_STYLE( '', ( #5175 ) );
#2864 = EDGE_LOOP( '', ( #5176, #5177, #5178, #5179 ) );
#2865 = AXIS2_PLACEMENT_3D( '', #5180, #5181, #5182 );
#2866 = SURFACE_SIDE_STYLE( '', ( #5183 ) );
#2867 = EDGE_LOOP( '', ( #5184, #5185, #5186, #5187 ) );
#2868 = AXIS2_PLACEMENT_3D( '', #5188, #5189, #5190 );
#2869 = SURFACE_SIDE_STYLE( '', ( #5191 ) );
#2870 = EDGE_LOOP( '', ( #5192, #5193, #5194, #5195, #5196, #5197, #5198, #5199, #5200, #5201, #5202, #5203, #5204, #5205, #5206, #5207 ) );
#2871 = AXIS2_PLACEMENT_3D( '', #5208, #5209, #5210 );
#2872 = SURFACE_SIDE_STYLE( '', ( #5211 ) );
#2873 = EDGE_LOOP( '', ( #5212, #5213, #5214, #5215 ) );
#2874 = AXIS2_PLACEMENT_3D( '', #5216, #5217, #5218 );
#2875 = SURFACE_SIDE_STYLE( '', ( #5219 ) );
#2876 = EDGE_LOOP( '', ( #5220, #5221, #5222, #5223 ) );
#2877 = AXIS2_PLACEMENT_3D( '', #5224, #5225, #5226 );
#2878 = SURFACE_SIDE_STYLE( '', ( #5227 ) );
#2879 = EDGE_LOOP( '', ( #5228, #5229, #5230, #5231 ) );
#2880 = AXIS2_PLACEMENT_3D( '', #5232, #5233, #5234 );
#2881 = SURFACE_SIDE_STYLE( '', ( #5235 ) );
#2882 = EDGE_LOOP( '', ( #5236, #5237, #5238, #5239 ) );
#2883 = AXIS2_PLACEMENT_3D( '', #5240, #5241, #5242 );
#2884 = SURFACE_SIDE_STYLE( '', ( #5243 ) );
#2885 = EDGE_LOOP( '', ( #5244, #5245, #5246, #5247 ) );
#2886 = AXIS2_PLACEMENT_3D( '', #5248, #5249, #5250 );
#2887 = SURFACE_SIDE_STYLE( '', ( #5251 ) );
#2888 = EDGE_LOOP( '', ( #5252, #5253, #5254, #5255 ) );
#2889 = AXIS2_PLACEMENT_3D( '', #5256, #5257, #5258 );
#2890 = SURFACE_SIDE_STYLE( '', ( #5259 ) );
#2891 = EDGE_LOOP( '', ( #5260, #5261, #5262, #5263 ) );
#2892 = AXIS2_PLACEMENT_3D( '', #5264, #5265, #5266 );
#2893 = SURFACE_SIDE_STYLE( '', ( #5267 ) );
#2894 = EDGE_LOOP( '', ( #5268, #5269, #5270, #5271 ) );
#2895 = AXIS2_PLACEMENT_3D( '', #5272, #5273, #5274 );
#2896 = SURFACE_SIDE_STYLE( '', ( #5275 ) );
#2897 = EDGE_LOOP( '', ( #5276, #5277, #5278, #5279 ) );
#2898 = AXIS2_PLACEMENT_3D( '', #5280, #5281, #5282 );
#2899 = SURFACE_SIDE_STYLE( '', ( #5283 ) );
#2900 = EDGE_LOOP( '', ( #5284, #5285, #5286, #5287 ) );
#2901 = AXIS2_PLACEMENT_3D( '', #5288, #5289, #5290 );
#2902 = SURFACE_SIDE_STYLE( '', ( #5291 ) );
#2903 = EDGE_LOOP( '', ( #5292, #5293, #5294, #5295, #5296, #5297, #5298, #5299, #5300, #5301, #5302, #5303 ) );
#2904 = AXIS2_PLACEMENT_3D( '', #5304, #5305, #5306 );
#2905 = SURFACE_SIDE_STYLE( '', ( #5307 ) );
#2906 = EDGE_LOOP( '', ( #5308, #5309, #5310, #5311, #5312, #5313, #5314, #5315, #5316, #5317 ) );
#2907 = AXIS2_PLACEMENT_3D( '', #5318, #5319, #5320 );
#2908 = SURFACE_SIDE_STYLE( '', ( #5321 ) );
#2909 = EDGE_LOOP( '', ( #5322, #5323, #5324, #5325 ) );
#2910 = AXIS2_PLACEMENT_3D( '', #5326, #5327, #5328 );
#2911 = SURFACE_SIDE_STYLE( '', ( #5329 ) );
#2912 = EDGE_LOOP( '', ( #5330, #5331, #5332, #5333, #5334, #5335, #5336, #5337 ) );
#2913 = AXIS2_PLACEMENT_3D( '', #5338, #5339, #5340 );
#2914 = SURFACE_SIDE_STYLE( '', ( #5341 ) );
#2915 = EDGE_LOOP( '', ( #5342, #5343, #5344, #5345 ) );
#2916 = AXIS2_PLACEMENT_3D( '', #5346, #5347, #5348 );
#2917 = SURFACE_SIDE_STYLE( '', ( #5349 ) );
#2918 = EDGE_LOOP( '', ( #5350, #5351, #5352, #5353 ) );
#2919 = AXIS2_PLACEMENT_3D( '', #5354, #5355, #5356 );
#2920 = SURFACE_SIDE_STYLE( '', ( #5357 ) );
#2921 = EDGE_LOOP( '', ( #5358, #5359, #5360, #5361 ) );
#2922 = AXIS2_PLACEMENT_3D( '', #5362, #5363, #5364 );
#2923 = SURFACE_SIDE_STYLE( '', ( #5365 ) );
#2924 = EDGE_LOOP( '', ( #5366, #5367, #5368, #5369 ) );
#2925 = AXIS2_PLACEMENT_3D( '', #5370, #5371, #5372 );
#2926 = SURFACE_SIDE_STYLE( '', ( #5373 ) );
#2927 = EDGE_LOOP( '', ( #5374, #5375, #5376, #5377 ) );
#2928 = AXIS2_PLACEMENT_3D( '', #5378, #5379, #5380 );
#2929 = SURFACE_SIDE_STYLE( '', ( #5381 ) );
#2930 = EDGE_LOOP( '', ( #5382, #5383, #5384, #5385 ) );
#2931 = AXIS2_PLACEMENT_3D( '', #5386, #5387, #5388 );
#2932 = SURFACE_SIDE_STYLE( '', ( #5389 ) );
#2933 = EDGE_LOOP( '', ( #5390, #5391, #5392 ) );
#2934 = AXIS2_PLACEMENT_3D( '', #5393, #5394, #5395 );
#2935 = SURFACE_SIDE_STYLE( '', ( #5396 ) );
#2936 = EDGE_LOOP( '', ( #5397, #5398, #5399, #5400, #5401, #5402, #5403, #5404 ) );
#2937 = AXIS2_PLACEMENT_3D( '', #5405, #5406, #5407 );
#2938 = SURFACE_SIDE_STYLE( '', ( #5408 ) );
#2939 = EDGE_LOOP( '', ( #5409, #5410, #5411, #5412 ) );
#2940 = AXIS2_PLACEMENT_3D( '', #5413, #5414, #5415 );
#2941 = SURFACE_SIDE_STYLE( '', ( #5416 ) );
#2942 = EDGE_LOOP( '', ( #5417, #5418, #5419, #5420 ) );
#2943 = AXIS2_PLACEMENT_3D( '', #5421, #5422, #5423 );
#2944 = SURFACE_SIDE_STYLE( '', ( #5424 ) );
#2945 = EDGE_LOOP( '', ( #5425, #5426, #5427, #5428 ) );
#2946 = B_SPLINE_CURVE_WITH_KNOTS( '', 3, ( #5429, #5430, #5431, #5432, #5433, #5434, #5435, #5436, #5437 ), .UNSPECIFIED., .F., .F., ( 4, 3, 2, 4 ), ( 0.498918257570621, 0.506469639946183, 0.561906533056765, 0.569746093698665 ), .UNSPECIFIED. );
#2947 = VECTOR( '', #5438, 1000.00000000000 );
#2948 = SURFACE_SIDE_STYLE( '', ( #5439 ) );
#2949 = EDGE_LOOP( '', ( #5440, #5441, #5442, #5443, #5444, #5445, #5446, #5447 ) );
#2950 = AXIS2_PLACEMENT_3D( '', #5448, #5449, #5450 );
#2951 = SURFACE_SIDE_STYLE( '', ( #5451 ) );
#2952 = EDGE_LOOP( '', ( #5452, #5453, #5454, #5455 ) );
#2953 = AXIS2_PLACEMENT_3D( '', #5456, #5457, #5458 );
#2954 = SURFACE_SIDE_STYLE( '', ( #5459 ) );
#2955 = EDGE_LOOP( '', ( #5460 ) );
#2956 = AXIS2_PLACEMENT_3D( '', #5461, #5462, #5463 );
#2957 = SURFACE_SIDE_STYLE( '', ( #5464 ) );
#2958 = EDGE_LOOP( '', ( #5465, #5466, #5467, #5468 ) );
#2959 = AXIS2_PLACEMENT_3D( '', #5469, #5470, #5471 );
#2960 = SURFACE_SIDE_STYLE( '', ( #5472 ) );
#2961 = EDGE_LOOP( '', ( #5473, #5474, #5475, #5476 ) );
#2962 = AXIS2_PLACEMENT_3D( '', #5477, #5478, #5479 );
#2963 = SURFACE_SIDE_STYLE( '', ( #5480 ) );
#2964 = EDGE_LOOP( '', ( #5481, #5482, #5483, #5484 ) );
#2965 = B_SPLINE_CURVE_WITH_KNOTS( '', 3, ( #5485, #5486, #5487, #5488, #5489, #5490, #5491, #5492, #5493 ), .UNSPECIFIED., .F., .F., ( 4, 2, 3, 4 ), ( 0.567520396840270, 0.661078865889259, 0.769589601681237, 0.949608585586394 ), .UNSPECIFIED. );
#2966 = VECTOR( '', #5494, 1000.00000000000 );
#2967 = SURFACE_SIDE_STYLE( '', ( #5495 ) );
#2968 = EDGE_LOOP( '', ( #5496, #5497, #5498, #5499 ) );
#2969 = AXIS2_PLACEMENT_3D( '', #5500, #5501, #5502 );
#2970 = SURFACE_SIDE_STYLE( '', ( #5503 ) );
#2971 = EDGE_LOOP( '', ( #5504, #5505, #5506, #5507 ) );
#2972 = AXIS2_PLACEMENT_3D( '', #5508, #5509, #5510 );
#2973 = SURFACE_SIDE_STYLE( '', ( #5511 ) );
#2974 = EDGE_LOOP( '', ( #5512, #5513, #5514, #5515 ) );
#2975 = AXIS2_PLACEMENT_3D( '', #5516, #5517, #5518 );
#2976 = SURFACE_SIDE_STYLE( '', ( #5519 ) );
#2977 = EDGE_LOOP( '', ( #5520, #5521, #5522, #5523 ) );
#2978 = AXIS2_PLACEMENT_3D( '', #5524, #5525, #5526 );
#2979 = SURFACE_SIDE_STYLE( '', ( #5527 ) );
#2980 = EDGE_LOOP( '', ( #5528, #5529, #5530, #5531 ) );
#2981 = AXIS2_PLACEMENT_3D( '', #5532, #5533, #5534 );
#2982 = SURFACE_SIDE_STYLE( '', ( #5535 ) );
#2983 = EDGE_LOOP( '', ( #5536, #5537, #5538, #5539 ) );
#2984 = AXIS2_PLACEMENT_3D( '', #5540, #5541, #5542 );
#2985 = SURFACE_SIDE_STYLE( '', ( #5543 ) );
#2986 = EDGE_LOOP( '', ( #5544, #5545, #5546, #5547 ) );
#2987 = AXIS2_PLACEMENT_3D( '', #5548, #5549, #5550 );
#2988 = SURFACE_SIDE_STYLE( '', ( #5551 ) );
#2989 = EDGE_LOOP( '', ( #5552, #5553, #5554, #5555 ) );
#2990 = AXIS2_PLACEMENT_3D( '', #5556, #5557, #5558 );
#2991 = SURFACE_SIDE_STYLE( '', ( #5559 ) );
#2992 = EDGE_LOOP( '', ( #5560, #5561, #5562, #5563 ) );
#2993 = B_SPLINE_CURVE_WITH_KNOTS( '', 3, ( #5564, #5565, #5566, #5567, #5568, #5569, #5570 ), .UNSPECIFIED., .F., .F., ( 4, 3, 4 ), ( 0.000000000000000, 0.100000000000000, 0.200000000000000 ), .UNSPECIFIED. );
#2994 = VECTOR( '', #5571, 1000.00000000000 );
#2995 = SURFACE_SIDE_STYLE( '', ( #5572 ) );
#2996 = EDGE_LOOP( '', ( #5573, #5574, #5575, #5576 ) );
#2997 = AXIS2_PLACEMENT_3D( '', #5577, #5578, #5579 );
#2998 = SURFACE_SIDE_STYLE( '', ( #5580 ) );
#2999 = EDGE_LOOP( '', ( #5581, #5582, #5583, #5584, #5585, #5586, #5587, #5588, #5589, #5590, #5591, #5592 ) );
#3000 = AXIS2_PLACEMENT_3D( '', #5593, #5594, #5595 );
#3001 = SURFACE_SIDE_STYLE( '', ( #5596 ) );
#3002 = EDGE_LOOP( '', ( #5597, #5598, #5599, #5600 ) );
#3003 = AXIS2_PLACEMENT_3D( '', #5601, #5602, #5603 );
#3004 = SURFACE_SIDE_STYLE( '', ( #5604 ) );
#3005 = EDGE_LOOP( '', ( #5605, #5606, #5607, #5608 ) );
#3006 = B_SPLINE_CURVE_WITH_KNOTS( '', 3, ( #5609, #5610, #5611, #5612, #5613, #5614, #5615 ), .UNSPECIFIED., .F., .F., ( 4, 3, 4 ), ( 0.500000000000000, 0.600000000000000, 0.700000000000000 ), .UNSPECIFIED. );
#3007 = VECTOR( '', #5616, 1000.00000000000 );
#3008 = SURFACE_SIDE_STYLE( '', ( #5617 ) );
#3009 = EDGE_LOOP( '', ( #5618, #5619, #5620, #5621 ) );
#3010 = AXIS2_PLACEMENT_3D( '', #5622, #5623, #5624 );
#3011 = SURFACE_SIDE_STYLE( '', ( #5625 ) );
#3012 = EDGE_LOOP( '', ( #5626, #5627, #5628, #5629, #5630, #5631 ) );
#3013 = AXIS2_PLACEMENT_3D( '', #5632, #5633, #5634 );
#3014 = SURFACE_SIDE_STYLE( '', ( #5635 ) );
#3015 = EDGE_LOOP( '', ( #5636, #5637, #5638, #5639 ) );
#3016 = AXIS2_PLACEMENT_3D( '', #5640, #5641, #5642 );
#3017 = SURFACE_SIDE_STYLE( '', ( #5643 ) );
#3018 = EDGE_LOOP( '', ( #5644, #5645, #5646, #5647 ) );
#3019 = AXIS2_PLACEMENT_3D( '', #5648, #5649, #5650 );
#3020 = SURFACE_SIDE_STYLE( '', ( #5651 ) );
#3021 = EDGE_LOOP( '', ( #5652, #5653, #5654, #5655 ) );
#3022 = B_SPLINE_CURVE_WITH_KNOTS( '', 3, ( #5656, #5657, #5658, #5659, #5660, #5661, #5662 ), .UNSPECIFIED., .F., .F., ( 4, 3, 4 ), ( 0.500000000000000, 0.600000000000000, 0.700000000000000 ), .UNSPECIFIED. );
#3023 = VECTOR( '', #5663, 1000.00000000000 );
#3024 = SURFACE_SIDE_STYLE( '', ( #5664 ) );
#3025 = EDGE_LOOP( '', ( #5665, #5666, #5667, #5668, #5669, #5670 ) );
#3026 = AXIS2_PLACEMENT_3D( '', #5671, #5672, #5673 );
#3027 = SURFACE_SIDE_STYLE( '', ( #5674 ) );
#3028 = EDGE_LOOP( '', ( #5675, #5676, #5677, #5678 ) );
#3029 = AXIS2_PLACEMENT_3D( '', #5679, #5680, #5681 );
#3030 = SURFACE_SIDE_STYLE( '', ( #5682 ) );
#3031 = EDGE_LOOP( '', ( #5683, #5684, #5685, #5686, #5687, #5688, #5689, #5690 ) );
#3032 = AXIS2_PLACEMENT_3D( '', #5691, #5692, #5693 );
#3033 = SURFACE_SIDE_STYLE( '', ( #5694 ) );
#3034 = EDGE_LOOP( '', ( #5695, #5696, #5697, #5698 ) );
#3035 = AXIS2_PLACEMENT_3D( '', #5699, #5700, #5701 );
#3036 = SURFACE_SIDE_STYLE( '', ( #5702 ) );
#3037 = EDGE_LOOP( '', ( #5703, #5704, #5705, #5706 ) );
#3038 = AXIS2_PLACEMENT_3D( '', #5707, #5708, #5709 );
#3039 = SURFACE_SIDE_STYLE( '', ( #5710 ) );
#3040 = EDGE_LOOP( '', ( #5711, #5712, #5713, #5714 ) );
#3041 = AXIS2_PLACEMENT_3D( '', #5715, #5716, #5717 );
#3042 = SURFACE_SIDE_STYLE( '', ( #5718 ) );
#3043 = EDGE_LOOP( '', ( #5719 ) );
#3044 = EDGE_LOOP( '', ( #5720 ) );
#3045 = AXIS2_PLACEMENT_3D( '', #5721, #5722, #5723 );
#3046 = SURFACE_SIDE_STYLE( '', ( #5724 ) );
#3047 = EDGE_LOOP( '', ( #5725, #5726, #5727, #5728 ) );
#3048 = AXIS2_PLACEMENT_3D( '', #5729, #5730, #5731 );
#3049 = SURFACE_SIDE_STYLE( '', ( #5732 ) );
#3050 = EDGE_LOOP( '', ( #5733, #5734, #5735, #5736 ) );
#3051 = AXIS2_PLACEMENT_3D( '', #5737, #5738, #5739 );
#3052 = SURFACE_SIDE_STYLE( '', ( #5740 ) );
#3053 = EDGE_LOOP( '', ( #5741, #5742, #5743, #5744 ) );
#3054 = AXIS2_PLACEMENT_3D( '', #5745, #5746, #5747 );
#3055 = CARTESIAN_POINT( '', ( 0.000000000000000, 0.000000000000000, 0.000000000000000 ) );
#3056 = DIRECTION( '', ( 0.000000000000000, 0.000000000000000, 1.00000000000000 ) );
#3057 = DIRECTION( '', ( 1.00000000000000, 0.000000000000000, 0.000000000000000 ) );
#3058 = CARTESIAN_POINT( '', ( 0.000000000000000, 0.000000000000000, 0.000000000000000 ) );
#3059 = DIRECTION( '', ( 0.000000000000000, 0.000000000000000, 1.00000000000000 ) );
#3060 = DIRECTION( '', ( 1.00000000000000, 0.000000000000000, 0.000000000000000 ) );
#3061 = CARTESIAN_POINT( '', ( 0.000000000000000, 0.000000000000000, 0.000000000000000 ) );
#3062 = DIRECTION( '', ( 0.000000000000000, 0.000000000000000, 1.00000000000000 ) );
#3063 = DIRECTION( '', ( 1.00000000000000, 0.000000000000000, 0.000000000000000 ) );
#3065 = SURFACE_STYLE_FILL_AREA( #5748 );
#3066 = ORIENTED_EDGE( '', *, *, #5749, .T. );
#3067 = ORIENTED_EDGE( '', *, *, #5750, .T. );
#3068 = ORIENTED_EDGE( '', *, *, #5751, .T. );
#3069 = ORIENTED_EDGE( '', *, *, #5752, .T. );
#3070 = ORIENTED_EDGE( '', *, *, #5753, .T. );
#3071 = ORIENTED_EDGE( '', *, *, #5754, .T. );
#3072 = ORIENTED_EDGE( '', *, *, #5755, .T. );
#3073 = ORIENTED_EDGE( '', *, *, #5756, .T. );
#3074 = ORIENTED_EDGE( '', *, *, #5757, .T. );
#3075 = ORIENTED_EDGE( '', *, *, #5758, .T. );
#3076 = ORIENTED_EDGE( '', *, *, #5759, .T. );
#3077 = ORIENTED_EDGE( '', *, *, #5760, .T. );
#3078 = ORIENTED_EDGE( '', *, *, #5761, .T. );
#3079 = ORIENTED_EDGE( '', *, *, #5762, .T. );
#3080 = ORIENTED_EDGE( '', *, *, #5763, .T. );
#3081 = ORIENTED_EDGE( '', *, *, #5764, .T. );
#3082 = ORIENTED_EDGE( '', *, *, #5765, .T. );
#3083 = ORIENTED_EDGE( '', *, *, #5766, .T. );
#3084 = ORIENTED_EDGE( '', *, *, #5767, .T. );
#3085 = ORIENTED_EDGE( '', *, *, #5768, .T. );
#3086 = ORIENTED_EDGE( '', *, *, #5769, .T. );
#3087 = ORIENTED_EDGE( '', *, *, #5770, .T. );
#3088 = ORIENTED_EDGE( '', *, *, #5771, .T. );
#3089 = ORIENTED_EDGE( '', *, *, #5772, .T. );
#3090 = ORIENTED_EDGE( '', *, *, #5773, .T. );
#3091 = ORIENTED_EDGE( '', *, *, #5774, .T. );
#3092 = ORIENTED_EDGE( '', *, *, #5775, .T. );
#3093 = ORIENTED_EDGE( '', *, *, #5776, .T. );
#3094 = ORIENTED_EDGE( '', *, *, #5777, .T. );
#3095 = ORIENTED_EDGE( '', *, *, #5778, .T. );
#3096 = ORIENTED_EDGE( '', *, *, #5779, .T. );
#3097 = ORIENTED_EDGE( '', *, *, #5780, .T. );
#3098 = ORIENTED_EDGE( '', *, *, #5781, .T. );
#3099 = ORIENTED_EDGE( '', *, *, #5782, .F. );
#3100 = ORIENTED_EDGE( '', *, *, #5783, .F. );
#3101 = ORIENTED_EDGE( '', *, *, #5784, .F. );
#3102 = ORIENTED_EDGE( '', *, *, #5785, .F. );
#3103 = ORIENTED_EDGE( '', *, *, #5786, .F. );
#3104 = ORIENTED_EDGE( '', *, *, #5787, .F. );
#3105 = ORIENTED_EDGE( '', *, *, #5788, .F. );
#3106 = ORIENTED_EDGE( '', *, *, #5789, .F. );
#3107 = ORIENTED_EDGE( '', *, *, #5790, .F. );
#3108 = ORIENTED_EDGE( '', *, *, #5791, .F. );
#3109 = ORIENTED_EDGE( '', *, *, #5792, .F. );
#3110 = ORIENTED_EDGE( '', *, *, #5793, .F. );
#3111 = ORIENTED_EDGE( '', *, *, #5794, .F. );
#3112 = ORIENTED_EDGE( '', *, *, #5795, .F. );
#3113 = ORIENTED_EDGE( '', *, *, #5796, .F. );
#3114 = ORIENTED_EDGE( '', *, *, #5797, .F. );
#3115 = ORIENTED_EDGE( '', *, *, #5798, .T. );
#3116 = ORIENTED_EDGE( '', *, *, #5799, .T. );
#3117 = ORIENTED_EDGE( '', *, *, #5800, .T. );
#3118 = ORIENTED_EDGE( '', *, *, #5801, .T. );
#3119 = ORIENTED_EDGE( '', *, *, #5802, .T. );
#3120 = ORIENTED_EDGE( '', *, *, #5803, .T. );
#3121 = ORIENTED_EDGE( '', *, *, #5804, .T. );
#3122 = ORIENTED_EDGE( '', *, *, #5805, .T. );
#3123 = ORIENTED_EDGE( '', *, *, #5806, .F. );
#3124 = ORIENTED_EDGE( '', *, *, #5807, .F. );
#3125 = ORIENTED_EDGE( '', *, *, #5808, .F. );
#3126 = ORIENTED_EDGE( '', *, *, #5809, .F. );
#3127 = ORIENTED_EDGE( '', *, *, #5810, .F. );
#3128 = ORIENTED_EDGE( '', *, *, #5811, .F. );
#3129 = ORIENTED_EDGE( '', *, *, #5812, .F. );
#3130 = ORIENTED_EDGE( '', *, *, #5813, .F. );
#3131 = ORIENTED_EDGE( '', *, *, #5814, .F. );
#3132 = ORIENTED_EDGE( '', *, *, #5815, .F. );
#3133 = ORIENTED_EDGE( '', *, *, #5816, .F. );
#3134 = ORIENTED_EDGE( '', *, *, #5817, .F. );
#3135 = ORIENTED_EDGE( '', *, *, #5818, .F. );
#3136 = ORIENTED_EDGE( '', *, *, #5819, .F. );
#3137 = ORIENTED_EDGE( '', *, *, #5820, .F. );
#3138 = ORIENTED_EDGE( '', *, *, #5821, .F. );
#3139 = ORIENTED_EDGE( '', *, *, #5822, .F. );
#3140 = ORIENTED_EDGE( '', *, *, #5823, .F. );
#3141 = ORIENTED_EDGE( '', *, *, #5824, .F. );
#3142 = ORIENTED_EDGE( '', *, *, #5825, .F. );
#3143 = ORIENTED_EDGE( '', *, *, #5826, .F. );
#3144 = ORIENTED_EDGE( '', *, *, #5827, .F. );
#3145 = ORIENTED_EDGE( '', *, *, #5828, .F. );
#3146 = ORIENTED_EDGE( '', *, *, #5829, .F. );
#3147 = ORIENTED_EDGE( '', *, *, #5830, .F. );
#3148 = ORIENTED_EDGE( '', *, *, #5831, .F. );
#3149 = ORIENTED_EDGE( '', *, *, #5832, .F. );
#3150 = ORIENTED_EDGE( '', *, *, #5833, .F. );
#3151 = ORIENTED_EDGE( '', *, *, #5834, .F. );
#3152 = ORIENTED_EDGE( '', *, *, #5835, .F. );
#3153 = ORIENTED_EDGE( '', *, *, #5836, .F. );
#3154 = ORIENTED_EDGE( '', *, *, #5837, .F. );
#3155 = ORIENTED_EDGE( '', *, *, #5838, .F. );
#3156 = ORIENTED_EDGE( '', *, *, #5839, .F. );
#3157 = ORIENTED_EDGE( '', *, *, #5840, .F. );
#3158 = ORIENTED_EDGE( '', *, *, #5841, .F. );
#3159 = ORIENTED_EDGE( '', *, *, #5842, .F. );
#3160 = ORIENTED_EDGE( '', *, *, #5843, .F. );
#3161 = ORIENTED_EDGE( '', *, *, #5844, .F. );
#3162 = ORIENTED_EDGE( '', *, *, #5845, .F. );
#3163 = ORIENTED_EDGE( '', *, *, #5846, .F. );
#3164 = ORIENTED_EDGE( '', *, *, #5847, .F. );
#3165 = ORIENTED_EDGE( '', *, *, #5848, .F. );
#3166 = ORIENTED_EDGE( '', *, *, #5849, .F. );
#3167 = ORIENTED_EDGE( '', *, *, #5850, .F. );
#3168 = ORIENTED_EDGE( '', *, *, #5851, .F. );
#3169 = ORIENTED_EDGE( '', *, *, #5852, .F. );
#3170 = ORIENTED_EDGE( '', *, *, #5853, .F. );
#3171 = ORIENTED_EDGE( '', *, *, #5854, .F. );
#3172 = ORIENTED_EDGE( '', *, *, #5855, .F. );
#3173 = ORIENTED_EDGE( '', *, *, #5856, .F. );
#3174 = ORIENTED_EDGE( '', *, *, #5857, .T. );
#3175 = ORIENTED_EDGE( '', *, *, #5858, .T. );
#3176 = ORIENTED_EDGE( '', *, *, #5859, .T. );
#3177 = ORIENTED_EDGE( '', *, *, #5860, .T. );
#3178 = ORIENTED_EDGE( '', *, *, #5861, .T. );
#3179 = ORIENTED_EDGE( '', *, *, #5862, .T. );
#3180 = ORIENTED_EDGE( '', *, *, #5863, .T. );
#3181 = ORIENTED_EDGE( '', *, *, #5864, .T. );
#3182 = ORIENTED_EDGE( '', *, *, #5865, .T. );
#3183 = ORIENTED_EDGE( '', *, *, #5866, .T. );
#3184 = ORIENTED_EDGE( '', *, *, #5867, .T. );
#3185 = ORIENTED_EDGE( '', *, *, #5868, .T. );
#3186 = ORIENTED_EDGE( '', *, *, #5869, .T. );
#3187 = ORIENTED_EDGE( '', *, *, #5870, .T. );
#3188 = ORIENTED_EDGE( '', *, *, #5871, .T. );
#3189 = ORIENTED_EDGE( '', *, *, #5872, .T. );
#3190 = ORIENTED_EDGE( '', *, *, #5873, .T. );
#3191 = ORIENTED_EDGE( '', *, *, #5874, .T. );
#3192 = ORIENTED_EDGE( '', *, *, #5875, .T. );
#3193 = ORIENTED_EDGE( '', *, *, #5876, .T. );
#3194 = ORIENTED_EDGE( '', *, *, #5877, .T. );
#3195 = ORIENTED_EDGE( '', *, *, #5878, .T. );
#3196 = ORIENTED_EDGE( '', *, *, #5879, .T. );
#3197 = ORIENTED_EDGE( '', *, *, #5880, .T. );
#3198 = ORIENTED_EDGE( '', *, *, #5881, .F. );
#3199 = ORIENTED_EDGE( '', *, *, #5882, .F. );
#3200 = ORIENTED_EDGE( '', *, *, #5883, .F. );
#3201 = ORIENTED_EDGE( '', *, *, #5884, .F. );
#3202 = ORIENTED_EDGE( '', *, *, #5885, .F. );
#3203 = ORIENTED_EDGE( '', *, *, #5886, .F. );
#3204 = ORIENTED_EDGE( '', *, *, #5887, .F. );
#3205 = ORIENTED_EDGE( '', *, *, #5888, .F. );
#3206 = ORIENTED_EDGE( '', *, *, #5889, .F. );
#3207 = ORIENTED_EDGE( '', *, *, #5890, .F. );
#3208 = ORIENTED_EDGE( '', *, *, #5891, .F. );
#3209 = ORIENTED_EDGE( '', *, *, #5892, .F. );
#3210 = ORIENTED_EDGE( '', *, *, #5893, .T. );
#3211 = ORIENTED_EDGE( '', *, *, #5894, .T. );
#3212 = ORIENTED_EDGE( '', *, *, #5895, .T. );
#3213 = ORIENTED_EDGE( '', *, *, #5896, .T. );
#3214 = ORIENTED_EDGE( '', *, *, #5897, .T. );
#3215 = ORIENTED_EDGE( '', *, *, #5898, .T. );
#3216 = ORIENTED_EDGE( '', *, *, #5899, .T. );
#3217 = ORIENTED_EDGE( '', *, *, #5900, .T. );
#3218 = CARTESIAN_POINT( '', ( -11.0000000000000, -11.2500000000000, 11.8000000000000 ) );
#3219 = DIRECTION( '', ( 0.000000000000000, 0.000000000000000, 1.00000000000000 ) );
#3220 = DIRECTION( '', ( 1.00000000000000, 0.000000000000000, 0.000000000000000 ) );
#3221 = SURFACE_STYLE_FILL_AREA( #5901 );
#3222 = ORIENTED_EDGE( '', *, *, #5902, .F. );
#3223 = ORIENTED_EDGE( '', *, *, #5903, .T. );
#3224 = ORIENTED_EDGE( '', *, *, #5904, .F. );
#3225 = ORIENTED_EDGE( '', *, *, #5905, .T. );
#3226 = ORIENTED_EDGE( '', *, *, #5906, .F. );
#3227 = ORIENTED_EDGE( '', *, *, #5907, .T. );
#3228 = ORIENTED_EDGE( '', *, *, #5908, .T. );
#3229 = ORIENTED_EDGE( '', *, *, #5909, .T. );
#3230 = ORIENTED_EDGE( '', *, *, #5910, .T. );
#3231 = ORIENTED_EDGE( '', *, *, #5911, .T. );
#3232 = ORIENTED_EDGE( '', *, *, #5912, .F. );
#3233 = ORIENTED_EDGE( '', *, *, #5913, .T. );
#3234 = ORIENTED_EDGE( '', *, *, #5914, .F. );
#3235 = ORIENTED_EDGE( '', *, *, #5915, .T. );
#3236 = ORIENTED_EDGE( '', *, *, #5916, .F. );
#3237 = ORIENTED_EDGE( '', *, *, #5917, .T. );
#3238 = ORIENTED_EDGE( '', *, *, #5918, .F. );
#3239 = ORIENTED_EDGE( '', *, *, #5919, .F. );
#3240 = ORIENTED_EDGE( '', *, *, #5920, .F. );
#3241 = ORIENTED_EDGE( '', *, *, #5921, .T. );
#3242 = CARTESIAN_POINT( '', ( -11.0000000000000, -11.2500000000000, 0.000000000000000 ) );
#3243 = DIRECTION( '', ( 0.000000000000000, 0.000000000000000, 1.00000000000000 ) );
#3244 = DIRECTION( '', ( 1.00000000000000, 0.000000000000000, 0.000000000000000 ) );
#3245 = SURFACE_STYLE_FILL_AREA( #5922 );
#3246 = ORIENTED_EDGE( '', *, *, #5762, .F. );
#3247 = ORIENTED_EDGE( '', *, *, #5923, .F. );
#3248 = ORIENTED_EDGE( '', *, *, #5924, .T. );
#3249 = ORIENTED_EDGE( '', *, *, #5925, .T. );
#3250 = CARTESIAN_POINT( '', ( -7.75403292902778, 2.43896908425749, 11.7900000000000 ) );
#3251 = DIRECTION( '', ( 0.000000000000000, 1.00000000000000, 0.000000000000000 ) );
#3252 = DIRECTION( '', ( 0.000000000000000, 0.000000000000000, 1.00000000000000 ) );
#3253 = SURFACE_STYLE_FILL_AREA( #5926 );
#3254 = ORIENTED_EDGE( '', *, *, #5927, .T. );
#3255 = ORIENTED_EDGE( '', *, *, #5928, .F. );
#3256 = CARTESIAN_POINT( '', ( 7.54815006893102, 1.05912274075613, 11.7900000000000 ) );
#3257 = CARTESIAN_POINT( '', ( 7.54815006893102, 0.803695508578407, 11.7900000000000 ) );
#3258 = CARTESIAN_POINT( '', ( 7.75520464549479, 0.596640932014633, 11.7900000000000 ) );
#3259 = CARTESIAN_POINT( '', ( 8.01063187767251, 0.596640932014633, 11.7900000000000 ) );
#3260 = CARTESIAN_POINT( '', ( 8.26605910985024, 0.596640932014633, 11.7900000000000 ) );
#3261 = CARTESIAN_POINT( '', ( 8.47311368641401, 0.803695508578407, 11.7900000000000 ) );
#3262 = CARTESIAN_POINT( '', ( 8.47311368641401, 1.05912274075613, 11.7900000000000 ) );
#3263 = CARTESIAN_POINT( '', ( 8.47311368641401, 1.31463168350078, 11.7900000000000 ) );
#3264 = CARTESIAN_POINT( '', ( 8.26605910985024, 1.52168626006455, 11.7900000000000 ) );
#3265 = CARTESIAN_POINT( '', ( 8.01063187767251, 1.52168626006455, 11.7900000000000 ) );
#3266 = CARTESIAN_POINT( '', ( 7.75520464549479, 1.52168626006455, 11.7900000000000 ) );
#3267 = CARTESIAN_POINT( '', ( 7.54815006893102, 1.31463168350078, 11.7900000000000 ) );
#3268 = CARTESIAN_POINT( '', ( 7.54815006893102, 1.05912274075613, 11.7900000000000 ) );
#3269 = DIRECTION( '', ( 0.000000000000000, 0.000000000000000, 1.00000000000000 ) );
#3270 = SURFACE_STYLE_FILL_AREA( #5929 );
#3271 = ORIENTED_EDGE( '', *, *, #5830, .T. );
#3272 = ORIENTED_EDGE( '', *, *, #5930, .F. );
#3273 = ORIENTED_EDGE( '', *, *, #5931, .F. );
#3274 = ORIENTED_EDGE( '', *, *, #5932, .T. );
#3275 = CARTESIAN_POINT( '', ( 0.268524590163933, -5.09040983606558, 11.7900000000000 ) );
#3276 = DIRECTION( '', ( 0.766314470035780, -0.642465666797676, 0.000000000000000 ) );
#3277 = DIRECTION( '', ( 0.642465666797676, 0.766314470035780, 0.000000000000000 ) );
#3278 = SURFACE_STYLE_FILL_AREA( #5933 );
#3279 = ORIENTED_EDGE( '', *, *, #5934, .F. );
#3280 = ORIENTED_EDGE( '', *, *, #5935, .F. );
#3281 = ORIENTED_EDGE( '', *, *, #5936, .F. );
#3282 = ORIENTED_EDGE( '', *, *, #5937, .F. );
#3283 = CARTESIAN_POINT( '', ( -9.45238706236560, 4.10349504289231, 11.7900000000000 ) );
#3284 = DIRECTION( '', ( 0.000000000000000, 0.000000000000000, -1.00000000000000 ) );
#3285 = DIRECTION( '', ( -1.00000000000000, 0.000000000000000, 0.000000000000000 ) );
#3286 = SURFACE_STYLE_FILL_AREA( #5938 );
#3287 = ORIENTED_EDGE( '', *, *, #5835, .T. );
#3288 = ORIENTED_EDGE( '', *, *, #5939, .F. );
#3289 = ORIENTED_EDGE( '', *, *, #5940, .F. );
#3290 = ORIENTED_EDGE( '', *, *, #5941, .T. );
#3291 = CARTESIAN_POINT( '', ( 1.98983606557377, -3.32778688524590, 11.7900000000000 ) );
#3292 = DIRECTION( '', ( 1.00000000000000, 0.000000000000000, 0.000000000000000 ) );
#3293 = DIRECTION( '', ( 0.000000000000000, 0.000000000000000, -1.00000000000000 ) );
#3294 = SURFACE_STYLE_FILL_AREA( #5942 );
#3295 = ORIENTED_EDGE( '', *, *, #5943, .T. );
#3296 = ORIENTED_EDGE( '', *, *, #5944, .T. );
#3297 = ORIENTED_EDGE( '', *, *, #5945, .T. );
#3298 = ORIENTED_EDGE( '', *, *, #5946, .T. );
#3299 = CARTESIAN_POINT( '', ( -11.0000000000000, 11.2500000000000, 1.90000000000000 ) );
#3300 = DIRECTION( '', ( -1.00000000000000, 0.000000000000000, 0.000000000000000 ) );
#3301 = DIRECTION( '', ( 0.000000000000000, 0.000000000000000, 1.00000000000000 ) );
#3302 = SURFACE_STYLE_FILL_AREA( #5947 );
#3303 = ORIENTED_EDGE( '', *, *, #5948, .F. );
#3304 = ORIENTED_EDGE( '', *, *, #5949, .F. );
#3305 = ORIENTED_EDGE( '', *, *, #5950, .T. );
#3306 = ORIENTED_EDGE( '', *, *, #5951, .T. );
#3307 = ORIENTED_EDGE( '', *, *, #5952, .T. );
#3308 = ORIENTED_EDGE( '', *, *, #5953, .T. );
#3309 = ORIENTED_EDGE( '', *, *, #5954, .F. );
#3310 = ORIENTED_EDGE( '', *, *, #5955, .F. );
#3311 = CARTESIAN_POINT( '', ( 1.75000000000000, 10.0000000000000, 9.51000000000000 ) );
#3312 = DIRECTION( '', ( 0.000000000000000, 0.000000000000000, -1.00000000000000 ) );
#3313 = DIRECTION( '', ( -1.00000000000000, 0.000000000000000, 0.000000000000000 ) );
#3314 = SURFACE_STYLE_FILL_AREA( #5956 );
#3315 = ORIENTED_EDGE( '', *, *, #5789, .T. );
#3316 = ORIENTED_EDGE( '', *, *, #5957, .F. );
#3317 = ORIENTED_EDGE( '', *, *, #5958, .F. );
#3318 = ORIENTED_EDGE( '', *, *, #5959, .T. );
#3319 = CARTESIAN_POINT( '', ( -3.61868852459017, -5.85762295081967, 11.7900000000000 ) );
#3320 = DIRECTION( '', ( 0.000000000000000, -1.00000000000000, 0.000000000000000 ) );
#3321 = DIRECTION( '', ( 0.000000000000000, 0.000000000000000, -1.00000000000000 ) );
#3322 = SURFACE_STYLE_FILL_AREA( #5960 );
#3323 = ORIENTED_EDGE( '', *, *, #5961, .T. );
#3324 = ORIENTED_EDGE( '', *, *, #5962, .T. );
#3325 = ORIENTED_EDGE( '', *, *, #5963, .T. );
#3326 = ORIENTED_EDGE( '', *, *, #5964, .T. );
#3327 = ORIENTED_EDGE( '', *, *, #5965, .T. );
#3328 = ORIENTED_EDGE( '', *, *, #5966, .T. );
#3329 = ORIENTED_EDGE( '', *, *, #5967, .T. );
#3330 = ORIENTED_EDGE( '', *, *, #5968, .T. );
#3331 = CARTESIAN_POINT( '', ( 3.21815470215169, -3.82155858756000, 11.7900000000000 ) );
#3332 = DIRECTION( '', ( 0.000000000000000, 0.000000000000000, 1.00000000000000 ) );
#3333 = DIRECTION( '', ( 1.00000000000000, 0.000000000000000, 0.000000000000000 ) );
#3334 = SURFACE_STYLE_FILL_AREA( #5969 );
#3335 = ORIENTED_EDGE( '', *, *, #5890, .T. );
#3336 = ORIENTED_EDGE( '', *, *, #5970, .F. );
#3337 = ORIENTED_EDGE( '', *, *, #5971, .F. );
#3338 = ORIENTED_EDGE( '', *, *, #5972, .T. );
#3339 = CARTESIAN_POINT( '', ( 0.136266254596622, 1.34314867135427, 11.7900000000000 ) );
#3340 = DIRECTION( '', ( 0.860646621654615, -0.509202702893944, 0.000000000000000 ) );
#3341 = DIRECTION( '', ( 0.509202702893944, 0.860646621654615, 0.000000000000000 ) );
#3342 = SURFACE_STYLE_FILL_AREA( #5973 );
#3343 = ORIENTED_EDGE( '', *, *, #5974, .F. );
#3344 = CARTESIAN_POINT( '', ( -11.0000000000000, -11.2500000000000, 11.8000000000000 ) );
#3345 = DIRECTION( '', ( 0.000000000000000, 0.000000000000000, 1.00000000000000 ) );
#3346 = DIRECTION( '', ( 1.00000000000000, 0.000000000000000, 0.000000000000000 ) );
#3347 = SURFACE_STYLE_FILL_AREA( #5975 );
#3348 = ORIENTED_EDGE( '', *, *, #5827, .T. );
#3349 = ORIENTED_EDGE( '', *, *, #5976, .F. );
#3350 = ORIENTED_EDGE( '', *, *, #5977, .F. );
#3351 = ORIENTED_EDGE( '', *, *, #5978, .T. );
#3352 = CARTESIAN_POINT( '', ( 1.55311475409836, -5.85762295081967, 11.7900000000000 ) );
#3353 = DIRECTION( '', ( 0.870146391924012, 0.492793320390632, 0.000000000000000 ) );
#3354 = DIRECTION( '', ( -0.492793320390632, 0.870146391924012, 0.000000000000000 ) );
#3355 = SURFACE_STYLE_FILL_AREA( #5979 );
#3356 = ORIENTED_EDGE( '', *, *, #5980, .T. );
#3357 = ORIENTED_EDGE( '', *, *, #5981, .F. );
#3358 = CARTESIAN_POINT( '', ( 5.36941951269721, 2.53383505244634, 11.7900000000000 ) );
#3359 = CARTESIAN_POINT( '', ( 5.36941951269721, 2.27840782026861, 11.7900000000000 ) );
#3360 = CARTESIAN_POINT( '', ( 5.57647408926098, 2.07135324370484, 11.7900000000000 ) );
#3361 = CARTESIAN_POINT( '', ( 5.83190132143871, 2.07135324370484, 11.7900000000000 ) );
#3362 = CARTESIAN_POINT( '', ( 6.08741026418334, 2.07135324370484, 11.7900000000000 ) );
#3363 = CARTESIAN_POINT( '', ( 6.29446484074712, 2.27840782026861, 11.7900000000000 ) );
#3364 = CARTESIAN_POINT( '', ( 6.29446484074712, 2.53383505244634, 11.7900000000000 ) );
#3365 = CARTESIAN_POINT( '', ( 6.29446484074712, 2.78934399519098, 11.7900000000000 ) );
#3366 = CARTESIAN_POINT( '', ( 6.08741026418334, 2.99639857175476, 11.7900000000000 ) );
#3367 = CARTESIAN_POINT( '', ( 5.83190132143871, 2.99639857175476, 11.7900000000000 ) );
#3368 = CARTESIAN_POINT( '', ( 5.57647408926098, 2.99639857175476, 11.7900000000000 ) );
#3369 = CARTESIAN_POINT( '', ( 5.36941951269721, 2.78934399519098, 11.7900000000000 ) );
#3370 = CARTESIAN_POINT( '', ( 5.36941951269721, 2.53383505244634, 11.7900000000000 ) );
#3371 = DIRECTION( '', ( 0.000000000000000, 0.000000000000000, 1.00000000000000 ) );
#3372 = SURFACE_STYLE_FILL_AREA( #5982 );
#3373 = ORIENTED_EDGE( '', *, *, #5983, .F. );
#3374 = ORIENTED_EDGE( '', *, *, #5984, .F. );
#3375 = ORIENTED_EDGE( '', *, *, #5985, .F. );
#3376 = ORIENTED_EDGE( '', *, *, #5986, .F. );
#3377 = CARTESIAN_POINT( '', ( -2.35000000000000, 5.00000000000000, 0.300000000000000 ) );
#3378 = DIRECTION( '', ( 0.000000000000000, 0.000000000000000, 1.00000000000000 ) );
#3379 = DIRECTION( '', ( 1.00000000000000, 0.000000000000000, 0.000000000000000 ) );
#3380 = SURFACE_STYLE_FILL_AREA( #5987 );
#3381 = ORIENTED_EDGE( '', *, *, #5811, .T. );
#3382 = ORIENTED_EDGE( '', *, *, #5988, .F. );
#3383 = ORIENTED_EDGE( '', *, *, #5989, .F. );
#3384 = ORIENTED_EDGE( '', *, *, #5990, .T. );
#3385 = CARTESIAN_POINT( '', ( -2.65672131147541, -4.31729508196721, 11.7900000000000 ) );
#3386 = CARTESIAN_POINT( '', ( -2.65672131147541, -3.99860655737705, 11.7900000000000 ) );
#3387 = CARTESIAN_POINT( '', ( -2.53278688524590, -3.82155737704919, 11.7900000000000 ) );
#3388 = CARTESIAN_POINT( '', ( -2.00754098360656, -3.82155737704919, 11.7900000000000 ) );
#3389 = CARTESIAN_POINT( '', ( -1.85606557377049, -3.91991803278689, 11.7900000000000 ) );
#3390 = CARTESIAN_POINT( '', ( -1.85606557377049, -4.45303278688525, 11.7900000000000 ) );
#3391 = CARTESIAN_POINT( '', ( -1.88950819672131, -4.50221311475410, 11.7900000000000 ) );
#3392 = CARTESIAN_POINT( '', ( -2.06655737704918, -4.54745901639344, 11.7900000000000 ) );
#3393 = CARTESIAN_POINT( '', ( -2.22297920280259, -4.58743348297487, 11.7900000000000 ) );
#3394 = CARTESIAN_POINT( '', ( -2.37737704918033, -4.63532786885246, 11.7900000000000 ) );
#3395 = CARTESIAN_POINT( '', ( -2.53278688524590, -4.67926229508197, 11.7900000000000 ) );
#3396 = CARTESIAN_POINT( '', ( -2.84508486980756, -4.76754906708885, 11.7900000000000 ) );
#3397 = CARTESIAN_POINT( '', ( -2.97540983606558, -4.99401639344262, 11.7900000000000 ) );
#3398 = CARTESIAN_POINT( '', ( -2.97540983606558, -5.66680327868853, 11.7900000000000 ) );
#3399 = CARTESIAN_POINT( '', ( -2.80032786885246, -5.90483606557377, 11.7900000000000 ) );
#3400 = CARTESIAN_POINT( '', ( -2.16885245901639, -5.90483606557377, 11.7900000000000 ) );
#3401 = CARTESIAN_POINT( '', ( -1.95049180327869, -5.82221311475410, 11.7900000000000 ) );
#3402 = CARTESIAN_POINT( '', ( -1.85213114754099, -5.53893442622951, 11.7900000000000 ) );
#3403 = DIRECTION( '', ( 0.000000000000000, 0.000000000000000, 1.00000000000000 ) );
#3404 = SURFACE_STYLE_FILL_AREA( #5991 );
#3405 = ORIENTED_EDGE( '', *, *, #5769, .F. );
#3406 = ORIENTED_EDGE( '', *, *, #5992, .F. );
#3407 = ORIENTED_EDGE( '', *, *, #5993, .T. );
#3408 = ORIENTED_EDGE( '', *, *, #5994, .T. );
#3409 = CARTESIAN_POINT( '', ( 9.52195052334085, 6.99564055886499, 11.7900000000000 ) );
#3410 = DIRECTION( '', ( -1.00000000000000, 0.000000000000000, 0.000000000000000 ) );
#3411 = DIRECTION( '', ( 0.000000000000000, 0.000000000000000, 1.00000000000000 ) );
#3412 = SURFACE_STYLE_FILL_AREA( #5995 );
#3413 = ORIENTED_EDGE( '', *, *, #5843, .T. );
#3414 = ORIENTED_EDGE( '', *, *, #5996, .F. );
#3415 = ORIENTED_EDGE( '', *, *, #5967, .F. );
#3416 = ORIENTED_EDGE( '', *, *, #5997, .T. );
#3417 = CARTESIAN_POINT( '', ( 2.70983606557377, -3.96909836065574, 11.7900000000000 ) );
#3418 = DIRECTION( '', ( 1.00000000000000, 0.000000000000000, 0.000000000000000 ) );
#3419 = DIRECTION( '', ( 0.000000000000000, 0.000000000000000, -1.00000000000000 ) );
#3420 = SURFACE_STYLE_FILL_AREA( #5998 );
#3421 = ORIENTED_EDGE( '', *, *, #5784, .T. );
#3422 = ORIENTED_EDGE( '', *, *, #5999, .F. );
#3423 = ORIENTED_EDGE( '', *, *, #6000, .F. );
#3424 = ORIENTED_EDGE( '', *, *, #6001, .T. );
#3425 = CARTESIAN_POINT( '', ( -4.50786885245902, -5.52713114754099, 11.7900000000000 ) );
#3426 = DIRECTION( '', ( 0.965363393028266, 0.260909025142774, 0.000000000000000 ) );
#3427 = DIRECTION( '', ( -0.260909025142774, 0.965363393028266, 0.000000000000000 ) );
#3428 = SURFACE_STYLE_FILL_AREA( #6002 );
#3429 = ORIENTED_EDGE( '', *, *, #6003, .F. );
#3430 = ORIENTED_EDGE( '', *, *, #6004, .F. );
#3431 = ORIENTED_EDGE( '', *, *, #5948, .T. );
#3432 = ORIENTED_EDGE( '', *, *, #6005, .T. );
#3433 = CARTESIAN_POINT( '', ( 3.41800699300692, 10.0000000000000, 0.000000000000000 ) );
#3434 = DIRECTION( '', ( -0.000000000000000, -0.000000000000000, -1.00000000000000 ) );
#3435 = DIRECTION( '', ( 1.00000000000000, 0.000000000000000, 0.000000000000000 ) );
#3436 = SURFACE_STYLE_FILL_AREA( #6006 );
#3437 = ORIENTED_EDGE( '', *, *, #5775, .F. );
#3438 = ORIENTED_EDGE( '', *, *, #6007, .F. );
#3439 = ORIENTED_EDGE( '', *, *, #6008, .T. );
#3440 = ORIENTED_EDGE( '', *, *, #6009, .T. );
#3441 = CARTESIAN_POINT( '', ( 7.36520010960730, 1.15407041951190, 11.7900000000000 ) );
#3442 = CARTESIAN_POINT( '', ( 7.41120315878071, 1.46930978667174, 11.7900000000000 ) );
#3443 = CARTESIAN_POINT( '', ( 7.68264566207386, 1.71141819644225, 11.7900000000000 ) );
#3444 = CARTESIAN_POINT( '', ( 8.01063187767251, 1.71141819644225, 11.7900000000000 ) );
#3445 = CARTESIAN_POINT( '', ( 8.33861809327117, 1.71141819644225, 11.7900000000000 ) );
#3446 = CARTESIAN_POINT( '', ( 8.61006059656432, 1.46930978667174, 11.7900000000000 ) );
#3447 = CARTESIAN_POINT( '', ( 8.65606364573773, 1.15407041951190, 11.7900000000000 ) );
#3448 = DIRECTION( '', ( 0.000000000000000, 0.000000000000000, 1.00000000000000 ) );
#3449 = SURFACE_STYLE_FILL_AREA( #6010 );
#3450 = ORIENTED_EDGE( '', *, *, #5847, .T. );
#3451 = ORIENTED_EDGE( '', *, *, #6011, .F. );
#3452 = ORIENTED_EDGE( '', *, *, #5963, .F. );
#3453 = ORIENTED_EDGE( '', *, *, #6012, .T. );
#3454 = CARTESIAN_POINT( '', ( 2.73540983606558, -5.85762295081968, 11.7900000000000 ) );
#3455 = CARTESIAN_POINT( '', ( 2.73540983606558, -5.36647540983607, 11.7900000000000 ) );
#3456 = CARTESIAN_POINT( '', ( 2.73540983606558, -4.87532786885246, 11.7900000000000 ) );
#3457 = CARTESIAN_POINT( '', ( 2.73540983606558, -4.38418032786886, 11.7900000000000 ) );
#3458 = CARTESIAN_POINT( '', ( 2.73540983606558, -4.04188524590164, 11.7900000000000 ) );
#3459 = CARTESIAN_POINT( '', ( 2.92622950819672, -3.82155737704919, 11.7900000000000 ) );
#3460 = CARTESIAN_POINT( '', ( 3.47114754098361, -3.82155737704919, 11.7900000000000 ) );
#3461 = CARTESIAN_POINT( '', ( 3.59508196721312, -3.97106557377050, 11.7900000000000 ) );
#3462 = CARTESIAN_POINT( '', ( 3.59508196721312, -4.27204918032787, 11.7900000000000 ) );
#3463 = CARTESIAN_POINT( '', ( 3.59508196721312, -4.80057377049181, 11.7900000000000 ) );
#3464 = CARTESIAN_POINT( '', ( 3.59508196721312, -5.32909836065574, 11.7900000000000 ) );
#3465 = CARTESIAN_POINT( '', ( 3.59508196721312, -5.85762295081967, 11.7900000000000 ) );
#3466 = DIRECTION( '', ( 0.000000000000000, 0.000000000000000, 1.00000000000000 ) );
#3467 = SURFACE_STYLE_FILL_AREA( #6013 );
#3468 = ORIENTED_EDGE( '', *, *, #5768, .F. );
#3469 = ORIENTED_EDGE( '', *, *, #6014, .F. );
#3470 = ORIENTED_EDGE( '', *, *, #6015, .T. );
#3471 = ORIENTED_EDGE( '', *, *, #5992, .T. );
#3472 = CARTESIAN_POINT( '', ( 8.65606364573773, 6.99564055886499, 11.7900000000000 ) );
#3473 = DIRECTION( '', ( 0.000000000000000, -1.00000000000000, 0.000000000000000 ) );
#3474 = DIRECTION( '', ( 0.000000000000000, 0.000000000000000, -1.00000000000000 ) );
#3475 = SURFACE_STYLE_FILL_AREA( #6016 );
#3476 = ORIENTED_EDGE( '', *, *, #5780, .F. );
#3477 = ORIENTED_EDGE( '', *, *, #6017, .F. );
#3478 = ORIENTED_EDGE( '', *, *, #6018, .T. );
#3479 = ORIENTED_EDGE( '', *, *, #6019, .T. );
#3480 = CARTESIAN_POINT( '', ( 7.36520010960730, 0.964256772567283, 11.7900000000000 ) );
#3481 = DIRECTION( '', ( 0.000000000000000, 1.00000000000000, 0.000000000000000 ) );
#3482 = DIRECTION( '', ( 0.000000000000000, 0.000000000000000, 1.00000000000000 ) );
#3483 = SURFACE_STYLE_FILL_AREA( #6020 );
#3484 = ORIENTED_EDGE( '', *, *, #6021, .T. );
#3485 = ORIENTED_EDGE( '', *, *, #5983, .T. );
#3486 = ORIENTED_EDGE( '', *, *, #6022, .F. );
#3487 = ORIENTED_EDGE( '', *, *, #6023, .F. );
#3488 = CARTESIAN_POINT( '', ( -2.35000000000000, 10.0000000000000, 31.5255451975061 ) );
#3489 = DIRECTION( '', ( -3.69090101271661E-016, 1.00000000000000, 0.000000000000000 ) );
#3490 = DIRECTION( '', ( -1.00000000000000, -3.69090101271661E-016, 0.000000000000000 ) );
#3491 = SURFACE_STYLE_FILL_AREA( #6024 );
#3492 = ORIENTED_EDGE( '', *, *, #5821, .T. );
#3493 = ORIENTED_EDGE( '', *, *, #6025, .F. );
#3494 = ORIENTED_EDGE( '', *, *, #6026, .F. );
#3495 = ORIENTED_EDGE( '', *, *, #6027, .T. );
#3496 = CARTESIAN_POINT( '', ( 0.268524590163933, -2.90680327868853, 11.7900000000000 ) );
#3497 = DIRECTION( '', ( 0.000000000000000, 1.00000000000000, 0.000000000000000 ) );
#3498 = DIRECTION( '', ( 0.000000000000000, 0.000000000000000, 1.00000000000000 ) );
#3499 = SURFACE_STYLE_FILL_AREA( #6028 );
#3500 = ORIENTED_EDGE( '', *, *, #5806, .T. );
#3501 = ORIENTED_EDGE( '', *, *, #5990, .F. );
#3502 = ORIENTED_EDGE( '', *, *, #6029, .F. );
#3503 = ORIENTED_EDGE( '', *, *, #6030, .T. );
#3504 = CARTESIAN_POINT( '', ( -2.90459016393442, -4.31729508196721, 11.7900000000000 ) );
#3505 = DIRECTION( '', ( 0.000000000000000, -1.00000000000000, 0.000000000000000 ) );
#3506 = DIRECTION( '', ( 0.000000000000000, 0.000000000000000, -1.00000000000000 ) );
#3507 = SURFACE_STYLE_FILL_AREA( #6031 );
#3508 = ORIENTED_EDGE( '', *, *, #6032, .F. );
#3509 = ORIENTED_EDGE( '', *, *, #6033, .F. );
#3510 = ORIENTED_EDGE( '', *, *, #6034, .T. );
#3511 = ORIENTED_EDGE( '', *, *, #6035, .T. );
#3512 = CARTESIAN_POINT( '', ( 1.75000000000000, 11.2500000000000, 0.549999999999976 ) );
#3513 = DIRECTION( '', ( -6.26785020215771E-017, 1.00000000000000, -2.11293967841267E-016 ) );
#3514 = DIRECTION( '', ( 0.000000000000000, 2.11293967841267E-016, 1.00000000000000 ) );
#3515 = SURFACE_STYLE_FILL_AREA( #6036 );
#3516 = ORIENTED_EDGE( '', *, *, #5815, .T. );
#3517 = ORIENTED_EDGE( '', *, *, #6037, .F. );
#3518 = ORIENTED_EDGE( '', *, *, #6038, .F. );
#3519 = ORIENTED_EDGE( '', *, *, #6039, .T. );
#3520 = CARTESIAN_POINT( '', ( -0.842950819672131, -4.00844262295082, 11.7900000000000 ) );
#3521 = DIRECTION( '', ( 0.000000000000000, 1.00000000000000, 0.000000000000000 ) );
#3522 = DIRECTION( '', ( 0.000000000000000, 0.000000000000000, 1.00000000000000 ) );
#3523 = SURFACE_STYLE_FILL_AREA( #6040 );
#3524 = ORIENTED_EDGE( '', *, *, #6029, .T. );
#3525 = ORIENTED_EDGE( '', *, *, #5989, .T. );
#3526 = ORIENTED_EDGE( '', *, *, #6041, .T. );
#3527 = ORIENTED_EDGE( '', *, *, #6042, .T. );
#3528 = ORIENTED_EDGE( '', *, *, #6043, .T. );
#3529 = ORIENTED_EDGE( '', *, *, #6044, .T. );
#3530 = ORIENTED_EDGE( '', *, *, #6045, .T. );
#3531 = ORIENTED_EDGE( '', *, *, #6046, .T. );
#3532 = ORIENTED_EDGE( '', *, *, #6047, .T. );
#3533 = CARTESIAN_POINT( '', ( -2.63488952046691, -4.71575951746148, 11.7900000000000 ) );
#3534 = DIRECTION( '', ( 0.000000000000000, 0.000000000000000, 1.00000000000000 ) );
#3535 = DIRECTION( '', ( 1.00000000000000, 0.000000000000000, 0.000000000000000 ) );
#3536 = SURFACE_STYLE_FILL_AREA( #6048 );
#3537 = ORIENTED_EDGE( '', *, *, #6049, .F. );
#3538 = ORIENTED_EDGE( '', *, *, #6050, .T. );
#3539 = ORIENTED_EDGE( '', *, *, #6051, .T. );
#3540 = ORIENTED_EDGE( '', *, *, #6052, .F. );
#3541 = ORIENTED_EDGE( '', *, *, #6053, .T. );
#3542 = ORIENTED_EDGE( '', *, *, #6054, .F. );
#3543 = ORIENTED_EDGE( '', *, *, #6005, .F. );
#3544 = ORIENTED_EDGE( '', *, *, #5955, .T. );
#3545 = CARTESIAN_POINT( '', ( 0.000000000000000, 0.000000000000000, -17.7684237641894 ) );
#3546 = DIRECTION( '', ( -0.000000000000000, -0.000000000000000, -1.00000000000000 ) );
#3547 = DIRECTION( '', ( 1.00000000000000, 0.000000000000000, 0.000000000000000 ) );
#3548 = SURFACE_STYLE_FILL_AREA( #6055 );
#3549 = ORIENTED_EDGE( '', *, *, #5767, .F. );
#3550 = ORIENTED_EDGE( '', *, *, #6056, .F. );
#3551 = ORIENTED_EDGE( '', *, *, #6057, .T. );
#3552 = ORIENTED_EDGE( '', *, *, #6014, .T. );
#3553 = CARTESIAN_POINT( '', ( 7.36520010960730, 6.99564055886499, 11.7900000000000 ) );
#3554 = CARTESIAN_POINT( '', ( 7.41120315878071, 7.31087992602483, 11.7900000000000 ) );
#3555 = CARTESIAN_POINT( '', ( 7.68264566207386, 7.55298833579534, 11.7900000000000 ) );
#3556 = CARTESIAN_POINT( '', ( 8.01063187767251, 7.55298833579534, 11.7900000000000 ) );
#3557 = CARTESIAN_POINT( '', ( 8.33861809327117, 7.55298833579534, 11.7900000000000 ) );
#3558 = CARTESIAN_POINT( '', ( 8.61006059656432, 7.31087992602483, 11.7900000000000 ) );
#3559 = CARTESIAN_POINT( '', ( 8.65606364573773, 6.99564055886499, 11.7900000000000 ) );
#3560 = DIRECTION( '', ( 0.000000000000000, 0.000000000000000, 1.00000000000000 ) );
#3561 = SURFACE_STYLE_FILL_AREA( #6058 );
#3562 = ORIENTED_EDGE( '', *, *, #6059, .F. );
#3563 = ORIENTED_EDGE( '', *, *, #6060, .F. );
#3564 = ORIENTED_EDGE( '', *, *, #6061, .F. );
#3565 = ORIENTED_EDGE( '', *, *, #6062, .F. );
#3566 = CARTESIAN_POINT( '', ( -6.05000000000000, 10.7500000000000, -23.3887859734183 ) );
#3567 = DIRECTION( '', ( -0.000000000000000, -0.000000000000000, -1.00000000000000 ) );
#3568 = DIRECTION( '', ( 1.00000000000000, 0.000000000000000, 0.000000000000000 ) );
#3569 = SURFACE_STYLE_FILL_AREA( #6063 );
#3570 = ORIENTED_EDGE( '', *, *, #6064, .F. );
#3571 = ORIENTED_EDGE( '', *, *, #6065, .F. );
#3572 = ORIENTED_EDGE( '', *, *, #6066, .F. );
#3573 = ORIENTED_EDGE( '', *, *, #6067, .F. );
#3574 = CARTESIAN_POINT( '', ( -6.05000000000000, -10.7500000000000, 1.90000000000000 ) );
#3575 = DIRECTION( '', ( -0.000000000000000, -0.000000000000000, -1.00000000000000 ) );
#3576 = DIRECTION( '', ( 1.00000000000000, 0.000000000000000, 0.000000000000000 ) );
#3577 = SURFACE_STYLE_FILL_AREA( #6068 );
#3578 = ORIENTED_EDGE( '', *, *, #6069, .F. );
#3579 = ORIENTED_EDGE( '', *, *, #6070, .F. );
#3580 = ORIENTED_EDGE( '', *, *, #5921, .F. );
#3581 = ORIENTED_EDGE( '', *, *, #6071, .F. );
#3582 = CARTESIAN_POINT( '', ( -3.35000000000000, -10.2500000000000, 0.300000000000000 ) );
#3583 = DIRECTION( '', ( -0.000000000000000, -0.000000000000000, 1.00000000000000 ) );
#3584 = DIRECTION( '', ( -1.00000000000000, 0.000000000000000, 0.000000000000000 ) );
#3585 = SURFACE_STYLE_FILL_AREA( #6072 );
#3586 = ORIENTED_EDGE( '', *, *, #6073, .F. );
#3587 = ORIENTED_EDGE( '', *, *, #6074, .T. );
#3588 = ORIENTED_EDGE( '', *, *, #5902, .T. );
#3589 = ORIENTED_EDGE( '', *, *, #6070, .T. );
#3590 = CARTESIAN_POINT( '', ( -11.0000000000000, -11.2500000000000, 1.90000000000000 ) );
#3591 = DIRECTION( '', ( -7.88510670898549E-017, 1.00000000000000, 0.000000000000000 ) );
#3592 = DIRECTION( '', ( -1.00000000000000, -7.88510670898549E-017, 0.000000000000000 ) );
#3593 = SURFACE_STYLE_FILL_AREA( #6075 );
#3594 = ORIENTED_EDGE( '', *, *, #6076, .F. );
#3595 = ORIENTED_EDGE( '', *, *, #6077, .F. );
#3596 = ORIENTED_EDGE( '', *, *, #6078, .F. );
#3597 = ORIENTED_EDGE( '', *, *, #6079, .F. );
#3598 = ORIENTED_EDGE( '', *, *, #6080, .F. );
#3599 = ORIENTED_EDGE( '', *, *, #6081, .F. );
#3600 = ORIENTED_EDGE( '', *, *, #6082, .F. );
#3601 = ORIENTED_EDGE( '', *, *, #6083, .F. );
#3602 = ORIENTED_EDGE( '', *, *, #6084, .F. );
#3603 = CARTESIAN_POINT( '', ( 8.01063187767251, 4.66084281982266, 11.7900000000000 ) );
#3604 = DIRECTION( '', ( 0.000000000000000, 0.000000000000000, 1.00000000000000 ) );
#3605 = DIRECTION( '', ( 1.00000000000000, 0.000000000000000, 0.000000000000000 ) );
#3606 = SURFACE_STYLE_FILL_AREA( #6085 );
#3607 = ORIENTED_EDGE( '', *, *, #5863, .F. );
#3608 = ORIENTED_EDGE( '', *, *, #6086, .F. );
#3609 = ORIENTED_EDGE( '', *, *, #6087, .T. );
#3610 = ORIENTED_EDGE( '', *, *, #6088, .T. );
#3611 = CARTESIAN_POINT( '', ( 5.18655126394040, 2.43896908425749, 11.7900000000000 ) );
#3612 = DIRECTION( '', ( 0.000000000000000, 1.00000000000000, 0.000000000000000 ) );
#3613 = DIRECTION( '', ( 0.000000000000000, 0.000000000000000, 1.00000000000000 ) );
#3614 = SURFACE_STYLE_FILL_AREA( #6089 );
#3615 = ORIENTED_EDGE( '', *, *, #5833, .T. );
#3616 = ORIENTED_EDGE( '', *, *, #6090, .F. );
#3617 = ORIENTED_EDGE( '', *, *, #6091, .F. );
#3618 = ORIENTED_EDGE( '', *, *, #6092, .T. );
#3619 = CARTESIAN_POINT( '', ( 1.74000000000000, -2.90680327868853, 11.7900000000000 ) );
#3620 = DIRECTION( '', ( -1.00000000000000, 0.000000000000000, 0.000000000000000 ) );
#3621 = DIRECTION( '', ( 0.000000000000000, 0.000000000000000, 1.00000000000000 ) );
#3622 = SURFACE_STYLE_FILL_AREA( #6093 );
#3623 = ORIENTED_EDGE( '', *, *, #5795, .T. );
#3624 = ORIENTED_EDGE( '', *, *, #6094, .F. );
#3625 = ORIENTED_EDGE( '', *, *, #6095, .F. );
#3626 = ORIENTED_EDGE( '', *, *, #6096, .T. );
#3627 = CARTESIAN_POINT( '', ( -5.41081967213115, -3.15467213114755, 11.7900000000000 ) );
#3628 = DIRECTION( '', ( 0.000000000000000, -1.00000000000000, 0.000000000000000 ) );
#3629 = DIRECTION( '', ( 0.000000000000000, 0.000000000000000, -1.00000000000000 ) );
#3630 = SURFACE_STYLE_FILL_AREA( #6097 );
#3631 = ORIENTED_EDGE( '', *, *, #6098, .T. );
#3632 = ORIENTED_EDGE( '', *, *, #6099, .T. );
#3633 = ORIENTED_EDGE( '', *, *, #6100, .T. );
#3634 = ORIENTED_EDGE( '', *, *, #5931, .T. );
#3635 = ORIENTED_EDGE( '', *, *, #6101, .T. );
#3636 = ORIENTED_EDGE( '', *, *, #6102, .T. );
#3637 = ORIENTED_EDGE( '', *, *, #5977, .T. );
#3638 = ORIENTED_EDGE( '', *, *, #6103, .T. );
#3639 = ORIENTED_EDGE( '', *, *, #6104, .T. );
#3640 = ORIENTED_EDGE( '', *, *, #6105, .T. );
#3641 = ORIENTED_EDGE( '', *, *, #6106, .T. );
#3642 = ORIENTED_EDGE( '', *, *, #6107, .T. );
#3643 = ORIENTED_EDGE( '', *, *, #6026, .T. );
#3644 = CARTESIAN_POINT( '', ( 0.0206557377049170, -4.38221311475410, 11.7900000000000 ) );
#3645 = DIRECTION( '', ( 0.000000000000000, 0.000000000000000, -1.00000000000000 ) );
#3646 = DIRECTION( '', ( -1.00000000000000, 0.000000000000000, 0.000000000000000 ) );
#3647 = SURFACE_STYLE_FILL_AREA( #6108 );
#3648 = ORIENTED_EDGE( '', *, *, #6109, .T. );
#3649 = CARTESIAN_POINT( '', ( -11.0000000000000, -11.2500000000000, 11.8000000000000 ) );
#3650 = DIRECTION( '', ( 0.000000000000000, 0.000000000000000, 1.00000000000000 ) );
#3651 = DIRECTION( '', ( 1.00000000000000, 0.000000000000000, 0.000000000000000 ) );
#3652 = SURFACE_STYLE_FILL_AREA( #6110 );
#3653 = ORIENTED_EDGE( '', *, *, #6111, .T. );
#3654 = ORIENTED_EDGE( '', *, *, #6112, .F. );
#3655 = ORIENTED_EDGE( '', *, *, #6113, .F. );
#3656 = ORIENTED_EDGE( '', *, *, #6114, .T. );
#3657 = CARTESIAN_POINT( '', ( -6.42918335756750E-016, -10.5000000000000, 0.550000000000000 ) );
#3658 = DIRECTION( '', ( 1.00000000000000, -6.12303176911189E-017, -0.000000000000000 ) );
#3659 = DIRECTION( '', ( -6.12303176911189E-017, -1.00000000000000, 0.000000000000000 ) );
#3660 = SURFACE_STYLE_FILL_AREA( #6115 );
#3661 = ORIENTED_EDGE( '', *, *, #5760, .F. );
#3662 = ORIENTED_EDGE( '', *, *, #6116, .F. );
#3663 = ORIENTED_EDGE( '', *, *, #6117, .T. );
#3664 = ORIENTED_EDGE( '', *, *, #6118, .T. );
#3665 = CARTESIAN_POINT( '', ( -5.34397975785631, 1.34314867135427, 11.7900000000000 ) );
#3666 = DIRECTION( '', ( 0.989944134660290, 0.141458864167963, 0.000000000000000 ) );
#3667 = DIRECTION( '', ( -0.141458864167963, 0.989944134660290, 0.000000000000000 ) );
#3668 = SURFACE_STYLE_FILL_AREA( #6119 );
#3669 = ORIENTED_EDGE( '', *, *, #6120, .T. );
#3670 = ORIENTED_EDGE( '', *, *, #6071, .T. );
#3671 = ORIENTED_EDGE( '', *, *, #5920, .T. );
#3672 = ORIENTED_EDGE( '', *, *, #6121, .F. );
#3673 = ORIENTED_EDGE( '', *, *, #6122, .F. );
#3674 = ORIENTED_EDGE( '', *, *, #6123, .F. );
#3675 = CARTESIAN_POINT( '', ( -2.35000000000000, -11.2500000000000, 0.300000000000000 ) );
#3676 = DIRECTION( '', ( -1.00000000000000, 0.000000000000000, 0.000000000000000 ) );
#3677 = DIRECTION( '', ( 0.000000000000000, 0.000000000000000, 1.00000000000000 ) );
#3678 = SURFACE_STYLE_FILL_AREA( #6124 );
#3679 = ORIENTED_EDGE( '', *, *, #5885, .T. );
#3680 = ORIENTED_EDGE( '', *, *, #6125, .F. );
#3681 = ORIENTED_EDGE( '', *, *, #6126, .F. );
#3682 = ORIENTED_EDGE( '', *, *, #6127, .T. );
#3683 = CARTESIAN_POINT( '', ( 2.10532749612536, 4.69132086128212, 11.7900000000000 ) );
#3684 = DIRECTION( '', ( 0.000000000000000, 1.00000000000000, 0.000000000000000 ) );
#3685 = DIRECTION( '', ( 0.000000000000000, 0.000000000000000, 1.00000000000000 ) );
#3686 = SURFACE_STYLE_FILL_AREA( #6128 );
#3687 = ORIENTED_EDGE( '', *, *, #6129, .F. );
#3688 = ORIENTED_EDGE( '', *, *, #5924, .F. );
#3689 = ORIENTED_EDGE( '', *, *, #6130, .F. );
#3690 = ORIENTED_EDGE( '', *, *, #6131, .F. );
#3691 = CARTESIAN_POINT( '', ( -9.45238706236560, 2.62878273120210, 11.7900000000000 ) );
#3692 = DIRECTION( '', ( 0.000000000000000, 0.000000000000000, -1.00000000000000 ) );
#3693 = DIRECTION( '', ( -1.00000000000000, 0.000000000000000, 0.000000000000000 ) );
#3694 = SURFACE_STYLE_FILL_AREA( #6132 );
#3695 = ORIENTED_EDGE( '', *, *, #6133, .T. );
#3696 = ORIENTED_EDGE( '', *, *, #6134, .F. );
#3697 = ORIENTED_EDGE( '', *, *, #6047, .F. );
#3698 = ORIENTED_EDGE( '', *, *, #6135, .T. );
#3699 = CARTESIAN_POINT( '', ( -1.85606557377049, -5.08254098360656, 11.7900000000000 ) );
#3700 = CARTESIAN_POINT( '', ( -1.85606557377049, -5.47991803278689, 11.7900000000000 ) );
#3701 = CARTESIAN_POINT( '', ( -2.06262295081967, -5.69827868852459, 11.7900000000000 ) );
#3702 = CARTESIAN_POINT( '', ( -2.57803278688524, -5.69827868852459, 11.7900000000000 ) );
#3703 = CARTESIAN_POINT( '', ( -2.70983606557377, -5.53500000000000, 11.7900000000000 ) );
#3704 = CARTESIAN_POINT( '', ( -2.70983606557377, -5.00778688524590, 11.7900000000000 ) );
#3705 = CARTESIAN_POINT( '', ( -2.58196721311476, -4.88188524590164, 11.7900000000000 ) );
#3706 = CARTESIAN_POINT( '', ( -2.33409836065574, -4.81696721311476, 11.7900000000000 ) );
#3707 = CARTESIAN_POINT( '', ( -2.26516554333174, -4.79891338000609, 11.7900000000000 ) );
#3708 = CARTESIAN_POINT( '', ( -2.19639344262295, -4.78024590163935, 11.7900000000000 ) );
#3709 = CARTESIAN_POINT( '', ( -2.12754098360656, -4.76188524590164, 11.7900000000000 ) );
#3710 = CARTESIAN_POINT( '', ( -2.02836405686688, -4.73543806543773, 11.7900000000000 ) );
#3711 = CARTESIAN_POINT( '', ( -1.89344262295082, -4.69500000000000, 11.7900000000000 ) );
#3712 = CARTESIAN_POINT( '', ( -1.86393442622951, -4.61631147540984, 11.7900000000000 ) );
#3713 = DIRECTION( '', ( 0.000000000000000, 0.000000000000000, 1.00000000000000 ) );
#3714 = SURFACE_STYLE_FILL_AREA( #6136 );
#3715 = ORIENTED_EDGE( '', *, *, #5807, .T. );
#3716 = ORIENTED_EDGE( '', *, *, #6030, .F. );
#3717 = ORIENTED_EDGE( '', *, *, #6044, .F. );
#3718 = ORIENTED_EDGE( '', *, *, #6137, .T. );
#3719 = CARTESIAN_POINT( '', ( -1.40754098360656, -5.67663934426230, 11.7900000000000 ) );
#3720 = CARTESIAN_POINT( '', ( -1.43114754098361, -5.67663934426230, 11.7900000000000 ) );
#3721 = CARTESIAN_POINT( '', ( -1.45475409836066, -5.67663934426230, 11.7900000000000 ) );
#3722 = CARTESIAN_POINT( '', ( -1.47836065573771, -5.67663934426230, 11.7900000000000 ) );
#3723 = CARTESIAN_POINT( '', ( -1.56491803278689, -5.67663934426230, 11.7900000000000 ) );
#3724 = CARTESIAN_POINT( '', ( -1.60622950819672, -5.61565573770492, 11.7900000000000 ) );
#3725 = CARTESIAN_POINT( '', ( -1.60622950819672, -5.49762295081967, 11.7900000000000 ) );
#3726 = CARTESIAN_POINT( '', ( -1.60622950819672, -5.06418032786885, 11.7900000000000 ) );
#3727 = CARTESIAN_POINT( '', ( -1.60622950819672, -4.63073770491804, 11.7900000000000 ) );
#3728 = CARTESIAN_POINT( '', ( -1.60622950819672, -4.19729508196721, 11.7900000000000 ) );
#3729 = CARTESIAN_POINT( '', ( -1.60622950819672, -3.85106557377050, 11.7900000000000 ) );
#3730 = CARTESIAN_POINT( '', ( -1.77737704918033, -3.61500000000000, 11.7900000000000 ) );
#3731 = CARTESIAN_POINT( '', ( -2.69409836065574, -3.61500000000000, 11.7900000000000 ) );
#3732 = CARTESIAN_POINT( '', ( -2.90459016393442, -3.86680327868853, 11.7900000000000 ) );
#3733 = CARTESIAN_POINT( '', ( -2.90459016393442, -4.31729508196721, 11.7900000000000 ) );
#3734 = DIRECTION( '', ( 0.000000000000000, 0.000000000000000, 1.00000000000000 ) );
#3735 = SURFACE_STYLE_FILL_AREA( #6138 );
#3736 = ORIENTED_EDGE( '', *, *, #6139, .T. );
#3737 = ORIENTED_EDGE( '', *, *, #6140, .F. );
#3738 = ORIENTED_EDGE( '', *, *, #6141, .F. );
#3739 = ORIENTED_EDGE( '', *, *, #5804, .F. );
#3740 = CARTESIAN_POINT( '', ( 10.0000000000000, -10.2500000000000, 11.8000000000000 ) );
#3741 = DIRECTION( '', ( -0.000000000000000, 0.000000000000000, -1.00000000000000 ) );
#3742 = DIRECTION( '', ( -1.00000000000000, 0.000000000000000, 0.000000000000000 ) );
#3743 = SURFACE_STYLE_FILL_AREA( #6142 );
#3744 = ORIENTED_EDGE( '', *, *, #6143, .T. );
#3745 = ORIENTED_EDGE( '', *, *, #5801, .F. );
#3746 = ORIENTED_EDGE( '', *, *, #6144, .F. );
#3747 = ORIENTED_EDGE( '', *, *, #5944, .F. );
#3748 = CARTESIAN_POINT( '', ( -10.5000000000000, -11.2500000000000, 11.8000000000000 ) );
#3749 = DIRECTION( '', ( 0.707106781186548, 0.000000000000000, -0.707106781186548 ) );
#3750 = DIRECTION( '', ( -0.707106781186548, 0.000000000000000, -0.707106781186548 ) );
#3751 = SURFACE_STYLE_FILL_AREA( #6145 );
#3752 = ORIENTED_EDGE( '', *, *, #6146, .F. );
#3753 = ORIENTED_EDGE( '', *, *, #6147, .F. );
#3754 = ORIENTED_EDGE( '', *, *, #6148, .T. );
#3755 = ORIENTED_EDGE( '', *, *, #6149, .T. );
#3756 = CARTESIAN_POINT( '', ( 1.75000000000000, 5.75000000000000, -0.200000000000003 ) );
#3757 = DIRECTION( '', ( -1.23908819712696E-016, -3.10852175506041E-015, -1.00000000000000 ) );
#3758 = DIRECTION( '', ( 0.000000000000000, 1.00000000000000, -3.10852175506041E-015 ) );
#3759 = SURFACE_STYLE_FILL_AREA( #6150 );
#3760 = ORIENTED_EDGE( '', *, *, #6151, .F. );
#3761 = ORIENTED_EDGE( '', *, *, #6152, .F. );
#3762 = ORIENTED_EDGE( '', *, *, #6153, .T. );
#3763 = ORIENTED_EDGE( '', *, *, #6154, .T. );
#3764 = CARTESIAN_POINT( '', ( 1.75000000000000, -5.75000000000000, -0.200000000000003 ) );
#3765 = DIRECTION( '', ( 1.23908819712629E-016, 1.02713890024942E-016, 1.00000000000000 ) );
#3766 = DIRECTION( '', ( 1.00000000000000, 0.000000000000000, -1.23908819712629E-016 ) );
#3767 = SURFACE_STYLE_FILL_AREA( #6155 );
#3768 = ORIENTED_EDGE( '', *, *, #5761, .F. );
#3769 = ORIENTED_EDGE( '', *, *, #6118, .F. );
#3770 = ORIENTED_EDGE( '', *, *, #6156, .T. );
#3771 = ORIENTED_EDGE( '', *, *, #6157, .T. );
#3772 = CARTESIAN_POINT( '', ( -5.47340929585040, 2.24891030561213, 11.7900000000000 ) );
#3773 = DIRECTION( '', ( -0.834335938836838, 0.551256329818762, 0.000000000000000 ) );
#3774 = DIRECTION( '', ( -0.551256329818762, -0.834335938836838, 0.000000000000000 ) );
#3775 = SURFACE_STYLE_FILL_AREA( #6158 );
#3776 = ORIENTED_EDGE( '', *, *, #5808, .T. );
#3777 = ORIENTED_EDGE( '', *, *, #6137, .F. );
#3778 = ORIENTED_EDGE( '', *, *, #6043, .F. );
#3779 = ORIENTED_EDGE( '', *, *, #6159, .T. );
#3780 = CARTESIAN_POINT( '', ( -1.40754098360656, -5.85959016393443, 11.7900000000000 ) );
#3781 = DIRECTION( '', ( 1.00000000000000, 0.000000000000000, 0.000000000000000 ) );
#3782 = DIRECTION( '', ( 0.000000000000000, 0.000000000000000, -1.00000000000000 ) );
#3783 = SURFACE_STYLE_FILL_AREA( #6160 );
#3784 = ORIENTED_EDGE( '', *, *, #6161, .T. );
#3785 = ORIENTED_EDGE( '', *, *, #6162, .F. );
#3786 = CARTESIAN_POINT( '', ( 7.54815006893102, 6.90077459067614, 11.7900000000000 ) );
#3787 = CARTESIAN_POINT( '', ( 7.54815006893102, 6.64534735849841, 11.7900000000000 ) );
#3788 = CARTESIAN_POINT( '', ( 7.75520464549479, 6.43829278193464, 11.7900000000000 ) );
#3789 = CARTESIAN_POINT( '', ( 8.01063187767251, 6.43829278193464, 11.7900000000000 ) );
#3790 = CARTESIAN_POINT( '', ( 8.26605910985024, 6.43829278193464, 11.7900000000000 ) );
#3791 = CARTESIAN_POINT( '', ( 8.47311368641401, 6.64534735849841, 11.7900000000000 ) );
#3792 = CARTESIAN_POINT( '', ( 8.47311368641401, 6.90077459067614, 11.7900000000000 ) );
#3793 = CARTESIAN_POINT( '', ( 8.47311368641401, 7.15620182285387, 11.7900000000000 ) );
#3794 = CARTESIAN_POINT( '', ( 8.26605910985024, 7.36325639941764, 11.7900000000000 ) );
#3795 = CARTESIAN_POINT( '', ( 8.01063187767251, 7.36325639941764, 11.7900000000000 ) );
#3796 = CARTESIAN_POINT( '', ( 7.75520464549479, 7.36325639941764, 11.7900000000000 ) );
#3797 = CARTESIAN_POINT( '', ( 7.54815006893102, 7.15620182285387, 11.7900000000000 ) );
#3798 = CARTESIAN_POINT( '', ( 7.54815006893102, 6.90077459067614, 11.7900000000000 ) );
#3799 = DIRECTION( '', ( 0.000000000000000, 0.000000000000000, 1.00000000000000 ) );
#3800 = SURFACE_STYLE_FILL_AREA( #6163 );
#3801 = ORIENTED_EDGE( '', *, *, #5772, .F. );
#3802 = ORIENTED_EDGE( '', *, *, #6164, .F. );
#3803 = ORIENTED_EDGE( '', *, *, #6165, .T. );
#3804 = ORIENTED_EDGE( '', *, *, #6166, .T. );
#3805 = CARTESIAN_POINT( '', ( 7.36520010960730, 6.80590862248730, 11.7900000000000 ) );
#3806 = DIRECTION( '', ( 0.000000000000000, 1.00000000000000, 0.000000000000000 ) );
#3807 = DIRECTION( '', ( 0.000000000000000, 0.000000000000000, 1.00000000000000 ) );
#3808 = SURFACE_STYLE_FILL_AREA( #6167 );
#3809 = ORIENTED_EDGE( '', *, *, #5861, .F. );
#3810 = ORIENTED_EDGE( '', *, *, #6168, .F. );
#3811 = ORIENTED_EDGE( '', *, *, #6169, .T. );
#3812 = ORIENTED_EDGE( '', *, *, #6170, .T. );
#3813 = CARTESIAN_POINT( '', ( 9.52195052334085, 2.43896908425749, 11.7900000000000 ) );
#3814 = DIRECTION( '', ( 0.000000000000000, 1.00000000000000, 0.000000000000000 ) );
#3815 = DIRECTION( '', ( 0.000000000000000, 0.000000000000000, 1.00000000000000 ) );
#3816 = SURFACE_STYLE_FILL_AREA( #6171 );
#3817 = ORIENTED_EDGE( '', *, *, #5904, .T. );
#3818 = ORIENTED_EDGE( '', *, *, #6172, .T. );
#3819 = ORIENTED_EDGE( '', *, *, #6173, .F. );
#3820 = ORIENTED_EDGE( '', *, *, #6174, .T. );
#3821 = CARTESIAN_POINT( '', ( -11.0000000000000, 11.2500000000000, 1.90000000000000 ) );
#3822 = DIRECTION( '', ( 1.00000000000000, 0.000000000000000, 0.000000000000000 ) );
#3823 = DIRECTION( '', ( 0.000000000000000, 0.000000000000000, -1.00000000000000 ) );
#3824 = SURFACE_STYLE_FILL_AREA( #6175 );
#3825 = ORIENTED_EDGE( '', *, *, #6176, .T. );
#3826 = ORIENTED_EDGE( '', *, *, #6177, .T. );
#3827 = ORIENTED_EDGE( '', *, *, #6178, .T. );
#3828 = ORIENTED_EDGE( '', *, *, #6179, .T. );
#3829 = ORIENTED_EDGE( '', *, *, #6180, .T. );
#3830 = ORIENTED_EDGE( '', *, *, #6181, .T. );
#3831 = ORIENTED_EDGE( '', *, *, #6182, .T. );
#3832 = ORIENTED_EDGE( '', *, *, #6183, .T. );
#3833 = ORIENTED_EDGE( '', *, *, #6184, .T. );
#3834 = CARTESIAN_POINT( '', ( 4.26129245829049, -5.18469408450308, 11.7900000000000 ) );
#3835 = DIRECTION( '', ( 0.000000000000000, 0.000000000000000, -1.00000000000000 ) );
#3836 = DIRECTION( '', ( -1.00000000000000, 0.000000000000000, 0.000000000000000 ) );
#3837 = SURFACE_STYLE_FILL_AREA( #6185 );
#3838 = ORIENTED_EDGE( '', *, *, #6186, .T. );
#3839 = CARTESIAN_POINT( '', ( -11.0000000000000, -11.2500000000000, 11.8000000000000 ) );
#3840 = DIRECTION( '', ( 0.000000000000000, 0.000000000000000, 1.00000000000000 ) );
#3841 = DIRECTION( '', ( 1.00000000000000, 0.000000000000000, 0.000000000000000 ) );
#3842 = SURFACE_STYLE_FILL_AREA( #6187 );
#3843 = ORIENTED_EDGE( '', *, *, #6188, .F. );
#3844 = ORIENTED_EDGE( '', *, *, #6189, .F. );
#3845 = ORIENTED_EDGE( '', *, *, #6190, .F. );
#3846 = ORIENTED_EDGE( '', *, *, #6191, .F. );
#3847 = ORIENTED_EDGE( '', *, *, #6192, .F. );
#3848 = ORIENTED_EDGE( '', *, *, #6193, .F. );
#3849 = ORIENTED_EDGE( '', *, *, #6194, .F. );
#3850 = ORIENTED_EDGE( '', *, *, #6195, .F. );
#3851 = ORIENTED_EDGE( '', *, *, #6196, .F. );
#3852 = CARTESIAN_POINT( '', ( 5.83190132143871, 6.13555513151287, 11.7900000000000 ) );
#3853 = DIRECTION( '', ( 0.000000000000000, 0.000000000000000, 1.00000000000000 ) );
#3854 = DIRECTION( '', ( 1.00000000000000, 0.000000000000000, 0.000000000000000 ) );
#3855 = SURFACE_STYLE_FILL_AREA( #6197 );
#3856 = ORIENTED_EDGE( '', *, *, #5870, .F. );
#3857 = ORIENTED_EDGE( '', *, *, #6198, .F. );
#3858 = ORIENTED_EDGE( '', *, *, #6193, .T. );
#3859 = ORIENTED_EDGE( '', *, *, #6199, .T. );
#3860 = CARTESIAN_POINT( '', ( 6.47733308950392, 5.38839370763791, 11.7900000000000 ) );
#3861 = CARTESIAN_POINT( '', ( 6.43141175089742, 5.07315434047806, 11.7900000000000 ) );
#3862 = CARTESIAN_POINT( '', ( 6.15996924760427, 4.83104593070756, 11.7900000000000 ) );
#3863 = CARTESIAN_POINT( '', ( 5.83190132143871, 4.83104593070756, 11.7900000000000 ) );
#3864 = CARTESIAN_POINT( '', ( 5.50391510584005, 4.83104593070756, 11.7900000000000 ) );
#3865 = CARTESIAN_POINT( '', ( 5.23247260254689, 5.07315434047806, 11.7900000000000 ) );
#3866 = CARTESIAN_POINT( '', ( 5.18655126394040, 5.38839370763791, 11.7900000000000 ) );
#3867 = DIRECTION( '', ( 0.000000000000000, 0.000000000000000, 1.00000000000000 ) );
#3868 = SURFACE_STYLE_FILL_AREA( #6200 );
#3869 = ORIENTED_EDGE( '', *, *, #6201, .F. );
#3870 = ORIENTED_EDGE( '', *, *, #6065, .T. );
#3871 = ORIENTED_EDGE( '', *, *, #6202, .F. );
#3872 = ORIENTED_EDGE( '', *, *, #6203, .F. );
#3873 = CARTESIAN_POINT( '', ( -13.5482332538270, -10.9181214363963, -23.3887859734183 ) );
#3874 = DIRECTION( '', ( -0.000000000000000, -0.000000000000000, 1.00000000000000 ) );
#3875 = DIRECTION( '', ( -1.00000000000000, 0.000000000000000, 0.000000000000000 ) );
#3876 = SURFACE_STYLE_FILL_AREA( #6204 );
#3877 = ORIENTED_EDGE( '', *, *, #6161, .F. );
#3878 = ORIENTED_EDGE( '', *, *, #6057, .F. );
#3879 = ORIENTED_EDGE( '', *, *, #6205, .F. );
#3880 = ORIENTED_EDGE( '', *, *, #6206, .F. );
#3881 = ORIENTED_EDGE( '', *, *, #6165, .F. );
#3882 = ORIENTED_EDGE( '', *, *, #6207, .F. );
#3883 = ORIENTED_EDGE( '', *, *, #6208, .F. );
#3884 = ORIENTED_EDGE( '', *, *, #5993, .F. );
#3885 = ORIENTED_EDGE( '', *, *, #6015, .F. );
#3886 = CARTESIAN_POINT( '', ( 8.01063187767251, 7.55298833579534, 11.7900000000000 ) );
#3887 = DIRECTION( '', ( 0.000000000000000, 0.000000000000000, 1.00000000000000 ) );
#3888 = DIRECTION( '', ( 1.00000000000000, 0.000000000000000, 0.000000000000000 ) );
#3889 = SURFACE_STYLE_FILL_AREA( #6209 );
#3890 = ORIENTED_EDGE( '', *, *, #6141, .T. );
#3891 = ORIENTED_EDGE( '', *, *, #6210, .F. );
#3892 = ORIENTED_EDGE( '', *, *, #6211, .F. );
#3893 = ORIENTED_EDGE( '', *, *, #5805, .F. );
#3894 = CARTESIAN_POINT( '', ( 10.5000000000000, -11.2500000000000, 11.8000000000000 ) );
#3895 = DIRECTION( '', ( -0.707106781186546, 0.000000000000000, -0.707106781186549 ) );
#3896 = DIRECTION( '', ( -0.707106781186549, 0.000000000000000, 0.707106781186546 ) );
#3897 = SURFACE_STYLE_FILL_AREA( #6212 );
#3898 = ORIENTED_EDGE( '', *, *, #5777, .F. );
#3899 = ORIENTED_EDGE( '', *, *, #6213, .F. );
#3900 = ORIENTED_EDGE( '', *, *, #6214, .T. );
#3901 = ORIENTED_EDGE( '', *, *, #6215, .T. );
#3902 = CARTESIAN_POINT( '', ( 9.52195052334085, 1.15407041951190, 11.7900000000000 ) );
#3903 = DIRECTION( '', ( -1.00000000000000, 0.000000000000000, 0.000000000000000 ) );
#3904 = DIRECTION( '', ( 0.000000000000000, 0.000000000000000, 1.00000000000000 ) );
#3905 = SURFACE_STYLE_FILL_AREA( #6216 );
#3906 = ORIENTED_EDGE( '', *, *, #6176, .F. );
#3907 = ORIENTED_EDGE( '', *, *, #5974, .T. );
#3908 = CARTESIAN_POINT( '', ( 4.49409836065573, -4.73434426229509, 11.7900000000000 ) );
#3909 = CARTESIAN_POINT( '', ( 4.49409836065573, -4.03991803278689, 11.7900000000000 ) );
#3910 = CARTESIAN_POINT( '', ( 4.66327868852459, -3.82155737704919, 11.7900000000000 ) );
#3911 = CARTESIAN_POINT( '', ( 5.25737704918033, -3.82155737704919, 11.7900000000000 ) );
#3912 = CARTESIAN_POINT( '', ( 5.42852459016393, -4.03991803278689, 11.7900000000000 ) );
#3913 = CARTESIAN_POINT( '', ( 5.42852459016393, -5.43467213114754, 11.7900000000000 ) );
#3914 = CARTESIAN_POINT( '', ( 5.25737704918033, -5.65106557377049, 11.7900000000000 ) );
#3915 = CARTESIAN_POINT( '', ( 4.66327868852459, -5.65106557377049, 11.7900000000000 ) );
#3916 = CARTESIAN_POINT( '', ( 4.49409836065573, -5.43467213114754, 11.7900000000000 ) );
#3917 = CARTESIAN_POINT( '', ( 4.49409836065573, -4.73434426229509, 11.7900000000000 ) );
#3918 = DIRECTION( '', ( 0.000000000000000, 0.000000000000000, 1.00000000000000 ) );
#3919 = SURFACE_STYLE_FILL_AREA( #6217 );
#3920 = ORIENTED_EDGE( '', *, *, #5859, .F. );
#3921 = ORIENTED_EDGE( '', *, *, #6218, .F. );
#3922 = ORIENTED_EDGE( '', *, *, #6219, .T. );
#3923 = ORIENTED_EDGE( '', *, *, #6220, .T. );
#3924 = CARTESIAN_POINT( '', ( 6.47733308950392, 2.62878273120210, 11.7900000000000 ) );
#3925 = DIRECTION( '', ( 0.000000000000000, -1.00000000000000, 0.000000000000000 ) );
#3926 = DIRECTION( '', ( 0.000000000000000, 0.000000000000000, -1.00000000000000 ) );
#3927 = SURFACE_STYLE_FILL_AREA( #6221 );
#3928 = ORIENTED_EDGE( '', *, *, #5829, .T. );
#3929 = ORIENTED_EDGE( '', *, *, #6222, .F. );
#3930 = ORIENTED_EDGE( '', *, *, #6101, .F. );
#3931 = ORIENTED_EDGE( '', *, *, #5930, .T. );
#3932 = CARTESIAN_POINT( '', ( 0.595081967213114, -4.70090163934427, 11.7900000000000 ) );
#3933 = DIRECTION( '', ( -0.870783404645587, -0.491666820310095, 0.000000000000000 ) );
#3934 = DIRECTION( '', ( 0.491666820310095, -0.870783404645587, 0.000000000000000 ) );
#3935 = SURFACE_STYLE_FILL_AREA( #6223 );
#3936 = ORIENTED_EDGE( '', *, *, #6053, .F. );
#3937 = ORIENTED_EDGE( '', *, *, #6224, .F. );
#3938 = ORIENTED_EDGE( '', *, *, #6225, .T. );
#3939 = ORIENTED_EDGE( '', *, *, #6226, .T. );
#3940 = SURFACE_STYLE_FILL_AREA( #6227 );
#3941 = ORIENTED_EDGE( '', *, *, #5749, .F. );
#3942 = ORIENTED_EDGE( '', *, *, #6157, .F. );
#3943 = ORIENTED_EDGE( '', *, *, #6228, .T. );
#3944 = ORIENTED_EDGE( '', *, *, #6229, .T. );
#3945 = CARTESIAN_POINT( '', ( -6.07185748793922, 1.34314867135427, 11.7900000000000 ) );
#3946 = DIRECTION( '', ( 0.000000000000000, 1.00000000000000, 0.000000000000000 ) );
#3947 = DIRECTION( '', ( 0.000000000000000, 0.000000000000000, 1.00000000000000 ) );
#3948 = SURFACE_STYLE_FILL_AREA( #6230 );
#3949 = ORIENTED_EDGE( '', *, *, #5756, .F. );
#3950 = ORIENTED_EDGE( '', *, *, #6231, .F. );
#3951 = ORIENTED_EDGE( '', *, *, #6232, .T. );
#3952 = ORIENTED_EDGE( '', *, *, #6233, .T. );
#3953 = CARTESIAN_POINT( '', ( -4.03383252793383, 3.85019228545439, 11.7900000000000 ) );
#3954 = DIRECTION( '', ( 0.858817546736232, -0.512281584109715, 0.000000000000000 ) );
#3955 = DIRECTION( '', ( 0.512281584109715, 0.858817546736232, 0.000000000000000 ) );
#3956 = SURFACE_STYLE_FILL_AREA( #6234 );
#3957 = ORIENTED_EDGE( '', *, *, #5810, .T. );
#3958 = ORIENTED_EDGE( '', *, *, #6235, .F. );
#3959 = ORIENTED_EDGE( '', *, *, #6041, .F. );
#3960 = ORIENTED_EDGE( '', *, *, #5988, .T. );
#3961 = CARTESIAN_POINT( '', ( -1.85213114754099, -5.53893442622951, 11.7900000000000 ) );
#3962 = DIRECTION( '', ( 0.000000000000000, -1.00000000000000, 0.000000000000000 ) );
#3963 = DIRECTION( '', ( 0.000000000000000, 0.000000000000000, -1.00000000000000 ) );
#3964 = SURFACE_STYLE_FILL_AREA( #6236 );
#3965 = ORIENTED_EDGE( '', *, *, #5786, .T. );
#3966 = ORIENTED_EDGE( '', *, *, #6237, .F. );
#3967 = ORIENTED_EDGE( '', *, *, #6238, .F. );
#3968 = ORIENTED_EDGE( '', *, *, #6239, .T. );
#3969 = CARTESIAN_POINT( '', ( -3.78786885245901, -2.90680327868853, 11.7900000000000 ) );
#3970 = DIRECTION( '', ( -0.965180647833941, 0.261584244645686, 0.000000000000000 ) );
#3971 = DIRECTION( '', ( -0.261584244645686, -0.965180647833941, 0.000000000000000 ) );
#3972 = SURFACE_STYLE_FILL_AREA( #6240 );
#3973 = ORIENTED_EDGE( '', *, *, #5828, .T. );
#3974 = ORIENTED_EDGE( '', *, *, #5978, .F. );
#3975 = ORIENTED_EDGE( '', *, *, #6102, .F. );
#3976 = ORIENTED_EDGE( '', *, *, #6222, .T. );
#3977 = CARTESIAN_POINT( '', ( 1.24819672131147, -5.85762295081967, 11.7900000000000 ) );
#3978 = DIRECTION( '', ( 0.000000000000000, -1.00000000000000, 0.000000000000000 ) );
#3979 = DIRECTION( '', ( 0.000000000000000, 0.000000000000000, -1.00000000000000 ) );
#3980 = SURFACE_STYLE_FILL_AREA( #6241 );
#3981 = ORIENTED_EDGE( '', *, *, #5877, .F. );
#3982 = ORIENTED_EDGE( '', *, *, #6242, .F. );
#3983 = ORIENTED_EDGE( '', *, *, #6243, .T. );
#3984 = ORIENTED_EDGE( '', *, *, #6244, .T. );
#3985 = CARTESIAN_POINT( '', ( -7.90781221596267, 5.38839370763791, 11.7900000000000 ) );
#3986 = DIRECTION( '', ( 0.000000000000000, 1.00000000000000, 0.000000000000000 ) );
#3987 = DIRECTION( '', ( 0.000000000000000, 0.000000000000000, 1.00000000000000 ) );
#3988 = SURFACE_STYLE_FILL_AREA( #6245 );
#3989 = ORIENTED_EDGE( '', *, *, #5868, .F. );
#3990 = ORIENTED_EDGE( '', *, *, #6246, .F. );
#3991 = ORIENTED_EDGE( '', *, *, #6195, .T. );
#3992 = ORIENTED_EDGE( '', *, *, #6247, .T. );
#3993 = CARTESIAN_POINT( '', ( 9.52195052334085, 5.57820735458252, 11.7900000000000 ) );
#3994 = DIRECTION( '', ( -1.00000000000000, 0.000000000000000, 0.000000000000000 ) );
#3995 = DIRECTION( '', ( 0.000000000000000, 0.000000000000000, 1.00000000000000 ) );
#3996 = SURFACE_STYLE_FILL_AREA( #6248 );
#3997 = ORIENTED_EDGE( '', *, *, #5880, .F. );
#3998 = ORIENTED_EDGE( '', *, *, #6249, .F. );
#3999 = ORIENTED_EDGE( '', *, *, #6250, .T. );
#4000 = ORIENTED_EDGE( '', *, *, #6242, .T. );
#4001 = CARTESIAN_POINT( '', ( -7.91769919455944, 5.57812564401560, 11.7900000000000 ) );
#4002 = DIRECTION( '', ( -0.998645019874250, -0.0520396414318787, 0.000000000000000 ) );
#4003 = DIRECTION( '', ( 0.0520396414318787, -0.998645019874250, 0.000000000000000 ) );
#4004 = SURFACE_STYLE_FILL_AREA( #6251 );
#4005 = ORIENTED_EDGE( '', *, *, #6252, .F. );
#4006 = ORIENTED_EDGE( '', *, *, #6253, .F. );
#4007 = ORIENTED_EDGE( '', *, *, #6254, .T. );
#4008 = ORIENTED_EDGE( '', *, *, #6255, .T. );
#4009 = CARTESIAN_POINT( '', ( 3.41800699300692, -10.0000000000000, 0.000000000000000 ) );
#4010 = DIRECTION( '', ( -0.000000000000000, -0.000000000000000, -1.00000000000000 ) );
#4011 = DIRECTION( '', ( 1.00000000000000, 0.000000000000000, 0.000000000000000 ) );
#4012 = SURFACE_STYLE_FILL_AREA( #6256 );
#4013 = ORIENTED_EDGE( '', *, *, #5887, .T. );
#4014 = ORIENTED_EDGE( '', *, *, #6257, .F. );
#4015 = ORIENTED_EDGE( '', *, *, #6258, .F. );
#4016 = ORIENTED_EDGE( '', *, *, #6259, .T. );
#4017 = CARTESIAN_POINT( '', ( -0.893368599105079, 3.38117363135965, 11.7900000000000 ) );
#4018 = DIRECTION( '', ( 0.000000000000000, -1.00000000000000, 0.000000000000000 ) );
#4019 = DIRECTION( '', ( 0.000000000000000, 0.000000000000000, -1.00000000000000 ) );
#4020 = SURFACE_STYLE_FILL_AREA( #6260 );
#4021 = ORIENTED_EDGE( '', *, *, #5897, .F. );
#4022 = ORIENTED_EDGE( '', *, *, #6261, .F. );
#4023 = ORIENTED_EDGE( '', *, *, #6082, .T. );
#4024 = ORIENTED_EDGE( '', *, *, #6262, .T. );
#4025 = CARTESIAN_POINT( '', ( 9.52195052334085, 3.91368139594770, 11.7900000000000 ) );
#4026 = DIRECTION( '', ( 0.000000000000000, 1.00000000000000, 0.000000000000000 ) );
#4027 = DIRECTION( '', ( 0.000000000000000, 0.000000000000000, 1.00000000000000 ) );
#4028 = SURFACE_STYLE_FILL_AREA( #6263 );
#4029 = ORIENTED_EDGE( '', *, *, #5865, .F. );
#4030 = ORIENTED_EDGE( '', *, *, #6264, .F. );
#4031 = ORIENTED_EDGE( '', *, *, #6190, .T. );
#4032 = ORIENTED_EDGE( '', *, *, #6265, .T. );
#4033 = CARTESIAN_POINT( '', ( 3.01174281491855, 5.57812564401560, 11.7900000000000 ) );
#4034 = DIRECTION( '', ( 0.000000000000000, -1.00000000000000, 0.000000000000000 ) );
#4035 = DIRECTION( '', ( 0.000000000000000, 0.000000000000000, -1.00000000000000 ) );
#4036 = SURFACE_STYLE_FILL_AREA( #6266 );
#4037 = ORIENTED_EDGE( '', *, *, #5819, .T. );
#4038 = ORIENTED_EDGE( '', *, *, #6267, .F. );
#4039 = ORIENTED_EDGE( '', *, *, #6268, .F. );
#4040 = ORIENTED_EDGE( '', *, *, #6269, .T. );
#4041 = CARTESIAN_POINT( '', ( -1.09868852459017, -5.85762295081967, 11.7900000000000 ) );
#4042 = DIRECTION( '', ( 0.000000000000000, -1.00000000000000, 0.000000000000000 ) );
#4043 = DIRECTION( '', ( 0.000000000000000, 0.000000000000000, -1.00000000000000 ) );
#4044 = SURFACE_STYLE_FILL_AREA( #6270 );
#4045 = ORIENTED_EDGE( '', *, *, #6076, .T. );
#4046 = ORIENTED_EDGE( '', *, *, #6109, .F. );
#4047 = CARTESIAN_POINT( '', ( 7.54815006893102, 4.00854736413655, 11.7900000000000 ) );
#4048 = CARTESIAN_POINT( '', ( 7.54815006893102, 3.75312013195882, 11.7900000000000 ) );
#4049 = CARTESIAN_POINT( '', ( 7.75520464549479, 3.54606555539505, 11.7900000000000 ) );
#4050 = CARTESIAN_POINT( '', ( 8.01063187767251, 3.54606555539505, 11.7900000000000 ) );
#4051 = CARTESIAN_POINT( '', ( 8.26605910985024, 3.54606555539505, 11.7900000000000 ) );
#4052 = CARTESIAN_POINT( '', ( 8.47311368641401, 3.75312013195882, 11.7900000000000 ) );
#4053 = CARTESIAN_POINT( '', ( 8.47311368641401, 4.00854736413655, 11.7900000000000 ) );
#4054 = CARTESIAN_POINT( '', ( 8.47311368641401, 4.26405630688119, 11.7900000000000 ) );
#4055 = CARTESIAN_POINT( '', ( 8.26605910985024, 4.47111088344497, 11.7900000000000 ) );
#4056 = CARTESIAN_POINT( '', ( 8.01063187767251, 4.47111088344497, 11.7900000000000 ) );
#4057 = CARTESIAN_POINT( '', ( 7.75520464549479, 4.47111088344497, 11.7900000000000 ) );
#4058 = CARTESIAN_POINT( '', ( 7.54815006893102, 4.26405630688119, 11.7900000000000 ) );
#4059 = CARTESIAN_POINT( '', ( 7.54815006893102, 4.00854736413655, 11.7900000000000 ) );
#4060 = DIRECTION( '', ( 0.000000000000000, 0.000000000000000, 1.00000000000000 ) );
#4061 = SURFACE_STYLE_FILL_AREA( #6271 );
#4062 = ORIENTED_EDGE( '', *, *, #5845, .T. );
#4063 = ORIENTED_EDGE( '', *, *, #6272, .F. );
#4064 = ORIENTED_EDGE( '', *, *, #5965, .F. );
#4065 = ORIENTED_EDGE( '', *, *, #6273, .T. );
#4066 = CARTESIAN_POINT( '', ( 3.84295081967214, -5.85762295081967, 11.7900000000000 ) );
#4067 = CARTESIAN_POINT( '', ( 3.84295081967214, -5.30549180327869, 11.7900000000000 ) );
#4068 = CARTESIAN_POINT( '', ( 3.84295081967214, -4.75336065573771, 11.7900000000000 ) );
#4069 = CARTESIAN_POINT( '', ( 3.84295081967214, -4.20122950819673, 11.7900000000000 ) );
#4070 = CARTESIAN_POINT( '', ( 3.84295081967214, -3.78811475409836, 11.7900000000000 ) );
#4071 = CARTESIAN_POINT( '', ( 3.61475409836066, -3.61500000000000, 11.7900000000000 ) );
#4072 = CARTESIAN_POINT( '', ( 3.05409836065574, -3.61500000000000, 11.7900000000000 ) );
#4073 = CARTESIAN_POINT( '', ( 2.84754098360656, -3.72319672131148, 11.7900000000000 ) );
#4074 = CARTESIAN_POINT( '', ( 2.71770491803279, -3.97106557377050, 11.7900000000000 ) );
#4075 = DIRECTION( '', ( 0.000000000000000, 0.000000000000000, 1.00000000000000 ) );
#4076 = SURFACE_STYLE_FILL_AREA( #6274 );
#4077 = ORIENTED_EDGE( '', *, *, #6275, .F. );
#4078 = ORIENTED_EDGE( '', *, *, #6276, .T. );
#4079 = ORIENTED_EDGE( '', *, *, #6277, .T. );
#4080 = ORIENTED_EDGE( '', *, *, #6278, .T. );
#4081 = CARTESIAN_POINT( '', ( 0.000000000000000, 0.000000000000000, -23.3887859734183 ) );
#4082 = DIRECTION( '', ( -0.000000000000000, -0.000000000000000, -1.00000000000000 ) );
#4083 = DIRECTION( '', ( 1.00000000000000, 0.000000000000000, 0.000000000000000 ) );
#4084 = SURFACE_STYLE_FILL_AREA( #6279 );
#4085 = ORIENTED_EDGE( '', *, *, #5869, .F. );
#4086 = ORIENTED_EDGE( '', *, *, #6247, .F. );
#4087 = ORIENTED_EDGE( '', *, *, #6194, .T. );
#4088 = ORIENTED_EDGE( '', *, *, #6198, .T. );
#4089 = CARTESIAN_POINT( '', ( 9.52195052334085, 5.38839370763791, 11.7900000000000 ) );
#4090 = DIRECTION( '', ( 0.000000000000000, 1.00000000000000, 0.000000000000000 ) );
#4091 = DIRECTION( '', ( 0.000000000000000, 0.000000000000000, 1.00000000000000 ) );
#4092 = SURFACE_STYLE_FILL_AREA( #6280 );
#4093 = ORIENTED_EDGE( '', *, *, #5899, .F. );
#4094 = ORIENTED_EDGE( '', *, *, #6281, .F. );
#4095 = ORIENTED_EDGE( '', *, *, #6080, .T. );
#4096 = ORIENTED_EDGE( '', *, *, #6282, .T. );
#4097 = CARTESIAN_POINT( '', ( 7.36520010960730, 3.91368139594770, 11.7900000000000 ) );
#4098 = DIRECTION( '', ( 0.000000000000000, 1.00000000000000, 0.000000000000000 ) );
#4099 = DIRECTION( '', ( 0.000000000000000, 0.000000000000000, 1.00000000000000 ) );
#4100 = SURFACE_STYLE_FILL_AREA( #6283 );
#4101 = ORIENTED_EDGE( '', *, *, #5840, .T. );
#4102 = ORIENTED_EDGE( '', *, *, #6284, .F. );
#4103 = ORIENTED_EDGE( '', *, *, #6285, .F. );
#4104 = ORIENTED_EDGE( '', *, *, #6286, .T. );
#4105 = CARTESIAN_POINT( '', ( 1.74000000000000, -5.85762295081967, 11.7900000000000 ) );
#4106 = DIRECTION( '', ( 0.000000000000000, -1.00000000000000, 0.000000000000000 ) );
#4107 = DIRECTION( '', ( 0.000000000000000, 0.000000000000000, -1.00000000000000 ) );
#4108 = SURFACE_STYLE_FILL_AREA( #6287 );
#4109 = ORIENTED_EDGE( '', *, *, #5764, .F. );
#4110 = ORIENTED_EDGE( '', *, *, #6288, .F. );
#4111 = ORIENTED_EDGE( '', *, *, #6131, .T. );
#4112 = ORIENTED_EDGE( '', *, *, #6289, .T. );
#4113 = CARTESIAN_POINT( '', ( -9.45238706236560, 2.62878273120210, 11.7900000000000 ) );
#4114 = DIRECTION( '', ( 0.000000000000000, -1.00000000000000, 0.000000000000000 ) );
#4115 = DIRECTION( '', ( 0.000000000000000, 0.000000000000000, -1.00000000000000 ) );
#4116 = SURFACE_STYLE_FILL_AREA( #6290 );
#4117 = ORIENTED_EDGE( '', *, *, #5867, .F. );
#4118 = ORIENTED_EDGE( '', *, *, #6291, .F. );
#4119 = ORIENTED_EDGE( '', *, *, #6196, .T. );
#4120 = ORIENTED_EDGE( '', *, *, #6246, .T. );
#4121 = CARTESIAN_POINT( '', ( 6.47733308950392, 5.57812564401560, 11.7900000000000 ) );
#4122 = DIRECTION( '', ( 2.68377123447452E-005, -0.999999999639869, 0.000000000000000 ) );
#4123 = DIRECTION( '', ( 0.999999999639869, 2.68377123447452E-005, 0.000000000000000 ) );
#4124 = SURFACE_STYLE_FILL_AREA( #6292 );
#4125 = ORIENTED_EDGE( '', *, *, #5909, .F. );
#4126 = ORIENTED_EDGE( '', *, *, #6293, .F. );
#4127 = ORIENTED_EDGE( '', *, *, #5985, .T. );
#4128 = ORIENTED_EDGE( '', *, *, #6294, .T. );
#4129 = CARTESIAN_POINT( '', ( -2.35000000000000, 5.00000000000000, 0.300000000000000 ) );
#4130 = DIRECTION( '', ( -1.84545050635830E-016, 1.00000000000000, 0.000000000000000 ) );
#4131 = DIRECTION( '', ( -1.00000000000000, -1.84545050635830E-016, 0.000000000000000 ) );
#4132 = SURFACE_STYLE_FILL_AREA( #6295 );
#4133 = ORIENTED_EDGE( '', *, *, #6296, .F. );
#4134 = ORIENTED_EDGE( '', *, *, #6297, .F. );
#4135 = ORIENTED_EDGE( '', *, *, #5911, .F. );
#4136 = ORIENTED_EDGE( '', *, *, #6298, .F. );
#4137 = CARTESIAN_POINT( '', ( 3.35000000000000, 10.2500000000000, 0.300000000000000 ) );
#4138 = DIRECTION( '', ( -0.000000000000000, -0.000000000000000, -1.00000000000000 ) );
#4139 = DIRECTION( '', ( 1.00000000000000, 0.000000000000000, 0.000000000000000 ) );
#4140 = SURFACE_STYLE_FILL_AREA( #6299 );
#4141 = ORIENTED_EDGE( '', *, *, #6300, .T. );
#4142 = ORIENTED_EDGE( '', *, *, #6301, .F. );
#4143 = ORIENTED_EDGE( '', *, *, #6302, .F. );
#4144 = ORIENTED_EDGE( '', *, *, #6303, .T. );
#4145 = CARTESIAN_POINT( '', ( 6.42918335756748E-016, 10.5000000000000, 0.549999999999983 ) );
#4146 = DIRECTION( '', ( -1.00000000000000, 6.12303176911189E-017, -0.000000000000000 ) );
#4147 = DIRECTION( '', ( 6.12303176911189E-017, 1.00000000000000, 0.000000000000000 ) );
#4148 = SURFACE_STYLE_FILL_AREA( #6304 );
#4149 = ORIENTED_EDGE( '', *, *, #6305, .T. );
#4150 = ORIENTED_EDGE( '', *, *, #6306, .T. );
#4151 = ORIENTED_EDGE( '', *, *, #6307, .F. );
#4152 = ORIENTED_EDGE( '', *, *, #6203, .T. );
#4153 = CARTESIAN_POINT( '', ( 0.000000000000000, 0.000000000000000, -23.3887859734183 ) );
#4154 = DIRECTION( '', ( -0.000000000000000, -0.000000000000000, -1.00000000000000 ) );
#4155 = DIRECTION( '', ( 1.00000000000000, 0.000000000000000, 0.000000000000000 ) );
#4156 = SURFACE_STYLE_FILL_AREA( #6308 );
#4157 = ORIENTED_EDGE( '', *, *, #6309, .F. );
#4158 = ORIENTED_EDGE( '', *, *, #6140, .T. );
#4159 = ORIENTED_EDGE( '', *, *, #6310, .F. );
#4160 = ORIENTED_EDGE( '', *, *, #6311, .F. );
#4161 = CARTESIAN_POINT( '', ( 10.0000000000000, -10.2500000000000, 1.90000000000000 ) );
#4162 = DIRECTION( '', ( -0.000000000000000, -0.000000000000000, -1.00000000000000 ) );
#4163 = DIRECTION( '', ( 1.00000000000000, 0.000000000000000, 0.000000000000000 ) );
#4164 = SURFACE_STYLE_FILL_AREA( #6312 );
#4165 = ORIENTED_EDGE( '', *, *, #5875, .F. );
#4166 = ORIENTED_EDGE( '', *, *, #6313, .F. );
#4167 = ORIENTED_EDGE( '', *, *, #5937, .T. );
#4168 = ORIENTED_EDGE( '', *, *, #6314, .T. );
#4169 = CARTESIAN_POINT( '', ( -9.45238706236560, 4.10349504289231, 11.7900000000000 ) );
#4170 = DIRECTION( '', ( 0.000000000000000, -1.00000000000000, 0.000000000000000 ) );
#4171 = DIRECTION( '', ( 0.000000000000000, 0.000000000000000, -1.00000000000000 ) );
#4172 = SURFACE_STYLE_FILL_AREA( #6315 );
#4173 = ORIENTED_EDGE( '', *, *, #6316, .T. );
#4174 = ORIENTED_EDGE( '', *, *, #6285, .T. );
#4175 = ORIENTED_EDGE( '', *, *, #6317, .T. );
#4176 = ORIENTED_EDGE( '', *, *, #6318, .T. );
#4177 = CARTESIAN_POINT( '', ( 1.74000000000000, -4.75991803278689, 11.7900000000000 ) );
#4178 = DIRECTION( '', ( 0.000000000000000, 0.000000000000000, -1.00000000000000 ) );
#4179 = DIRECTION( '', ( -1.00000000000000, 0.000000000000000, 0.000000000000000 ) );
#4180 = SURFACE_STYLE_FILL_AREA( #6319 );
#4181 = ORIENTED_EDGE( '', *, *, #5888, .T. );
#4182 = ORIENTED_EDGE( '', *, *, #6259, .F. );
#4183 = ORIENTED_EDGE( '', *, *, #6320, .F. );
#4184 = ORIENTED_EDGE( '', *, *, #6321, .T. );
#4185 = CARTESIAN_POINT( '', ( -1.33599474008612, 2.62919128403668, 11.7900000000000 ) );
#4186 = DIRECTION( '', ( 0.861792152832438, -0.507261555133475, 0.000000000000000 ) );
#4187 = DIRECTION( '', ( 0.507261555133475, 0.861792152832438, 0.000000000000000 ) );
#4188 = SURFACE_STYLE_FILL_AREA( #6322 );
#4189 = ORIENTED_EDGE( '', *, *, #6323, .T. );
#4190 = ORIENTED_EDGE( '', *, *, #6268, .T. );
#4191 = ORIENTED_EDGE( '', *, *, #6324, .T. );
#4192 = ORIENTED_EDGE( '', *, *, #6325, .T. );
#4193 = ORIENTED_EDGE( '', *, *, #6326, .T. );
#4194 = ORIENTED_EDGE( '', *, *, #6038, .T. );
#4195 = ORIENTED_EDGE( '', *, *, #6327, .T. );
#4196 = ORIENTED_EDGE( '', *, *, #6328, .T. );
#4197 = CARTESIAN_POINT( '', ( -0.850819672131147, -4.65250282149938, 11.7900000000000 ) );
#4198 = DIRECTION( '', ( 0.000000000000000, 0.000000000000000, 1.00000000000000 ) );
#4199 = DIRECTION( '', ( 1.00000000000000, 0.000000000000000, 0.000000000000000 ) );
#4200 = SURFACE_STYLE_FILL_AREA( #6329 );
#4201 = ORIENTED_EDGE( '', *, *, #5858, .F. );
#4202 = ORIENTED_EDGE( '', *, *, #6330, .F. );
#4203 = ORIENTED_EDGE( '', *, *, #6331, .T. );
#4204 = ORIENTED_EDGE( '', *, *, #6218, .T. );
#4205 = CARTESIAN_POINT( '', ( 5.18655126394040, 2.62878273120210, 11.7900000000000 ) );
#4206 = CARTESIAN_POINT( '', ( 5.23247260254689, 2.94402209836195, 11.7900000000000 ) );
#4207 = CARTESIAN_POINT( '', ( 5.50391510584005, 3.18613050813245, 11.7900000000000 ) );
#4208 = CARTESIAN_POINT( '', ( 5.83190132143871, 3.18613050813245, 11.7900000000000 ) );
#4209 = CARTESIAN_POINT( '', ( 6.15996924760427, 3.18613050813245, 11.7900000000000 ) );
#4210 = CARTESIAN_POINT( '', ( 6.43141175089742, 2.94402209836195, 11.7900000000000 ) );
#4211 = CARTESIAN_POINT( '', ( 6.47733308950392, 2.62878273120210, 11.7900000000000 ) );
#4212 = DIRECTION( '', ( 0.000000000000000, 0.000000000000000, 1.00000000000000 ) );
#4213 = SURFACE_STYLE_FILL_AREA( #6332 );
#4214 = ORIENTED_EDGE( '', *, *, #5751, .F. );
#4215 = ORIENTED_EDGE( '', *, *, #6333, .F. );
#4216 = ORIENTED_EDGE( '', *, *, #6334, .T. );
#4217 = ORIENTED_EDGE( '', *, *, #6335, .T. );
#4218 = CARTESIAN_POINT( '', ( -7.59232771710208, 6.61617668610960, 11.7900000000000 ) );
#4219 = DIRECTION( '', ( 0.000000000000000, -1.00000000000000, 0.000000000000000 ) );
#4220 = DIRECTION( '', ( 0.000000000000000, 0.000000000000000, -1.00000000000000 ) );
#4221 = SURFACE_STYLE_FILL_AREA( #6336 );
#4222 = ORIENTED_EDGE( '', *, *, #5826, .T. );
#4223 = ORIENTED_EDGE( '', *, *, #6337, .F. );
#4224 = ORIENTED_EDGE( '', *, *, #6103, .F. );
#4225 = ORIENTED_EDGE( '', *, *, #5976, .T. );
#4226 = CARTESIAN_POINT( '', ( 0.772131147540983, -4.47860655737705, 11.7900000000000 ) );
#4227 = DIRECTION( '', ( 0.777201256292547, -0.629252101480231, 0.000000000000000 ) );
#4228 = DIRECTION( '', ( 0.629252101480231, 0.777201256292547, 0.000000000000000 ) );
#4229 = SURFACE_STYLE_FILL_AREA( #6338 );
#4230 = ORIENTED_EDGE( '', *, *, #6339, .T. );
#4231 = ORIENTED_EDGE( '', *, *, #6340, .F. );
#4232 = ORIENTED_EDGE( '', *, *, #6341, .F. );
#4233 = ORIENTED_EDGE( '', *, *, #6342, .T. );
#4234 = CARTESIAN_POINT( '', ( -6.42918335756750E-016, -10.5000000000000, 1.65000000000000 ) );
#4235 = DIRECTION( '', ( 1.00000000000000, -6.12303176911189E-017, -0.000000000000000 ) );
#4236 = DIRECTION( '', ( -6.12303176911189E-017, -1.00000000000000, 0.000000000000000 ) );
#4237 = SURFACE_STYLE_FILL_AREA( #6343 );
#4238 = ORIENTED_EDGE( '', *, *, #6310, .T. );
#4239 = ORIENTED_EDGE( '', *, *, #6344, .T. );
#4240 = ORIENTED_EDGE( '', *, *, #6345, .T. );
#4241 = ORIENTED_EDGE( '', *, *, #6346, .T. );
#4242 = ORIENTED_EDGE( '', *, *, #6067, .T. );
#4243 = ORIENTED_EDGE( '', *, *, #6347, .F. );
#4244 = ORIENTED_EDGE( '', *, *, #6348, .T. );
#4245 = ORIENTED_EDGE( '', *, *, #6349, .T. );
#4246 = CARTESIAN_POINT( '', ( -11.0000000000000, -11.2500000000000, 1.90000000000000 ) );
#4247 = DIRECTION( '', ( 7.88510670898549E-017, -1.00000000000000, 0.000000000000000 ) );
#4248 = DIRECTION( '', ( 1.00000000000000, 7.88510670898549E-017, 0.000000000000000 ) );
#4249 = SURFACE_STYLE_FILL_AREA( #6350 );
#4250 = ORIENTED_EDGE( '', *, *, #5864, .F. );
#4251 = ORIENTED_EDGE( '', *, *, #6088, .F. );
#4252 = ORIENTED_EDGE( '', *, *, #6351, .T. );
#4253 = ORIENTED_EDGE( '', *, *, #6352, .T. );
#4254 = CARTESIAN_POINT( '', ( 1.16410347582618, 2.43896908425749, 11.7900000000000 ) );
#4255 = DIRECTION( '', ( 0.860543615525381, -0.509376762110822, 0.000000000000000 ) );
#4256 = DIRECTION( '', ( 0.509376762110822, 0.860543615525381, 0.000000000000000 ) );
#4257 = SURFACE_STYLE_FILL_AREA( #6353 );
#4258 = ORIENTED_EDGE( '', *, *, #6188, .T. );
#4259 = ORIENTED_EDGE( '', *, *, #6186, .F. );
#4260 = CARTESIAN_POINT( '', ( 5.36941951269721, 5.48325967582676, 11.7900000000000 ) );
#4261 = CARTESIAN_POINT( '', ( 5.36941951269721, 5.22783244364903, 11.7900000000000 ) );
#4262 = CARTESIAN_POINT( '', ( 5.57647408926098, 5.02077786708525, 11.7900000000000 ) );
#4263 = CARTESIAN_POINT( '', ( 5.83190132143871, 5.02077786708525, 11.7900000000000 ) );
#4264 = CARTESIAN_POINT( '', ( 6.08741026418334, 5.02077786708525, 11.7900000000000 ) );
#4265 = CARTESIAN_POINT( '', ( 6.29446484074712, 5.22783244364903, 11.7900000000000 ) );
#4266 = CARTESIAN_POINT( '', ( 6.29446484074712, 5.48325967582676, 11.7900000000000 ) );
#4267 = CARTESIAN_POINT( '', ( 6.29446484074712, 5.73876861857140, 11.7900000000000 ) );
#4268 = CARTESIAN_POINT( '', ( 6.08741026418334, 5.94582319513517, 11.7900000000000 ) );
#4269 = CARTESIAN_POINT( '', ( 5.83190132143871, 5.94582319513517, 11.7900000000000 ) );
#4270 = CARTESIAN_POINT( '', ( 5.57647408926098, 5.94582319513517, 11.7900000000000 ) );
#4271 = CARTESIAN_POINT( '', ( 5.36941951269721, 5.73876861857140, 11.7900000000000 ) );
#4272 = CARTESIAN_POINT( '', ( 5.36941951269721, 5.48325967582676, 11.7900000000000 ) );
#4273 = DIRECTION( '', ( 0.000000000000000, 0.000000000000000, 1.00000000000000 ) );
#4274 = SURFACE_STYLE_FILL_AREA( #6354 );
#4275 = ORIENTED_EDGE( '', *, *, #5755, .F. );
#4276 = ORIENTED_EDGE( '', *, *, #6355, .F. );
#4277 = ORIENTED_EDGE( '', *, *, #6356, .T. );
#4278 = ORIENTED_EDGE( '', *, *, #6231, .T. );
#4279 = CARTESIAN_POINT( '', ( -4.17944075817718, 4.69132086128212, 11.7900000000000 ) );
#4280 = DIRECTION( '', ( -0.985344937398061, -0.170573603889967, 0.000000000000000 ) );
#4281 = DIRECTION( '', ( 0.170573603889967, -0.985344937398061, 0.000000000000000 ) );
#4282 = SURFACE_STYLE_FILL_AREA( #6357 );
#4283 = ORIENTED_EDGE( '', *, *, #5818, .T. );
#4284 = ORIENTED_EDGE( '', *, *, #6358, .F. );
#4285 = ORIENTED_EDGE( '', *, *, #6324, .F. );
#4286 = ORIENTED_EDGE( '', *, *, #6267, .T. );
#4287 = CARTESIAN_POINT( '', ( -0.850819672131147, -5.85762295081967, 11.7900000000000 ) );
#4288 = CARTESIAN_POINT( '', ( -0.850819672131147, -5.40122950819672, 11.7900000000000 ) );
#4289 = CARTESIAN_POINT( '', ( -0.850819672131147, -4.94483606557377, 11.7900000000000 ) );
#4290 = CARTESIAN_POINT( '', ( -0.850819672131147, -4.48844262295082, 11.7900000000000 ) );
#4291 = CARTESIAN_POINT( '', ( -0.850819672131147, -4.06352459016394, 11.7900000000000 ) );
#4292 = CARTESIAN_POINT( '', ( -0.599016393442624, -3.86483606557378, 11.7900000000000 ) );
#4293 = CARTESIAN_POINT( '', ( -0.284262295081968, -3.86483606557378, 11.7900000000000 ) );
#4294 = CARTESIAN_POINT( '', ( -0.242950819672132, -3.86877049180328, 11.7900000000000 ) );
#4295 = CARTESIAN_POINT( '', ( -0.201639344262294, -3.87663934426229, 11.7900000000000 ) );
#4296 = DIRECTION( '', ( 0.000000000000000, 0.000000000000000, 1.00000000000000 ) );
#4297 = SURFACE_STYLE_FILL_AREA( #6359 );
#4298 = ORIENTED_EDGE( '', *, *, #5879, .F. );
#4299 = ORIENTED_EDGE( '', *, *, #6360, .F. );
#4300 = ORIENTED_EDGE( '', *, *, #6361, .T. );
#4301 = ORIENTED_EDGE( '', *, *, #6249, .T. );
#4302 = CARTESIAN_POINT( '', ( -9.45238706236560, 5.57820735458252, 11.7900000000000 ) );
#4303 = DIRECTION( '', ( -5.32424661181409E-005, -0.999999998582620, 0.000000000000000 ) );
#4304 = DIRECTION( '', ( 0.999999998582620, -5.32424661181409E-005, 0.000000000000000 ) );
#4305 = SURFACE_STYLE_FILL_AREA( #6362 );
#4306 = ORIENTED_EDGE( '', *, *, #5793, .T. );
#4307 = ORIENTED_EDGE( '', *, *, #6363, .F. );
#4308 = ORIENTED_EDGE( '', *, *, #6364, .F. );
#4309 = ORIENTED_EDGE( '', *, *, #6365, .T. );
#4310 = CARTESIAN_POINT( '', ( -4.63967213114754, -5.85762295081967, 11.7900000000000 ) );
#4311 = DIRECTION( '', ( 0.000000000000000, -1.00000000000000, 0.000000000000000 ) );
#4312 = DIRECTION( '', ( 0.000000000000000, 0.000000000000000, -1.00000000000000 ) );
#4313 = SURFACE_STYLE_FILL_AREA( #6366 );
#4314 = ORIENTED_EDGE( '', *, *, #6367, .F. );
#4315 = ORIENTED_EDGE( '', *, *, #6368, .T. );
#4316 = ORIENTED_EDGE( '', *, *, #5912, .T. );
#4317 = ORIENTED_EDGE( '', *, *, #6297, .T. );
#4318 = CARTESIAN_POINT( '', ( 11.0000000000000, 11.2500000000000, 1.90000000000000 ) );
#4319 = DIRECTION( '', ( -7.88510670898549E-017, -1.00000000000000, 0.000000000000000 ) );
#4320 = DIRECTION( '', ( 1.00000000000000, -7.88510670898549E-017, 0.000000000000000 ) );
#4321 = SURFACE_STYLE_FILL_AREA( #6369 );
#4322 = ORIENTED_EDGE( '', *, *, #5814, .T. );
#4323 = ORIENTED_EDGE( '', *, *, #6370, .F. );
#4324 = ORIENTED_EDGE( '', *, *, #6327, .F. );
#4325 = ORIENTED_EDGE( '', *, *, #6037, .T. );
#4326 = CARTESIAN_POINT( '', ( -0.850819672131147, -4.00844262295082, 11.7900000000000 ) );
#4327 = DIRECTION( '', ( 1.00000000000000, 0.000000000000000, 0.000000000000000 ) );
#4328 = DIRECTION( '', ( 0.000000000000000, 0.000000000000000, -1.00000000000000 ) );
#4329 = SURFACE_STYLE_FILL_AREA( #6371 );
#4330 = ORIENTED_EDGE( '', *, *, #5855, .T. );
#4331 = ORIENTED_EDGE( '', *, *, #6372, .F. );
#4332 = ORIENTED_EDGE( '', *, *, #6179, .F. );
#4333 = ORIENTED_EDGE( '', *, *, #6373, .T. );
#4334 = CARTESIAN_POINT( '', ( 5.44032786885246, -4.00450819672132, 11.7900000000000 ) );
#4335 = CARTESIAN_POINT( '', ( 5.36163934426230, -3.75663934426230, 11.7900000000000 ) );
#4336 = CARTESIAN_POINT( '', ( 5.17278688524590, -3.61500000000000, 11.7900000000000 ) );
#4337 = CARTESIAN_POINT( '', ( 4.44885245901639, -3.61500000000000, 11.7900000000000 ) );
#4338 = CARTESIAN_POINT( '', ( 4.22852459016393, -3.99860655737705, 11.7900000000000 ) );
#4339 = CARTESIAN_POINT( '', ( 4.22852459016393, -5.63926229508197, 11.7900000000000 ) );
#4340 = CARTESIAN_POINT( '', ( 4.56295081967213, -5.85762295081967, 11.7900000000000 ) );
#4341 = CARTESIAN_POINT( '', ( 5.13540983606557, -5.85762295081967, 11.7900000000000 ) );
#4342 = CARTESIAN_POINT( '', ( 5.33803278688525, -5.73368852459017, 11.7900000000000 ) );
#4343 = CARTESIAN_POINT( '', ( 5.41475409836066, -5.46418032786885, 11.7900000000000 ) );
#4344 = DIRECTION( '', ( 0.000000000000000, 0.000000000000000, 1.00000000000000 ) );
#4345 = SURFACE_STYLE_FILL_AREA( #6374 );
#4346 = ORIENTED_EDGE( '', *, *, #5838, .T. );
#4347 = ORIENTED_EDGE( '', *, *, #6375, .F. );
#4348 = ORIENTED_EDGE( '', *, *, #6318, .F. );
#4349 = ORIENTED_EDGE( '', *, *, #6376, .T. );
#4350 = CARTESIAN_POINT( '', ( 1.98983606557377, -3.66221311475410, 11.7900000000000 ) );
#4351 = DIRECTION( '', ( 0.000000000000000, 1.00000000000000, 0.000000000000000 ) );
#4352 = DIRECTION( '', ( 0.000000000000000, 0.000000000000000, 1.00000000000000 ) );
#4353 = SURFACE_STYLE_FILL_AREA( #6377 );
#4354 = ORIENTED_EDGE( '', *, *, #5758, .F. );
#4355 = ORIENTED_EDGE( '', *, *, #6378, .F. );
#4356 = ORIENTED_EDGE( '', *, *, #6379, .T. );
#4357 = ORIENTED_EDGE( '', *, *, #6380, .T. );
#4358 = CARTESIAN_POINT( '', ( -0.895819916112542, 6.61617668610960, 11.7900000000000 ) );
#4359 = DIRECTION( '', ( -0.862812800576462, 0.505523561430525, 0.000000000000000 ) );
#4360 = DIRECTION( '', ( -0.505523561430525, -0.862812800576462, 0.000000000000000 ) );
#4361 = SURFACE_STYLE_FILL_AREA( #6381 );
#4362 = ORIENTED_EDGE( '', *, *, #5841, .T. );
#4363 = ORIENTED_EDGE( '', *, *, #6382, .F. );
#4364 = ORIENTED_EDGE( '', *, *, #5961, .F. );
#4365 = ORIENTED_EDGE( '', *, *, #6383, .T. );
#4366 = CARTESIAN_POINT( '', ( 2.48754098360656, -3.66221311475410, 11.7900000000000 ) );
#4367 = DIRECTION( '', ( -1.00000000000000, 0.000000000000000, 0.000000000000000 ) );
#4368 = DIRECTION( '', ( 0.000000000000000, 0.000000000000000, 1.00000000000000 ) );
#4369 = SURFACE_STYLE_FILL_AREA( #6384 );
#4370 = ORIENTED_EDGE( '', *, *, #5927, .F. );
#4371 = ORIENTED_EDGE( '', *, *, #6008, .F. );
#4372 = ORIENTED_EDGE( '', *, *, #6385, .F. );
#4373 = ORIENTED_EDGE( '', *, *, #6386, .F. );
#4374 = ORIENTED_EDGE( '', *, *, #6018, .F. );
#4375 = ORIENTED_EDGE( '', *, *, #6387, .F. );
#4376 = ORIENTED_EDGE( '', *, *, #6388, .F. );
#4377 = ORIENTED_EDGE( '', *, *, #6214, .F. );
#4378 = ORIENTED_EDGE( '', *, *, #6389, .F. );
#4379 = CARTESIAN_POINT( '', ( 8.01063187767251, 1.71141819644225, 11.7900000000000 ) );
#4380 = DIRECTION( '', ( 0.000000000000000, 0.000000000000000, 1.00000000000000 ) );
#4381 = DIRECTION( '', ( 1.00000000000000, 0.000000000000000, 0.000000000000000 ) );
#4382 = SURFACE_STYLE_FILL_AREA( #6390 );
#4383 = ORIENTED_EDGE( '', *, *, #5832, .T. );
#4384 = ORIENTED_EDGE( '', *, *, #6391, .F. );
#4385 = ORIENTED_EDGE( '', *, *, #6099, .F. );
#4386 = ORIENTED_EDGE( '', *, *, #6392, .T. );
#4387 = CARTESIAN_POINT( '', ( 0.0206557377049170, -5.85762295081967, 11.7900000000000 ) );
#4388 = DIRECTION( '', ( 0.000000000000000, -1.00000000000000, 0.000000000000000 ) );
#4389 = DIRECTION( '', ( 0.000000000000000, 0.000000000000000, -1.00000000000000 ) );
#4390 = SURFACE_STYLE_FILL_AREA( #6393 );
#4391 = ORIENTED_EDGE( '', *, *, #5794, .T. );
#4392 = ORIENTED_EDGE( '', *, *, #6365, .F. );
#4393 = ORIENTED_EDGE( '', *, *, #6394, .F. );
#4394 = ORIENTED_EDGE( '', *, *, #6094, .T. );
#4395 = CARTESIAN_POINT( '', ( -5.40295081967213, -3.15467213114755, 11.7900000000000 ) );
#4396 = DIRECTION( '', ( -0.962365170546172, -0.271759596922791, 0.000000000000000 ) );
#4397 = DIRECTION( '', ( 0.271759596922791, -0.962365170546172, 0.000000000000000 ) );
#4398 = SURFACE_STYLE_FILL_AREA( #6395 );
#4399 = ORIENTED_EDGE( '', *, *, #6396, .F. );
#4400 = ORIENTED_EDGE( '', *, *, #6397, .F. );
#4401 = ORIENTED_EDGE( '', *, *, #6398, .T. );
#4402 = ORIENTED_EDGE( '', *, *, #6399, .T. );
#4403 = CARTESIAN_POINT( '', ( 1.75000000000000, -11.2500000000000, 0.550000000000000 ) );
#4404 = DIRECTION( '', ( 1.85139137403748E-016, 1.00000000000000, -2.36553201269565E-014 ) );
#4405 = DIRECTION( '', ( 0.000000000000000, 2.36553201269565E-014, 1.00000000000000 ) );
#4406 = SURFACE_STYLE_FILL_AREA( #6400 );
#4407 = ORIENTED_EDGE( '', *, *, #6059, .T. );
#4408 = ORIENTED_EDGE( '', *, *, #6401, .T. );
#4409 = ORIENTED_EDGE( '', *, *, #6305, .F. );
#4410 = ORIENTED_EDGE( '', *, *, #6202, .T. );
#4411 = ORIENTED_EDGE( '', *, *, #6064, .T. );
#4412 = ORIENTED_EDGE( '', *, *, #6346, .F. );
#4413 = ORIENTED_EDGE( '', *, *, #6402, .T. );
#4414 = ORIENTED_EDGE( '', *, *, #5946, .F. );
#4415 = ORIENTED_EDGE( '', *, *, #6403, .T. );
#4416 = ORIENTED_EDGE( '', *, *, #6404, .F. );
#4417 = CARTESIAN_POINT( '', ( -11.0000000000000, -11.2500000000000, 1.90000000000000 ) );
#4418 = DIRECTION( '', ( 0.000000000000000, 0.000000000000000, 1.00000000000000 ) );
#4419 = DIRECTION( '', ( 1.00000000000000, 0.000000000000000, 0.000000000000000 ) );
#4420 = SURFACE_STYLE_FILL_AREA( #6405 );
#4421 = ORIENTED_EDGE( '', *, *, #5816, .T. );
#4422 = ORIENTED_EDGE( '', *, *, #6039, .F. );
#4423 = ORIENTED_EDGE( '', *, *, #6326, .F. );
#4424 = ORIENTED_EDGE( '', *, *, #6406, .T. );
#4425 = CARTESIAN_POINT( '', ( -0.201639344262294, -3.62877049180328, 11.7900000000000 ) );
#4426 = CARTESIAN_POINT( '', ( -0.231147540983607, -3.61893442622951, 11.7900000000000 ) );
#4427 = CARTESIAN_POINT( '', ( -0.258688524590166, -3.61500000000000, 11.7900000000000 ) );
#4428 = CARTESIAN_POINT( '', ( -0.547868852459017, -3.61500000000000, 11.7900000000000 ) );
#4429 = CARTESIAN_POINT( '', ( -0.746557377049181, -3.76057377049181, 11.7900000000000 ) );
#4430 = CARTESIAN_POINT( '', ( -0.842950819672131, -4.00844262295082, 11.7900000000000 ) );
#4431 = DIRECTION( '', ( 0.000000000000000, 0.000000000000000, 1.00000000000000 ) );
#4432 = SURFACE_STYLE_FILL_AREA( #6407 );
#4433 = ORIENTED_EDGE( '', *, *, #5914, .T. );
#4434 = ORIENTED_EDGE( '', *, *, #6408, .T. );
#4435 = ORIENTED_EDGE( '', *, *, #6409, .F. );
#4436 = ORIENTED_EDGE( '', *, *, #6410, .T. );
#4437 = CARTESIAN_POINT( '', ( 11.0000000000000, -11.2500000000000, 1.90000000000000 ) );
#4438 = DIRECTION( '', ( -1.00000000000000, 0.000000000000000, 0.000000000000000 ) );
#4439 = DIRECTION( '', ( 0.000000000000000, 0.000000000000000, 1.00000000000000 ) );
#4440 = SURFACE_STYLE_FILL_AREA( #6411 );
#4441 = ORIENTED_EDGE( '', *, *, #5757, .F. );
#4442 = ORIENTED_EDGE( '', *, *, #6233, .F. );
#4443 = ORIENTED_EDGE( '', *, *, #6412, .T. );
#4444 = ORIENTED_EDGE( '', *, *, #6378, .T. );
#4445 = CARTESIAN_POINT( '', ( -2.38393276077689, 6.61617668610960, 11.7900000000000 ) );
#4446 = DIRECTION( '', ( 0.000000000000000, -1.00000000000000, 0.000000000000000 ) );
#4447 = DIRECTION( '', ( 0.000000000000000, 0.000000000000000, -1.00000000000000 ) );
#4448 = SURFACE_STYLE_FILL_AREA( #6413 );
#4449 = ORIENTED_EDGE( '', *, *, #6144, .T. );
#4450 = ORIENTED_EDGE( '', *, *, #5800, .F. );
#4451 = ORIENTED_EDGE( '', *, *, #6414, .F. );
#4452 = ORIENTED_EDGE( '', *, *, #6415, .F. );
#4453 = CARTESIAN_POINT( '', ( -10.0000000000000, 10.2500000000000, 11.8000000000000 ) );
#4454 = DIRECTION( '', ( -0.000000000000000, 0.000000000000000, -1.00000000000000 ) );
#4455 = DIRECTION( '', ( -1.00000000000000, 0.000000000000000, 0.000000000000000 ) );
#4456 = SURFACE_STYLE_FILL_AREA( #6416 );
#4457 = ORIENTED_EDGE( '', *, *, #6417, .T. );
#4458 = ORIENTED_EDGE( '', *, *, #6418, .F. );
#4459 = ORIENTED_EDGE( '', *, *, #6419, .F. );
#4460 = ORIENTED_EDGE( '', *, *, #6301, .T. );
#4461 = CARTESIAN_POINT( '', ( -1.75000000000000, 10.7500000000000, 0.549999999999985 ) );
#4462 = DIRECTION( '', ( -6.12303176910520E-017, -1.00000000000000, 2.11293967841267E-016 ) );
#4463 = DIRECTION( '', ( 0.000000000000000, -2.11293967841267E-016, -1.00000000000000 ) );
#4464 = SURFACE_STYLE_FILL_AREA( #6420 );
#4465 = ORIENTED_EDGE( '', *, *, #5813, .T. );
#4466 = ORIENTED_EDGE( '', *, *, #6421, .F. );
#4467 = ORIENTED_EDGE( '', *, *, #6328, .F. );
#4468 = ORIENTED_EDGE( '', *, *, #6370, .T. );
#4469 = CARTESIAN_POINT( '', ( -0.850819672131147, -3.66221311475410, 11.7900000000000 ) );
#4470 = DIRECTION( '', ( 0.000000000000000, 1.00000000000000, 0.000000000000000 ) );
#4471 = DIRECTION( '', ( 0.000000000000000, 0.000000000000000, 1.00000000000000 ) );
#4472 = SURFACE_STYLE_FILL_AREA( #6422 );
#4473 = ORIENTED_EDGE( '', *, *, #6423, .F. );
#4474 = ORIENTED_EDGE( '', *, *, #6424, .F. );
#4475 = ORIENTED_EDGE( '', *, *, #5915, .F. );
#4476 = ORIENTED_EDGE( '', *, *, #6410, .F. );
#4477 = CARTESIAN_POINT( '', ( 10.0000000000000, -10.2500000000000, 1.90000000000000 ) );
#4478 = DIRECTION( '', ( -0.000000000000000, -0.000000000000000, 1.00000000000000 ) );
#4479 = DIRECTION( '', ( -1.00000000000000, 0.000000000000000, 0.000000000000000 ) );
#4480 = SURFACE_STYLE_FILL_AREA( #6425 );
#4481 = ORIENTED_EDGE( '', *, *, #6426, .F. );
#4482 = ORIENTED_EDGE( '', *, *, #6427, .T. );
#4483 = ORIENTED_EDGE( '', *, *, #6428, .F. );
#4484 = ORIENTED_EDGE( '', *, *, #6276, .F. );
#4485 = CARTESIAN_POINT( '', ( 13.5482332538270, 10.9181214363963, -23.3887859734183 ) );
#4486 = DIRECTION( '', ( -0.000000000000000, -0.000000000000000, 1.00000000000000 ) );
#4487 = DIRECTION( '', ( -1.00000000000000, 0.000000000000000, 0.000000000000000 ) );
#4488 = SURFACE_STYLE_FILL_AREA( #6429 );
#4489 = ORIENTED_EDGE( '', *, *, #5889, .T. );
#4490 = ORIENTED_EDGE( '', *, *, #6321, .F. );
#4491 = ORIENTED_EDGE( '', *, *, #6430, .F. );
#4492 = ORIENTED_EDGE( '', *, *, #5970, .T. );
#4493 = CARTESIAN_POINT( '', ( 0.897155053713375, 2.62919128403668, 11.7900000000000 ) );
#4494 = DIRECTION( '', ( 0.000000000000000, 1.00000000000000, 0.000000000000000 ) );
#4495 = DIRECTION( '', ( 0.000000000000000, 0.000000000000000, 1.00000000000000 ) );
#4496 = SURFACE_STYLE_FILL_AREA( #6431 );
#4497 = ORIENTED_EDGE( '', *, *, #5825, .T. );
#4498 = ORIENTED_EDGE( '', *, *, #6432, .F. );
#4499 = ORIENTED_EDGE( '', *, *, #6104, .F. );
#4500 = ORIENTED_EDGE( '', *, *, #6337, .T. );
#4501 = CARTESIAN_POINT( '', ( 1.43311475409836, -3.66221311475410, 11.7900000000000 ) );
#4502 = DIRECTION( '', ( 0.000000000000000, 1.00000000000000, 0.000000000000000 ) );
#4503 = DIRECTION( '', ( 0.000000000000000, 0.000000000000000, 1.00000000000000 ) );
#4504 = SURFACE_STYLE_FILL_AREA( #6433 );
#4505 = ORIENTED_EDGE( '', *, *, #6173, .T. );
#4506 = ORIENTED_EDGE( '', *, *, #6434, .T. );
#4507 = ORIENTED_EDGE( '', *, *, #6073, .T. );
#4508 = ORIENTED_EDGE( '', *, *, #6069, .T. );
#4509 = ORIENTED_EDGE( '', *, *, #6120, .F. );
#4510 = ORIENTED_EDGE( '', *, *, #6435, .F. );
#4511 = ORIENTED_EDGE( '', *, *, #6436, .F. );
#4512 = ORIENTED_EDGE( '', *, *, #6437, .T. );
#4513 = ORIENTED_EDGE( '', *, *, #6438, .T. );
#4514 = ORIENTED_EDGE( '', *, *, #6423, .T. );
#4515 = ORIENTED_EDGE( '', *, *, #6409, .T. );
#4516 = ORIENTED_EDGE( '', *, *, #6439, .T. );
#4517 = ORIENTED_EDGE( '', *, *, #6367, .T. );
#4518 = ORIENTED_EDGE( '', *, *, #6296, .T. );
#4519 = ORIENTED_EDGE( '', *, *, #6440, .T. );
#4520 = ORIENTED_EDGE( '', *, *, #6023, .T. );
#4521 = ORIENTED_EDGE( '', *, *, #6441, .T. );
#4522 = ORIENTED_EDGE( '', *, *, #6442, .T. );
#4523 = ORIENTED_EDGE( '', *, *, #6443, .T. );
#4524 = ORIENTED_EDGE( '', *, *, #6444, .T. );
#4525 = CARTESIAN_POINT( '', ( -11.0000000000000, -11.2500000000000, 1.90000000000000 ) );
#4526 = DIRECTION( '', ( 0.000000000000000, 0.000000000000000, 1.00000000000000 ) );
#4527 = DIRECTION( '', ( 1.00000000000000, 0.000000000000000, 0.000000000000000 ) );
#4528 = SURFACE_STYLE_FILL_AREA( #6445 );
#4529 = ORIENTED_EDGE( '', *, *, #5822, .T. );
#4530 = ORIENTED_EDGE( '', *, *, #6027, .F. );
#4531 = ORIENTED_EDGE( '', *, *, #6107, .F. );
#4532 = ORIENTED_EDGE( '', *, *, #6446, .T. );
#4533 = CARTESIAN_POINT( '', ( 0.268524590163933, -4.75598360655738, 11.7900000000000 ) );
#4534 = DIRECTION( '', ( 1.00000000000000, 0.000000000000000, 0.000000000000000 ) );
#4535 = DIRECTION( '', ( 0.000000000000000, 0.000000000000000, -1.00000000000000 ) );
#4536 = SURFACE_STYLE_FILL_AREA( #6447 );
#4537 = ORIENTED_EDGE( '', *, *, #6448, .T. );
#4538 = CARTESIAN_POINT( '', ( 6.50521303491303E-016, 0.000000000000000, 3.75000000000000 ) );
#4539 = DIRECTION( '', ( 0.000000000000000, 0.000000000000000, -1.00000000000000 ) );
#4540 = DIRECTION( '', ( -1.00000000000000, 0.000000000000000, 0.000000000000000 ) );
#4541 = SURFACE_STYLE_FILL_AREA( #6449 );
#4542 = ORIENTED_EDGE( '', *, *, #5882, .T. );
#4543 = ORIENTED_EDGE( '', *, *, #6450, .F. );
#4544 = ORIENTED_EDGE( '', *, *, #6451, .F. );
#4545 = ORIENTED_EDGE( '', *, *, #6452, .T. );
#4546 = CARTESIAN_POINT( '', ( 2.47106399363895, 5.30431353428190, 11.7900000000000 ) );
#4547 = DIRECTION( '', ( 0.861796194174881, -0.507254689190442, 0.000000000000000 ) );
#4548 = DIRECTION( '', ( 0.507254689190442, 0.861796194174881, 0.000000000000000 ) );
#4549 = SURFACE_STYLE_FILL_AREA( #6453 );
#4550 = ORIENTED_EDGE( '', *, *, #5766, .F. );
#4551 = ORIENTED_EDGE( '', *, *, #6454, .F. );
#4552 = ORIENTED_EDGE( '', *, *, #6205, .T. );
#4553 = ORIENTED_EDGE( '', *, *, #6056, .T. );
#4554 = CARTESIAN_POINT( '', ( -9.45238706236560, 6.99564055886499, 11.7900000000000 ) );
#4555 = DIRECTION( '', ( 0.000000000000000, -1.00000000000000, 0.000000000000000 ) );
#4556 = DIRECTION( '', ( 0.000000000000000, 0.000000000000000, -1.00000000000000 ) );
#4557 = SURFACE_STYLE_FILL_AREA( #6455 );
#4558 = ORIENTED_EDGE( '', *, *, #5782, .T. );
#4559 = ORIENTED_EDGE( '', *, *, #6456, .F. );
#4560 = ORIENTED_EDGE( '', *, *, #6457, .F. );
#4561 = ORIENTED_EDGE( '', *, *, #6458, .T. );
#4562 = CARTESIAN_POINT( '', ( -5.67639344262295, -2.90680327868853, 11.7900000000000 ) );
#4563 = DIRECTION( '', ( -1.00000000000000, 0.000000000000000, 0.000000000000000 ) );
#4564 = DIRECTION( '', ( 0.000000000000000, 0.000000000000000, 1.00000000000000 ) );
#4565 = SURFACE_STYLE_FILL_AREA( #6459 );
#4566 = ORIENTED_EDGE( '', *, *, #5862, .F. );
#4567 = ORIENTED_EDGE( '', *, *, #6170, .F. );
#4568 = ORIENTED_EDGE( '', *, *, #6460, .T. );
#4569 = ORIENTED_EDGE( '', *, *, #6086, .T. );
#4570 = CARTESIAN_POINT( '', ( 6.47733308950392, 2.43896908425749, 11.7900000000000 ) );
#4571 = CARTESIAN_POINT( '', ( 6.43141175089742, 2.12372971709765, 11.7900000000000 ) );
#4572 = CARTESIAN_POINT( '', ( 6.15996924760427, 1.88162130732715, 11.7900000000000 ) );
#4573 = CARTESIAN_POINT( '', ( 5.83190132143871, 1.88162130732715, 11.7900000000000 ) );
#4574 = CARTESIAN_POINT( '', ( 5.50391510584005, 1.88162130732715, 11.7900000000000 ) );
#4575 = CARTESIAN_POINT( '', ( 5.23247260254689, 2.12372971709765, 11.7900000000000 ) );
#4576 = CARTESIAN_POINT( '', ( 5.18655126394040, 2.43896908425749, 11.7900000000000 ) );
#4577 = DIRECTION( '', ( 0.000000000000000, 0.000000000000000, 1.00000000000000 ) );
#4578 = SURFACE_STYLE_FILL_AREA( #6461 );
#4579 = ORIENTED_EDGE( '', *, *, #6439, .F. );
#4580 = ORIENTED_EDGE( '', *, *, #6408, .F. );
#4581 = ORIENTED_EDGE( '', *, *, #5913, .F. );
#4582 = ORIENTED_EDGE( '', *, *, #6368, .F. );
#4583 = CARTESIAN_POINT( '', ( 10.0000000000000, 10.2500000000000, 1.90000000000000 ) );
#4584 = DIRECTION( '', ( -0.000000000000000, -0.000000000000000, 1.00000000000000 ) );
#4585 = DIRECTION( '', ( -1.00000000000000, 0.000000000000000, 0.000000000000000 ) );
#4586 = SURFACE_STYLE_FILL_AREA( #6462 );
#4587 = ORIENTED_EDGE( '', *, *, #5908, .F. );
#4588 = ORIENTED_EDGE( '', *, *, #6463, .T. );
#4589 = ORIENTED_EDGE( '', *, *, #6441, .F. );
#4590 = ORIENTED_EDGE( '', *, *, #6022, .T. );
#4591 = ORIENTED_EDGE( '', *, *, #5986, .T. );
#4592 = ORIENTED_EDGE( '', *, *, #6293, .T. );
#4593 = CARTESIAN_POINT( '', ( -2.35000000000000, 11.2500000000000, 0.300000000000000 ) );
#4594 = DIRECTION( '', ( 1.00000000000000, 8.32667268468868E-016, 0.000000000000000 ) );
#4595 = DIRECTION( '', ( -8.32667268468868E-016, 1.00000000000000, 0.000000000000000 ) );
#4596 = SURFACE_STYLE_FILL_AREA( #6464 );
#4597 = ORIENTED_EDGE( '', *, *, #6148, .F. );
#4598 = ORIENTED_EDGE( '', *, *, #6465, .F. );
#4599 = ORIENTED_EDGE( '', *, *, #6466, .F. );
#4600 = ORIENTED_EDGE( '', *, *, #6467, .F. );
#4601 = CARTESIAN_POINT( '', ( 1.47449462578955E-015, 5.75000000000000, 0.0499999999999980 ) );
#4602 = DIRECTION( '', ( 1.86008048001983E-015, -1.00000000000000, 3.43335443226383E-014 ) );
#4603 = DIRECTION( '', ( -1.00000000000000, -1.86008048001983E-015, 6.59654094307723E-029 ) );
#4604 = SURFACE_STYLE_FILL_AREA( #6468 );
#4605 = ORIENTED_EDGE( '', *, *, #6034, .F. );
#4606 = ORIENTED_EDGE( '', *, *, #6469, .F. );
#4607 = ORIENTED_EDGE( '', *, *, #6146, .T. );
#4608 = ORIENTED_EDGE( '', *, *, #6470, .T. );
#4609 = CARTESIAN_POINT( '', ( 6.42918335756748E-016, 10.5000000000000, 0.549999999999983 ) );
#4610 = DIRECTION( '', ( -1.00000000000000, 6.12303176911189E-017, -0.000000000000000 ) );
#4611 = DIRECTION( '', ( 6.12303176911189E-017, 1.00000000000000, 0.000000000000000 ) );
#4612 = SURFACE_STYLE_FILL_AREA( #6471 );
#4613 = ORIENTED_EDGE( '', *, *, #6438, .F. );
#4614 = ORIENTED_EDGE( '', *, *, #6472, .T. );
#4615 = ORIENTED_EDGE( '', *, *, #5916, .T. );
#4616 = ORIENTED_EDGE( '', *, *, #6424, .T. );
#4617 = CARTESIAN_POINT( '', ( -11.0000000000000, -11.2500000000000, 1.90000000000000 ) );
#4618 = DIRECTION( '', ( -7.88510670898549E-017, 1.00000000000000, 0.000000000000000 ) );
#4619 = DIRECTION( '', ( -1.00000000000000, -7.88510670898549E-017, 0.000000000000000 ) );
#4620 = SURFACE_STYLE_FILL_AREA( #6473 );
#4621 = ORIENTED_EDGE( '', *, *, #5856, .T. );
#4622 = ORIENTED_EDGE( '', *, *, #6373, .F. );
#4623 = ORIENTED_EDGE( '', *, *, #6178, .F. );
#4624 = ORIENTED_EDGE( '', *, *, #6474, .T. );
#4625 = CARTESIAN_POINT( '', ( 5.44819672131148, -4.00450819672132, 11.7900000000000 ) );
#4626 = DIRECTION( '', ( 0.000000000000000, 1.00000000000000, 0.000000000000000 ) );
#4627 = DIRECTION( '', ( 0.000000000000000, 0.000000000000000, 1.00000000000000 ) );
#4628 = SURFACE_STYLE_FILL_AREA( #6475 );
#4629 = ORIENTED_EDGE( '', *, *, #5873, .F. );
#4630 = ORIENTED_EDGE( '', *, *, #6476, .F. );
#4631 = ORIENTED_EDGE( '', *, *, #5935, .T. );
#4632 = ORIENTED_EDGE( '', *, *, #6477, .T. );
#4633 = CARTESIAN_POINT( '', ( -7.83092257249522, 3.91368139594770, 11.7900000000000 ) );
#4634 = DIRECTION( '', ( 0.000000000000000, 1.00000000000000, 0.000000000000000 ) );
#4635 = DIRECTION( '', ( 0.000000000000000, 0.000000000000000, 1.00000000000000 ) );
#4636 = SURFACE_STYLE_FILL_AREA( #6478 );
#4637 = ORIENTED_EDGE( '', *, *, #5765, .F. );
#4638 = ORIENTED_EDGE( '', *, *, #6289, .F. );
#4639 = ORIENTED_EDGE( '', *, *, #6130, .T. );
#4640 = ORIENTED_EDGE( '', *, *, #5923, .T. );
#4641 = CARTESIAN_POINT( '', ( -7.76391990762455, 2.62878273120210, 11.7900000000000 ) );
#4642 = DIRECTION( '', ( -0.998646183833548, -0.0520173001480399, 0.000000000000000 ) );
#4643 = DIRECTION( '', ( 0.0520173001480399, -0.998646183833548, 0.000000000000000 ) );
#4644 = SURFACE_STYLE_FILL_AREA( #6479 );
#4645 = ORIENTED_EDGE( '', *, *, #5774, .F. );
#4646 = ORIENTED_EDGE( '', *, *, #6480, .F. );
#4647 = ORIENTED_EDGE( '', *, *, #6385, .T. );
#4648 = ORIENTED_EDGE( '', *, *, #6007, .T. );
#4649 = CARTESIAN_POINT( '', ( -9.45238706236560, 1.15407041951190, 11.7900000000000 ) );
#4650 = DIRECTION( '', ( 0.000000000000000, -1.00000000000000, 0.000000000000000 ) );
#4651 = DIRECTION( '', ( 0.000000000000000, 0.000000000000000, -1.00000000000000 ) );
#4652 = SURFACE_STYLE_FILL_AREA( #6481 );
#4653 = ORIENTED_EDGE( '', *, *, #6482, .F. );
#4654 = ORIENTED_EDGE( '', *, *, #6483, .F. );
#4655 = ORIENTED_EDGE( '', *, *, #6151, .T. );
#4656 = ORIENTED_EDGE( '', *, *, #6484, .T. );
#4657 = ORIENTED_EDGE( '', *, *, #6396, .T. );
#4658 = ORIENTED_EDGE( '', *, *, #6485, .T. );
#4659 = ORIENTED_EDGE( '', *, *, #6486, .T. );
#4660 = ORIENTED_EDGE( '', *, *, #6255, .F. );
#4661 = ORIENTED_EDGE( '', *, *, #6487, .F. );
#4662 = ORIENTED_EDGE( '', *, *, #6342, .F. );
#4663 = ORIENTED_EDGE( '', *, *, #6488, .F. );
#4664 = ORIENTED_EDGE( '', *, *, #6114, .F. );
#4665 = CARTESIAN_POINT( '', ( -1.75000000000000, -5.75000000000000, -0.200000000000000 ) );
#4666 = DIRECTION( '', ( 1.00000000000000, -6.12303176911189E-017, 0.000000000000000 ) );
#4667 = DIRECTION( '', ( 6.12303176911189E-017, 1.00000000000000, 0.000000000000000 ) );
#4668 = SURFACE_STYLE_FILL_AREA( #6489 );
#4669 = ORIENTED_EDGE( '', *, *, #6490, .F. );
#4670 = ORIENTED_EDGE( '', *, *, #6122, .T. );
#4671 = ORIENTED_EDGE( '', *, *, #6491, .T. );
#4672 = ORIENTED_EDGE( '', *, *, #6492, .T. );
#4673 = CARTESIAN_POINT( '', ( -2.35000000000000, -5.00000000000000, 0.300000000000000 ) );
#4674 = DIRECTION( '', ( 0.000000000000000, 0.000000000000000, -1.00000000000000 ) );
#4675 = DIRECTION( '', ( -1.00000000000000, 0.000000000000000, 0.000000000000000 ) );
#4676 = SURFACE_STYLE_FILL_AREA( #6493 );
#4677 = ORIENTED_EDGE( '', *, *, #5980, .F. );
#4678 = ORIENTED_EDGE( '', *, *, #6331, .F. );
#4679 = ORIENTED_EDGE( '', *, *, #6494, .F. );
#4680 = ORIENTED_EDGE( '', *, *, #6351, .F. );
#4681 = ORIENTED_EDGE( '', *, *, #6087, .F. );
#4682 = ORIENTED_EDGE( '', *, *, #6460, .F. );
#4683 = ORIENTED_EDGE( '', *, *, #6169, .F. );
#4684 = ORIENTED_EDGE( '', *, *, #6495, .F. );
#4685 = ORIENTED_EDGE( '', *, *, #6219, .F. );
#4686 = CARTESIAN_POINT( '', ( 5.83190132143871, 3.18613050813245, 11.7900000000000 ) );
#4687 = DIRECTION( '', ( 0.000000000000000, 0.000000000000000, 1.00000000000000 ) );
#4688 = DIRECTION( '', ( 1.00000000000000, 0.000000000000000, 0.000000000000000 ) );
#4689 = SURFACE_STYLE_FILL_AREA( #6496 );
#4690 = ORIENTED_EDGE( '', *, *, #6162, .T. );
#4691 = CARTESIAN_POINT( '', ( -11.0000000000000, -11.2500000000000, 11.8000000000000 ) );
#4692 = DIRECTION( '', ( 0.000000000000000, 0.000000000000000, 1.00000000000000 ) );
#4693 = DIRECTION( '', ( 1.00000000000000, 0.000000000000000, 0.000000000000000 ) );
#4694 = SURFACE_STYLE_FILL_AREA( #6497 );
#4695 = ORIENTED_EDGE( '', *, *, #5796, .T. );
#4696 = ORIENTED_EDGE( '', *, *, #6096, .F. );
#4697 = ORIENTED_EDGE( '', *, *, #6498, .F. );
#4698 = ORIENTED_EDGE( '', *, *, #6499, .T. );
#4699 = CARTESIAN_POINT( '', ( -5.41081967213115, -5.85762295081967, 11.7900000000000 ) );
#4700 = DIRECTION( '', ( 1.00000000000000, 0.000000000000000, 0.000000000000000 ) );
#4701 = DIRECTION( '', ( 0.000000000000000, 0.000000000000000, -1.00000000000000 ) );
#4702 = SURFACE_STYLE_FILL_AREA( #6500 );
#4703 = ORIENTED_EDGE( '', *, *, #6225, .F. );
#4704 = ORIENTED_EDGE( '', *, *, #6501, .T. );
#4705 = ORIENTED_EDGE( '', *, *, #6253, .T. );
#4706 = ORIENTED_EDGE( '', *, *, #6502, .F. );
#4707 = ORIENTED_EDGE( '', *, *, #6503, .T. );
#4708 = ORIENTED_EDGE( '', *, *, #5953, .F. );
#4709 = ORIENTED_EDGE( '', *, *, #6504, .F. );
#4710 = ORIENTED_EDGE( '', *, *, #6505, .T. );
#4711 = CARTESIAN_POINT( '', ( 0.000000000000000, 0.000000000000000, -17.7684237641894 ) );
#4712 = DIRECTION( '', ( -0.000000000000000, -0.000000000000000, -1.00000000000000 ) );
#4713 = DIRECTION( '', ( 1.00000000000000, 0.000000000000000, 0.000000000000000 ) );
#4714 = SURFACE_STYLE_FILL_AREA( #6506 );
#4715 = ORIENTED_EDGE( '', *, *, #5754, .F. );
#4716 = ORIENTED_EDGE( '', *, *, #6507, .F. );
#4717 = ORIENTED_EDGE( '', *, *, #6508, .T. );
#4718 = ORIENTED_EDGE( '', *, *, #6355, .T. );
#4719 = CARTESIAN_POINT( '', ( -5.55430275709670, 4.69132086128212, 11.7900000000000 ) );
#4720 = DIRECTION( '', ( 0.000000000000000, -1.00000000000000, 0.000000000000000 ) );
#4721 = DIRECTION( '', ( 0.000000000000000, 0.000000000000000, -1.00000000000000 ) );
#4722 = SURFACE_STYLE_FILL_AREA( #6509 );
#4723 = ORIENTED_EDGE( '', *, *, #6510, .T. );
#4724 = ORIENTED_EDGE( '', *, *, #6511, .T. );
#4725 = ORIENTED_EDGE( '', *, *, #6152, .T. );
#4726 = ORIENTED_EDGE( '', *, *, #6483, .T. );
#4727 = CARTESIAN_POINT( '', ( 1.23601080542420E-015, -5.75000000000000, 0.0499999999999980 ) );
#4728 = DIRECTION( '', ( -1.22460635382238E-016, -1.00000000000000, 9.70075628013216E-016 ) );
#4729 = DIRECTION( '', ( -5.93980388876608E-032, -9.70075628013216E-016, -1.00000000000000 ) );
#4730 = SURFACE_STYLE_FILL_AREA( #6512 );
#4731 = ORIENTED_EDGE( '', *, *, #5763, .F. );
#4732 = ORIENTED_EDGE( '', *, *, #5925, .F. );
#4733 = ORIENTED_EDGE( '', *, *, #6129, .T. );
#4734 = ORIENTED_EDGE( '', *, *, #6288, .T. );
#4735 = CARTESIAN_POINT( '', ( -9.45238706236560, 2.43896908425749, 11.7900000000000 ) );
#4736 = DIRECTION( '', ( 1.00000000000000, 0.000000000000000, 0.000000000000000 ) );
#4737 = DIRECTION( '', ( 0.000000000000000, 0.000000000000000, -1.00000000000000 ) );
#4738 = SURFACE_STYLE_FILL_AREA( #6513 );
#4739 = ORIENTED_EDGE( '', *, *, #5836, .T. );
#4740 = ORIENTED_EDGE( '', *, *, #5941, .F. );
#4741 = ORIENTED_EDGE( '', *, *, #6514, .F. );
#4742 = ORIENTED_EDGE( '', *, *, #6090, .T. );
#4743 = CARTESIAN_POINT( '', ( 1.74000000000000, -3.32778688524590, 11.7900000000000 ) );
#4744 = DIRECTION( '', ( 0.000000000000000, -1.00000000000000, 0.000000000000000 ) );
#4745 = DIRECTION( '', ( 0.000000000000000, 0.000000000000000, -1.00000000000000 ) );
#4746 = SURFACE_STYLE_FILL_AREA( #6515 );
#4747 = ORIENTED_EDGE( '', *, *, #5792, .T. );
#4748 = ORIENTED_EDGE( '', *, *, #6516, .F. );
#4749 = ORIENTED_EDGE( '', *, *, #6517, .F. );
#4750 = ORIENTED_EDGE( '', *, *, #6363, .T. );
#4751 = CARTESIAN_POINT( '', ( -4.39180327868853, -5.85762295081967, 11.7900000000000 ) );
#4752 = DIRECTION( '', ( 0.962181806952301, -0.272408095272523, 0.000000000000000 ) );
#4753 = DIRECTION( '', ( 0.272408095272523, 0.962181806952301, 0.000000000000000 ) );
#4754 = SURFACE_STYLE_FILL_AREA( #6518 );
#4755 = ORIENTED_EDGE( '', *, *, #6519, .T. );
#4756 = ORIENTED_EDGE( '', *, *, #6520, .T. );
#4757 = ORIENTED_EDGE( '', *, *, #6426, .T. );
#4758 = ORIENTED_EDGE( '', *, *, #6275, .T. );
#4759 = ORIENTED_EDGE( '', *, *, #6521, .T. );
#4760 = ORIENTED_EDGE( '', *, *, #6522, .T. );
#4761 = ORIENTED_EDGE( '', *, *, #6347, .T. );
#4762 = ORIENTED_EDGE( '', *, *, #6066, .T. );
#4763 = ORIENTED_EDGE( '', *, *, #6201, .T. );
#4764 = ORIENTED_EDGE( '', *, *, #6307, .T. );
#4765 = ORIENTED_EDGE( '', *, *, #6523, .T. );
#4766 = ORIENTED_EDGE( '', *, *, #6061, .T. );
#4767 = ORIENTED_EDGE( '', *, *, #6524, .T. );
#4768 = CARTESIAN_POINT( '', ( 0.000000000000000, 0.000000000000000, 9.60000000000000 ) );
#4769 = DIRECTION( '', ( 0.000000000000000, 0.000000000000000, -1.00000000000000 ) );
#4770 = DIRECTION( '', ( -1.00000000000000, 0.000000000000000, 0.000000000000000 ) );
#4771 = SURFACE_STYLE_FILL_AREA( #6525 );
#4772 = ORIENTED_EDGE( '', *, *, #5981, .T. );
#4773 = CARTESIAN_POINT( '', ( -11.0000000000000, -11.2500000000000, 11.8000000000000 ) );
#4774 = DIRECTION( '', ( 0.000000000000000, 0.000000000000000, 1.00000000000000 ) );
#4775 = DIRECTION( '', ( 1.00000000000000, 0.000000000000000, 0.000000000000000 ) );
#4776 = SURFACE_STYLE_FILL_AREA( #6526 );
#4777 = ORIENTED_EDGE( '', *, *, #5850, .T. );
#4778 = ORIENTED_EDGE( '', *, *, #6527, .F. );
#4779 = ORIENTED_EDGE( '', *, *, #6184, .F. );
#4780 = ORIENTED_EDGE( '', *, *, #6528, .T. );
#4781 = CARTESIAN_POINT( '', ( 5.67639344262295, -3.66221311475410, 11.7900000000000 ) );
#4782 = DIRECTION( '', ( 0.000000000000000, 1.00000000000000, 0.000000000000000 ) );
#4783 = DIRECTION( '', ( 0.000000000000000, 0.000000000000000, 1.00000000000000 ) );
#4784 = SURFACE_STYLE_FILL_AREA( #6529 );
#4785 = ORIENTED_EDGE( '', *, *, #5891, .T. );
#4786 = ORIENTED_EDGE( '', *, *, #5972, .F. );
#4787 = ORIENTED_EDGE( '', *, *, #6530, .F. );
#4788 = ORIENTED_EDGE( '', *, *, #6531, .T. );
#4789 = CARTESIAN_POINT( '', ( -3.59676270550305, 1.34314867135427, 11.7900000000000 ) );
#4790 = DIRECTION( '', ( 0.000000000000000, -1.00000000000000, 0.000000000000000 ) );
#4791 = DIRECTION( '', ( 0.000000000000000, 0.000000000000000, -1.00000000000000 ) );
#4792 = SURFACE_STYLE_FILL_AREA( #6532 );
#4793 = ORIENTED_EDGE( '', *, *, #6533, .F. );
#4794 = ORIENTED_EDGE( '', *, *, #6228, .F. );
#4795 = ORIENTED_EDGE( '', *, *, #6156, .F. );
#4796 = ORIENTED_EDGE( '', *, *, #6117, .F. );
#4797 = ORIENTED_EDGE( '', *, *, #6534, .F. );
#4798 = ORIENTED_EDGE( '', *, *, #6379, .F. );
#4799 = ORIENTED_EDGE( '', *, *, #6412, .F. );
#4800 = ORIENTED_EDGE( '', *, *, #6232, .F. );
#4801 = ORIENTED_EDGE( '', *, *, #6356, .F. );
#4802 = ORIENTED_EDGE( '', *, *, #6508, .F. );
#4803 = ORIENTED_EDGE( '', *, *, #6535, .F. );
#4804 = ORIENTED_EDGE( '', *, *, #6536, .F. );
#4805 = ORIENTED_EDGE( '', *, *, #6334, .F. );
#4806 = CARTESIAN_POINT( '', ( -7.59232771710209, 6.61617668610960, 11.7900000000000 ) );
#4807 = DIRECTION( '', ( 0.000000000000000, 0.000000000000000, -1.00000000000000 ) );
#4808 = DIRECTION( '', ( -1.00000000000000, 0.000000000000000, 0.000000000000000 ) );
#4809 = SURFACE_STYLE_FILL_AREA( #6537 );
#4810 = ORIENTED_EDGE( '', *, *, #5895, .F. );
#4811 = ORIENTED_EDGE( '', *, *, #6538, .F. );
#4812 = ORIENTED_EDGE( '', *, *, #6084, .T. );
#4813 = ORIENTED_EDGE( '', *, *, #6539, .T. );
#4814 = CARTESIAN_POINT( '', ( 8.65606364573773, 4.10349504289231, 11.7900000000000 ) );
#4815 = DIRECTION( '', ( 0.000000000000000, -1.00000000000000, 0.000000000000000 ) );
#4816 = DIRECTION( '', ( 0.000000000000000, 0.000000000000000, -1.00000000000000 ) );
#4817 = SURFACE_STYLE_FILL_AREA( #6540 );
#4818 = ORIENTED_EDGE( '', *, *, #6211, .T. );
#4819 = ORIENTED_EDGE( '', *, *, #6541, .F. );
#4820 = ORIENTED_EDGE( '', *, *, #6542, .F. );
#4821 = ORIENTED_EDGE( '', *, *, #5798, .F. );
#4822 = CARTESIAN_POINT( '', ( 10.0000000000000, 10.2500000000000, 11.8000000000000 ) );
#4823 = DIRECTION( '', ( -0.000000000000000, 0.000000000000000, -1.00000000000000 ) );
#4824 = DIRECTION( '', ( -1.00000000000000, 0.000000000000000, 0.000000000000000 ) );
#4825 = SURFACE_STYLE_FILL_AREA( #6543 );
#4826 = ORIENTED_EDGE( '', *, *, #5866, .F. );
#4827 = ORIENTED_EDGE( '', *, *, #6265, .F. );
#4828 = ORIENTED_EDGE( '', *, *, #6189, .T. );
#4829 = ORIENTED_EDGE( '', *, *, #6291, .T. );
#4830 = CARTESIAN_POINT( '', ( 5.18655126394040, 5.57812564401560, 11.7900000000000 ) );
#4831 = CARTESIAN_POINT( '', ( 5.23247260254689, 5.89344672174236, 11.7900000000000 ) );
#4832 = CARTESIAN_POINT( '', ( 5.50391510584005, 6.13555513151287, 11.7900000000000 ) );
#4833 = CARTESIAN_POINT( '', ( 5.83190132143871, 6.13555513151287, 11.7900000000000 ) );
#4834 = CARTESIAN_POINT( '', ( 6.15996924760427, 6.13555513151287, 11.7900000000000 ) );
#4835 = CARTESIAN_POINT( '', ( 6.43141175089742, 5.89344672174236, 11.7900000000000 ) );
#4836 = CARTESIAN_POINT( '', ( 6.47733308950392, 5.57812564401560, 11.7900000000000 ) );
#4837 = DIRECTION( '', ( 0.000000000000000, 0.000000000000000, 1.00000000000000 ) );
#4838 = SURFACE_STYLE_FILL_AREA( #6544 );
#4839 = ORIENTED_EDGE( '', *, *, #5785, .T. );
#4840 = ORIENTED_EDGE( '', *, *, #6001, .F. );
#4841 = ORIENTED_EDGE( '', *, *, #6545, .F. );
#4842 = ORIENTED_EDGE( '', *, *, #6237, .T. );
#4843 = CARTESIAN_POINT( '', ( -4.49803278688525, -5.52713114754099, 11.7900000000000 ) );
#4844 = DIRECTION( '', ( 0.000000000000000, 1.00000000000000, 0.000000000000000 ) );
#4845 = DIRECTION( '', ( 0.000000000000000, 0.000000000000000, 1.00000000000000 ) );
#4846 = SURFACE_STYLE_FILL_AREA( #6546 );
#4847 = ORIENTED_EDGE( '', *, *, #6547, .F. );
#4848 = ORIENTED_EDGE( '', *, *, #6427, .F. );
#4849 = ORIENTED_EDGE( '', *, *, #6520, .F. );
#4850 = ORIENTED_EDGE( '', *, *, #6548, .F. );
#4851 = CARTESIAN_POINT( '', ( 6.05000000000000, 10.7500000000000, 1.90000000000000 ) );
#4852 = DIRECTION( '', ( -0.000000000000000, -0.000000000000000, -1.00000000000000 ) );
#4853 = DIRECTION( '', ( 1.00000000000000, 0.000000000000000, 0.000000000000000 ) );
#4854 = SURFACE_STYLE_FILL_AREA( #6549 );
#4855 = ORIENTED_EDGE( '', *, *, #5853, .T. );
#4856 = ORIENTED_EDGE( '', *, *, #6550, .F. );
#4857 = ORIENTED_EDGE( '', *, *, #6181, .F. );
#4858 = ORIENTED_EDGE( '', *, *, #6551, .T. );
#4859 = CARTESIAN_POINT( '', ( 5.42852459016393, -5.46418032786885, 11.7900000000000 ) );
#4860 = CARTESIAN_POINT( '', ( 5.42852459016393, -5.58024590163935, 11.7900000000000 ) );
#4861 = CARTESIAN_POINT( '', ( 5.42852459016393, -5.69631147540984, 11.7900000000000 ) );
#4862 = CARTESIAN_POINT( '', ( 5.42852459016393, -5.81237704918033, 11.7900000000000 ) );
#4863 = CARTESIAN_POINT( '', ( 5.42852459016393, -6.20188524590164, 11.7900000000000 ) );
#4864 = CARTESIAN_POINT( '', ( 5.26721311475410, -6.40647540983607, 11.7900000000000 ) );
#4865 = CARTESIAN_POINT( '', ( 4.74590163934426, -6.40647540983607, 11.7900000000000 ) );
#4866 = CARTESIAN_POINT( '', ( 4.55114754098360, -6.28844262295082, 11.7900000000000 ) );
#4867 = CARTESIAN_POINT( '', ( 4.55114754098360, -6.07991803278689, 11.7900000000000 ) );
#4868 = DIRECTION( '', ( 0.000000000000000, 0.000000000000000, 1.00000000000000 ) );
#4869 = SURFACE_STYLE_FILL_AREA( #6552 );
#4870 = ORIENTED_EDGE( '', *, *, #5950, .F. );
#4871 = ORIENTED_EDGE( '', *, *, #6553, .F. );
#4872 = ORIENTED_EDGE( '', *, *, #6032, .T. );
#4873 = ORIENTED_EDGE( '', *, *, #6554, .T. );
#4874 = CARTESIAN_POINT( '', ( 6.42918335756748E-016, 10.5000000000000, 8.76000000000000 ) );
#4875 = DIRECTION( '', ( -1.00000000000000, 6.12303176911189E-017, -0.000000000000000 ) );
#4876 = DIRECTION( '', ( 6.12303176911189E-017, 1.00000000000000, 0.000000000000000 ) );
#4877 = SURFACE_STYLE_FILL_AREA( #6555 );
#4878 = ORIENTED_EDGE( '', *, *, #5892, .T. );
#4879 = ORIENTED_EDGE( '', *, *, #6531, .F. );
#4880 = ORIENTED_EDGE( '', *, *, #6556, .F. );
#4881 = ORIENTED_EDGE( '', *, *, #6557, .T. );
#4882 = CARTESIAN_POINT( '', ( -0.523464862678797, 6.61617668610960, 11.7900000000000 ) );
#4883 = DIRECTION( '', ( -0.863966758174713, 0.503548846457895, 0.000000000000000 ) );
#4884 = DIRECTION( '', ( -0.503548846457895, -0.863966758174713, 0.000000000000000 ) );
#4885 = SURFACE_STYLE_FILL_AREA( #6558 );
#4886 = ORIENTED_EDGE( '', *, *, #5874, .F. );
#4887 = ORIENTED_EDGE( '', *, *, #6477, .F. );
#4888 = ORIENTED_EDGE( '', *, *, #5934, .T. );
#4889 = ORIENTED_EDGE( '', *, *, #6313, .T. );
#4890 = CARTESIAN_POINT( '', ( -9.45238706236560, 3.91368139594770, 11.7900000000000 ) );
#4891 = DIRECTION( '', ( 1.00000000000000, 0.000000000000000, 0.000000000000000 ) );
#4892 = DIRECTION( '', ( 0.000000000000000, 0.000000000000000, -1.00000000000000 ) );
#4893 = SURFACE_STYLE_FILL_AREA( #6559 );
#4894 = ORIENTED_EDGE( '', *, *, #6091, .T. );
#4895 = ORIENTED_EDGE( '', *, *, #6514, .T. );
#4896 = ORIENTED_EDGE( '', *, *, #5940, .T. );
#4897 = ORIENTED_EDGE( '', *, *, #6560, .T. );
#4898 = CARTESIAN_POINT( '', ( 1.74000000000000, -3.11729508196722, 11.7900000000000 ) );
#4899 = DIRECTION( '', ( 0.000000000000000, 0.000000000000000, -1.00000000000000 ) );
#4900 = DIRECTION( '', ( -1.00000000000000, 0.000000000000000, 0.000000000000000 ) );
#4901 = SURFACE_STYLE_FILL_AREA( #6561 );
#4902 = ORIENTED_EDGE( '', *, *, #6484, .F. );
#4903 = ORIENTED_EDGE( '', *, *, #6154, .F. );
#4904 = ORIENTED_EDGE( '', *, *, #6562, .T. );
#4905 = ORIENTED_EDGE( '', *, *, #6397, .T. );
#4906 = CARTESIAN_POINT( '', ( -6.42918335756750E-016, -10.5000000000000, 0.550000000000000 ) );
#4907 = DIRECTION( '', ( 1.00000000000000, -6.12303176911189E-017, -0.000000000000000 ) );
#4908 = DIRECTION( '', ( -6.12303176911189E-017, -1.00000000000000, 0.000000000000000 ) );
#4909 = SURFACE_STYLE_FILL_AREA( #6563 );
#4910 = ORIENTED_EDGE( '', *, *, #6113, .T. );
#4911 = ORIENTED_EDGE( '', *, *, #6564, .F. );
#4912 = ORIENTED_EDGE( '', *, *, #6510, .F. );
#4913 = ORIENTED_EDGE( '', *, *, #6482, .T. );
#4914 = CARTESIAN_POINT( '', ( -1.75000000000000, -5.75000000000000, 0.300000000000000 ) );
#4915 = DIRECTION( '', ( 4.68196306526251E-032, -1.02713890024942E-016, -1.00000000000000 ) );
#4916 = DIRECTION( '', ( 0.000000000000000, 1.00000000000000, -1.02713890024942E-016 ) );
#4917 = SURFACE_STYLE_FILL_AREA( #6565 );
#4918 = ORIENTED_EDGE( '', *, *, #6566, .F. );
#4919 = ORIENTED_EDGE( '', *, *, #6567, .T. );
#4920 = ORIENTED_EDGE( '', *, *, #6521, .F. );
#4921 = ORIENTED_EDGE( '', *, *, #6278, .F. );
#4922 = CARTESIAN_POINT( '', ( 13.5482332538270, -10.9181214363963, -23.3887859734183 ) );
#4923 = DIRECTION( '', ( -0.000000000000000, -0.000000000000000, -1.00000000000000 ) );
#4924 = DIRECTION( '', ( 1.00000000000000, 0.000000000000000, 0.000000000000000 ) );
#4925 = SURFACE_STYLE_FILL_AREA( #6568 );
#4926 = ORIENTED_EDGE( '', *, *, #5906, .T. );
#4927 = ORIENTED_EDGE( '', *, *, #6569, .T. );
#4928 = ORIENTED_EDGE( '', *, *, #6443, .F. );
#4929 = ORIENTED_EDGE( '', *, *, #6570, .T. );
#4930 = CARTESIAN_POINT( '', ( 11.0000000000000, 11.2500000000000, 1.90000000000000 ) );
#4931 = DIRECTION( '', ( -7.88510670898549E-017, -1.00000000000000, 0.000000000000000 ) );
#4932 = DIRECTION( '', ( 1.00000000000000, -7.88510670898549E-017, 0.000000000000000 ) );
#4933 = SURFACE_STYLE_FILL_AREA( #6571 );
#4934 = ORIENTED_EDGE( '', *, *, #5834, .T. );
#4935 = ORIENTED_EDGE( '', *, *, #6092, .F. );
#4936 = ORIENTED_EDGE( '', *, *, #6560, .F. );
#4937 = ORIENTED_EDGE( '', *, *, #5939, .T. );
#4938 = CARTESIAN_POINT( '', ( 1.98983606557377, -2.90680327868853, 11.7900000000000 ) );
#4939 = DIRECTION( '', ( 0.000000000000000, 1.00000000000000, 0.000000000000000 ) );
#4940 = DIRECTION( '', ( 0.000000000000000, 0.000000000000000, 1.00000000000000 ) );
#4941 = SURFACE_STYLE_FILL_AREA( #6572 );
#4942 = ORIENTED_EDGE( '', *, *, #5783, .T. );
#4943 = ORIENTED_EDGE( '', *, *, #6458, .F. );
#4944 = ORIENTED_EDGE( '', *, *, #6573, .F. );
#4945 = ORIENTED_EDGE( '', *, *, #5999, .T. );
#4946 = CARTESIAN_POINT( '', ( -5.21606557377049, -2.90680327868853, 11.7900000000000 ) );
#4947 = DIRECTION( '', ( 0.000000000000000, 1.00000000000000, 0.000000000000000 ) );
#4948 = DIRECTION( '', ( 0.000000000000000, 0.000000000000000, 1.00000000000000 ) );
#4949 = SURFACE_STYLE_FILL_AREA( #6574 );
#4950 = ORIENTED_EDGE( '', *, *, #6575, .T. );
#4951 = ORIENTED_EDGE( '', *, *, #6302, .T. );
#4952 = ORIENTED_EDGE( '', *, *, #6419, .T. );
#4953 = ORIENTED_EDGE( '', *, *, #6576, .T. );
#4954 = ORIENTED_EDGE( '', *, *, #6577, .T. );
#4955 = ORIENTED_EDGE( '', *, *, #6578, .T. );
#4956 = ORIENTED_EDGE( '', *, *, #5951, .F. );
#4957 = ORIENTED_EDGE( '', *, *, #6554, .F. );
#4958 = ORIENTED_EDGE( '', *, *, #6035, .F. );
#4959 = ORIENTED_EDGE( '', *, *, #6470, .F. );
#4960 = ORIENTED_EDGE( '', *, *, #6149, .F. );
#4961 = ORIENTED_EDGE( '', *, *, #6467, .T. );
#4962 = CARTESIAN_POINT( '', ( -1.75000000000000, 5.75000000000000, -0.200000000000003 ) );
#4963 = DIRECTION( '', ( -1.00000000000000, 6.12303176911189E-017, -2.88095901382568E-046 ) );
#4964 = DIRECTION( '', ( -6.12303176911189E-017, -1.00000000000000, 0.000000000000000 ) );
#4965 = SURFACE_STYLE_FILL_AREA( #6579 );
#4966 = ORIENTED_EDGE( '', *, *, #5898, .F. );
#4967 = ORIENTED_EDGE( '', *, *, #6262, .F. );
#4968 = ORIENTED_EDGE( '', *, *, #6081, .T. );
#4969 = ORIENTED_EDGE( '', *, *, #6281, .T. );
#4970 = CARTESIAN_POINT( '', ( 8.65606364573773, 3.91368139594770, 11.7900000000000 ) );
#4971 = CARTESIAN_POINT( '', ( 8.61006059656432, 3.59844202878785, 11.7900000000000 ) );
#4972 = CARTESIAN_POINT( '', ( 8.33861809327117, 3.35633361901735, 11.7900000000000 ) );
#4973 = CARTESIAN_POINT( '', ( 8.01063187767251, 3.35633361901735, 11.7900000000000 ) );
#4974 = CARTESIAN_POINT( '', ( 7.68264566207386, 3.35633361901735, 11.7900000000000 ) );
#4975 = CARTESIAN_POINT( '', ( 7.41120315878071, 3.59844202878785, 11.7900000000000 ) );
#4976 = CARTESIAN_POINT( '', ( 7.36520010960730, 3.91368139594770, 11.7900000000000 ) );
#4977 = DIRECTION( '', ( 0.000000000000000, 0.000000000000000, 1.00000000000000 ) );
#4978 = SURFACE_STYLE_FILL_AREA( #6580 );
#4979 = ORIENTED_EDGE( '', *, *, #6542, .T. );
#4980 = ORIENTED_EDGE( '', *, *, #6581, .F. );
#4981 = ORIENTED_EDGE( '', *, *, #6414, .T. );
#4982 = ORIENTED_EDGE( '', *, *, #5799, .F. );
#4983 = CARTESIAN_POINT( '', ( -11.0000000000000, 10.7500000000000, 11.8000000000000 ) );
#4984 = DIRECTION( '', ( -5.57561242430318E-017, -0.707106781186548, -0.707106781186548 ) );
#4985 = DIRECTION( '', ( 0.000000000000000, 0.707106781186548, -0.707106781186548 ) );
#4986 = SURFACE_STYLE_FILL_AREA( #6582 );
#4987 = ORIENTED_EDGE( '', *, *, #6345, .F. );
#4988 = ORIENTED_EDGE( '', *, *, #6583, .T. );
#4989 = ORIENTED_EDGE( '', *, *, #5943, .F. );
#4990 = ORIENTED_EDGE( '', *, *, #6402, .F. );
#4991 = CARTESIAN_POINT( '', ( -10.0000000000000, -10.2500000000000, 1.90000000000000 ) );
#4992 = DIRECTION( '', ( -0.000000000000000, -0.000000000000000, -1.00000000000000 ) );
#4993 = DIRECTION( '', ( 1.00000000000000, 0.000000000000000, 0.000000000000000 ) );
#4994 = SURFACE_STYLE_FILL_AREA( #6584 );
#4995 = ORIENTED_EDGE( '', *, *, #6442, .F. );
#4996 = ORIENTED_EDGE( '', *, *, #6463, .F. );
#4997 = ORIENTED_EDGE( '', *, *, #5907, .F. );
#4998 = ORIENTED_EDGE( '', *, *, #6570, .F. );
#4999 = CARTESIAN_POINT( '', ( -3.35000000000000, 10.2500000000000, 1.90000000000000 ) );
#5000 = DIRECTION( '', ( -0.000000000000000, -0.000000000000000, -1.00000000000000 ) );
#5001 = DIRECTION( '', ( 1.00000000000000, 0.000000000000000, 0.000000000000000 ) );
#5002 = SURFACE_STYLE_FILL_AREA( #6585 );
#5003 = ORIENTED_EDGE( '', *, *, #6147, .T. );
#5004 = ORIENTED_EDGE( '', *, *, #6469, .T. );
#5005 = ORIENTED_EDGE( '', *, *, #6033, .T. );
#5006 = ORIENTED_EDGE( '', *, *, #6553, .T. );
#5007 = ORIENTED_EDGE( '', *, *, #5949, .T. );
#5008 = ORIENTED_EDGE( '', *, *, #6004, .T. );
#5009 = ORIENTED_EDGE( '', *, *, #6586, .F. );
#5010 = ORIENTED_EDGE( '', *, *, #6587, .F. );
#5011 = ORIENTED_EDGE( '', *, *, #6417, .F. );
#5012 = ORIENTED_EDGE( '', *, *, #6300, .F. );
#5013 = ORIENTED_EDGE( '', *, *, #6588, .F. );
#5014 = ORIENTED_EDGE( '', *, *, #6465, .T. );
#5015 = CARTESIAN_POINT( '', ( 1.75000000000000, 5.75000000000000, 0.300000000000000 ) );
#5016 = DIRECTION( '', ( 1.00000000000000, -6.12303176911189E-017, 2.88095901382568E-046 ) );
#5017 = DIRECTION( '', ( 6.12303176911189E-017, 1.00000000000000, 0.000000000000000 ) );
#5018 = SURFACE_STYLE_FILL_AREA( #6589 );
#5019 = ORIENTED_EDGE( '', *, *, #5883, .T. );
#5020 = ORIENTED_EDGE( '', *, *, #6452, .F. );
#5021 = ORIENTED_EDGE( '', *, *, #6590, .F. );
#5022 = ORIENTED_EDGE( '', *, *, #6591, .T. );
#5023 = CARTESIAN_POINT( '', ( 0.255727103427022, 5.30431353428190, 11.7900000000000 ) );
#5024 = DIRECTION( '', ( 0.000000000000000, -1.00000000000000, 0.000000000000000 ) );
#5025 = DIRECTION( '', ( 0.000000000000000, 0.000000000000000, -1.00000000000000 ) );
#5026 = SURFACE_STYLE_FILL_AREA( #6592 );
#5027 = ORIENTED_EDGE( '', *, *, #5773, .F. );
#5028 = ORIENTED_EDGE( '', *, *, #6166, .F. );
#5029 = ORIENTED_EDGE( '', *, *, #6206, .T. );
#5030 = ORIENTED_EDGE( '', *, *, #6454, .T. );
#5031 = CARTESIAN_POINT( '', ( -9.45238706236560, 6.80590862248730, 11.7900000000000 ) );
#5032 = DIRECTION( '', ( 1.00000000000000, 0.000000000000000, 0.000000000000000 ) );
#5033 = DIRECTION( '', ( 0.000000000000000, 0.000000000000000, -1.00000000000000 ) );
#5034 = SURFACE_STYLE_FILL_AREA( #6593 );
#5035 = ORIENTED_EDGE( '', *, *, #5886, .T. );
#5036 = ORIENTED_EDGE( '', *, *, #6127, .F. );
#5037 = ORIENTED_EDGE( '', *, *, #6594, .F. );
#5038 = ORIENTED_EDGE( '', *, *, #6257, .T. );
#5039 = CARTESIAN_POINT( '', ( 1.33880066789144, 3.38117363135965, 11.7900000000000 ) );
#5040 = DIRECTION( '', ( 0.863126069470664, -0.504988503037567, 0.000000000000000 ) );
#5041 = DIRECTION( '', ( 0.504988503037567, 0.863126069470664, 0.000000000000000 ) );
#5042 = SURFACE_STYLE_FILL_AREA( #6595 );
#5043 = ORIENTED_EDGE( '', *, *, #5790, .T. );
#5044 = ORIENTED_EDGE( '', *, *, #5959, .F. );
#5045 = ORIENTED_EDGE( '', *, *, #6596, .F. );
#5046 = ORIENTED_EDGE( '', *, *, #6597, .T. );
#5047 = CARTESIAN_POINT( '', ( -3.61868852459017, -3.15467213114755, 11.7900000000000 ) );
#5048 = DIRECTION( '', ( -1.00000000000000, 0.000000000000000, 0.000000000000000 ) );
#5049 = DIRECTION( '', ( 0.000000000000000, 0.000000000000000, 1.00000000000000 ) );
#5050 = SURFACE_STYLE_FILL_AREA( #6598 );
#5051 = ORIENTED_EDGE( '', *, *, #5823, .T. );
#5052 = ORIENTED_EDGE( '', *, *, #6446, .F. );
#5053 = ORIENTED_EDGE( '', *, *, #6106, .F. );
#5054 = ORIENTED_EDGE( '', *, *, #6599, .T. );
#5055 = CARTESIAN_POINT( '', ( 0.276393442622950, -4.75598360655738, 11.7900000000000 ) );
#5056 = DIRECTION( '', ( 0.000000000000000, 1.00000000000000, 0.000000000000000 ) );
#5057 = DIRECTION( '', ( 0.000000000000000, 0.000000000000000, 1.00000000000000 ) );
#5058 = SURFACE_STYLE_FILL_AREA( #6600 );
#5059 = ORIENTED_EDGE( '', *, *, #6601, .T. );
#5060 = ORIENTED_EDGE( '', *, *, #6135, .F. );
#5061 = ORIENTED_EDGE( '', *, *, #6046, .F. );
#5062 = ORIENTED_EDGE( '', *, *, #6602, .T. );
#5063 = CARTESIAN_POINT( '', ( -1.85606557377049, -4.61631147540984, 11.7900000000000 ) );
#5064 = DIRECTION( '', ( -1.00000000000000, 0.000000000000000, 0.000000000000000 ) );
#5065 = DIRECTION( '', ( 0.000000000000000, 0.000000000000000, 1.00000000000000 ) );
#5066 = SURFACE_STYLE_FILL_AREA( #6603 );
#5067 = ORIENTED_EDGE( '', *, *, #5900, .F. );
#5068 = ORIENTED_EDGE( '', *, *, #6282, .F. );
#5069 = ORIENTED_EDGE( '', *, *, #6079, .T. );
#5070 = ORIENTED_EDGE( '', *, *, #6604, .T. );
#5071 = CARTESIAN_POINT( '', ( 2.02982693229548, 3.91368139594770, 11.7900000000000 ) );
#5072 = DIRECTION( '', ( 0.863144825738464, -0.504956443469054, 0.000000000000000 ) );
#5073 = DIRECTION( '', ( 0.504956443469054, 0.863144825738464, 0.000000000000000 ) );
#5074 = SURFACE_STYLE_FILL_AREA( #6605 );
#5075 = ORIENTED_EDGE( '', *, *, #5787, .T. );
#5076 = ORIENTED_EDGE( '', *, *, #6239, .F. );
#5077 = ORIENTED_EDGE( '', *, *, #6606, .F. );
#5078 = ORIENTED_EDGE( '', *, *, #6607, .T. );
#5079 = CARTESIAN_POINT( '', ( -3.35508196721312, -2.90680327868853, 11.7900000000000 ) );
#5080 = DIRECTION( '', ( 0.000000000000000, 1.00000000000000, 0.000000000000000 ) );
#5081 = DIRECTION( '', ( 0.000000000000000, 0.000000000000000, 1.00000000000000 ) );
#5082 = SURFACE_STYLE_FILL_AREA( #6608 );
#5083 = ORIENTED_EDGE( '', *, *, #5872, .F. );
#5084 = ORIENTED_EDGE( '', *, *, #6609, .F. );
#5085 = ORIENTED_EDGE( '', *, *, #6191, .T. );
#5086 = ORIENTED_EDGE( '', *, *, #6264, .T. );
#5087 = CARTESIAN_POINT( '', ( 2.90004446994512, 5.38839370763791, 11.7900000000000 ) );
#5088 = DIRECTION( '', ( 0.861752890656606, -0.507328252165187, 0.000000000000000 ) );
#5089 = DIRECTION( '', ( 0.507328252165187, 0.861752890656606, 0.000000000000000 ) );
#5090 = SURFACE_STYLE_FILL_AREA( #6610 );
#5091 = ORIENTED_EDGE( '', *, *, #6437, .F. );
#5092 = ORIENTED_EDGE( '', *, *, #6611, .F. );
#5093 = ORIENTED_EDGE( '', *, *, #5917, .F. );
#5094 = ORIENTED_EDGE( '', *, *, #6472, .F. );
#5095 = CARTESIAN_POINT( '', ( 3.35000000000000, -10.2500000000000, 1.90000000000000 ) );
#5096 = DIRECTION( '', ( -0.000000000000000, -0.000000000000000, 1.00000000000000 ) );
#5097 = DIRECTION( '', ( -1.00000000000000, 0.000000000000000, 0.000000000000000 ) );
#5098 = SURFACE_STYLE_FILL_AREA( #6612 );
#5099 = ORIENTED_EDGE( '', *, *, #5759, .F. );
#5100 = ORIENTED_EDGE( '', *, *, #6380, .F. );
#5101 = ORIENTED_EDGE( '', *, *, #6534, .T. );
#5102 = ORIENTED_EDGE( '', *, *, #6116, .T. );
#5103 = CARTESIAN_POINT( '', ( -3.98529645118605, 1.34314867135427, 11.7900000000000 ) );
#5104 = DIRECTION( '', ( 0.000000000000000, 1.00000000000000, 0.000000000000000 ) );
#5105 = DIRECTION( '', ( 0.000000000000000, 0.000000000000000, 1.00000000000000 ) );
#5106 = SURFACE_STYLE_FILL_AREA( #6613 );
#5107 = ORIENTED_EDGE( '', *, *, #5919, .T. );
#5108 = ORIENTED_EDGE( '', *, *, #6614, .F. );
#5109 = ORIENTED_EDGE( '', *, *, #6491, .F. );
#5110 = ORIENTED_EDGE( '', *, *, #6121, .T. );
#5111 = CARTESIAN_POINT( '', ( -2.35000000000000, -5.00000000000000, 0.300000000000000 ) );
#5112 = DIRECTION( '', ( -1.84545050635830E-016, 1.00000000000000, 0.000000000000000 ) );
#5113 = DIRECTION( '', ( -1.00000000000000, -1.84545050635830E-016, 0.000000000000000 ) );
#5114 = SURFACE_STYLE_FILL_AREA( #6615 );
#5115 = ORIENTED_EDGE( '', *, *, #6587, .T. );
#5116 = ORIENTED_EDGE( '', *, *, #6616, .F. );
#5117 = ORIENTED_EDGE( '', *, *, #6576, .F. );
#5118 = ORIENTED_EDGE( '', *, *, #6418, .T. );
#5119 = CARTESIAN_POINT( '', ( 6.42918335756748E-016, 10.5000000000000, 8.76000000000000 ) );
#5120 = DIRECTION( '', ( -1.00000000000000, 6.12303176911189E-017, -0.000000000000000 ) );
#5121 = DIRECTION( '', ( 6.12303176911189E-017, 1.00000000000000, 0.000000000000000 ) );
#5122 = SURFACE_STYLE_FILL_AREA( #6617 );
#5123 = ORIENTED_EDGE( '', *, *, #5954, .T. );
#5124 = ORIENTED_EDGE( '', *, *, #6503, .F. );
#5125 = ORIENTED_EDGE( '', *, *, #6618, .F. );
#5126 = ORIENTED_EDGE( '', *, *, #6049, .T. );
#5127 = SURFACE_STYLE_FILL_AREA( #6619 );
#5128 = ORIENTED_EDGE( '', *, *, #6401, .F. );
#5129 = ORIENTED_EDGE( '', *, *, #6062, .T. );
#5130 = ORIENTED_EDGE( '', *, *, #6523, .F. );
#5131 = ORIENTED_EDGE( '', *, *, #6306, .F. );
#5132 = CARTESIAN_POINT( '', ( -13.5482332538270, 10.9181214363963, -23.3887859734183 ) );
#5133 = DIRECTION( '', ( -0.000000000000000, -0.000000000000000, -1.00000000000000 ) );
#5134 = DIRECTION( '', ( 1.00000000000000, 0.000000000000000, 0.000000000000000 ) );
#5135 = SURFACE_STYLE_FILL_AREA( #6620 );
#5136 = ORIENTED_EDGE( '', *, *, #5884, .T. );
#5137 = ORIENTED_EDGE( '', *, *, #6591, .F. );
#5138 = ORIENTED_EDGE( '', *, *, #6621, .F. );
#5139 = ORIENTED_EDGE( '', *, *, #6125, .T. );
#5140 = CARTESIAN_POINT( '', ( -0.117118213408216, 4.69132086128212, 11.7900000000000 ) );
#5141 = DIRECTION( '', ( 0.854372242878023, -0.519661496168011, 0.000000000000000 ) );
#5142 = DIRECTION( '', ( 0.519661496168011, 0.854372242878024, 0.000000000000000 ) );
#5143 = SURFACE_STYLE_FILL_AREA( #6622 );
#5144 = ORIENTED_EDGE( '', *, *, #5770, .F. );
#5145 = ORIENTED_EDGE( '', *, *, #5994, .F. );
#5146 = ORIENTED_EDGE( '', *, *, #6208, .T. );
#5147 = ORIENTED_EDGE( '', *, *, #6623, .T. );
#5148 = CARTESIAN_POINT( '', ( 9.52195052334085, 6.80590862248730, 11.7900000000000 ) );
#5149 = DIRECTION( '', ( 0.000000000000000, 1.00000000000000, 0.000000000000000 ) );
#5150 = DIRECTION( '', ( 0.000000000000000, 0.000000000000000, 1.00000000000000 ) );
#5151 = SURFACE_STYLE_FILL_AREA( #6624 );
#5152 = ORIENTED_EDGE( '', *, *, #5839, .T. );
#5153 = ORIENTED_EDGE( '', *, *, #6376, .F. );
#5154 = ORIENTED_EDGE( '', *, *, #6317, .F. );
#5155 = ORIENTED_EDGE( '', *, *, #6284, .T. );
#5156 = CARTESIAN_POINT( '', ( 1.98983606557377, -5.85762295081967, 11.7900000000000 ) );
#5157 = DIRECTION( '', ( 1.00000000000000, 0.000000000000000, 0.000000000000000 ) );
#5158 = DIRECTION( '', ( 0.000000000000000, 0.000000000000000, -1.00000000000000 ) );
#5159 = SURFACE_STYLE_FILL_AREA( #6625 );
#5160 = ORIENTED_EDGE( '', *, *, #5846, .T. );
#5161 = ORIENTED_EDGE( '', *, *, #6273, .F. );
#5162 = ORIENTED_EDGE( '', *, *, #5964, .F. );
#5163 = ORIENTED_EDGE( '', *, *, #6011, .T. );
#5164 = CARTESIAN_POINT( '', ( 3.59508196721312, -5.85762295081967, 11.7900000000000 ) );
#5165 = DIRECTION( '', ( 0.000000000000000, -1.00000000000000, 0.000000000000000 ) );
#5166 = DIRECTION( '', ( 0.000000000000000, 0.000000000000000, -1.00000000000000 ) );
#5167 = SURFACE_STYLE_FILL_AREA( #6626 );
#5168 = ORIENTED_EDGE( '', *, *, #5817, .T. );
#5169 = ORIENTED_EDGE( '', *, *, #6406, .F. );
#5170 = ORIENTED_EDGE( '', *, *, #6325, .F. );
#5171 = ORIENTED_EDGE( '', *, *, #6358, .T. );
#5172 = CARTESIAN_POINT( '', ( -0.201639344262294, -3.87663934426229, 11.7900000000000 ) );
#5173 = DIRECTION( '', ( 1.00000000000000, 0.000000000000000, 0.000000000000000 ) );
#5174 = DIRECTION( '', ( 0.000000000000000, 0.000000000000000, -1.00000000000000 ) );
#5175 = SURFACE_STYLE_FILL_AREA( #6627 );
#5176 = ORIENTED_EDGE( '', *, *, #6444, .F. );
#5177 = ORIENTED_EDGE( '', *, *, #6569, .F. );
#5178 = ORIENTED_EDGE( '', *, *, #5905, .F. );
#5179 = ORIENTED_EDGE( '', *, *, #6174, .F. );
#5180 = CARTESIAN_POINT( '', ( -10.0000000000000, 10.2500000000000, 1.90000000000000 ) );
#5181 = DIRECTION( '', ( -0.000000000000000, -0.000000000000000, 1.00000000000000 ) );
#5182 = DIRECTION( '', ( -1.00000000000000, 0.000000000000000, 0.000000000000000 ) );
#5183 = SURFACE_STYLE_FILL_AREA( #6628 );
#5184 = ORIENTED_EDGE( '', *, *, #6341, .T. );
#5185 = ORIENTED_EDGE( '', *, *, #6629, .F. );
#5186 = ORIENTED_EDGE( '', *, *, #6111, .F. );
#5187 = ORIENTED_EDGE( '', *, *, #6488, .T. );
#5188 = CARTESIAN_POINT( '', ( -1.75000000000000, -10.7500000000000, 0.549999999999993 ) );
#5189 = DIRECTION( '', ( -6.12303176911188E-017, -1.00000000000000, 2.36553201269565E-014 ) );
#5190 = DIRECTION( '', ( 0.000000000000000, -2.36553201269565E-014, -1.00000000000000 ) );
#5191 = SURFACE_STYLE_FILL_AREA( #6630 );
#5192 = ORIENTED_EDGE( '', *, *, #6457, .T. );
#5193 = ORIENTED_EDGE( '', *, *, #6631, .T. );
#5194 = ORIENTED_EDGE( '', *, *, #6498, .T. );
#5195 = ORIENTED_EDGE( '', *, *, #6095, .T. );
#5196 = ORIENTED_EDGE( '', *, *, #6394, .T. );
#5197 = ORIENTED_EDGE( '', *, *, #6364, .T. );
#5198 = ORIENTED_EDGE( '', *, *, #6517, .T. );
#5199 = ORIENTED_EDGE( '', *, *, #6632, .T. );
#5200 = ORIENTED_EDGE( '', *, *, #6596, .T. );
#5201 = ORIENTED_EDGE( '', *, *, #5958, .T. );
#5202 = ORIENTED_EDGE( '', *, *, #6633, .T. );
#5203 = ORIENTED_EDGE( '', *, *, #6606, .T. );
#5204 = ORIENTED_EDGE( '', *, *, #6238, .T. );
#5205 = ORIENTED_EDGE( '', *, *, #6545, .T. );
#5206 = ORIENTED_EDGE( '', *, *, #6000, .T. );
#5207 = ORIENTED_EDGE( '', *, *, #6573, .T. );
#5208 = CARTESIAN_POINT( '', ( -5.67639344262295, -4.38221311475410, 11.7900000000000 ) );
#5209 = DIRECTION( '', ( 0.000000000000000, 0.000000000000000, -1.00000000000000 ) );
#5210 = DIRECTION( '', ( -1.00000000000000, 0.000000000000000, 0.000000000000000 ) );
#5211 = SURFACE_STYLE_FILL_AREA( #6634 );
#5212 = ORIENTED_EDGE( '', *, *, #5778, .F. );
#5213 = ORIENTED_EDGE( '', *, *, #6215, .F. );
#5214 = ORIENTED_EDGE( '', *, *, #6388, .T. );
#5215 = ORIENTED_EDGE( '', *, *, #6635, .T. );
#5216 = CARTESIAN_POINT( '', ( 9.52195052334085, 0.964256772567283, 11.7900000000000 ) );
#5217 = DIRECTION( '', ( 0.000000000000000, 1.00000000000000, 0.000000000000000 ) );
#5218 = DIRECTION( '', ( 0.000000000000000, 0.000000000000000, 1.00000000000000 ) );
#5219 = SURFACE_STYLE_FILL_AREA( #6636 );
#5220 = ORIENTED_EDGE( '', *, *, #5881, .T. );
#5221 = ORIENTED_EDGE( '', *, *, #6557, .F. );
#5222 = ORIENTED_EDGE( '', *, *, #6637, .F. );
#5223 = ORIENTED_EDGE( '', *, *, #6450, .T. );
#5224 = CARTESIAN_POINT( '', ( 3.24322885099004, 6.61617668610960, 11.7900000000000 ) );
#5225 = DIRECTION( '', ( 0.000000000000000, 1.00000000000000, 0.000000000000000 ) );
#5226 = DIRECTION( '', ( 0.000000000000000, 0.000000000000000, 1.00000000000000 ) );
#5227 = SURFACE_STYLE_FILL_AREA( #6638 );
#5228 = ORIENTED_EDGE( '', *, *, #6639, .F. );
#5229 = ORIENTED_EDGE( '', *, *, #6243, .F. );
#5230 = ORIENTED_EDGE( '', *, *, #6250, .F. );
#5231 = ORIENTED_EDGE( '', *, *, #6361, .F. );
#5232 = CARTESIAN_POINT( '', ( -9.45238706236560, 5.38839370763791, 11.7900000000000 ) );
#5233 = DIRECTION( '', ( 0.000000000000000, 0.000000000000000, 1.00000000000000 ) );
#5234 = DIRECTION( '', ( 1.00000000000000, 0.000000000000000, 0.000000000000000 ) );
#5235 = SURFACE_STYLE_FILL_AREA( #6640 );
#5236 = ORIENTED_EDGE( '', *, *, #5896, .F. );
#5237 = ORIENTED_EDGE( '', *, *, #6539, .F. );
#5238 = ORIENTED_EDGE( '', *, *, #6083, .T. );
#5239 = ORIENTED_EDGE( '', *, *, #6261, .T. );
#5240 = CARTESIAN_POINT( '', ( 9.52195052334085, 4.10349504289231, 11.7900000000000 ) );
#5241 = DIRECTION( '', ( -1.00000000000000, 0.000000000000000, 0.000000000000000 ) );
#5242 = DIRECTION( '', ( 0.000000000000000, 0.000000000000000, 1.00000000000000 ) );
#5243 = SURFACE_STYLE_FILL_AREA( #6641 );
#5244 = ORIENTED_EDGE( '', *, *, #5831, .T. );
#5245 = ORIENTED_EDGE( '', *, *, #5932, .F. );
#5246 = ORIENTED_EDGE( '', *, *, #6100, .F. );
#5247 = ORIENTED_EDGE( '', *, *, #6391, .T. );
#5248 = CARTESIAN_POINT( '', ( 0.268524590163933, -5.85762295081967, 11.7900000000000 ) );
#5249 = DIRECTION( '', ( 1.00000000000000, 0.000000000000000, 0.000000000000000 ) );
#5250 = DIRECTION( '', ( 0.000000000000000, 0.000000000000000, -1.00000000000000 ) );
#5251 = SURFACE_STYLE_FILL_AREA( #6642 );
#5252 = ORIENTED_EDGE( '', *, *, #5750, .F. );
#5253 = ORIENTED_EDGE( '', *, *, #6229, .F. );
#5254 = ORIENTED_EDGE( '', *, *, #6533, .T. );
#5255 = ORIENTED_EDGE( '', *, *, #6333, .T. );
#5256 = CARTESIAN_POINT( '', ( -7.31737165943157, 1.34314867135427, 11.7900000000000 ) );
#5257 = DIRECTION( '', ( 0.998643274761987, 0.0520731194826531, 0.000000000000000 ) );
#5258 = DIRECTION( '', ( -0.0520731194826531, 0.998643274761987, 0.000000000000000 ) );
#5259 = SURFACE_STYLE_FILL_AREA( #6643 );
#5260 = ORIENTED_EDGE( '', *, *, #5854, .T. );
#5261 = ORIENTED_EDGE( '', *, *, #6551, .F. );
#5262 = ORIENTED_EDGE( '', *, *, #6180, .F. );
#5263 = ORIENTED_EDGE( '', *, *, #6372, .T. );
#5264 = CARTESIAN_POINT( '', ( 5.41475409836066, -5.46418032786885, 11.7900000000000 ) );
#5265 = DIRECTION( '', ( 0.000000000000000, -1.00000000000000, 0.000000000000000 ) );
#5266 = DIRECTION( '', ( 0.000000000000000, 0.000000000000000, -1.00000000000000 ) );
#5267 = SURFACE_STYLE_FILL_AREA( #6644 );
#5268 = ORIENTED_EDGE( '', *, *, #5852, .T. );
#5269 = ORIENTED_EDGE( '', *, *, #6645, .F. );
#5270 = ORIENTED_EDGE( '', *, *, #6182, .F. );
#5271 = ORIENTED_EDGE( '', *, *, #6550, .T. );
#5272 = CARTESIAN_POINT( '', ( 4.55114754098360, -6.07991803278689, 11.7900000000000 ) );
#5273 = DIRECTION( '', ( 0.000000000000000, 1.00000000000000, 0.000000000000000 ) );
#5274 = DIRECTION( '', ( 0.000000000000000, 0.000000000000000, 1.00000000000000 ) );
#5275 = SURFACE_STYLE_FILL_AREA( #6646 );
#5276 = ORIENTED_EDGE( '', *, *, #5860, .F. );
#5277 = ORIENTED_EDGE( '', *, *, #6220, .F. );
#5278 = ORIENTED_EDGE( '', *, *, #6495, .T. );
#5279 = ORIENTED_EDGE( '', *, *, #6168, .T. );
#5280 = CARTESIAN_POINT( '', ( 9.52195052334085, 2.62878273120210, 11.7900000000000 ) );
#5281 = DIRECTION( '', ( -1.00000000000000, 0.000000000000000, 0.000000000000000 ) );
#5282 = DIRECTION( '', ( 0.000000000000000, 0.000000000000000, 1.00000000000000 ) );
#5283 = SURFACE_STYLE_FILL_AREA( #6647 );
#5284 = ORIENTED_EDGE( '', *, *, #5871, .F. );
#5285 = ORIENTED_EDGE( '', *, *, #6199, .F. );
#5286 = ORIENTED_EDGE( '', *, *, #6192, .T. );
#5287 = ORIENTED_EDGE( '', *, *, #6609, .T. );
#5288 = CARTESIAN_POINT( '', ( 5.18655126394040, 5.38839370763791, 11.7900000000000 ) );
#5289 = DIRECTION( '', ( 0.000000000000000, 1.00000000000000, 0.000000000000000 ) );
#5290 = DIRECTION( '', ( 0.000000000000000, 0.000000000000000, 1.00000000000000 ) );
#5291 = SURFACE_STYLE_FILL_AREA( #6648 );
#5292 = ORIENTED_EDGE( '', *, *, #6637, .T. );
#5293 = ORIENTED_EDGE( '', *, *, #6556, .T. );
#5294 = ORIENTED_EDGE( '', *, *, #6530, .T. );
#5295 = ORIENTED_EDGE( '', *, *, #5971, .T. );
#5296 = ORIENTED_EDGE( '', *, *, #6430, .T. );
#5297 = ORIENTED_EDGE( '', *, *, #6320, .T. );
#5298 = ORIENTED_EDGE( '', *, *, #6258, .T. );
#5299 = ORIENTED_EDGE( '', *, *, #6594, .T. );
#5300 = ORIENTED_EDGE( '', *, *, #6126, .T. );
#5301 = ORIENTED_EDGE( '', *, *, #6621, .T. );
#5302 = ORIENTED_EDGE( '', *, *, #6590, .T. );
#5303 = ORIENTED_EDGE( '', *, *, #6451, .T. );
#5304 = CARTESIAN_POINT( '', ( -0.523464862678797, 6.61617668610960, 11.7900000000000 ) );
#5305 = DIRECTION( '', ( 0.000000000000000, 0.000000000000000, 1.00000000000000 ) );
#5306 = DIRECTION( '', ( 1.00000000000000, 0.000000000000000, 0.000000000000000 ) );
#5307 = SURFACE_STYLE_FILL_AREA( #6649 );
#5308 = ORIENTED_EDGE( '', *, *, #6277, .F. );
#5309 = ORIENTED_EDGE( '', *, *, #6428, .T. );
#5310 = ORIENTED_EDGE( '', *, *, #6547, .T. );
#5311 = ORIENTED_EDGE( '', *, *, #6650, .F. );
#5312 = ORIENTED_EDGE( '', *, *, #6651, .T. );
#5313 = ORIENTED_EDGE( '', *, *, #6652, .F. );
#5314 = ORIENTED_EDGE( '', *, *, #6311, .T. );
#5315 = ORIENTED_EDGE( '', *, *, #6349, .F. );
#5316 = ORIENTED_EDGE( '', *, *, #6653, .T. );
#5317 = ORIENTED_EDGE( '', *, *, #6566, .T. );
#5318 = CARTESIAN_POINT( '', ( -11.0000000000000, -11.2500000000000, 1.90000000000000 ) );
#5319 = DIRECTION( '', ( 0.000000000000000, 0.000000000000000, 1.00000000000000 ) );
#5320 = DIRECTION( '', ( 1.00000000000000, 0.000000000000000, 0.000000000000000 ) );
#5321 = SURFACE_STYLE_FILL_AREA( #6654 );
#5322 = ORIENTED_EDGE( '', *, *, #5781, .F. );
#5323 = ORIENTED_EDGE( '', *, *, #6019, .F. );
#5324 = ORIENTED_EDGE( '', *, *, #6386, .T. );
#5325 = ORIENTED_EDGE( '', *, *, #6480, .T. );
#5326 = CARTESIAN_POINT( '', ( -9.45238706236560, 0.964256772567283, 11.7900000000000 ) );
#5327 = DIRECTION( '', ( 1.00000000000000, 0.000000000000000, 0.000000000000000 ) );
#5328 = DIRECTION( '', ( 0.000000000000000, 0.000000000000000, -1.00000000000000 ) );
#5329 = SURFACE_STYLE_FILL_AREA( #6655 );
#5330 = ORIENTED_EDGE( '', *, *, #6656, .T. );
#5331 = ORIENTED_EDGE( '', *, *, #6581, .T. );
#5332 = ORIENTED_EDGE( '', *, *, #6657, .T. );
#5333 = ORIENTED_EDGE( '', *, *, #6650, .T. );
#5334 = ORIENTED_EDGE( '', *, *, #6548, .T. );
#5335 = ORIENTED_EDGE( '', *, *, #6519, .F. );
#5336 = ORIENTED_EDGE( '', *, *, #6060, .T. );
#5337 = ORIENTED_EDGE( '', *, *, #6404, .T. );
#5338 = CARTESIAN_POINT( '', ( 11.0000000000000, 11.2500000000000, 1.90000000000000 ) );
#5339 = DIRECTION( '', ( 7.88510670898549E-017, 1.00000000000000, 0.000000000000000 ) );
#5340 = DIRECTION( '', ( -1.00000000000000, 7.88510670898549E-017, 0.000000000000000 ) );
#5341 = SURFACE_STYLE_FILL_AREA( #6658 );
#5342 = ORIENTED_EDGE( '', *, *, #6659, .T. );
#5343 = ORIENTED_EDGE( '', *, *, #5802, .F. );
#5344 = ORIENTED_EDGE( '', *, *, #6143, .F. );
#5345 = ORIENTED_EDGE( '', *, *, #6583, .F. );
#5346 = CARTESIAN_POINT( '', ( -10.0000000000000, -10.2500000000000, 11.8000000000000 ) );
#5347 = DIRECTION( '', ( -0.000000000000000, 0.000000000000000, -1.00000000000000 ) );
#5348 = DIRECTION( '', ( -1.00000000000000, 0.000000000000000, 0.000000000000000 ) );
#5349 = SURFACE_STYLE_FILL_AREA( #6660 );
#5350 = ORIENTED_EDGE( '', *, *, #6661, .T. );
#5351 = ORIENTED_EDGE( '', *, *, #6210, .T. );
#5352 = ORIENTED_EDGE( '', *, *, #6309, .T. );
#5353 = ORIENTED_EDGE( '', *, *, #6652, .T. );
#5354 = CARTESIAN_POINT( '', ( 11.0000000000000, -11.2500000000000, 1.90000000000000 ) );
#5355 = DIRECTION( '', ( 1.00000000000000, 0.000000000000000, 0.000000000000000 ) );
#5356 = DIRECTION( '', ( 0.000000000000000, 0.000000000000000, -1.00000000000000 ) );
#5357 = SURFACE_STYLE_FILL_AREA( #6662 );
#5358 = ORIENTED_EDGE( '', *, *, #5753, .F. );
#5359 = ORIENTED_EDGE( '', *, *, #6663, .F. );
#5360 = ORIENTED_EDGE( '', *, *, #6535, .T. );
#5361 = ORIENTED_EDGE( '', *, *, #6507, .T. );
#5362 = CARTESIAN_POINT( '', ( -6.13657225693627, 3.88042519521311, 11.7900000000000 ) );
#5363 = DIRECTION( '', ( 0.812281971897565, -0.583264946769651, 0.000000000000000 ) );
#5364 = DIRECTION( '', ( 0.583264946769651, 0.812281971897565, 0.000000000000000 ) );
#5365 = SURFACE_STYLE_FILL_AREA( #6664 );
#5366 = ORIENTED_EDGE( '', *, *, #5752, .F. );
#5367 = ORIENTED_EDGE( '', *, *, #6335, .F. );
#5368 = ORIENTED_EDGE( '', *, *, #6536, .T. );
#5369 = ORIENTED_EDGE( '', *, *, #6663, .T. );
#5370 = CARTESIAN_POINT( '', ( -6.26600179493035, 6.61617668610960, 11.7900000000000 ) );
#5371 = DIRECTION( '', ( -0.998882737529132, -0.0472575567111532, 0.000000000000000 ) );
#5372 = DIRECTION( '', ( 0.0472575567111532, -0.998882737529132, 0.000000000000000 ) );
#5373 = SURFACE_STYLE_FILL_AREA( #6665 );
#5374 = ORIENTED_EDGE( '', *, *, #5797, .T. );
#5375 = ORIENTED_EDGE( '', *, *, #6499, .F. );
#5376 = ORIENTED_EDGE( '', *, *, #6631, .F. );
#5377 = ORIENTED_EDGE( '', *, *, #6456, .T. );
#5378 = CARTESIAN_POINT( '', ( -5.67639344262295, -5.85762295081967, 11.7900000000000 ) );
#5379 = DIRECTION( '', ( 0.000000000000000, -1.00000000000000, 0.000000000000000 ) );
#5380 = DIRECTION( '', ( 0.000000000000000, 0.000000000000000, -1.00000000000000 ) );
#5381 = SURFACE_STYLE_FILL_AREA( #6666 );
#5382 = ORIENTED_EDGE( '', *, *, #5842, .T. );
#5383 = ORIENTED_EDGE( '', *, *, #6383, .F. );
#5384 = ORIENTED_EDGE( '', *, *, #5968, .F. );
#5385 = ORIENTED_EDGE( '', *, *, #5996, .T. );
#5386 = CARTESIAN_POINT( '', ( 2.70983606557377, -3.66221311475410, 11.7900000000000 ) );
#5387 = DIRECTION( '', ( 0.000000000000000, 1.00000000000000, 0.000000000000000 ) );
#5388 = DIRECTION( '', ( 0.000000000000000, 0.000000000000000, 1.00000000000000 ) );
#5389 = SURFACE_STYLE_FILL_AREA( #6667 );
#5390 = ORIENTED_EDGE( '', *, *, #6668, .F. );
#5391 = ORIENTED_EDGE( '', *, *, #6133, .F. );
#5392 = ORIENTED_EDGE( '', *, *, #6601, .F. );
#5393 = CARTESIAN_POINT( '', ( -11.0000000000000, -11.2500000000000, 11.8000000000000 ) );
#5394 = DIRECTION( '', ( 0.000000000000000, 0.000000000000000, 1.00000000000000 ) );
#5395 = DIRECTION( '', ( 1.00000000000000, 0.000000000000000, 0.000000000000000 ) );
#5396 = SURFACE_STYLE_FILL_AREA( #6669 );
#5397 = ORIENTED_EDGE( '', *, *, #6501, .F. );
#5398 = ORIENTED_EDGE( '', *, *, #6224, .T. );
#5399 = ORIENTED_EDGE( '', *, *, #6052, .T. );
#5400 = ORIENTED_EDGE( '', *, *, #6670, .T. );
#5401 = ORIENTED_EDGE( '', *, *, #6671, .F. );
#5402 = ORIENTED_EDGE( '', *, *, #6339, .F. );
#5403 = ORIENTED_EDGE( '', *, *, #6487, .T. );
#5404 = ORIENTED_EDGE( '', *, *, #6254, .F. );
#5405 = CARTESIAN_POINT( '', ( 5.40000000000000, 0.000000000000000, 1.90000000000000 ) );
#5406 = DIRECTION( '', ( 0.000000000000000, 0.000000000000000, 1.00000000000000 ) );
#5407 = DIRECTION( '', ( 1.00000000000000, 0.000000000000000, 0.000000000000000 ) );
#5408 = SURFACE_STYLE_FILL_AREA( #6672 );
#5409 = ORIENTED_EDGE( '', *, *, #5791, .T. );
#5410 = ORIENTED_EDGE( '', *, *, #6597, .F. );
#5411 = ORIENTED_EDGE( '', *, *, #6632, .F. );
#5412 = ORIENTED_EDGE( '', *, *, #6516, .T. );
#5413 = CARTESIAN_POINT( '', ( -3.62655737704918, -3.15467213114755, 11.7900000000000 ) );
#5414 = DIRECTION( '', ( 0.000000000000000, -1.00000000000000, 0.000000000000000 ) );
#5415 = DIRECTION( '', ( 0.000000000000000, 0.000000000000000, -1.00000000000000 ) );
#5416 = SURFACE_STYLE_FILL_AREA( #6673 );
#5417 = ORIENTED_EDGE( '', *, *, #5878, .F. );
#5418 = ORIENTED_EDGE( '', *, *, #6244, .F. );
#5419 = ORIENTED_EDGE( '', *, *, #6639, .T. );
#5420 = ORIENTED_EDGE( '', *, *, #6360, .T. );
#5421 = CARTESIAN_POINT( '', ( -9.45238706236560, 5.38839370763791, 11.7900000000000 ) );
#5422 = DIRECTION( '', ( 1.00000000000000, 0.000000000000000, 0.000000000000000 ) );
#5423 = DIRECTION( '', ( 0.000000000000000, 0.000000000000000, -1.00000000000000 ) );
#5424 = SURFACE_STYLE_FILL_AREA( #6674 );
#5425 = ORIENTED_EDGE( '', *, *, #5809, .T. );
#5426 = ORIENTED_EDGE( '', *, *, #6159, .F. );
#5427 = ORIENTED_EDGE( '', *, *, #6042, .F. );
#5428 = ORIENTED_EDGE( '', *, *, #6235, .T. );
#5429 = CARTESIAN_POINT( '', ( -1.84426229508197, -5.53893442622951, 11.7900000000000 ) );
#5430 = CARTESIAN_POINT( '', ( -1.84426229508197, -5.56319672131148, 11.7900000000000 ) );
#5431 = CARTESIAN_POINT( '', ( -1.84426229508197, -5.58745901639344, 11.7900000000000 ) );
#5432 = CARTESIAN_POINT( '', ( -1.84426229508197, -5.61172131147541, 11.7900000000000 ) );
#5433 = CARTESIAN_POINT( '', ( -1.84426229508197, -5.83795081967213, 11.7900000000000 ) );
#5434 = CARTESIAN_POINT( '', ( -1.71836065573770, -5.88516393442623, 11.7900000000000 ) );
#5435 = CARTESIAN_POINT( '', ( -1.49606557377049, -5.88516393442623, 11.7900000000000 ) );
#5436 = CARTESIAN_POINT( '', ( -1.45475409836066, -5.87532786885246, 11.7900000000000 ) );
#5437 = CARTESIAN_POINT( '', ( -1.40754098360656, -5.85959016393443, 11.7900000000000 ) );
#5438 = DIRECTION( '', ( 0.000000000000000, 0.000000000000000, 1.00000000000000 ) );
#5439 = SURFACE_STYLE_FILL_AREA( #6675 );
#5440 = ORIENTED_EDGE( '', *, *, #6003, .T. );
#5441 = ORIENTED_EDGE( '', *, *, #6054, .T. );
#5442 = ORIENTED_EDGE( '', *, *, #6226, .F. );
#5443 = ORIENTED_EDGE( '', *, *, #6505, .F. );
#5444 = ORIENTED_EDGE( '', *, *, #6676, .F. );
#5445 = ORIENTED_EDGE( '', *, *, #6577, .F. );
#5446 = ORIENTED_EDGE( '', *, *, #6616, .T. );
#5447 = ORIENTED_EDGE( '', *, *, #6586, .T. );
#5448 = CARTESIAN_POINT( '', ( -1.75000000000000, 10.0000000000000, 9.01000000000000 ) );
#5449 = DIRECTION( '', ( 0.000000000000000, 0.000000000000000, 1.00000000000000 ) );
#5450 = DIRECTION( '', ( 1.00000000000000, 0.000000000000000, 0.000000000000000 ) );
#5451 = SURFACE_STYLE_FILL_AREA( #6677 );
#5452 = ORIENTED_EDGE( '', *, *, #5844, .T. );
#5453 = ORIENTED_EDGE( '', *, *, #5997, .F. );
#5454 = ORIENTED_EDGE( '', *, *, #5966, .F. );
#5455 = ORIENTED_EDGE( '', *, *, #6272, .T. );
#5456 = CARTESIAN_POINT( '', ( 2.71770491803279, -3.97106557377050, 11.7900000000000 ) );
#5457 = DIRECTION( '', ( 0.242535625036233, 0.970142500145357, 0.000000000000000 ) );
#5458 = DIRECTION( '', ( -0.970142500145357, 0.242535625036233, 0.000000000000000 ) );
#5459 = SURFACE_STYLE_FILL_AREA( #6678 );
#5460 = ORIENTED_EDGE( '', *, *, #5928, .T. );
#5461 = CARTESIAN_POINT( '', ( -11.0000000000000, -11.2500000000000, 11.8000000000000 ) );
#5462 = DIRECTION( '', ( 0.000000000000000, 0.000000000000000, 1.00000000000000 ) );
#5463 = DIRECTION( '', ( 1.00000000000000, 0.000000000000000, 0.000000000000000 ) );
#5464 = SURFACE_STYLE_FILL_AREA( #6679 );
#5465 = ORIENTED_EDGE( '', *, *, #5849, .T. );
#5466 = ORIENTED_EDGE( '', *, *, #6474, .F. );
#5467 = ORIENTED_EDGE( '', *, *, #6177, .F. );
#5468 = ORIENTED_EDGE( '', *, *, #6527, .T. );
#5469 = CARTESIAN_POINT( '', ( 5.44819672131148, -3.66221311475410, 11.7900000000000 ) );
#5470 = DIRECTION( '', ( -1.00000000000000, 0.000000000000000, 0.000000000000000 ) );
#5471 = DIRECTION( '', ( 0.000000000000000, 0.000000000000000, 1.00000000000000 ) );
#5472 = SURFACE_STYLE_FILL_AREA( #6680 );
#5473 = ORIENTED_EDGE( '', *, *, #5893, .F. );
#5474 = ORIENTED_EDGE( '', *, *, #6604, .F. );
#5475 = ORIENTED_EDGE( '', *, *, #6078, .T. );
#5476 = ORIENTED_EDGE( '', *, *, #6681, .T. );
#5477 = CARTESIAN_POINT( '', ( 2.14087159273359, 4.10349504289231, 11.7900000000000 ) );
#5478 = DIRECTION( '', ( 0.000000000000000, -1.00000000000000, 0.000000000000000 ) );
#5479 = DIRECTION( '', ( 0.000000000000000, 0.000000000000000, -1.00000000000000 ) );
#5480 = SURFACE_STYLE_FILL_AREA( #6682 );
#5481 = ORIENTED_EDGE( '', *, *, #5851, .T. );
#5482 = ORIENTED_EDGE( '', *, *, #6528, .F. );
#5483 = ORIENTED_EDGE( '', *, *, #6183, .F. );
#5484 = ORIENTED_EDGE( '', *, *, #6645, .T. );
#5485 = CARTESIAN_POINT( '', ( 4.30327868852459, -6.07991803278689, 11.7900000000000 ) );
#5486 = CARTESIAN_POINT( '', ( 4.30721311475410, -6.39073770491803, 11.7900000000000 ) );
#5487 = CARTESIAN_POINT( '', ( 4.52557377049180, -6.61500000000000, 11.7900000000000 ) );
#5488 = CARTESIAN_POINT( '', ( 5.45606557377049, -6.61500000000000, 11.7900000000000 ) );
#5489 = CARTESIAN_POINT( '', ( 5.67639344262295, -6.30811475409836, 11.7900000000000 ) );
#5490 = CARTESIAN_POINT( '', ( 5.67639344262295, -5.70024590163935, 11.7900000000000 ) );
#5491 = CARTESIAN_POINT( '', ( 5.67639344262295, -5.02090163934427, 11.7900000000000 ) );
#5492 = CARTESIAN_POINT( '', ( 5.67639344262295, -4.34155737704918, 11.7900000000000 ) );
#5493 = CARTESIAN_POINT( '', ( 5.67639344262295, -3.66221311475410, 11.7900000000000 ) );
#5494 = DIRECTION( '', ( 0.000000000000000, 0.000000000000000, 1.00000000000000 ) );
#5495 = SURFACE_STYLE_FILL_AREA( #6683 );
#5496 = ORIENTED_EDGE( '', *, *, #6653, .F. );
#5497 = ORIENTED_EDGE( '', *, *, #6348, .F. );
#5498 = ORIENTED_EDGE( '', *, *, #6522, .F. );
#5499 = ORIENTED_EDGE( '', *, *, #6567, .F. );
#5500 = CARTESIAN_POINT( '', ( 6.05000000000000, -10.7500000000000, -23.3887859734183 ) );
#5501 = DIRECTION( '', ( -0.000000000000000, -0.000000000000000, -1.00000000000000 ) );
#5502 = DIRECTION( '', ( 1.00000000000000, 0.000000000000000, 0.000000000000000 ) );
#5503 = SURFACE_STYLE_FILL_AREA( #6684 );
#5504 = ORIENTED_EDGE( '', *, *, #6668, .T. );
#5505 = ORIENTED_EDGE( '', *, *, #6602, .F. );
#5506 = ORIENTED_EDGE( '', *, *, #6045, .F. );
#5507 = ORIENTED_EDGE( '', *, *, #6134, .T. );
#5508 = CARTESIAN_POINT( '', ( -1.86393442622951, -4.61631147540984, 11.7900000000000 ) );
#5509 = DIRECTION( '', ( 0.000000000000000, -1.00000000000000, 0.000000000000000 ) );
#5510 = DIRECTION( '', ( 0.000000000000000, 0.000000000000000, -1.00000000000000 ) );
#5511 = SURFACE_STYLE_FILL_AREA( #6685 );
#5512 = ORIENTED_EDGE( '', *, *, #5824, .T. );
#5513 = ORIENTED_EDGE( '', *, *, #6599, .F. );
#5514 = ORIENTED_EDGE( '', *, *, #6105, .F. );
#5515 = ORIENTED_EDGE( '', *, *, #6432, .T. );
#5516 = CARTESIAN_POINT( '', ( 1.12819672131147, -3.66221311475410, 11.7900000000000 ) );
#5517 = DIRECTION( '', ( -0.788970023168080, 0.614431690704638, 0.000000000000000 ) );
#5518 = DIRECTION( '', ( -0.614431690704638, -0.788970023168080, 0.000000000000000 ) );
#5519 = SURFACE_STYLE_FILL_AREA( #6686 );
#5520 = ORIENTED_EDGE( '', *, *, #5820, .T. );
#5521 = ORIENTED_EDGE( '', *, *, #6392, .F. );
#5522 = ORIENTED_EDGE( '', *, *, #6098, .F. );
#5523 = ORIENTED_EDGE( '', *, *, #6025, .T. );
#5524 = CARTESIAN_POINT( '', ( 0.0206557377049170, -2.90680327868853, 11.7900000000000 ) );
#5525 = DIRECTION( '', ( -1.00000000000000, 0.000000000000000, 0.000000000000000 ) );
#5526 = DIRECTION( '', ( 0.000000000000000, 0.000000000000000, 1.00000000000000 ) );
#5527 = SURFACE_STYLE_FILL_AREA( #6687 );
#5528 = ORIENTED_EDGE( '', *, *, #6485, .F. );
#5529 = ORIENTED_EDGE( '', *, *, #6399, .F. );
#5530 = ORIENTED_EDGE( '', *, *, #6688, .T. );
#5531 = ORIENTED_EDGE( '', *, *, #6689, .T. );
#5532 = CARTESIAN_POINT( '', ( -6.42918335756750E-016, -10.5000000000000, 1.65000000000000 ) );
#5533 = DIRECTION( '', ( 1.00000000000000, -6.12303176911189E-017, -0.000000000000000 ) );
#5534 = DIRECTION( '', ( -6.12303176911189E-017, -1.00000000000000, 0.000000000000000 ) );
#5535 = SURFACE_STYLE_FILL_AREA( #6690 );
#5536 = ORIENTED_EDGE( '', *, *, #5837, .T. );
#5537 = ORIENTED_EDGE( '', *, *, #6286, .F. );
#5538 = ORIENTED_EDGE( '', *, *, #6316, .F. );
#5539 = ORIENTED_EDGE( '', *, *, #6375, .T. );
#5540 = CARTESIAN_POINT( '', ( 1.74000000000000, -3.66221311475410, 11.7900000000000 ) );
#5541 = DIRECTION( '', ( -1.00000000000000, 0.000000000000000, 0.000000000000000 ) );
#5542 = DIRECTION( '', ( 0.000000000000000, 0.000000000000000, 1.00000000000000 ) );
#5543 = SURFACE_STYLE_FILL_AREA( #6691 );
#5544 = ORIENTED_EDGE( '', *, *, #5812, .T. );
#5545 = ORIENTED_EDGE( '', *, *, #6269, .F. );
#5546 = ORIENTED_EDGE( '', *, *, #6323, .F. );
#5547 = ORIENTED_EDGE( '', *, *, #6421, .T. );
#5548 = CARTESIAN_POINT( '', ( -1.09868852459017, -3.66221311475410, 11.7900000000000 ) );
#5549 = DIRECTION( '', ( -1.00000000000000, 0.000000000000000, 0.000000000000000 ) );
#5550 = DIRECTION( '', ( 0.000000000000000, 0.000000000000000, 1.00000000000000 ) );
#5551 = SURFACE_STYLE_FILL_AREA( #6692 );
#5552 = ORIENTED_EDGE( '', *, *, #5876, .F. );
#5553 = ORIENTED_EDGE( '', *, *, #6314, .F. );
#5554 = ORIENTED_EDGE( '', *, *, #5936, .T. );
#5555 = ORIENTED_EDGE( '', *, *, #6476, .T. );
#5556 = CARTESIAN_POINT( '', ( -7.84080955109200, 4.10349504289231, 11.7900000000000 ) );
#5557 = DIRECTION( '', ( -0.998646183833548, -0.0520173001480403, 0.000000000000000 ) );
#5558 = DIRECTION( '', ( 0.0520173001480403, -0.998646183833548, 0.000000000000000 ) );
#5559 = SURFACE_STYLE_FILL_AREA( #6693 );
#5560 = ORIENTED_EDGE( '', *, *, #5894, .F. );
#5561 = ORIENTED_EDGE( '', *, *, #6681, .F. );
#5562 = ORIENTED_EDGE( '', *, *, #6077, .T. );
#5563 = ORIENTED_EDGE( '', *, *, #6538, .T. );
#5564 = CARTESIAN_POINT( '', ( 7.36520010960730, 4.10349504289231, 11.7900000000000 ) );
#5565 = CARTESIAN_POINT( '', ( 7.41120315878071, 4.41873441005215, 11.7900000000000 ) );
#5566 = CARTESIAN_POINT( '', ( 7.68264566207386, 4.66084281982266, 11.7900000000000 ) );
#5567 = CARTESIAN_POINT( '', ( 8.01063187767251, 4.66084281982266, 11.7900000000000 ) );
#5568 = CARTESIAN_POINT( '', ( 8.33861809327117, 4.66084281982266, 11.7900000000000 ) );
#5569 = CARTESIAN_POINT( '', ( 8.61006059656432, 4.41873441005215, 11.7900000000000 ) );
#5570 = CARTESIAN_POINT( '', ( 8.65606364573773, 4.10349504289231, 11.7900000000000 ) );
#5571 = DIRECTION( '', ( 0.000000000000000, 0.000000000000000, 1.00000000000000 ) );
#5572 = SURFACE_STYLE_FILL_AREA( #6694 );
#5573 = ORIENTED_EDGE( '', *, *, #5952, .F. );
#5574 = ORIENTED_EDGE( '', *, *, #6578, .F. );
#5575 = ORIENTED_EDGE( '', *, *, #6676, .T. );
#5576 = ORIENTED_EDGE( '', *, *, #6504, .T. );
#5577 = CARTESIAN_POINT( '', ( 3.41800699300692, 10.0000000000000, 0.000000000000000 ) );
#5578 = DIRECTION( '', ( -0.000000000000000, -0.000000000000000, -1.00000000000000 ) );
#5579 = DIRECTION( '', ( 1.00000000000000, 0.000000000000000, 0.000000000000000 ) );
#5580 = SURFACE_STYLE_FILL_AREA( #6695 );
#5581 = ORIENTED_EDGE( '', *, *, #6153, .F. );
#5582 = ORIENTED_EDGE( '', *, *, #6511, .F. );
#5583 = ORIENTED_EDGE( '', *, *, #6564, .T. );
#5584 = ORIENTED_EDGE( '', *, *, #6112, .T. );
#5585 = ORIENTED_EDGE( '', *, *, #6629, .T. );
#5586 = ORIENTED_EDGE( '', *, *, #6340, .T. );
#5587 = ORIENTED_EDGE( '', *, *, #6671, .T. );
#5588 = ORIENTED_EDGE( '', *, *, #6696, .F. );
#5589 = ORIENTED_EDGE( '', *, *, #6697, .F. );
#5590 = ORIENTED_EDGE( '', *, *, #6688, .F. );
#5591 = ORIENTED_EDGE( '', *, *, #6398, .F. );
#5592 = ORIENTED_EDGE( '', *, *, #6562, .F. );
#5593 = CARTESIAN_POINT( '', ( 1.75000000000000, -5.75000000000000, 0.300000000000000 ) );
#5594 = DIRECTION( '', ( -1.00000000000000, 6.12303176911189E-017, 0.000000000000000 ) );
#5595 = DIRECTION( '', ( -6.12303176911189E-017, -1.00000000000000, 0.000000000000000 ) );
#5596 = SURFACE_STYLE_FILL_AREA( #6698 );
#5597 = ORIENTED_EDGE( '', *, *, #5945, .F. );
#5598 = ORIENTED_EDGE( '', *, *, #6415, .T. );
#5599 = ORIENTED_EDGE( '', *, *, #6656, .F. );
#5600 = ORIENTED_EDGE( '', *, *, #6403, .F. );
#5601 = CARTESIAN_POINT( '', ( -10.0000000000000, 10.2500000000000, 1.90000000000000 ) );
#5602 = DIRECTION( '', ( -0.000000000000000, -0.000000000000000, -1.00000000000000 ) );
#5603 = DIRECTION( '', ( 1.00000000000000, 0.000000000000000, 0.000000000000000 ) );
#5604 = SURFACE_STYLE_FILL_AREA( #6699 );
#5605 = ORIENTED_EDGE( '', *, *, #5779, .F. );
#5606 = ORIENTED_EDGE( '', *, *, #6635, .F. );
#5607 = ORIENTED_EDGE( '', *, *, #6387, .T. );
#5608 = ORIENTED_EDGE( '', *, *, #6017, .T. );
#5609 = CARTESIAN_POINT( '', ( 8.65606364573773, 0.964256772567283, 11.7900000000000 ) );
#5610 = CARTESIAN_POINT( '', ( 8.61006059656432, 0.649017405407448, 11.7900000000000 ) );
#5611 = CARTESIAN_POINT( '', ( 8.33861809327117, 0.406908995636937, 11.7900000000000 ) );
#5612 = CARTESIAN_POINT( '', ( 8.01063187767251, 0.406908995636937, 11.7900000000000 ) );
#5613 = CARTESIAN_POINT( '', ( 7.68264566207386, 0.406908995636937, 11.7900000000000 ) );
#5614 = CARTESIAN_POINT( '', ( 7.41120315878071, 0.649017405407448, 11.7900000000000 ) );
#5615 = CARTESIAN_POINT( '', ( 7.36520010960730, 0.964256772567283, 11.7900000000000 ) );
#5616 = DIRECTION( '', ( 0.000000000000000, 0.000000000000000, 1.00000000000000 ) );
#5617 = SURFACE_STYLE_FILL_AREA( #6700 );
#5618 = ORIENTED_EDGE( '', *, *, #6659, .F. );
#5619 = ORIENTED_EDGE( '', *, *, #6344, .F. );
#5620 = ORIENTED_EDGE( '', *, *, #6139, .F. );
#5621 = ORIENTED_EDGE( '', *, *, #5803, .F. );
#5622 = CARTESIAN_POINT( '', ( -11.0000000000000, -10.7500000000000, 11.8000000000000 ) );
#5623 = DIRECTION( '', ( -5.57561242430318E-017, 0.707106781186548, -0.707106781186548 ) );
#5624 = DIRECTION( '', ( 0.000000000000000, 0.707106781186548, 0.707106781186548 ) );
#5625 = SURFACE_STYLE_FILL_AREA( #6701 );
#5626 = ORIENTED_EDGE( '', *, *, #5918, .T. );
#5627 = ORIENTED_EDGE( '', *, *, #6611, .T. );
#5628 = ORIENTED_EDGE( '', *, *, #6436, .T. );
#5629 = ORIENTED_EDGE( '', *, *, #6702, .T. );
#5630 = ORIENTED_EDGE( '', *, *, #6492, .F. );
#5631 = ORIENTED_EDGE( '', *, *, #6614, .T. );
#5632 = CARTESIAN_POINT( '', ( 2.35000000000000, -5.00000000000000, 0.300000000000000 ) );
#5633 = DIRECTION( '', ( 1.00000000000000, 1.38777878078145E-016, 0.000000000000000 ) );
#5634 = DIRECTION( '', ( -1.38777878078145E-016, 1.00000000000000, 0.000000000000000 ) );
#5635 = SURFACE_STYLE_FILL_AREA( #6703 );
#5636 = ORIENTED_EDGE( '', *, *, #6434, .F. );
#5637 = ORIENTED_EDGE( '', *, *, #6172, .F. );
#5638 = ORIENTED_EDGE( '', *, *, #5903, .F. );
#5639 = ORIENTED_EDGE( '', *, *, #6074, .F. );
#5640 = CARTESIAN_POINT( '', ( -10.0000000000000, -10.2500000000000, 1.90000000000000 ) );
#5641 = DIRECTION( '', ( -0.000000000000000, -0.000000000000000, 1.00000000000000 ) );
#5642 = DIRECTION( '', ( -1.00000000000000, 0.000000000000000, 0.000000000000000 ) );
#5643 = SURFACE_STYLE_FILL_AREA( #6704 );
#5644 = ORIENTED_EDGE( '', *, *, #6588, .T. );
#5645 = ORIENTED_EDGE( '', *, *, #6303, .F. );
#5646 = ORIENTED_EDGE( '', *, *, #6575, .F. );
#5647 = ORIENTED_EDGE( '', *, *, #6466, .T. );
#5648 = CARTESIAN_POINT( '', ( -1.75000000000000, 5.75000000000000, 0.300000000000000 ) );
#5649 = DIRECTION( '', ( 6.71097408161255E-029, 3.10852175506041E-015, 1.00000000000000 ) );
#5650 = DIRECTION( '', ( 0.000000000000000, -1.00000000000000, 3.10852175506041E-015 ) );
#5651 = SURFACE_STYLE_FILL_AREA( #6705 );
#5652 = ORIENTED_EDGE( '', *, *, #5771, .F. );
#5653 = ORIENTED_EDGE( '', *, *, #6623, .F. );
#5654 = ORIENTED_EDGE( '', *, *, #6207, .T. );
#5655 = ORIENTED_EDGE( '', *, *, #6164, .T. );
#5656 = CARTESIAN_POINT( '', ( 8.65606364573773, 6.80590862248730, 11.7900000000000 ) );
#5657 = CARTESIAN_POINT( '', ( 8.61006059656432, 6.49066925532745, 11.7900000000000 ) );
#5658 = CARTESIAN_POINT( '', ( 8.33861809327117, 6.24856084555694, 11.7900000000000 ) );
#5659 = CARTESIAN_POINT( '', ( 8.01063187767251, 6.24856084555694, 11.7900000000000 ) );
#5660 = CARTESIAN_POINT( '', ( 7.68264566207386, 6.24856084555694, 11.7900000000000 ) );
#5661 = CARTESIAN_POINT( '', ( 7.41120315878071, 6.49066925532745, 11.7900000000000 ) );
#5662 = CARTESIAN_POINT( '', ( 7.36520010960730, 6.80590862248730, 11.7900000000000 ) );
#5663 = DIRECTION( '', ( 0.000000000000000, 0.000000000000000, 1.00000000000000 ) );
#5664 = SURFACE_STYLE_FILL_AREA( #6706 );
#5665 = ORIENTED_EDGE( '', *, *, #6440, .F. );
#5666 = ORIENTED_EDGE( '', *, *, #6298, .T. );
#5667 = ORIENTED_EDGE( '', *, *, #5910, .F. );
#5668 = ORIENTED_EDGE( '', *, *, #6294, .F. );
#5669 = ORIENTED_EDGE( '', *, *, #5984, .T. );
#5670 = ORIENTED_EDGE( '', *, *, #6021, .F. );
#5671 = CARTESIAN_POINT( '', ( 2.35000000000000, 5.00000000000000, 0.300000000000000 ) );
#5672 = DIRECTION( '', ( -1.00000000000000, 5.55111512312578E-016, 0.000000000000000 ) );
#5673 = DIRECTION( '', ( -5.55111512312578E-016, -1.00000000000000, 0.000000000000000 ) );
#5674 = SURFACE_STYLE_FILL_AREA( #6707 );
#5675 = ORIENTED_EDGE( '', *, *, #6657, .F. );
#5676 = ORIENTED_EDGE( '', *, *, #6541, .T. );
#5677 = ORIENTED_EDGE( '', *, *, #6661, .F. );
#5678 = ORIENTED_EDGE( '', *, *, #6651, .F. );
#5679 = CARTESIAN_POINT( '', ( 10.0000000000000, 10.2500000000000, 1.90000000000000 ) );
#5680 = DIRECTION( '', ( -0.000000000000000, -0.000000000000000, -1.00000000000000 ) );
#5681 = DIRECTION( '', ( 1.00000000000000, 0.000000000000000, 0.000000000000000 ) );
#5682 = SURFACE_STYLE_FILL_AREA( #6708 );
#5683 = ORIENTED_EDGE( '', *, *, #6502, .T. );
#5684 = ORIENTED_EDGE( '', *, *, #6252, .T. );
#5685 = ORIENTED_EDGE( '', *, *, #6486, .F. );
#5686 = ORIENTED_EDGE( '', *, *, #6689, .F. );
#5687 = ORIENTED_EDGE( '', *, *, #6697, .T. );
#5688 = ORIENTED_EDGE( '', *, *, #6709, .F. );
#5689 = ORIENTED_EDGE( '', *, *, #6050, .F. );
#5690 = ORIENTED_EDGE( '', *, *, #6618, .T. );
#5691 = CARTESIAN_POINT( '', ( 8.90000000000000, 0.000000000000000, 2.40000000000000 ) );
#5692 = DIRECTION( '', ( 0.000000000000000, 0.000000000000000, -1.00000000000000 ) );
#5693 = DIRECTION( '', ( -1.00000000000000, 0.000000000000000, 0.000000000000000 ) );
#5694 = SURFACE_STYLE_FILL_AREA( #6710 );
#5695 = ORIENTED_EDGE( '', *, *, #5857, .F. );
#5696 = ORIENTED_EDGE( '', *, *, #6352, .F. );
#5697 = ORIENTED_EDGE( '', *, *, #6494, .T. );
#5698 = ORIENTED_EDGE( '', *, *, #6330, .T. );
#5699 = CARTESIAN_POINT( '', ( 1.27670063703568, 2.62919128403668, 11.7900000000000 ) );
#5700 = DIRECTION( '', ( -0.000104493207370070, -0.999999994540585, 0.000000000000000 ) );
#5701 = DIRECTION( '', ( 0.999999994540585, -0.000104493207370070, 0.000000000000000 ) );
#5702 = SURFACE_STYLE_FILL_AREA( #6711 );
#5703 = ORIENTED_EDGE( '', *, *, #5848, .T. );
#5704 = ORIENTED_EDGE( '', *, *, #6012, .F. );
#5705 = ORIENTED_EDGE( '', *, *, #5962, .F. );
#5706 = ORIENTED_EDGE( '', *, *, #6382, .T. );
#5707 = CARTESIAN_POINT( '', ( 2.48754098360656, -5.85762295081967, 11.7900000000000 ) );
#5708 = DIRECTION( '', ( -6.99855370599113E-015, -1.00000000000000, 0.000000000000000 ) );
#5709 = DIRECTION( '', ( 1.00000000000000, -6.99855370599113E-015, 0.000000000000000 ) );
#5710 = SURFACE_STYLE_FILL_AREA( #6712 );
#5711 = ORIENTED_EDGE( '', *, *, #5788, .T. );
#5712 = ORIENTED_EDGE( '', *, *, #6607, .F. );
#5713 = ORIENTED_EDGE( '', *, *, #6633, .F. );
#5714 = ORIENTED_EDGE( '', *, *, #5957, .T. );
#5715 = CARTESIAN_POINT( '', ( -3.35508196721312, -5.85762295081967, 11.7900000000000 ) );
#5716 = DIRECTION( '', ( 1.00000000000000, 0.000000000000000, 0.000000000000000 ) );
#5717 = DIRECTION( '', ( 0.000000000000000, 0.000000000000000, -1.00000000000000 ) );
#5718 = SURFACE_STYLE_FILL_AREA( #6713 );
#5719 = ORIENTED_EDGE( '', *, *, #6524, .F. );
#5720 = ORIENTED_EDGE( '', *, *, #6448, .F. );
#5721 = CARTESIAN_POINT( '', ( 6.50521303491303E-016, 0.000000000000000, 3.75000000000000 ) );
#5722 = DIRECTION( '', ( -0.000000000000000, -0.000000000000000, -1.00000000000000 ) );
#5723 = DIRECTION( '', ( 1.00000000000000, 0.000000000000000, 0.000000000000000 ) );
#5724 = SURFACE_STYLE_FILL_AREA( #6714 );
#5725 = ORIENTED_EDGE( '', *, *, #6670, .F. );
#5726 = ORIENTED_EDGE( '', *, *, #6051, .F. );
#5727 = ORIENTED_EDGE( '', *, *, #6709, .T. );
#5728 = ORIENTED_EDGE( '', *, *, #6696, .T. );
#5729 = CARTESIAN_POINT( '', ( 3.41800699300692, -10.0000000000000, 0.000000000000000 ) );
#5730 = DIRECTION( '', ( -0.000000000000000, -0.000000000000000, -1.00000000000000 ) );
#5731 = DIRECTION( '', ( 1.00000000000000, 0.000000000000000, 0.000000000000000 ) );
#5732 = SURFACE_STYLE_FILL_AREA( #6715 );
#5733 = ORIENTED_EDGE( '', *, *, #6435, .T. );
#5734 = ORIENTED_EDGE( '', *, *, #6123, .T. );
#5735 = ORIENTED_EDGE( '', *, *, #6490, .T. );
#5736 = ORIENTED_EDGE( '', *, *, #6702, .F. );
#5737 = CARTESIAN_POINT( '', ( -2.35000000000000, -10.0000000000000, 31.5255451975061 ) );
#5738 = DIRECTION( '', ( -3.69090101271661E-016, 1.00000000000000, 0.000000000000000 ) );
#5739 = DIRECTION( '', ( -1.00000000000000, -3.69090101271661E-016, 0.000000000000000 ) );
#5740 = SURFACE_STYLE_FILL_AREA( #6716 );
#5741 = ORIENTED_EDGE( '', *, *, #5776, .F. );
#5742 = ORIENTED_EDGE( '', *, *, #6009, .F. );
#5743 = ORIENTED_EDGE( '', *, *, #6389, .T. );
#5744 = ORIENTED_EDGE( '', *, *, #6213, .T. );
#5745 = CARTESIAN_POINT( '', ( 8.65606364573773, 1.15407041951190, 11.7900000000000 ) );
#5746 = DIRECTION( '', ( 0.000000000000000, -1.00000000000000, 0.000000000000000 ) );
#5747 = DIRECTION( '', ( 0.000000000000000, 0.000000000000000, -1.00000000000000 ) );
#5748 = FILL_AREA_STYLE( '', ( #6717 ) );
#5749 = EDGE_CURVE( '', #6718, #6719, #6720, .T. );
#5750 = EDGE_CURVE( '', #6719, #6721, #6722, .T. );
#5751 = EDGE_CURVE( '', #6721, #6723, #6724, .T. );
#5752 = EDGE_CURVE( '', #6723, #6725, #6726, .T. );
#5753 = EDGE_CURVE( '', #6725, #6727, #6728, .T. );
#5754 = EDGE_CURVE( '', #6727, #6729, #6730, .T. );
#5755 = EDGE_CURVE( '', #6729, #6731, #6732, .T. );
#5756 = EDGE_CURVE( '', #6731, #6733, #6734, .T. );
#5757 = EDGE_CURVE( '', #6733, #6735, #6736, .T. );
#5758 = EDGE_CURVE( '', #6735, #6737, #6738, .T. );
#5759 = EDGE_CURVE( '', #6737, #6739, #6740, .T. );
#5760 = EDGE_CURVE( '', #6739, #6741, #6742, .T. );
#5761 = EDGE_CURVE( '', #6741, #6718, #6743, .T. );
#5762 = EDGE_CURVE( '', #6744, #6745, #6746, .T. );
#5763 = EDGE_CURVE( '', #6745, #6747, #6748, .T. );
#5764 = EDGE_CURVE( '', #6747, #6749, #6750, .T. );
#5765 = EDGE_CURVE( '', #6749, #6744, #6751, .T. );
#5766 = EDGE_CURVE( '', #6752, #6753, #6754, .T. );
#5767 = EDGE_CURVE( '', #6753, #6755, #6756, .T. );
#5768 = EDGE_CURVE( '', #6755, #6757, #6758, .T. );
#5769 = EDGE_CURVE( '', #6757, #6759, #6760, .T. );
#5770 = EDGE_CURVE( '', #6759, #6761, #6762, .T. );
#5771 = EDGE_CURVE( '', #6761, #6763, #6764, .T. );
#5772 = EDGE_CURVE( '', #6763, #6765, #6766, .T. );
#5773 = EDGE_CURVE( '', #6765, #6752, #6767, .T. );
#5774 = EDGE_CURVE( '', #6768, #6769, #6770, .T. );
#5775 = EDGE_CURVE( '', #6769, #6771, #6772, .T. );
#5776 = EDGE_CURVE( '', #6771, #6773, #6774, .T. );
#5777 = EDGE_CURVE( '', #6773, #6775, #6776, .T. );
#5778 = EDGE_CURVE( '', #6775, #6777, #6778, .T. );
#5779 = EDGE_CURVE( '', #6777, #6779, #6780, .T. );
#5780 = EDGE_CURVE( '', #6779, #6781, #6782, .T. );
#5781 = EDGE_CURVE( '', #6781, #6768, #6783, .T. );
#5782 = EDGE_CURVE( '', #6784, #6785, #6786, .T. );
#5783 = EDGE_CURVE( '', #6787, #6784, #6788, .T. );
#5784 = EDGE_CURVE( '', #6789, #6787, #6790, .T. );
#5785 = EDGE_CURVE( '', #6791, #6789, #6792, .T. );
#5786 = EDGE_CURVE( '', #6793, #6791, #6794, .T. );
#5787 = EDGE_CURVE( '', #6795, #6793, #6796, .T. );
#5788 = EDGE_CURVE( '', #6797, #6795, #6798, .T. );
#5789 = EDGE_CURVE( '', #6799, #6797, #6800, .T. );
#5790 = EDGE_CURVE( '', #6801, #6799, #6802, .T. );
#5791 = EDGE_CURVE( '', #6803, #6801, #6804, .T. );
#5792 = EDGE_CURVE( '', #6805, #6803, #6806, .T. );
#5793 = EDGE_CURVE( '', #6807, #6805, #6808, .T. );
#5794 = EDGE_CURVE( '', #6809, #6807, #6810, .T. );
#5795 = EDGE_CURVE( '', #6811, #6809, #6812, .T. );
#5796 = EDGE_CURVE( '', #6813, #6811, #6814, .T. );
#5797 = EDGE_CURVE( '', #6785, #6813, #6815, .T. );
#5798 = EDGE_CURVE( '', #6816, #6817, #6818, .T. );
#5799 = EDGE_CURVE( '', #6817, #6819, #6820, .T. );
#5800 = EDGE_CURVE( '', #6819, #6821, #6822, .T. );
#5801 = EDGE_CURVE( '', #6821, #6823, #6824, .T. );
#5802 = EDGE_CURVE( '', #6823, #6825, #6826, .T. );
#5803 = EDGE_CURVE( '', #6825, #6827, #6828, .T. );
#5804 = EDGE_CURVE( '', #6827, #6829, #6830, .T. );
#5805 = EDGE_CURVE( '', #6829, #6816, #6831, .T. );
#5806 = EDGE_CURVE( '', #6832, #6833, #6834, .T. );
#5807 = EDGE_CURVE( '', #6835, #6832, #6836, .T. );
#5808 = EDGE_CURVE( '', #6837, #6835, #6838, .T. );
#5809 = EDGE_CURVE( '', #6839, #6837, #6840, .T. );
#5810 = EDGE_CURVE( '', #6841, #6839, #6842, .T. );
#5811 = EDGE_CURVE( '', #6833, #6841, #6843, .T. );
#5812 = EDGE_CURVE( '', #6844, #6845, #6846, .T. );
#5813 = EDGE_CURVE( '', #6847, #6844, #6848, .T. );
#5814 = EDGE_CURVE( '', #6849, #6847, #6850, .T. );
#5815 = EDGE_CURVE( '', #6851, #6849, #6852, .T. );
#5816 = EDGE_CURVE( '', #6853, #6851, #6854, .T. );
#5817 = EDGE_CURVE( '', #6855, #6853, #6856, .T. );
#5818 = EDGE_CURVE( '', #6857, #6855, #6858, .T. );
#5819 = EDGE_CURVE( '', #6845, #6857, #6859, .T. );
#5820 = EDGE_CURVE( '', #6860, #6861, #6862, .T. );
#5821 = EDGE_CURVE( '', #6863, #6860, #6864, .T. );
#5822 = EDGE_CURVE( '', #6865, #6863, #6866, .T. );
#5823 = EDGE_CURVE( '', #6867, #6865, #6868, .T. );
#5824 = EDGE_CURVE( '', #6869, #6867, #6870, .T. );
#5825 = EDGE_CURVE( '', #6871, #6869, #6872, .T. );
#5826 = EDGE_CURVE( '', #6873, #6871, #6874, .T. );
#5827 = EDGE_CURVE( '', #6875, #6873, #6876, .T. );
#5828 = EDGE_CURVE( '', #6877, #6875, #6878, .T. );
#5829 = EDGE_CURVE( '', #6879, #6877, #6880, .T. );
#5830 = EDGE_CURVE( '', #6881, #6879, #6882, .T. );
#5831 = EDGE_CURVE( '', #6883, #6881, #6884, .T. );
#5832 = EDGE_CURVE( '', #6861, #6883, #6885, .T. );
#5833 = EDGE_CURVE( '', #6886, #6887, #6888, .T. );
#5834 = EDGE_CURVE( '', #6889, #6886, #6890, .T. );
#5835 = EDGE_CURVE( '', #6891, #6889, #6892, .T. );
#5836 = EDGE_CURVE( '', #6887, #6891, #6893, .T. );
#5837 = EDGE_CURVE( '', #6894, #6895, #6896, .T. );
#5838 = EDGE_CURVE( '', #6897, #6894, #6898, .T. );
#5839 = EDGE_CURVE( '', #6899, #6897, #6900, .T. );
#5840 = EDGE_CURVE( '', #6895, #6899, #6901, .T. );
#5841 = EDGE_CURVE( '', #6902, #6903, #6904, .T. );
#5842 = EDGE_CURVE( '', #6905, #6902, #6906, .T. );
#5843 = EDGE_CURVE( '', #6907, #6905, #6908, .T. );
#5844 = EDGE_CURVE( '', #6909, #6907, #6910, .T. );
#5845 = EDGE_CURVE( '', #6911, #6909, #6912, .T. );
#5846 = EDGE_CURVE( '', #6913, #6911, #6914, .T. );
#5847 = EDGE_CURVE( '', #6915, #6913, #6916, .T. );
#5848 = EDGE_CURVE( '', #6903, #6915, #6917, .T. );
#5849 = EDGE_CURVE( '', #6918, #6919, #6920, .T. );
#5850 = EDGE_CURVE( '', #6921, #6918, #6922, .T. );
#5851 = EDGE_CURVE( '', #6923, #6921, #6924, .T. );
#5852 = EDGE_CURVE( '', #6925, #6923, #6926, .T. );
#5853 = EDGE_CURVE( '', #6927, #6925, #6928, .T. );
#5854 = EDGE_CURVE( '', #6929, #6927, #6930, .T. );
#5855 = EDGE_CURVE( '', #6931, #6929, #6932, .T. );
#5856 = EDGE_CURVE( '', #6919, #6931, #6933, .T. );
#5857 = EDGE_CURVE( '', #6934, #6935, #6936, .T. );
#5858 = EDGE_CURVE( '', #6935, #6937, #6938, .T. );
#5859 = EDGE_CURVE( '', #6937, #6939, #6940, .T. );
#5860 = EDGE_CURVE( '', #6939, #6941, #6942, .T. );
#5861 = EDGE_CURVE( '', #6941, #6943, #6944, .T. );
#5862 = EDGE_CURVE( '', #6943, #6945, #6946, .T. );
#5863 = EDGE_CURVE( '', #6945, #6947, #6948, .T. );
#5864 = EDGE_CURVE( '', #6947, #6934, #6949, .T. );
#5865 = EDGE_CURVE( '', #6950, #6951, #6952, .T. );
#5866 = EDGE_CURVE( '', #6951, #6953, #6954, .T. );
#5867 = EDGE_CURVE( '', #6953, #6955, #6956, .T. );
#5868 = EDGE_CURVE( '', #6955, #6957, #6958, .T. );
#5869 = EDGE_CURVE( '', #6957, #6959, #6960, .T. );
#5870 = EDGE_CURVE( '', #6959, #6961, #6962, .T. );
#5871 = EDGE_CURVE( '', #6961, #6963, #6964, .T. );
#5872 = EDGE_CURVE( '', #6963, #6950, #6965, .T. );
#5873 = EDGE_CURVE( '', #6966, #6967, #6968, .T. );
#5874 = EDGE_CURVE( '', #6967, #6969, #6970, .T. );
#5875 = EDGE_CURVE( '', #6969, #6971, #6972, .T. );
#5876 = EDGE_CURVE( '', #6971, #6966, #6973, .T. );
#5877 = EDGE_CURVE( '', #6974, #6975, #6976, .T. );
#5878 = EDGE_CURVE( '', #6975, #6977, #6978, .T. );
#5879 = EDGE_CURVE( '', #6977, #6979, #6980, .T. );
#5880 = EDGE_CURVE( '', #6979, #6974, #6981, .T. );
#5881 = EDGE_CURVE( '', #6982, #6983, #6984, .T. );
#5882 = EDGE_CURVE( '', #6985, #6982, #6986, .T. );
#5883 = EDGE_CURVE( '', #6987, #6985, #6988, .T. );
#5884 = EDGE_CURVE( '', #6989, #6987, #6990, .T. );
#5885 = EDGE_CURVE( '', #6991, #6989, #6992, .T. );
#5886 = EDGE_CURVE( '', #6993, #6991, #6994, .T. );
#5887 = EDGE_CURVE( '', #6995, #6993, #6996, .T. );
#5888 = EDGE_CURVE( '', #6997, #6995, #6998, .T. );
#5889 = EDGE_CURVE( '', #6999, #6997, #7000, .T. );
#5890 = EDGE_CURVE( '', #7001, #6999, #7002, .T. );
#5891 = EDGE_CURVE( '', #7003, #7001, #7004, .T. );
#5892 = EDGE_CURVE( '', #6983, #7003, #7005, .T. );
#5893 = EDGE_CURVE( '', #7006, #7007, #7008, .T. );
#5894 = EDGE_CURVE( '', #7007, #7009, #7010, .T. );
#5895 = EDGE_CURVE( '', #7009, #7011, #7012, .T. );
#5896 = EDGE_CURVE( '', #7011, #7013, #7014, .T. );
#5897 = EDGE_CURVE( '', #7013, #7015, #7016, .T. );
#5898 = EDGE_CURVE( '', #7015, #7017, #7018, .T. );
#5899 = EDGE_CURVE( '', #7017, #7019, #7020, .T. );
#5900 = EDGE_CURVE( '', #7019, #7006, #7021, .T. );
#5901 = FILL_AREA_STYLE( '', ( #7022 ) );
#5902 = EDGE_CURVE( '', #7023, #7024, #7025, .T. );
#5903 = EDGE_CURVE( '', #7023, #7026, #7027, .F. );
#5904 = EDGE_CURVE( '', #7028, #7026, #7029, .T. );
#5905 = EDGE_CURVE( '', #7028, #7030, #7031, .F. );
#5906 = EDGE_CURVE( '', #7032, #7030, #7033, .T. );
#5907 = EDGE_CURVE( '', #7032, #7034, #7035, .F. );
#5908 = EDGE_CURVE( '', #7034, #7036, #7037, .T. );
#5909 = EDGE_CURVE( '', #7036, #7038, #7039, .T. );
#5910 = EDGE_CURVE( '', #7038, #7040, #7041, .T. );
#5911 = EDGE_CURVE( '', #7040, #7042, #7043, .F. );
#5912 = EDGE_CURVE( '', #7044, #7042, #7045, .T. );
#5913 = EDGE_CURVE( '', #7044, #7046, #7047, .F. );
#5914 = EDGE_CURVE( '', #7048, #7046, #7049, .T. );
#5915 = EDGE_CURVE( '', #7048, #7050, #7051, .F. );
#5916 = EDGE_CURVE( '', #7052, #7050, #7053, .T. );
#5917 = EDGE_CURVE( '', #7052, #7054, #7055, .F. );
#5918 = EDGE_CURVE( '', #7056, #7054, #7057, .T. );
#5919 = EDGE_CURVE( '', #7058, #7056, #7059, .T. );
#5920 = EDGE_CURVE( '', #7060, #7058, #7061, .T. );
#5921 = EDGE_CURVE( '', #7060, #7024, #7062, .F. );
#5922 = FILL_AREA_STYLE( '', ( #7063 ) );
#5923 = EDGE_CURVE( '', #7064, #6744, #7065, .T. );
#5924 = EDGE_CURVE( '', #7064, #7066, #7067, .T. );
#5925 = EDGE_CURVE( '', #7066, #6745, #7068, .T. );
#5926 = FILL_AREA_STYLE( '', ( #7069 ) );
#5927 = EDGE_CURVE( '', #7070, #7070, #7071, .T. );
#5928 = EDGE_CURVE( '', #7072, #7072, #7073, .T. );
#5929 = FILL_AREA_STYLE( '', ( #7074 ) );
#5930 = EDGE_CURVE( '', #7075, #6879, #7076, .T. );
#5931 = EDGE_CURVE( '', #7077, #7075, #7078, .T. );
#5932 = EDGE_CURVE( '', #7077, #6881, #7079, .T. );
#5933 = FILL_AREA_STYLE( '', ( #7080 ) );
#5934 = EDGE_CURVE( '', #7081, #7082, #7083, .T. );
#5935 = EDGE_CURVE( '', #7084, #7081, #7085, .T. );
#5936 = EDGE_CURVE( '', #7086, #7084, #7087, .T. );
#5937 = EDGE_CURVE( '', #7082, #7086, #7088, .T. );
#5938 = FILL_AREA_STYLE( '', ( #7089 ) );
#5939 = EDGE_CURVE( '', #7090, #6889, #7091, .T. );
#5940 = EDGE_CURVE( '', #7092, #7090, #7093, .T. );
#5941 = EDGE_CURVE( '', #7092, #6891, #7094, .T. );
#5942 = FILL_AREA_STYLE( '', ( #7095 ) );
#5943 = EDGE_CURVE( '', #7096, #7097, #7098, .T. );
#5944 = EDGE_CURVE( '', #7097, #7099, #7100, .T. );
#5945 = EDGE_CURVE( '', #7099, #7101, #7102, .F. );
#5946 = EDGE_CURVE( '', #7101, #7096, #7103, .T. );
#5947 = FILL_AREA_STYLE( '', ( #7104 ) );
#5948 = EDGE_CURVE( '', #7105, #7106, #7107, .T. );
#5949 = EDGE_CURVE( '', #7108, #7105, #7109, .T. );
#5950 = EDGE_CURVE( '', #7108, #7110, #7111, .T. );
#5951 = EDGE_CURVE( '', #7110, #7112, #7113, .T. );
#5952 = EDGE_CURVE( '', #7112, #7114, #7115, .T. );
#5953 = EDGE_CURVE( '', #7114, #7116, #7117, .T. );
#5954 = EDGE_CURVE( '', #7118, #7116, #7119, .T. );
#5955 = EDGE_CURVE( '', #7106, #7118, #7120, .T. );
#5956 = FILL_AREA_STYLE( '', ( #7121 ) );
#5957 = EDGE_CURVE( '', #7122, #6797, #7123, .T. );
#5958 = EDGE_CURVE( '', #7124, #7122, #7125, .T. );
#5959 = EDGE_CURVE( '', #7124, #6799, #7126, .T. );
#5960 = FILL_AREA_STYLE( '', ( #7127 ) );
#5961 = EDGE_CURVE( '', #7128, #7129, #7130, .T. );
#5962 = EDGE_CURVE( '', #7129, #7131, #7132, .T. );
#5963 = EDGE_CURVE( '', #7131, #7133, #7134, .T. );
#5964 = EDGE_CURVE( '', #7133, #7135, #7136, .T. );
#5965 = EDGE_CURVE( '', #7135, #7137, #7138, .T. );
#5966 = EDGE_CURVE( '', #7137, #7139, #7140, .T. );
#5967 = EDGE_CURVE( '', #7139, #7141, #7142, .T. );
#5968 = EDGE_CURVE( '', #7141, #7128, #7143, .T. );
#5969 = FILL_AREA_STYLE( '', ( #7144 ) );
#5970 = EDGE_CURVE( '', #7145, #6999, #7146, .T. );
#5971 = EDGE_CURVE( '', #7147, #7145, #7148, .T. );
#5972 = EDGE_CURVE( '', #7147, #7001, #7149, .T. );
#5973 = FILL_AREA_STYLE( '', ( #7150 ) );
#5974 = EDGE_CURVE( '', #7151, #7151, #7152, .T. );
#5975 = FILL_AREA_STYLE( '', ( #7153 ) );
#5976 = EDGE_CURVE( '', #7154, #6873, #7155, .T. );
#5977 = EDGE_CURVE( '', #7156, #7154, #7157, .T. );
#5978 = EDGE_CURVE( '', #7156, #6875, #7158, .T. );
#5979 = FILL_AREA_STYLE( '', ( #7159 ) );
#5980 = EDGE_CURVE( '', #7160, #7160, #7161, .T. );
#5981 = EDGE_CURVE( '', #7162, #7162, #7163, .T. );
#5982 = FILL_AREA_STYLE( '', ( #7164 ) );
#5983 = EDGE_CURVE( '', #7165, #7166, #7167, .T. );
#5984 = EDGE_CURVE( '', #7168, #7165, #7169, .T. );
#5985 = EDGE_CURVE( '', #7170, #7168, #7171, .T. );
#5986 = EDGE_CURVE( '', #7166, #7170, #7172, .T. );
#5987 = FILL_AREA_STYLE( '', ( #7173 ) );
#5988 = EDGE_CURVE( '', #7174, #6841, #7175, .T. );
#5989 = EDGE_CURVE( '', #7176, #7174, #7177, .T. );
#5990 = EDGE_CURVE( '', #7176, #6833, #7178, .T. );
#5991 = FILL_AREA_STYLE( '', ( #7179 ) );
#5992 = EDGE_CURVE( '', #7180, #6757, #7181, .T. );
#5993 = EDGE_CURVE( '', #7180, #7182, #7183, .T. );
#5994 = EDGE_CURVE( '', #7182, #6759, #7184, .T. );
#5995 = FILL_AREA_STYLE( '', ( #7185 ) );
#5996 = EDGE_CURVE( '', #7141, #6905, #7186, .T. );
#5997 = EDGE_CURVE( '', #7139, #6907, #7187, .T. );
#5998 = FILL_AREA_STYLE( '', ( #7188 ) );
#5999 = EDGE_CURVE( '', #7189, #6787, #7190, .T. );
#6000 = EDGE_CURVE( '', #7191, #7189, #7192, .T. );
#6001 = EDGE_CURVE( '', #7191, #6789, #7193, .T. );
#6002 = FILL_AREA_STYLE( '', ( #7194 ) );
#6003 = EDGE_CURVE( '', #7195, #7196, #7197, .T. );
#6004 = EDGE_CURVE( '', #7105, #7195, #7198, .F. );
#6005 = EDGE_CURVE( '', #7106, #7196, #7199, .F. );
#6006 = FILL_AREA_STYLE( '', ( #7200 ) );
#6007 = EDGE_CURVE( '', #7201, #6769, #7202, .T. );
#6008 = EDGE_CURVE( '', #7201, #7203, #7204, .T. );
#6009 = EDGE_CURVE( '', #7203, #6771, #7205, .T. );
#6010 = FILL_AREA_STYLE( '', ( #7206 ) );
#6011 = EDGE_CURVE( '', #7133, #6913, #7207, .T. );
#6012 = EDGE_CURVE( '', #7131, #6915, #7208, .T. );
#6013 = FILL_AREA_STYLE( '', ( #7209 ) );
#6014 = EDGE_CURVE( '', #7210, #6755, #7211, .T. );
#6015 = EDGE_CURVE( '', #7210, #7180, #7212, .T. );
#6016 = FILL_AREA_STYLE( '', ( #7213 ) );
#6017 = EDGE_CURVE( '', #7214, #6779, #7215, .T. );
#6018 = EDGE_CURVE( '', #7214, #7216, #7217, .T. );
#6019 = EDGE_CURVE( '', #7216, #6781, #7218, .T. );
#6020 = FILL_AREA_STYLE( '', ( #7219 ) );
#6021 = EDGE_CURVE( '', #7220, #7165, #7221, .T. );
#6022 = EDGE_CURVE( '', #7222, #7166, #7223, .T. );
#6023 = EDGE_CURVE( '', #7220, #7222, #7224, .T. );
#6024 = FILL_AREA_STYLE( '', ( #7225 ) );
#6025 = EDGE_CURVE( '', #7226, #6860, #7227, .T. );
#6026 = EDGE_CURVE( '', #7228, #7226, #7229, .T. );
#6027 = EDGE_CURVE( '', #7228, #6863, #7230, .T. );
#6028 = FILL_AREA_STYLE( '', ( #7231 ) );
#6029 = EDGE_CURVE( '', #7232, #7176, #7233, .T. );
#6030 = EDGE_CURVE( '', #7232, #6832, #7234, .T. );
#6031 = FILL_AREA_STYLE( '', ( #7235 ) );
#6032 = EDGE_CURVE( '', #7236, #7237, #7238, .T. );
#6033 = EDGE_CURVE( '', #7239, #7236, #7240, .T. );
#6034 = EDGE_CURVE( '', #7239, #7241, #7242, .T. );
#6035 = EDGE_CURVE( '', #7241, #7237, #7243, .T. );
#6036 = FILL_AREA_STYLE( '', ( #7244 ) );
#6037 = EDGE_CURVE( '', #7245, #6849, #7246, .T. );
#6038 = EDGE_CURVE( '', #7247, #7245, #7248, .T. );
#6039 = EDGE_CURVE( '', #7247, #6851, #7249, .T. );
#6040 = FILL_AREA_STYLE( '', ( #7250 ) );
#6041 = EDGE_CURVE( '', #7174, #7251, #7252, .T. );
#6042 = EDGE_CURVE( '', #7251, #7253, #7254, .T. );
#6043 = EDGE_CURVE( '', #7253, #7255, #7256, .T. );
#6044 = EDGE_CURVE( '', #7255, #7232, #7257, .T. );
#6045 = EDGE_CURVE( '', #7258, #7259, #7260, .T. );
#6046 = EDGE_CURVE( '', #7259, #7261, #7262, .T. );
#6047 = EDGE_CURVE( '', #7261, #7258, #7263, .T. );
#6048 = FILL_AREA_STYLE( '', ( #7264 ) );
#6049 = EDGE_CURVE( '', #7265, #7118, #7266, .T. );
#6050 = EDGE_CURVE( '', #7265, #7267, #7268, .T. );
#6051 = EDGE_CURVE( '', #7267, #7269, #7270, .F. );
#6052 = EDGE_CURVE( '', #7271, #7269, #7272, .T. );
#6053 = EDGE_CURVE( '', #7271, #7273, #7274, .T. );
#6054 = EDGE_CURVE( '', #7196, #7273, #7275, .T. );
#6055 = FILL_AREA_STYLE( '', ( #7276 ) );
#6056 = EDGE_CURVE( '', #7277, #6753, #7278, .T. );
#6057 = EDGE_CURVE( '', #7277, #7210, #7279, .T. );
#6058 = FILL_AREA_STYLE( '', ( #7280 ) );
#6059 = EDGE_CURVE( '', #7281, #7282, #7283, .F. );
#6060 = EDGE_CURVE( '', #7284, #7281, #7285, .F. );
#6061 = EDGE_CURVE( '', #7286, #7284, #7287, .F. );
#6062 = EDGE_CURVE( '', #7282, #7286, #7288, .T. );
#6063 = FILL_AREA_STYLE( '', ( #7289 ) );
#6064 = EDGE_CURVE( '', #7290, #7291, #7292, .F. );
#6065 = EDGE_CURVE( '', #7293, #7290, #7294, .F. );
#6066 = EDGE_CURVE( '', #7295, #7293, #7296, .F. );
#6067 = EDGE_CURVE( '', #7291, #7295, #7297, .T. );
#6068 = FILL_AREA_STYLE( '', ( #7298 ) );
#6069 = EDGE_CURVE( '', #7299, #7300, #7301, .T. );
#6070 = EDGE_CURVE( '', #7024, #7299, #7302, .F. );
#6071 = EDGE_CURVE( '', #7300, #7060, #7303, .T. );
#6072 = FILL_AREA_STYLE( '', ( #7304 ) );
#6073 = EDGE_CURVE( '', #7305, #7299, #7306, .T. );
#6074 = EDGE_CURVE( '', #7305, #7023, #7307, .T. );
#6075 = FILL_AREA_STYLE( '', ( #7308 ) );
#6076 = EDGE_CURVE( '', #7309, #7309, #7310, .T. );
#6077 = EDGE_CURVE( '', #7311, #7312, #7313, .T. );
#6078 = EDGE_CURVE( '', #7314, #7311, #7315, .T. );
#6079 = EDGE_CURVE( '', #7316, #7314, #7317, .T. );
#6080 = EDGE_CURVE( '', #7318, #7316, #7319, .T. );
#6081 = EDGE_CURVE( '', #7320, #7318, #7321, .T. );
#6082 = EDGE_CURVE( '', #7322, #7320, #7323, .T. );
#6083 = EDGE_CURVE( '', #7324, #7322, #7325, .T. );
#6084 = EDGE_CURVE( '', #7312, #7324, #7326, .T. );
#6085 = FILL_AREA_STYLE( '', ( #7327 ) );
#6086 = EDGE_CURVE( '', #7328, #6945, #7329, .T. );
#6087 = EDGE_CURVE( '', #7328, #7330, #7331, .T. );
#6088 = EDGE_CURVE( '', #7330, #6947, #7332, .T. );
#6089 = FILL_AREA_STYLE( '', ( #7333 ) );
#6090 = EDGE_CURVE( '', #7334, #6887, #7335, .T. );
#6091 = EDGE_CURVE( '', #7336, #7334, #7337, .T. );
#6092 = EDGE_CURVE( '', #7336, #6886, #7338, .T. );
#6093 = FILL_AREA_STYLE( '', ( #7339 ) );
#6094 = EDGE_CURVE( '', #7340, #6809, #7341, .T. );
#6095 = EDGE_CURVE( '', #7342, #7340, #7343, .T. );
#6096 = EDGE_CURVE( '', #7342, #6811, #7344, .T. );
#6097 = FILL_AREA_STYLE( '', ( #7345 ) );
#6098 = EDGE_CURVE( '', #7226, #7346, #7347, .T. );
#6099 = EDGE_CURVE( '', #7346, #7348, #7349, .T. );
#6100 = EDGE_CURVE( '', #7348, #7077, #7350, .T. );
#6101 = EDGE_CURVE( '', #7075, #7351, #7352, .T. );
#6102 = EDGE_CURVE( '', #7351, #7156, #7353, .T. );
#6103 = EDGE_CURVE( '', #7154, #7354, #7355, .T. );
#6104 = EDGE_CURVE( '', #7354, #7356, #7357, .T. );
#6105 = EDGE_CURVE( '', #7356, #7358, #7359, .T. );
#6106 = EDGE_CURVE( '', #7358, #7360, #7361, .T. );
#6107 = EDGE_CURVE( '', #7360, #7228, #7362, .T. );
#6108 = FILL_AREA_STYLE( '', ( #7363 ) );
#6109 = EDGE_CURVE( '', #7364, #7364, #7365, .T. );
#6110 = FILL_AREA_STYLE( '', ( #7366 ) );
#6111 = EDGE_CURVE( '', #7367, #7368, #7369, .T. );
#6112 = EDGE_CURVE( '', #7370, #7368, #7371, .T. );
#6113 = EDGE_CURVE( '', #7372, #7370, #7373, .T. );
#6114 = EDGE_CURVE( '', #7372, #7367, #7374, .T. );
#6115 = FILL_AREA_STYLE( '', ( #7375 ) );
#6116 = EDGE_CURVE( '', #7376, #6739, #7377, .T. );
#6117 = EDGE_CURVE( '', #7376, #7378, #7379, .T. );
#6118 = EDGE_CURVE( '', #7378, #6741, #7380, .T. );
#6119 = FILL_AREA_STYLE( '', ( #7381 ) );
#6120 = EDGE_CURVE( '', #7382, #7300, #7383, .T. );
#6121 = EDGE_CURVE( '', #7384, #7058, #7385, .T. );
#6122 = EDGE_CURVE( '', #7386, #7384, #7387, .T. );
#6123 = EDGE_CURVE( '', #7382, #7386, #7388, .T. );
#6124 = FILL_AREA_STYLE( '', ( #7389 ) );
#6125 = EDGE_CURVE( '', #7390, #6989, #7391, .T. );
#6126 = EDGE_CURVE( '', #7392, #7390, #7393, .T. );
#6127 = EDGE_CURVE( '', #7392, #6991, #7394, .T. );
#6128 = FILL_AREA_STYLE( '', ( #7395 ) );
#6129 = EDGE_CURVE( '', #7066, #7396, #7397, .T. );
#6130 = EDGE_CURVE( '', #7398, #7064, #7399, .T. );
#6131 = EDGE_CURVE( '', #7396, #7398, #7400, .T. );
#6132 = FILL_AREA_STYLE( '', ( #7401 ) );
#6133 = EDGE_CURVE( '', #7402, #7403, #7404, .T. );
#6134 = EDGE_CURVE( '', #7258, #7403, #7405, .T. );
#6135 = EDGE_CURVE( '', #7261, #7402, #7406, .T. );
#6136 = FILL_AREA_STYLE( '', ( #7407 ) );
#6137 = EDGE_CURVE( '', #7255, #6835, #7408, .T. );
#6138 = FILL_AREA_STYLE( '', ( #7409 ) );
#6139 = EDGE_CURVE( '', #6827, #7410, #7411, .T. );
#6140 = EDGE_CURVE( '', #7412, #7410, #7413, .F. );
#6141 = EDGE_CURVE( '', #6829, #7412, #7414, .T. );
#6142 = FILL_AREA_STYLE( '', ( #7415 ) );
#6143 = EDGE_CURVE( '', #7097, #6823, #7416, .T. );
#6144 = EDGE_CURVE( '', #7099, #6821, #7417, .T. );
#6145 = FILL_AREA_STYLE( '', ( #7418 ) );
#6146 = EDGE_CURVE( '', #7419, #7420, #7421, .T. );
#6147 = EDGE_CURVE( '', #7422, #7419, #7423, .T. );
#6148 = EDGE_CURVE( '', #7422, #7424, #7425, .T. );
#6149 = EDGE_CURVE( '', #7424, #7420, #7426, .T. );
#6150 = FILL_AREA_STYLE( '', ( #7427 ) );
#6151 = EDGE_CURVE( '', #7428, #7429, #7430, .T. );
#6152 = EDGE_CURVE( '', #7431, #7428, #7432, .T. );
#6153 = EDGE_CURVE( '', #7431, #7433, #7434, .T. );
#6154 = EDGE_CURVE( '', #7433, #7429, #7435, .T. );
#6155 = FILL_AREA_STYLE( '', ( #7436 ) );
#6156 = EDGE_CURVE( '', #7378, #7437, #7438, .T. );
#6157 = EDGE_CURVE( '', #7437, #6718, #7439, .T. );
#6158 = FILL_AREA_STYLE( '', ( #7440 ) );
#6159 = EDGE_CURVE( '', #7253, #6837, #7441, .T. );
#6160 = FILL_AREA_STYLE( '', ( #7442 ) );
#6161 = EDGE_CURVE( '', #7443, #7443, #7444, .T. );
#6162 = EDGE_CURVE( '', #7445, #7445, #7446, .T. );
#6163 = FILL_AREA_STYLE( '', ( #7447 ) );
#6164 = EDGE_CURVE( '', #7448, #6763, #7449, .T. );
#6165 = EDGE_CURVE( '', #7448, #7450, #7451, .T. );
#6166 = EDGE_CURVE( '', #7450, #6765, #7452, .T. );
#6167 = FILL_AREA_STYLE( '', ( #7453 ) );
#6168 = EDGE_CURVE( '', #7454, #6941, #7455, .T. );
#6169 = EDGE_CURVE( '', #7454, #7456, #7457, .T. );
#6170 = EDGE_CURVE( '', #7456, #6943, #7458, .T. );
#6171 = FILL_AREA_STYLE( '', ( #7459 ) );
#6172 = EDGE_CURVE( '', #7026, #7460, #7461, .F. );
#6173 = EDGE_CURVE( '', #7462, #7460, #7463, .T. );
#6174 = EDGE_CURVE( '', #7462, #7028, #7464, .T. );
#6175 = FILL_AREA_STYLE( '', ( #7465 ) );
#6176 = EDGE_CURVE( '', #7466, #7466, #7467, .T. );
#6177 = EDGE_CURVE( '', #7468, #7469, #7470, .T. );
#6178 = EDGE_CURVE( '', #7469, #7471, #7472, .T. );
#6179 = EDGE_CURVE( '', #7471, #7473, #7474, .T. );
#6180 = EDGE_CURVE( '', #7473, #7475, #7476, .T. );
#6181 = EDGE_CURVE( '', #7475, #7477, #7478, .T. );
#6182 = EDGE_CURVE( '', #7477, #7479, #7480, .T. );
#6183 = EDGE_CURVE( '', #7479, #7481, #7482, .T. );
#6184 = EDGE_CURVE( '', #7481, #7468, #7483, .T. );
#6185 = FILL_AREA_STYLE( '', ( #7484 ) );
#6186 = EDGE_CURVE( '', #7485, #7485, #7486, .T. );
#6187 = FILL_AREA_STYLE( '', ( #7487 ) );
#6188 = EDGE_CURVE( '', #7488, #7488, #7489, .T. );
#6189 = EDGE_CURVE( '', #7490, #7491, #7492, .T. );
#6190 = EDGE_CURVE( '', #7493, #7490, #7494, .T. );
#6191 = EDGE_CURVE( '', #7495, #7493, #7496, .T. );
#6192 = EDGE_CURVE( '', #7497, #7495, #7498, .T. );
#6193 = EDGE_CURVE( '', #7499, #7497, #7500, .T. );
#6194 = EDGE_CURVE( '', #7501, #7499, #7502, .T. );
#6195 = EDGE_CURVE( '', #7503, #7501, #7504, .T. );
#6196 = EDGE_CURVE( '', #7491, #7503, #7505, .T. );
#6197 = FILL_AREA_STYLE( '', ( #7506 ) );
#6198 = EDGE_CURVE( '', #7499, #6959, #7507, .T. );
#6199 = EDGE_CURVE( '', #7497, #6961, #7508, .T. );
#6200 = FILL_AREA_STYLE( '', ( #7509 ) );
#6201 = EDGE_CURVE( '', #7293, #7510, #7511, .F. );
#6202 = EDGE_CURVE( '', #7512, #7290, #7513, .F. );
#6203 = EDGE_CURVE( '', #7510, #7512, #7514, .F. );
#6204 = FILL_AREA_STYLE( '', ( #7515 ) );
#6205 = EDGE_CURVE( '', #7516, #7277, #7517, .T. );
#6206 = EDGE_CURVE( '', #7450, #7516, #7518, .T. );
#6207 = EDGE_CURVE( '', #7519, #7448, #7520, .T. );
#6208 = EDGE_CURVE( '', #7182, #7519, #7521, .T. );
#6209 = FILL_AREA_STYLE( '', ( #7522 ) );
#6210 = EDGE_CURVE( '', #7523, #7412, #7524, .T. );
#6211 = EDGE_CURVE( '', #6816, #7523, #7525, .T. );
#6212 = FILL_AREA_STYLE( '', ( #7526 ) );
#6213 = EDGE_CURVE( '', #7527, #6773, #7528, .T. );
#6214 = EDGE_CURVE( '', #7527, #7529, #7530, .T. );
#6215 = EDGE_CURVE( '', #7529, #6775, #7531, .T. );
#6216 = FILL_AREA_STYLE( '', ( #7532 ) );
#6217 = FILL_AREA_STYLE( '', ( #7533 ) );
#6218 = EDGE_CURVE( '', #7534, #6937, #7535, .T. );
#6219 = EDGE_CURVE( '', #7534, #7536, #7537, .T. );
#6220 = EDGE_CURVE( '', #7536, #6939, #7538, .T. );
#6221 = FILL_AREA_STYLE( '', ( #7539 ) );
#6222 = EDGE_CURVE( '', #7351, #6877, #7540, .T. );
#6223 = FILL_AREA_STYLE( '', ( #7541 ) );
#6224 = EDGE_CURVE( '', #7542, #7271, #7543, .T. );
#6225 = EDGE_CURVE( '', #7542, #7544, #7545, .T. );
#6226 = EDGE_CURVE( '', #7544, #7273, #7546, .T. );
#6227 = FILL_AREA_STYLE( '', ( #7547 ) );
#6228 = EDGE_CURVE( '', #7437, #7548, #7549, .T. );
#6229 = EDGE_CURVE( '', #7548, #6719, #7550, .T. );
#6230 = FILL_AREA_STYLE( '', ( #7551 ) );
#6231 = EDGE_CURVE( '', #7552, #6731, #7553, .T. );
#6232 = EDGE_CURVE( '', #7552, #7554, #7555, .T. );
#6233 = EDGE_CURVE( '', #7554, #6733, #7556, .T. );
#6234 = FILL_AREA_STYLE( '', ( #7557 ) );
#6235 = EDGE_CURVE( '', #7251, #6839, #7558, .T. );
#6236 = FILL_AREA_STYLE( '', ( #7559 ) );
#6237 = EDGE_CURVE( '', #7560, #6791, #7561, .T. );
#6238 = EDGE_CURVE( '', #7562, #7560, #7563, .T. );
#6239 = EDGE_CURVE( '', #7562, #6793, #7564, .T. );
#6240 = FILL_AREA_STYLE( '', ( #7565 ) );
#6241 = FILL_AREA_STYLE( '', ( #7566 ) );
#6242 = EDGE_CURVE( '', #7567, #6974, #7568, .T. );
#6243 = EDGE_CURVE( '', #7567, #7569, #7570, .T. );
#6244 = EDGE_CURVE( '', #7569, #6975, #7571, .T. );
#6245 = FILL_AREA_STYLE( '', ( #7572 ) );
#6246 = EDGE_CURVE( '', #7503, #6955, #7573, .T. );
#6247 = EDGE_CURVE( '', #7501, #6957, #7574, .T. );
#6248 = FILL_AREA_STYLE( '', ( #7575 ) );
#6249 = EDGE_CURVE( '', #7576, #6979, #7577, .T. );
#6250 = EDGE_CURVE( '', #7576, #7567, #7578, .T. );
#6251 = FILL_AREA_STYLE( '', ( #7579 ) );
#6252 = EDGE_CURVE( '', #7580, #7581, #7582, .T. );
#6253 = EDGE_CURVE( '', #7583, #7580, #7584, .F. );
#6254 = EDGE_CURVE( '', #7583, #7585, #7586, .T. );
#6255 = EDGE_CURVE( '', #7585, #7581, #7587, .F. );
#6256 = FILL_AREA_STYLE( '', ( #7588 ) );
#6257 = EDGE_CURVE( '', #7589, #6993, #7590, .T. );
#6258 = EDGE_CURVE( '', #7591, #7589, #7592, .T. );
#6259 = EDGE_CURVE( '', #7591, #6995, #7593, .T. );
#6260 = FILL_AREA_STYLE( '', ( #7594 ) );
#6261 = EDGE_CURVE( '', #7322, #7013, #7595, .T. );
#6262 = EDGE_CURVE( '', #7320, #7015, #7596, .T. );
#6263 = FILL_AREA_STYLE( '', ( #7597 ) );
#6264 = EDGE_CURVE( '', #7493, #6950, #7598, .T. );
#6265 = EDGE_CURVE( '', #7490, #6951, #7599, .T. );
#6266 = FILL_AREA_STYLE( '', ( #7600 ) );
#6267 = EDGE_CURVE( '', #7601, #6857, #7602, .T. );
#6268 = EDGE_CURVE( '', #7603, #7601, #7604, .T. );
#6269 = EDGE_CURVE( '', #7603, #6845, #7605, .T. );
#6270 = FILL_AREA_STYLE( '', ( #7606 ) );
#6271 = FILL_AREA_STYLE( '', ( #7607 ) );
#6272 = EDGE_CURVE( '', #7137, #6909, #7608, .T. );
#6273 = EDGE_CURVE( '', #7135, #6911, #7609, .T. );
#6274 = FILL_AREA_STYLE( '', ( #7610 ) );
#6275 = EDGE_CURVE( '', #7611, #7612, #7613, .T. );
#6276 = EDGE_CURVE( '', #7611, #7614, #7615, .F. );
#6277 = EDGE_CURVE( '', #7614, #7616, #7617, .F. );
#6278 = EDGE_CURVE( '', #7616, #7612, #7618, .T. );
#6279 = FILL_AREA_STYLE( '', ( #7619 ) );
#6280 = FILL_AREA_STYLE( '', ( #7620 ) );
#6281 = EDGE_CURVE( '', #7318, #7017, #7621, .T. );
#6282 = EDGE_CURVE( '', #7316, #7019, #7622, .T. );
#6283 = FILL_AREA_STYLE( '', ( #7623 ) );
#6284 = EDGE_CURVE( '', #7624, #6899, #7625, .T. );
#6285 = EDGE_CURVE( '', #7626, #7624, #7627, .T. );
#6286 = EDGE_CURVE( '', #7626, #6895, #7628, .T. );
#6287 = FILL_AREA_STYLE( '', ( #7629 ) );
#6288 = EDGE_CURVE( '', #7396, #6747, #7630, .T. );
#6289 = EDGE_CURVE( '', #7398, #6749, #7631, .T. );
#6290 = FILL_AREA_STYLE( '', ( #7632 ) );
#6291 = EDGE_CURVE( '', #7491, #6953, #7633, .T. );
#6292 = FILL_AREA_STYLE( '', ( #7634 ) );
#6293 = EDGE_CURVE( '', #7170, #7036, #7635, .T. );
#6294 = EDGE_CURVE( '', #7168, #7038, #7636, .T. );
#6295 = FILL_AREA_STYLE( '', ( #7637 ) );
#6296 = EDGE_CURVE( '', #7638, #7639, #7640, .T. );
#6297 = EDGE_CURVE( '', #7042, #7638, #7641, .F. );
#6298 = EDGE_CURVE( '', #7639, #7040, #7642, .T. );
#6299 = FILL_AREA_STYLE( '', ( #7643 ) );
#6300 = EDGE_CURVE( '', #7644, #7645, #7646, .T. );
#6301 = EDGE_CURVE( '', #7647, #7645, #7648, .T. );
#6302 = EDGE_CURVE( '', #7649, #7647, #7650, .T. );
#6303 = EDGE_CURVE( '', #7649, #7644, #7651, .T. );
#6304 = FILL_AREA_STYLE( '', ( #7652 ) );
#6305 = EDGE_CURVE( '', #7512, #7653, #7654, .F. );
#6306 = EDGE_CURVE( '', #7653, #7655, #7656, .T. );
#6307 = EDGE_CURVE( '', #7510, #7655, #7657, .T. );
#6308 = FILL_AREA_STYLE( '', ( #7658 ) );
#6309 = EDGE_CURVE( '', #7412, #7659, #7660, .F. );
#6310 = EDGE_CURVE( '', #7661, #7410, #7662, .T. );
#6311 = EDGE_CURVE( '', #7659, #7661, #7663, .F. );
#6312 = FILL_AREA_STYLE( '', ( #7664 ) );
#6313 = EDGE_CURVE( '', #7082, #6969, #7665, .T. );
#6314 = EDGE_CURVE( '', #7086, #6971, #7666, .T. );
#6315 = FILL_AREA_STYLE( '', ( #7667 ) );
#6316 = EDGE_CURVE( '', #7668, #7626, #7669, .T. );
#6317 = EDGE_CURVE( '', #7624, #7670, #7671, .T. );
#6318 = EDGE_CURVE( '', #7670, #7668, #7672, .T. );
#6319 = FILL_AREA_STYLE( '', ( #7673 ) );
#6320 = EDGE_CURVE( '', #7674, #7591, #7675, .T. );
#6321 = EDGE_CURVE( '', #7674, #6997, #7676, .T. );
#6322 = FILL_AREA_STYLE( '', ( #7677 ) );
#6323 = EDGE_CURVE( '', #7678, #7603, #7679, .T. );
#6324 = EDGE_CURVE( '', #7601, #7680, #7681, .T. );
#6325 = EDGE_CURVE( '', #7680, #7682, #7683, .T. );
#6326 = EDGE_CURVE( '', #7682, #7247, #7684, .T. );
#6327 = EDGE_CURVE( '', #7245, #7685, #7686, .T. );
#6328 = EDGE_CURVE( '', #7685, #7678, #7687, .T. );
#6329 = FILL_AREA_STYLE( '', ( #7688 ) );
#6330 = EDGE_CURVE( '', #7689, #6935, #7690, .T. );
#6331 = EDGE_CURVE( '', #7689, #7534, #7691, .T. );
#6332 = FILL_AREA_STYLE( '', ( #7692 ) );
#6333 = EDGE_CURVE( '', #7693, #6721, #7694, .T. );
#6334 = EDGE_CURVE( '', #7693, #7695, #7696, .T. );
#6335 = EDGE_CURVE( '', #7695, #6723, #7697, .T. );
#6336 = FILL_AREA_STYLE( '', ( #7698 ) );
#6337 = EDGE_CURVE( '', #7354, #6871, #7699, .T. );
#6338 = FILL_AREA_STYLE( '', ( #7700 ) );
#6339 = EDGE_CURVE( '', #7701, #7702, #7703, .T. );
#6340 = EDGE_CURVE( '', #7704, #7702, #7705, .T. );
#6341 = EDGE_CURVE( '', #7706, #7704, #7707, .T. );
#6342 = EDGE_CURVE( '', #7706, #7701, #7708, .T. );
#6343 = FILL_AREA_STYLE( '', ( #7709 ) );
#6344 = EDGE_CURVE( '', #7410, #7710, #7711, .T. );
#6345 = EDGE_CURVE( '', #7710, #7712, #7713, .F. );
#6346 = EDGE_CURVE( '', #7712, #7291, #7714, .T. );
#6347 = EDGE_CURVE( '', #7715, #7295, #7716, .T. );
#6348 = EDGE_CURVE( '', #7715, #7717, #7718, .F. );
#6349 = EDGE_CURVE( '', #7717, #7661, #7719, .T. );
#6350 = FILL_AREA_STYLE( '', ( #7720 ) );
#6351 = EDGE_CURVE( '', #7330, #7721, #7722, .T. );
#6352 = EDGE_CURVE( '', #7721, #6934, #7723, .T. );
#6353 = FILL_AREA_STYLE( '', ( #7724 ) );
#6354 = FILL_AREA_STYLE( '', ( #7725 ) );
#6355 = EDGE_CURVE( '', #7726, #6729, #7727, .T. );
#6356 = EDGE_CURVE( '', #7726, #7552, #7728, .T. );
#6357 = FILL_AREA_STYLE( '', ( #7729 ) );
#6358 = EDGE_CURVE( '', #7680, #6855, #7730, .T. );
#6359 = FILL_AREA_STYLE( '', ( #7731 ) );
#6360 = EDGE_CURVE( '', #7732, #6977, #7733, .T. );
#6361 = EDGE_CURVE( '', #7732, #7576, #7734, .T. );
#6362 = FILL_AREA_STYLE( '', ( #7735 ) );
#6363 = EDGE_CURVE( '', #7736, #6805, #7737, .T. );
#6364 = EDGE_CURVE( '', #7738, #7736, #7739, .T. );
#6365 = EDGE_CURVE( '', #7738, #6807, #7740, .T. );
#6366 = FILL_AREA_STYLE( '', ( #7741 ) );
#6367 = EDGE_CURVE( '', #7742, #7638, #7743, .T. );
#6368 = EDGE_CURVE( '', #7742, #7044, #7744, .T. );
#6369 = FILL_AREA_STYLE( '', ( #7745 ) );
#6370 = EDGE_CURVE( '', #7685, #6847, #7746, .T. );
#6371 = FILL_AREA_STYLE( '', ( #7747 ) );
#6372 = EDGE_CURVE( '', #7473, #6929, #7748, .T. );
#6373 = EDGE_CURVE( '', #7471, #6931, #7749, .T. );
#6374 = FILL_AREA_STYLE( '', ( #7750 ) );
#6375 = EDGE_CURVE( '', #7668, #6894, #7751, .T. );
#6376 = EDGE_CURVE( '', #7670, #6897, #7752, .T. );
#6377 = FILL_AREA_STYLE( '', ( #7753 ) );
#6378 = EDGE_CURVE( '', #7754, #6735, #7755, .T. );
#6379 = EDGE_CURVE( '', #7754, #7756, #7757, .T. );
#6380 = EDGE_CURVE( '', #7756, #6737, #7758, .T. );
#6381 = FILL_AREA_STYLE( '', ( #7759 ) );
#6382 = EDGE_CURVE( '', #7129, #6903, #7760, .T. );
#6383 = EDGE_CURVE( '', #7128, #6902, #7761, .T. );
#6384 = FILL_AREA_STYLE( '', ( #7762 ) );
#6385 = EDGE_CURVE( '', #7763, #7201, #7764, .T. );
#6386 = EDGE_CURVE( '', #7216, #7763, #7765, .T. );
#6387 = EDGE_CURVE( '', #7766, #7214, #7767, .T. );
#6388 = EDGE_CURVE( '', #7529, #7766, #7768, .T. );
#6389 = EDGE_CURVE( '', #7203, #7527, #7769, .T. );
#6390 = FILL_AREA_STYLE( '', ( #7770 ) );
#6391 = EDGE_CURVE( '', #7348, #6883, #7771, .T. );
#6392 = EDGE_CURVE( '', #7346, #6861, #7772, .T. );
#6393 = FILL_AREA_STYLE( '', ( #7773 ) );
#6394 = EDGE_CURVE( '', #7340, #7738, #7774, .T. );
#6395 = FILL_AREA_STYLE( '', ( #7775 ) );
#6396 = EDGE_CURVE( '', #7776, #7777, #7778, .T. );
#6397 = EDGE_CURVE( '', #7779, #7776, #7780, .T. );
#6398 = EDGE_CURVE( '', #7779, #7781, #7782, .T. );
#6399 = EDGE_CURVE( '', #7781, #7777, #7783, .T. );
#6400 = FILL_AREA_STYLE( '', ( #7784 ) );
#6401 = EDGE_CURVE( '', #7282, #7653, #7785, .F. );
#6402 = EDGE_CURVE( '', #7712, #7096, #7786, .F. );
#6403 = EDGE_CURVE( '', #7101, #7787, #7788, .F. );
#6404 = EDGE_CURVE( '', #7281, #7787, #7789, .T. );
#6405 = FILL_AREA_STYLE( '', ( #7790 ) );
#6406 = EDGE_CURVE( '', #7682, #6853, #7791, .T. );
#6407 = FILL_AREA_STYLE( '', ( #7792 ) );
#6408 = EDGE_CURVE( '', #7046, #7793, #7794, .F. );
#6409 = EDGE_CURVE( '', #7795, #7793, #7796, .T. );
#6410 = EDGE_CURVE( '', #7795, #7048, #7797, .T. );
#6411 = FILL_AREA_STYLE( '', ( #7798 ) );
#6412 = EDGE_CURVE( '', #7554, #7754, #7799, .T. );
#6413 = FILL_AREA_STYLE( '', ( #7800 ) );
#6414 = EDGE_CURVE( '', #7801, #6819, #7802, .T. );
#6415 = EDGE_CURVE( '', #7099, #7801, #7803, .F. );
#6416 = FILL_AREA_STYLE( '', ( #7804 ) );
#6417 = EDGE_CURVE( '', #7645, #7805, #7806, .T. );
#6418 = EDGE_CURVE( '', #7807, #7805, #7808, .T. );
#6419 = EDGE_CURVE( '', #7647, #7807, #7809, .T. );
#6420 = FILL_AREA_STYLE( '', ( #7810 ) );
#6421 = EDGE_CURVE( '', #7678, #6844, #7811, .T. );
#6422 = FILL_AREA_STYLE( '', ( #7812 ) );
#6423 = EDGE_CURVE( '', #7813, #7795, #7814, .T. );
#6424 = EDGE_CURVE( '', #7050, #7813, #7815, .F. );
#6425 = FILL_AREA_STYLE( '', ( #7816 ) );
#6426 = EDGE_CURVE( '', #7817, #7611, #7818, .F. );
#6427 = EDGE_CURVE( '', #7817, #7819, #7820, .F. );
#6428 = EDGE_CURVE( '', #7614, #7819, #7821, .F. );
#6429 = FILL_AREA_STYLE( '', ( #7822 ) );
#6430 = EDGE_CURVE( '', #7145, #7674, #7823, .T. );
#6431 = FILL_AREA_STYLE( '', ( #7824 ) );
#6432 = EDGE_CURVE( '', #7356, #6869, #7825, .T. );
#6433 = FILL_AREA_STYLE( '', ( #7826 ) );
#6434 = EDGE_CURVE( '', #7460, #7305, #7827, .T. );
#6435 = EDGE_CURVE( '', #7828, #7382, #7829, .T. );
#6436 = EDGE_CURVE( '', #7830, #7828, #7831, .T. );
#6437 = EDGE_CURVE( '', #7830, #7832, #7833, .T. );
#6438 = EDGE_CURVE( '', #7832, #7813, #7834, .T. );
#6439 = EDGE_CURVE( '', #7793, #7742, #7835, .T. );
#6440 = EDGE_CURVE( '', #7639, #7220, #7836, .T. );
#6441 = EDGE_CURVE( '', #7222, #7837, #7838, .T. );
#6442 = EDGE_CURVE( '', #7837, #7839, #7840, .T. );
#6443 = EDGE_CURVE( '', #7839, #7841, #7842, .T. );
#6444 = EDGE_CURVE( '', #7841, #7462, #7843, .T. );
#6445 = FILL_AREA_STYLE( '', ( #7844 ) );
#6446 = EDGE_CURVE( '', #7360, #6865, #7845, .T. );
#6447 = FILL_AREA_STYLE( '', ( #7846 ) );
#6448 = EDGE_CURVE( '', #7847, #7847, #7848, .T. );
#6449 = FILL_AREA_STYLE( '', ( #7849 ) );
#6450 = EDGE_CURVE( '', #7850, #6982, #7851, .T. );
#6451 = EDGE_CURVE( '', #7852, #7850, #7853, .T. );
#6452 = EDGE_CURVE( '', #7852, #6985, #7854, .T. );
#6453 = FILL_AREA_STYLE( '', ( #7855 ) );
#6454 = EDGE_CURVE( '', #7516, #6752, #7856, .T. );
#6455 = FILL_AREA_STYLE( '', ( #7857 ) );
#6456 = EDGE_CURVE( '', #7858, #6785, #7859, .T. );
#6457 = EDGE_CURVE( '', #7860, #7858, #7861, .T. );
#6458 = EDGE_CURVE( '', #7860, #6784, #7862, .T. );
#6459 = FILL_AREA_STYLE( '', ( #7863 ) );
#6460 = EDGE_CURVE( '', #7456, #7328, #7864, .T. );
#6461 = FILL_AREA_STYLE( '', ( #7865 ) );
#6462 = FILL_AREA_STYLE( '', ( #7866 ) );
#6463 = EDGE_CURVE( '', #7034, #7837, #7867, .F. );
#6464 = FILL_AREA_STYLE( '', ( #7868 ) );
#6465 = EDGE_CURVE( '', #7869, #7422, #7870, .T. );
#6466 = EDGE_CURVE( '', #7871, #7869, #7872, .T. );
#6467 = EDGE_CURVE( '', #7424, #7871, #7873, .T. );
#6468 = FILL_AREA_STYLE( '', ( #7874 ) );
#6469 = EDGE_CURVE( '', #7419, #7239, #7875, .T. );
#6470 = EDGE_CURVE( '', #7420, #7241, #7876, .T. );
#6471 = FILL_AREA_STYLE( '', ( #7877 ) );
#6472 = EDGE_CURVE( '', #7832, #7052, #7878, .T. );
#6473 = FILL_AREA_STYLE( '', ( #7879 ) );
#6474 = EDGE_CURVE( '', #7469, #6919, #7880, .T. );
#6475 = FILL_AREA_STYLE( '', ( #7881 ) );
#6476 = EDGE_CURVE( '', #7084, #6966, #7882, .T. );
#6477 = EDGE_CURVE( '', #7081, #6967, #7883, .T. );
#6478 = FILL_AREA_STYLE( '', ( #7884 ) );
#6479 = FILL_AREA_STYLE( '', ( #7885 ) );
#6480 = EDGE_CURVE( '', #7763, #6768, #7886, .T. );
#6481 = FILL_AREA_STYLE( '', ( #7887 ) );
#6482 = EDGE_CURVE( '', #7888, #7372, #7889, .T. );
#6483 = EDGE_CURVE( '', #7428, #7888, #7890, .T. );
#6484 = EDGE_CURVE( '', #7429, #7776, #7891, .T. );
#6485 = EDGE_CURVE( '', #7777, #7892, #7893, .T. );
#6486 = EDGE_CURVE( '', #7892, #7581, #7894, .T. );
#6487 = EDGE_CURVE( '', #7701, #7585, #7895, .T. );
#6488 = EDGE_CURVE( '', #7367, #7706, #7896, .T. );
#6489 = FILL_AREA_STYLE( '', ( #7897 ) );
#6490 = EDGE_CURVE( '', #7386, #7898, #7899, .T. );
#6491 = EDGE_CURVE( '', #7384, #7900, #7901, .T. );
#6492 = EDGE_CURVE( '', #7900, #7898, #7902, .T. );
#6493 = FILL_AREA_STYLE( '', ( #7903 ) );
#6494 = EDGE_CURVE( '', #7721, #7689, #7904, .T. );
#6495 = EDGE_CURVE( '', #7536, #7454, #7905, .T. );
#6496 = FILL_AREA_STYLE( '', ( #7906 ) );
#6497 = FILL_AREA_STYLE( '', ( #7907 ) );
#6498 = EDGE_CURVE( '', #7908, #7342, #7909, .T. );
#6499 = EDGE_CURVE( '', #7908, #6813, #7910, .T. );
#6500 = FILL_AREA_STYLE( '', ( #7911 ) );
#6501 = EDGE_CURVE( '', #7542, #7583, #7912, .T. );
#6502 = EDGE_CURVE( '', #7913, #7580, #7914, .T. );
#6503 = EDGE_CURVE( '', #7913, #7116, #7915, .T. );
#6504 = EDGE_CURVE( '', #7916, #7114, #7917, .F. );
#6505 = EDGE_CURVE( '', #7916, #7544, #7918, .T. );
#6506 = FILL_AREA_STYLE( '', ( #7919 ) );
#6507 = EDGE_CURVE( '', #7920, #6727, #7921, .T. );
#6508 = EDGE_CURVE( '', #7920, #7726, #7922, .T. );
#6509 = FILL_AREA_STYLE( '', ( #7923 ) );
#6510 = EDGE_CURVE( '', #7888, #7924, #7925, .T. );
#6511 = EDGE_CURVE( '', #7924, #7431, #7926, .T. );
#6512 = FILL_AREA_STYLE( '', ( #7927 ) );
#6513 = FILL_AREA_STYLE( '', ( #7928 ) );
#6514 = EDGE_CURVE( '', #7334, #7092, #7929, .T. );
#6515 = FILL_AREA_STYLE( '', ( #7930 ) );
#6516 = EDGE_CURVE( '', #7931, #6803, #7932, .T. );
#6517 = EDGE_CURVE( '', #7736, #7931, #7933, .T. );
#6518 = FILL_AREA_STYLE( '', ( #7934 ) );
#6519 = EDGE_CURVE( '', #7284, #7935, #7936, .T. );
#6520 = EDGE_CURVE( '', #7935, #7817, #7937, .F. );
#6521 = EDGE_CURVE( '', #7612, #7938, #7939, .F. );
#6522 = EDGE_CURVE( '', #7938, #7715, #7940, .F. );
#6523 = EDGE_CURVE( '', #7655, #7286, #7941, .F. );
#6524 = EDGE_CURVE( '', #7942, #7942, #7943, .F. );
#6525 = FILL_AREA_STYLE( '', ( #7944 ) );
#6526 = FILL_AREA_STYLE( '', ( #7945 ) );
#6527 = EDGE_CURVE( '', #7468, #6918, #7946, .T. );
#6528 = EDGE_CURVE( '', #7481, #6921, #7947, .T. );
#6529 = FILL_AREA_STYLE( '', ( #7948 ) );
#6530 = EDGE_CURVE( '', #7949, #7147, #7950, .T. );
#6531 = EDGE_CURVE( '', #7949, #7003, #7951, .T. );
#6532 = FILL_AREA_STYLE( '', ( #7952 ) );
#6533 = EDGE_CURVE( '', #7548, #7693, #7953, .T. );
#6534 = EDGE_CURVE( '', #7756, #7376, #7954, .T. );
#6535 = EDGE_CURVE( '', #7955, #7920, #7956, .T. );
#6536 = EDGE_CURVE( '', #7695, #7955, #7957, .T. );
#6537 = FILL_AREA_STYLE( '', ( #7958 ) );
#6538 = EDGE_CURVE( '', #7312, #7009, #7959, .T. );
#6539 = EDGE_CURVE( '', #7324, #7011, #7960, .T. );
#6540 = FILL_AREA_STYLE( '', ( #7961 ) );
#6541 = EDGE_CURVE( '', #7962, #7523, #7963, .F. );
#6542 = EDGE_CURVE( '', #6817, #7962, #7964, .T. );
#6543 = FILL_AREA_STYLE( '', ( #7965 ) );
#6544 = FILL_AREA_STYLE( '', ( #7966 ) );
#6545 = EDGE_CURVE( '', #7560, #7191, #7967, .T. );
#6546 = FILL_AREA_STYLE( '', ( #7968 ) );
#6547 = EDGE_CURVE( '', #7819, #7969, #7970, .F. );
#6548 = EDGE_CURVE( '', #7969, #7935, #7971, .T. );
#6549 = FILL_AREA_STYLE( '', ( #7972 ) );
#6550 = EDGE_CURVE( '', #7477, #6925, #7973, .T. );
#6551 = EDGE_CURVE( '', #7475, #6927, #7974, .T. );
#6552 = FILL_AREA_STYLE( '', ( #7975 ) );
#6553 = EDGE_CURVE( '', #7236, #7108, #7976, .T. );
#6554 = EDGE_CURVE( '', #7237, #7110, #7977, .T. );
#6555 = FILL_AREA_STYLE( '', ( #7978 ) );
#6556 = EDGE_CURVE( '', #7979, #7949, #7980, .T. );
#6557 = EDGE_CURVE( '', #7979, #6983, #7981, .T. );
#6558 = FILL_AREA_STYLE( '', ( #7982 ) );
#6559 = FILL_AREA_STYLE( '', ( #7983 ) );
#6560 = EDGE_CURVE( '', #7090, #7336, #7984, .T. );
#6561 = FILL_AREA_STYLE( '', ( #7985 ) );
#6562 = EDGE_CURVE( '', #7433, #7779, #7986, .T. );
#6563 = FILL_AREA_STYLE( '', ( #7987 ) );
#6564 = EDGE_CURVE( '', #7924, #7370, #7988, .T. );
#6565 = FILL_AREA_STYLE( '', ( #7989 ) );
#6566 = EDGE_CURVE( '', #7990, #7616, #7991, .F. );
#6567 = EDGE_CURVE( '', #7990, #7938, #7992, .T. );
#6568 = FILL_AREA_STYLE( '', ( #7993 ) );
#6569 = EDGE_CURVE( '', #7030, #7841, #7994, .F. );
#6570 = EDGE_CURVE( '', #7839, #7032, #7995, .T. );
#6571 = FILL_AREA_STYLE( '', ( #7996 ) );
#6572 = FILL_AREA_STYLE( '', ( #7997 ) );
#6573 = EDGE_CURVE( '', #7189, #7860, #7998, .T. );
#6574 = FILL_AREA_STYLE( '', ( #7999 ) );
#6575 = EDGE_CURVE( '', #7871, #7649, #8000, .T. );
#6576 = EDGE_CURVE( '', #7807, #8001, #8002, .T. );
#6577 = EDGE_CURVE( '', #8001, #8003, #8004, .T. );
#6578 = EDGE_CURVE( '', #8003, #7112, #8005, .F. );
#6579 = FILL_AREA_STYLE( '', ( #8006 ) );
#6580 = FILL_AREA_STYLE( '', ( #8007 ) );
#6581 = EDGE_CURVE( '', #7801, #7962, #8008, .T. );
#6582 = FILL_AREA_STYLE( '', ( #8009 ) );
#6583 = EDGE_CURVE( '', #7710, #7097, #8010, .F. );
#6584 = FILL_AREA_STYLE( '', ( #8011 ) );
#6585 = FILL_AREA_STYLE( '', ( #8012 ) );
#6586 = EDGE_CURVE( '', #8013, #7195, #8014, .T. );
#6587 = EDGE_CURVE( '', #7805, #8013, #8015, .T. );
#6588 = EDGE_CURVE( '', #7869, #7644, #8016, .T. );
#6589 = FILL_AREA_STYLE( '', ( #8017 ) );
#6590 = EDGE_CURVE( '', #8018, #7852, #8019, .T. );
#6591 = EDGE_CURVE( '', #8018, #6987, #8020, .T. );
#6592 = FILL_AREA_STYLE( '', ( #8021 ) );
#6593 = FILL_AREA_STYLE( '', ( #8022 ) );
#6594 = EDGE_CURVE( '', #7589, #7392, #8023, .T. );
#6595 = FILL_AREA_STYLE( '', ( #8024 ) );
#6596 = EDGE_CURVE( '', #8025, #7124, #8026, .T. );
#6597 = EDGE_CURVE( '', #8025, #6801, #8027, .T. );
#6598 = FILL_AREA_STYLE( '', ( #8028 ) );
#6599 = EDGE_CURVE( '', #7358, #6867, #8029, .T. );
#6600 = FILL_AREA_STYLE( '', ( #8030 ) );
#6601 = EDGE_CURVE( '', #8031, #7402, #8032, .T. );
#6602 = EDGE_CURVE( '', #7259, #8031, #8033, .T. );
#6603 = FILL_AREA_STYLE( '', ( #8034 ) );
#6604 = EDGE_CURVE( '', #7314, #7006, #8035, .T. );
#6605 = FILL_AREA_STYLE( '', ( #8036 ) );
#6606 = EDGE_CURVE( '', #8037, #7562, #8038, .T. );
#6607 = EDGE_CURVE( '', #8037, #6795, #8039, .T. );
#6608 = FILL_AREA_STYLE( '', ( #8040 ) );
#6609 = EDGE_CURVE( '', #7495, #6963, #8041, .T. );
#6610 = FILL_AREA_STYLE( '', ( #8042 ) );
#6611 = EDGE_CURVE( '', #7054, #7830, #8043, .F. );
#6612 = FILL_AREA_STYLE( '', ( #8044 ) );
#6613 = FILL_AREA_STYLE( '', ( #8045 ) );
#6614 = EDGE_CURVE( '', #7900, #7056, #8046, .T. );
#6615 = FILL_AREA_STYLE( '', ( #8047 ) );
#6616 = EDGE_CURVE( '', #8001, #8013, #8048, .T. );
#6617 = FILL_AREA_STYLE( '', ( #8049 ) );
#6618 = EDGE_CURVE( '', #7265, #7913, #8050, .T. );
#6619 = FILL_AREA_STYLE( '', ( #8051 ) );
#6620 = FILL_AREA_STYLE( '', ( #8052 ) );
#6621 = EDGE_CURVE( '', #7390, #8018, #8053, .T. );
#6622 = FILL_AREA_STYLE( '', ( #8054 ) );
#6623 = EDGE_CURVE( '', #7519, #6761, #8055, .T. );
#6624 = FILL_AREA_STYLE( '', ( #8056 ) );
#6625 = FILL_AREA_STYLE( '', ( #8057 ) );
#6626 = FILL_AREA_STYLE( '', ( #8058 ) );
#6627 = FILL_AREA_STYLE( '', ( #8059 ) );
#6628 = FILL_AREA_STYLE( '', ( #8060 ) );
#6629 = EDGE_CURVE( '', #7368, #7704, #8061, .T. );
#6630 = FILL_AREA_STYLE( '', ( #8062 ) );
#6631 = EDGE_CURVE( '', #7858, #7908, #8063, .T. );
#6632 = EDGE_CURVE( '', #7931, #8025, #8064, .T. );
#6633 = EDGE_CURVE( '', #7122, #8037, #8065, .T. );
#6634 = FILL_AREA_STYLE( '', ( #8066 ) );
#6635 = EDGE_CURVE( '', #7766, #6777, #8067, .T. );
#6636 = FILL_AREA_STYLE( '', ( #8068 ) );
#6637 = EDGE_CURVE( '', #7850, #7979, #8069, .T. );
#6638 = FILL_AREA_STYLE( '', ( #8070 ) );
#6639 = EDGE_CURVE( '', #7569, #7732, #8071, .T. );
#6640 = FILL_AREA_STYLE( '', ( #8072 ) );
#6641 = FILL_AREA_STYLE( '', ( #8073 ) );
#6642 = FILL_AREA_STYLE( '', ( #8074 ) );
#6643 = FILL_AREA_STYLE( '', ( #8075 ) );
#6644 = FILL_AREA_STYLE( '', ( #8076 ) );
#6645 = EDGE_CURVE( '', #7479, #6923, #8077, .T. );
#6646 = FILL_AREA_STYLE( '', ( #8078 ) );
#6647 = FILL_AREA_STYLE( '', ( #8079 ) );
#6648 = FILL_AREA_STYLE( '', ( #8080 ) );
#6649 = FILL_AREA_STYLE( '', ( #8081 ) );
#6650 = EDGE_CURVE( '', #8082, #7969, #8083, .T. );
#6651 = EDGE_CURVE( '', #8082, #8084, #8085, .F. );
#6652 = EDGE_CURVE( '', #7659, #8084, #8086, .T. );
#6653 = EDGE_CURVE( '', #7717, #7990, #8087, .F. );
#6654 = FILL_AREA_STYLE( '', ( #8088 ) );
#6655 = FILL_AREA_STYLE( '', ( #8089 ) );
#6656 = EDGE_CURVE( '', #7787, #7801, #8090, .T. );
#6657 = EDGE_CURVE( '', #7962, #8082, #8091, .F. );
#6658 = FILL_AREA_STYLE( '', ( #8092 ) );
#6659 = EDGE_CURVE( '', #7710, #6825, #8093, .T. );
#6660 = FILL_AREA_STYLE( '', ( #8094 ) );
#6661 = EDGE_CURVE( '', #8084, #7523, #8095, .T. );
#6662 = FILL_AREA_STYLE( '', ( #8096 ) );
#6663 = EDGE_CURVE( '', #7955, #6725, #8097, .T. );
#6664 = FILL_AREA_STYLE( '', ( #8098 ) );
#6665 = FILL_AREA_STYLE( '', ( #8099 ) );
#6666 = FILL_AREA_STYLE( '', ( #8100 ) );
#6667 = FILL_AREA_STYLE( '', ( #8101 ) );
#6668 = EDGE_CURVE( '', #7403, #8031, #8102, .T. );
#6669 = FILL_AREA_STYLE( '', ( #8103 ) );
#6670 = EDGE_CURVE( '', #7269, #8104, #8105, .T. );
#6671 = EDGE_CURVE( '', #7702, #8104, #8106, .T. );
#6672 = FILL_AREA_STYLE( '', ( #8107 ) );
#6673 = FILL_AREA_STYLE( '', ( #8108 ) );
#6674 = FILL_AREA_STYLE( '', ( #8109 ) );
#6675 = FILL_AREA_STYLE( '', ( #8110 ) );
#6676 = EDGE_CURVE( '', #8003, #7916, #8111, .T. );
#6677 = FILL_AREA_STYLE( '', ( #8112 ) );
#6678 = FILL_AREA_STYLE( '', ( #8113 ) );
#6679 = FILL_AREA_STYLE( '', ( #8114 ) );
#6680 = FILL_AREA_STYLE( '', ( #8115 ) );
#6681 = EDGE_CURVE( '', #7311, #7007, #8116, .T. );
#6682 = FILL_AREA_STYLE( '', ( #8117 ) );
#6683 = FILL_AREA_STYLE( '', ( #8118 ) );
#6684 = FILL_AREA_STYLE( '', ( #8119 ) );
#6685 = FILL_AREA_STYLE( '', ( #8120 ) );
#6686 = FILL_AREA_STYLE( '', ( #8121 ) );
#6687 = FILL_AREA_STYLE( '', ( #8122 ) );
#6688 = EDGE_CURVE( '', #7781, #8123, #8124, .T. );
#6689 = EDGE_CURVE( '', #8123, #7892, #8125, .T. );
#6690 = FILL_AREA_STYLE( '', ( #8126 ) );
#6691 = FILL_AREA_STYLE( '', ( #8127 ) );
#6692 = FILL_AREA_STYLE( '', ( #8128 ) );
#6693 = FILL_AREA_STYLE( '', ( #8129 ) );
#6694 = FILL_AREA_STYLE( '', ( #8130 ) );
#6695 = FILL_AREA_STYLE( '', ( #8131 ) );
#6696 = EDGE_CURVE( '', #8132, #8104, #8133, .F. );
#6697 = EDGE_CURVE( '', #8123, #8132, #8134, .T. );
#6698 = FILL_AREA_STYLE( '', ( #8135 ) );
#6699 = FILL_AREA_STYLE( '', ( #8136 ) );
#6700 = FILL_AREA_STYLE( '', ( #8137 ) );
#6701 = FILL_AREA_STYLE( '', ( #8138 ) );
#6702 = EDGE_CURVE( '', #7828, #7898, #8139, .T. );
#6703 = FILL_AREA_STYLE( '', ( #8140 ) );
#6704 = FILL_AREA_STYLE( '', ( #8141 ) );
#6705 = FILL_AREA_STYLE( '', ( #8142 ) );
#6706 = FILL_AREA_STYLE( '', ( #8143 ) );
#6707 = FILL_AREA_STYLE( '', ( #8144 ) );
#6708 = FILL_AREA_STYLE( '', ( #8145 ) );
#6709 = EDGE_CURVE( '', #7267, #8132, #8146, .T. );
#6710 = FILL_AREA_STYLE( '', ( #8147 ) );
#6711 = FILL_AREA_STYLE( '', ( #8148 ) );
#6712 = FILL_AREA_STYLE( '', ( #8149 ) );
#6713 = FILL_AREA_STYLE( '', ( #8150 ) );
#6714 = FILL_AREA_STYLE( '', ( #8151 ) );
#6715 = FILL_AREA_STYLE( '', ( #8152 ) );
#6716 = FILL_AREA_STYLE( '', ( #8153 ) );
#6717 = FILL_AREA_STYLE_COLOUR( '', #8154 );
#6718 = VERTEX_POINT( '', #8155 );
#6719 = VERTEX_POINT( '', #8156 );
#6720 = LINE( '', #8157, #8158 );
#6721 = VERTEX_POINT( '', #8159 );
#6722 = LINE( '', #8160, #8161 );
#6723 = VERTEX_POINT( '', #8162 );
#6724 = LINE( '', #8163, #8164 );
#6725 = VERTEX_POINT( '', #8165 );
#6726 = LINE( '', #8166, #8167 );
#6727 = VERTEX_POINT( '', #8168 );
#6728 = LINE( '', #8169, #8170 );
#6729 = VERTEX_POINT( '', #8171 );
#6730 = LINE( '', #8172, #8173 );
#6731 = VERTEX_POINT( '', #8174 );
#6732 = LINE( '', #8175, #8176 );
#6733 = VERTEX_POINT( '', #8177 );
#6734 = LINE( '', #8178, #8179 );
#6735 = VERTEX_POINT( '', #8180 );
#6736 = LINE( '', #8181, #8182 );
#6737 = VERTEX_POINT( '', #8183 );
#6738 = LINE( '', #8184, #8185 );
#6739 = VERTEX_POINT( '', #8186 );
#6740 = LINE( '', #8187, #8188 );
#6741 = VERTEX_POINT( '', #8189 );
#6742 = LINE( '', #8190, #8191 );
#6743 = LINE( '', #8192, #8193 );
#6744 = VERTEX_POINT( '', #8194 );
#6745 = VERTEX_POINT( '', #8195 );
#6746 = LINE( '', #8196, #8197 );
#6747 = VERTEX_POINT( '', #8198 );
#6748 = LINE( '', #8199, #8200 );
#6749 = VERTEX_POINT( '', #8201 );
#6750 = LINE( '', #8202, #8203 );
#6751 = LINE( '', #8204, #8205 );
#6752 = VERTEX_POINT( '', #8206 );
#6753 = VERTEX_POINT( '', #8207 );
#6754 = B_SPLINE_CURVE_WITH_KNOTS( '', 3, ( #8208, #8209, #8210, #8211 ), .UNSPECIFIED., .F., .F., ( 4, 4 ), ( 0.900000000000000, 1.00000000000000 ), .UNSPECIFIED. );
#6755 = VERTEX_POINT( '', #8212 );
#6756 = B_SPLINE_CURVE_WITH_KNOTS( '', 3, ( #8213, #8214, #8215, #8216, #8217, #8218, #8219 ), .UNSPECIFIED., .F., .F., ( 4, 3, 4 ), ( 0.000000000000000, 0.100000000000000, 0.200000000000000 ), .UNSPECIFIED. );
#6757 = VERTEX_POINT( '', #8220 );
#6758 = B_SPLINE_CURVE_WITH_KNOTS( '', 3, ( #8221, #8222, #8223, #8224 ), .UNSPECIFIED., .F., .F., ( 4, 4 ), ( 0.200000000000000, 0.300000000000000 ), .UNSPECIFIED. );
#6759 = VERTEX_POINT( '', #8225 );
#6760 = B_SPLINE_CURVE_WITH_KNOTS( '', 3, ( #8226, #8227, #8228, #8229 ), .UNSPECIFIED., .F., .F., ( 4, 4 ), ( 0.300000000000000, 0.400000000000000 ), .UNSPECIFIED. );
#6761 = VERTEX_POINT( '', #8230 );
#6762 = B_SPLINE_CURVE_WITH_KNOTS( '', 3, ( #8231, #8232, #8233, #8234 ), .UNSPECIFIED., .F., .F., ( 4, 4 ), ( 0.400000000000000, 0.500000000000000 ), .UNSPECIFIED. );
#6763 = VERTEX_POINT( '', #8235 );
#6764 = B_SPLINE_CURVE_WITH_KNOTS( '', 3, ( #8236, #8237, #8238, #8239, #8240, #8241, #8242 ), .UNSPECIFIED., .F., .F., ( 4, 3, 4 ), ( 0.500000000000000, 0.600000000000000, 0.700000000000000 ), .UNSPECIFIED. );
#6765 = VERTEX_POINT( '', #8243 );
#6766 = B_SPLINE_CURVE_WITH_KNOTS( '', 3, ( #8244, #8245, #8246, #8247 ), .UNSPECIFIED., .F., .F., ( 4, 4 ), ( 0.700000000000000, 0.800000000000000 ), .UNSPECIFIED. );
#6767 = B_SPLINE_CURVE_WITH_KNOTS( '', 3, ( #8248, #8249, #8250, #8251 ), .UNSPECIFIED., .F., .F., ( 4, 4 ), ( 0.800000000000000, 0.900000000000000 ), .UNSPECIFIED. );
#6768 = VERTEX_POINT( '', #8252 );
#6769 = VERTEX_POINT( '', #8253 );
#6770 = B_SPLINE_CURVE_WITH_KNOTS( '', 3, ( #8254, #8255, #8256, #8257 ), .UNSPECIFIED., .F., .F., ( 4, 4 ), ( 0.900000000000000, 1.00000000000000 ), .UNSPECIFIED. );
#6771 = VERTEX_POINT( '', #8258 );
#6772 = B_SPLINE_CURVE_WITH_KNOTS( '', 3, ( #8259, #8260, #8261, #8262, #8263, #8264, #8265 ), .UNSPECIFIED., .F., .F., ( 4, 3, 4 ), ( 0.000000000000000, 0.100000000000000, 0.200000000000000 ), .UNSPECIFIED. );
#6773 = VERTEX_POINT( '', #8266 );
#6774 = B_SPLINE_CURVE_WITH_KNOTS( '', 3, ( #8267, #8268, #8269, #8270 ), .UNSPECIFIED., .F., .F., ( 4, 4 ), ( 0.200000000000000, 0.300000000000000 ), .UNSPECIFIED. );
#6775 = VERTEX_POINT( '', #8271 );
#6776 = B_SPLINE_CURVE_WITH_KNOTS( '', 3, ( #8272, #8273, #8274, #8275 ), .UNSPECIFIED., .F., .F., ( 4, 4 ), ( 0.300000000000000, 0.400000000000000 ), .UNSPECIFIED. );
#6777 = VERTEX_POINT( '', #8276 );
#6778 = B_SPLINE_CURVE_WITH_KNOTS( '', 3, ( #8277, #8278, #8279, #8280 ), .UNSPECIFIED., .F., .F., ( 4, 4 ), ( 0.400000000000000, 0.500000000000000 ), .UNSPECIFIED. );
#6779 = VERTEX_POINT( '', #8281 );
#6780 = B_SPLINE_CURVE_WITH_KNOTS( '', 3, ( #8282, #8283, #8284, #8285, #8286, #8287, #8288 ), .UNSPECIFIED., .F., .F., ( 4, 3, 4 ), ( 0.500000000000000, 0.600000000000000, 0.700000000000000 ), .UNSPECIFIED. );
#6781 = VERTEX_POINT( '', #8289 );
#6782 = B_SPLINE_CURVE_WITH_KNOTS( '', 3, ( #8290, #8291, #8292, #8293 ), .UNSPECIFIED., .F., .F., ( 4, 4 ), ( 0.700000000000000, 0.800000000000000 ), .UNSPECIFIED. );
#6783 = B_SPLINE_CURVE_WITH_KNOTS( '', 3, ( #8294, #8295, #8296, #8297 ), .UNSPECIFIED., .F., .F., ( 4, 4 ), ( 0.800000000000000, 0.900000000000000 ), .UNSPECIFIED. );
#6784 = VERTEX_POINT( '', #8298 );
#6785 = VERTEX_POINT( '', #8299 );
#6786 = B_SPLINE_CURVE_WITH_KNOTS( '', 1, ( #8300, #8301 ), .UNSPECIFIED., .F., .F., ( 2, 2 ), ( 0.877306443007021, 1.00000000000000 ), .UNSPECIFIED. );
#6787 = VERTEX_POINT( '', #8302 );
#6788 = B_SPLINE_CURVE_WITH_KNOTS( '', 1, ( #8303, #8304 ), .UNSPECIFIED., .F., .F., ( 2, 2 ), ( 0.858166248116116, 0.877306443007021 ), .UNSPECIFIED. );
#6789 = VERTEX_POINT( '', #8305 );
#6790 = B_SPLINE_CURVE_WITH_KNOTS( '', 1, ( #8306, #8307 ), .UNSPECIFIED., .F., .F., ( 2, 2 ), ( 0.745305247381468, 0.858166248116116 ), .UNSPECIFIED. );
#6791 = VERTEX_POINT( '', #8308 );
#6792 = B_SPLINE_CURVE_WITH_KNOTS( '', 1, ( #8309, #8310 ), .UNSPECIFIED., .F., .F., ( 2, 2 ), ( 0.744896268858158, 0.745305247381468 ), .UNSPECIFIED. );
#6793 = VERTEX_POINT( '', #8311 );
#6794 = B_SPLINE_CURVE_WITH_KNOTS( '', 1, ( #8312, #8313 ), .UNSPECIFIED., .F., .F., ( 2, 2 ), ( 0.632013899268304, 0.744896268858158 ), .UNSPECIFIED. );
#6795 = VERTEX_POINT( '', #8314 );
#6796 = B_SPLINE_CURVE_WITH_KNOTS( '', 1, ( #8315, #8316 ), .UNSPECIFIED., .F., .F., ( 2, 2 ), ( 0.614018844242667, 0.632013899268304 ), .UNSPECIFIED. );
#6797 = VERTEX_POINT( '', #8317 );
#6798 = B_SPLINE_CURVE_WITH_KNOTS( '', 1, ( #8318, #8319 ), .UNSPECIFIED., .F., .F., ( 2, 2 ), ( 0.491325287249687, 0.614018844242667 ), .UNSPECIFIED. );
#6799 = VERTEX_POINT( '', #8320 );
#6800 = B_SPLINE_CURVE_WITH_KNOTS( '', 1, ( #8321, #8322 ), .UNSPECIFIED., .F., .F., ( 2, 2 ), ( 0.480364662824981, 0.491325287249687 ), .UNSPECIFIED. );
#6801 = VERTEX_POINT( '', #8323 );
#6802 = B_SPLINE_CURVE_WITH_KNOTS( '', 1, ( #8324, #8325 ), .UNSPECIFIED., .F., .F., ( 2, 2 ), ( 0.367977364619412, 0.480364662824981 ), .UNSPECIFIED. );
#6803 = VERTEX_POINT( '', #8326 );
#6804 = B_SPLINE_CURVE_WITH_KNOTS( '', 1, ( #8327, #8328 ), .UNSPECIFIED., .F., .F., ( 2, 2 ), ( 0.367650181800764, 0.367977364619412 ), .UNSPECIFIED. );
#6805 = VERTEX_POINT( '', #8329 );
#6806 = B_SPLINE_CURVE_WITH_KNOTS( '', 1, ( #8330, #8331 ), .UNSPECIFIED., .F., .F., ( 2, 2 ), ( 0.250845543224657, 0.367650181800764 ), .UNSPECIFIED. );
#6807 = VERTEX_POINT( '', #8332 );
#6808 = B_SPLINE_CURVE_WITH_KNOTS( '', 1, ( #8333, #8334 ), .UNSPECIFIED., .F., .F., ( 2, 2 ), ( 0.240539284437246, 0.250845543224657 ), .UNSPECIFIED. );
#6809 = VERTEX_POINT( '', #8335 );
#6810 = B_SPLINE_CURVE_WITH_KNOTS( '', 1, ( #8336, #8337 ), .UNSPECIFIED., .F., .F., ( 2, 2 ), ( 0.123756901153585, 0.240539284437246 ), .UNSPECIFIED. );
#6811 = VERTEX_POINT( '', #8338 );
#6812 = B_SPLINE_CURVE_WITH_KNOTS( '', 1, ( #8339, #8340 ), .UNSPECIFIED., .F., .F., ( 2, 2 ), ( 0.123429718334937, 0.123756901153585 ), .UNSPECIFIED. );
#6813 = VERTEX_POINT( '', #8341 );
#6814 = B_SPLINE_CURVE_WITH_KNOTS( '', 1, ( #8342, #8343 ), .UNSPECIFIED., .F., .F., ( 2, 2 ), ( 0.0110424201293681, 0.123429718334937 ), .UNSPECIFIED. );
#6815 = B_SPLINE_CURVE_WITH_KNOTS( '', 1, ( #8344, #8345 ), .UNSPECIFIED., .F., .F., ( 2, 2 ), ( 0.000000000000000, 0.0110424201293681 ), .UNSPECIFIED. );
#6816 = VERTEX_POINT( '', #8346 );
#6817 = VERTEX_POINT( '', #8347 );
#6818 = CIRCLE( '', #8348, 0.500000000000000 );
#6819 = VERTEX_POINT( '', #8349 );
#6820 = LINE( '', #8350, #8351 );
#6821 = VERTEX_POINT( '', #8352 );
#6822 = CIRCLE( '', #8353, 0.500000000000000 );
#6823 = VERTEX_POINT( '', #8354 );
#6824 = LINE( '', #8355, #8356 );
#6825 = VERTEX_POINT( '', #8357 );
#6826 = CIRCLE( '', #8358, 0.500000000000000 );
#6827 = VERTEX_POINT( '', #8359 );
#6828 = LINE( '', #8360, #8361 );
#6829 = VERTEX_POINT( '', #8362 );
#6830 = CIRCLE( '', #8363, 0.500000000000000 );
#6831 = LINE( '', #8364, #8365 );
#6832 = VERTEX_POINT( '', #8366 );
#6833 = VERTEX_POINT( '', #8367 );
#6834 = B_SPLINE_CURVE_WITH_KNOTS( '', 3, ( #8368, #8369, #8370, #8371 ), .UNSPECIFIED., .F., .F., ( 4, 4 ), ( 0.974284481639980, 1.00000000000000 ), .UNSPECIFIED. );
#6835 = VERTEX_POINT( '', #8372 );
#6836 = B_SPLINE_CURVE_WITH_KNOTS( '', 3, ( #8373, #8374, #8375, #8376, #8377, #8378, #8379, #8380, #8381, #8382, #8383, #8384, #8385, #8386, #8387 ), .UNSPECIFIED., .F., .F., ( 4, 3, 3, 3, 2, 4 ), ( 0.588726595345347, 0.596073886305353, 0.622066550139879, 0.756970975822210, 0.863762376749826, 0.974284481639980 ), .UNSPECIFIED. );
#6837 = VERTEX_POINT( '', #8388 );
#6838 = B_SPLINE_CURVE_WITH_KNOTS( '', 3, ( #8389, #8390, #8391, #8392 ), .UNSPECIFIED., .F., .F., ( 4, 4 ), ( 0.569746093698665, 0.588726595345347 ), .UNSPECIFIED. );
#6839 = VERTEX_POINT( '', #8393 );
#6840 = B_SPLINE_CURVE_WITH_KNOTS( '', 3, ( #8394, #8395, #8396, #8397, #8398, #8399, #8400, #8401, #8402 ), .UNSPECIFIED., .F., .F., ( 4, 3, 2, 4 ), ( 0.498918257570621, 0.506469639946183, 0.561906533056765, 0.569746093698665 ), .UNSPECIFIED. );
#6841 = VERTEX_POINT( '', #8403 );
#6842 = B_SPLINE_CURVE_WITH_KNOTS( '', 3, ( #8404, #8405, #8406, #8407 ), .UNSPECIFIED., .F., .F., ( 4, 4 ), ( 0.498101891908398, 0.498918257570621 ), .UNSPECIFIED. );
#6843 = B_SPLINE_CURVE_WITH_KNOTS( '', 3, ( #8408, #8409, #8410, #8411, #8412, #8413, #8414, #8415, #8416, #8417, #8418, #8419, #8420, #8421, #8422, #8423, #8424, #8425 ), .UNSPECIFIED., .F., .F., ( 4, 2, 2, 3, 3, 2, 2, 4 ), ( 0.000000000000000, 0.0769802747105764, 0.136117439388900, 0.189051404975092, 0.239318908466401, 0.322607153285819, 0.429216106654675, 0.498101891908398 ), .UNSPECIFIED. );
#6844 = VERTEX_POINT( '', #8426 );
#6845 = VERTEX_POINT( '', #8427 );
#6846 = B_SPLINE_CURVE_WITH_KNOTS( '', 3, ( #8428, #8429, #8430, #8431 ), .UNSPECIFIED., .F., .F., ( 4, 4 ), ( 0.663177831207712, 1.00000000000000 ), .UNSPECIFIED. );
#6847 = VERTEX_POINT( '', #8432 );
#6848 = B_SPLINE_CURVE_WITH_KNOTS( '', 3, ( #8433, #8434, #8435, #8436 ), .UNSPECIFIED., .F., .F., ( 4, 4 ), ( 0.625149521827937, 0.663177831207712 ), .UNSPECIFIED. );
#6849 = VERTEX_POINT( '', #8437 );
#6850 = B_SPLINE_CURVE_WITH_KNOTS( '', 3, ( #8438, #8439, #8440, #8441 ), .UNSPECIFIED., .F., .F., ( 4, 4 ), ( 0.572030613487935, 0.625149521827937 ), .UNSPECIFIED. );
#6851 = VERTEX_POINT( '', #8442 );
#6852 = B_SPLINE_CURVE_WITH_KNOTS( '', 3, ( #8443, #8444, #8445, #8446 ), .UNSPECIFIED., .F., .F., ( 4, 4 ), ( 0.570823365571117, 0.572030613487935 ), .UNSPECIFIED. );
#6853 = VERTEX_POINT( '', #8447 );
#6854 = B_SPLINE_CURVE_WITH_KNOTS( '', 3, ( #8448, #8449, #8450, #8451, #8452, #8453 ), .UNSPECIFIED., .F., .F., ( 4, 2, 4 ), ( 0.445838305025784, 0.458591882632450, 0.570823365571117 ), .UNSPECIFIED. );
#6855 = VERTEX_POINT( '', #8454 );
#6856 = B_SPLINE_CURVE_WITH_KNOTS( '', 3, ( #8455, #8456, #8457, #8458 ), .UNSPECIFIED., .F., .F., ( 4, 4 ), ( 0.407809995646010, 0.445838305025784 ), .UNSPECIFIED. );
#6857 = VERTEX_POINT( '', #8459 );
#6858 = B_SPLINE_CURVE_WITH_KNOTS( '', 3, ( #8460, #8461, #8462, #8463, #8464, #8465, #8466, #8467, #8468 ), .UNSPECIFIED., .F., .F., ( 4, 3, 2, 4 ), ( 0.0380283093797748, 0.248089446906148, 0.388843180483151, 0.407809995646010 ), .UNSPECIFIED. );
#6859 = B_SPLINE_CURVE_WITH_KNOTS( '', 3, ( #8469, #8470, #8471, #8472 ), .UNSPECIFIED., .F., .F., ( 4, 4 ), ( 0.000000000000000, 0.0380283093797748 ), .UNSPECIFIED. );
#6860 = VERTEX_POINT( '', #8473 );
#6861 = VERTEX_POINT( '', #8474 );
#6862 = B_SPLINE_CURVE_WITH_KNOTS( '', 1, ( #8475, #8476 ), .UNSPECIFIED., .F., .F., ( 2, 2 ), ( 0.764666333132220, 1.00000000000000 ), .UNSPECIFIED. );
#6863 = VERTEX_POINT( '', #8477 );
#6864 = B_SPLINE_CURVE_WITH_KNOTS( '', 1, ( #8478, #8479 ), .UNSPECIFIED., .F., .F., ( 2, 2 ), ( 0.744898305115327, 0.764666333132220 ), .UNSPECIFIED. );
#6865 = VERTEX_POINT( '', #8480 );
#6866 = B_SPLINE_CURVE_WITH_KNOTS( '', 1, ( #8481, #8482 ), .UNSPECIFIED., .F., .F., ( 2, 2 ), ( 0.597422540544851, 0.744898305115327 ), .UNSPECIFIED. );
#6867 = VERTEX_POINT( '', #8483 );
#6868 = B_SPLINE_CURVE_WITH_KNOTS( '', 1, ( #8484, #8485 ), .UNSPECIFIED., .F., .F., ( 2, 2 ), ( 0.596794984099870, 0.597422540544851 ), .UNSPECIFIED. );
#6869 = VERTEX_POINT( '', #8486 );
#6870 = B_SPLINE_CURVE_WITH_KNOTS( '', 1, ( #8487, #8488 ), .UNSPECIFIED., .F., .F., ( 2, 2 ), ( 0.486232677179699, 0.596794984099870 ), .UNSPECIFIED. );
#6871 = VERTEX_POINT( '', #8489 );
#6872 = B_SPLINE_CURVE_WITH_KNOTS( '', 1, ( #8490, #8491 ), .UNSPECIFIED., .F., .F., ( 2, 2 ), ( 0.461914864936695, 0.486232677179699 ), .UNSPECIFIED. );
#6873 = VERTEX_POINT( '', #8492 );
#6874 = B_SPLINE_CURVE_WITH_KNOTS( '', 1, ( #8493, #8494 ), .UNSPECIFIED., .F., .F., ( 2, 2 ), ( 0.378141221186633, 0.461914864936695 ), .UNSPECIFIED. );
#6875 = VERTEX_POINT( '', #8495 );
#6876 = B_SPLINE_CURVE_WITH_KNOTS( '', 1, ( #8496, #8497 ), .UNSPECIFIED., .F., .F., ( 2, 2 ), ( 0.251749538127767, 0.378141221186633 ), .UNSPECIFIED. );
#6877 = VERTEX_POINT( '', #8498 );
#6878 = B_SPLINE_CURVE_WITH_KNOTS( '', 1, ( #8499, #8500 ), .UNSPECIFIED., .F., .F., ( 2, 2 ), ( 0.227431725884763, 0.251749538127767 ), .UNSPECIFIED. );
#6879 = VERTEX_POINT( '', #8501 );
#6880 = B_SPLINE_CURVE_WITH_KNOTS( '', 1, ( #8502, #8503 ), .UNSPECIFIED., .F., .F., ( 2, 2 ), ( 0.121491721837814, 0.227431725884763 ), .UNSPECIFIED. );
#6881 = VERTEX_POINT( '', #8504 );
#6882 = B_SPLINE_CURVE_WITH_KNOTS( '', 1, ( #8505, #8506 ), .UNSPECIFIED., .F., .F., ( 2, 2 ), ( 0.0809547814025163, 0.121491721837814 ), .UNSPECIFIED. );
#6883 = VERTEX_POINT( '', #8507 );
#6884 = B_SPLINE_CURVE_WITH_KNOTS( '', 1, ( #8508, #8509 ), .UNSPECIFIED., .F., .F., ( 2, 2 ), ( 0.0197680280168936, 0.0809547814025163 ), .UNSPECIFIED. );
#6885 = B_SPLINE_CURVE_WITH_KNOTS( '', 1, ( #8510, #8511 ), .UNSPECIFIED., .F., .F., ( 2, 2 ), ( 0.000000000000000, 0.0197680280168936 ), .UNSPECIFIED. );
#6886 = VERTEX_POINT( '', #8512 );
#6887 = VERTEX_POINT( '', #8513 );
#6888 = B_SPLINE_CURVE_WITH_KNOTS( '', 1, ( #8514, #8515 ), .UNSPECIFIED., .F., .F., ( 2, 2 ), ( 0.686217008797655, 1.00000000000000 ), .UNSPECIFIED. );
#6889 = VERTEX_POINT( '', #8516 );
#6890 = B_SPLINE_CURVE_WITH_KNOTS( '', 1, ( #8517, #8518 ), .UNSPECIFIED., .F., .F., ( 2, 2 ), ( 0.500000000000000, 0.686217008797655 ), .UNSPECIFIED. );
#6891 = VERTEX_POINT( '', #8519 );
#6892 = B_SPLINE_CURVE_WITH_KNOTS( '', 1, ( #8520, #8521 ), .UNSPECIFIED., .F., .F., ( 2, 2 ), ( 0.186217008797654, 0.500000000000000 ), .UNSPECIFIED. );
#6893 = B_SPLINE_CURVE_WITH_KNOTS( '', 1, ( #8522, #8523 ), .UNSPECIFIED., .F., .F., ( 2, 2 ), ( 0.000000000000000, 0.186217008797654 ), .UNSPECIFIED. );
#6894 = VERTEX_POINT( '', #8524 );
#6895 = VERTEX_POINT( '', #8525 );
#6896 = B_SPLINE_CURVE_WITH_KNOTS( '', 1, ( #8526, #8527 ), .UNSPECIFIED., .F., .F., ( 2, 2 ), ( 0.551086082059534, 1.00000000000000 ), .UNSPECIFIED. );
#6897 = VERTEX_POINT( '', #8528 );
#6898 = B_SPLINE_CURVE_WITH_KNOTS( '', 1, ( #8529, #8530 ), .UNSPECIFIED., .F., .F., ( 2, 2 ), ( 0.500000000000000, 0.551086082059534 ), .UNSPECIFIED. );
#6899 = VERTEX_POINT( '', #8531 );
#6900 = B_SPLINE_CURVE_WITH_KNOTS( '', 1, ( #8532, #8533 ), .UNSPECIFIED., .F., .F., ( 2, 2 ), ( 0.0510860820595337, 0.500000000000000 ), .UNSPECIFIED. );
#6901 = B_SPLINE_CURVE_WITH_KNOTS( '', 1, ( #8534, #8535 ), .UNSPECIFIED., .F., .F., ( 2, 2 ), ( 0.000000000000000, 0.0510860820595337 ), .UNSPECIFIED. );
#6902 = VERTEX_POINT( '', #8536 );
#6903 = VERTEX_POINT( '', #8537 );
#6904 = B_SPLINE_CURVE_WITH_KNOTS( '', 3, ( #8538, #8539, #8540, #8541 ), .UNSPECIFIED., .F., .F., ( 4, 4 ), ( 0.801909699791322, 1.00000000000000 ), .UNSPECIFIED. );
#6905 = VERTEX_POINT( '', #8542 );
#6906 = B_SPLINE_CURVE_WITH_KNOTS( '', 3, ( #8543, #8544, #8545, #8546 ), .UNSPECIFIED., .F., .F., ( 4, 4 ), ( 0.781852169393848, 0.801909699791322 ), .UNSPECIFIED. );
#6907 = VERTEX_POINT( '', #8547 );
#6908 = B_SPLINE_CURVE_WITH_KNOTS( '', 3, ( #8548, #8549, #8550, #8551 ), .UNSPECIFIED., .F., .F., ( 4, 4 ), ( 0.754162127429195, 0.781852169393848 ), .UNSPECIFIED. );
#6909 = VERTEX_POINT( '', #8552 );
#6910 = B_SPLINE_CURVE_WITH_KNOTS( '', 3, ( #8553, #8554, #8555, #8556 ), .UNSPECIFIED., .F., .F., ( 4, 4 ), ( 0.753430275071515, 0.754162127429195 ), .UNSPECIFIED. );
#6911 = VERTEX_POINT( '', #8557 );
#6912 = B_SPLINE_CURVE_WITH_KNOTS( '', 3, ( #8558, #8559, #8560, #8561, #8562, #8563, #8564, #8565, #8566 ), .UNSPECIFIED., .F., .F., ( 4, 3, 2, 4 ), ( 0.456811112161229, 0.606266338662758, 0.694048335818859, 0.753430275071515 ), .UNSPECIFIED. );
#6913 = VERTEX_POINT( '', #8567 );
#6914 = B_SPLINE_CURVE_WITH_KNOTS( '', 3, ( #8568, #8569, #8570, #8571 ), .UNSPECIFIED., .F., .F., ( 4, 4 ), ( 0.434446078266701, 0.456811112161229 ), .UNSPECIFIED. );
#6915 = VERTEX_POINT( '', #8572 );
#6916 = B_SPLINE_CURVE_WITH_KNOTS( '', 3, ( #8573, #8574, #8575, #8576, #8577, #8578, #8579, #8580, #8581, #8582, #8583, #8584 ), .UNSPECIFIED., .F., .F., ( 4, 3, 2, 3, 4 ), ( 0.0223650338945280, 0.155312735378668, 0.228504615467214, 0.291380861449322, 0.434446078266701 ), .UNSPECIFIED. );
#6917 = B_SPLINE_CURVE_WITH_KNOTS( '', 3, ( #8585, #8586, #8587, #8588 ), .UNSPECIFIED., .F., .F., ( 4, 4 ), ( 0.000000000000000, 0.0223650338945280 ), .UNSPECIFIED. );
#6918 = VERTEX_POINT( '', #8589 );
#6919 = VERTEX_POINT( '', #8590 );
#6920 = B_SPLINE_CURVE_WITH_KNOTS( '', 3, ( #8591, #8592, #8593, #8594 ), .UNSPECIFIED., .F., .F., ( 4, 4 ), ( 0.969765151351836, 1.00000000000000 ), .UNSPECIFIED. );
#6921 = VERTEX_POINT( '', #8595 );
#6922 = B_SPLINE_CURVE_WITH_KNOTS( '', 3, ( #8596, #8597, #8598, #8599 ), .UNSPECIFIED., .F., .F., ( 4, 4 ), ( 0.949608585586394, 0.969765151351836 ), .UNSPECIFIED. );
#6923 = VERTEX_POINT( '', #8600 );
#6924 = B_SPLINE_CURVE_WITH_KNOTS( '', 3, ( #8601, #8602, #8603, #8604, #8605, #8606, #8607, #8608, #8609 ), .UNSPECIFIED., .F., .F., ( 4, 2, 3, 4 ), ( 0.567520396840270, 0.661078865889259, 0.769589601681237, 0.949608585586394 ), .UNSPECIFIED. );
#6925 = VERTEX_POINT( '', #8610 );
#6926 = B_SPLINE_CURVE_WITH_KNOTS( '', 3, ( #8611, #8612, #8613, #8614 ), .UNSPECIFIED., .F., .F., ( 4, 4 ), ( 0.545626196095048, 0.567520396840270 ), .UNSPECIFIED. );
#6927 = VERTEX_POINT( '', #8615 );
#6928 = B_SPLINE_CURVE_WITH_KNOTS( '', 3, ( #8616, #8617, #8618, #8619, #8620, #8621, #8622, #8623, #8624 ), .UNSPECIFIED., .F., .F., ( 4, 3, 2, 4 ), ( 0.387083523529607, 0.417839662671704, 0.492100516057345, 0.545626196095048 ), .UNSPECIFIED. );
#6929 = VERTEX_POINT( '', #8625 );
#6930 = B_SPLINE_CURVE_WITH_KNOTS( '', 3, ( #8626, #8627, #8628, #8629 ), .UNSPECIFIED., .F., .F., ( 4, 4 ), ( 0.385867179043761, 0.387083523529607 ), .UNSPECIFIED. );
#6931 = VERTEX_POINT( '', #8630 );
#6932 = B_SPLINE_CURVE_WITH_KNOTS( '', 3, ( #8631, #8632, #8633, #8634, #8635, #8636, #8637, #8638, #8639, #8640 ), .UNSPECIFIED., .F., .F., ( 4, 2, 2, 2, 4 ), ( 0.000695053991911922, 0.0574447745330089, 0.169113579468717, 0.298718824575445, 0.385867179043761 ), .UNSPECIFIED. );
#6933 = B_SPLINE_CURVE_WITH_KNOTS( '', 3, ( #8641, #8642, #8643, #8644 ), .UNSPECIFIED., .F., .F., ( 4, 4 ), ( 0.000000000000000, 0.000695053991911922 ), .UNSPECIFIED. );
#6934 = VERTEX_POINT( '', #8645 );
#6935 = VERTEX_POINT( '', #8646 );
#6936 = B_SPLINE_CURVE_WITH_KNOTS( '', 3, ( #8647, #8648, #8649, #8650 ), .UNSPECIFIED., .F., .F., ( 4, 4 ), ( 0.900000000000000, 1.00000000000000 ), .UNSPECIFIED. );
#6937 = VERTEX_POINT( '', #8651 );
#6938 = B_SPLINE_CURVE_WITH_KNOTS( '', 3, ( #8652, #8653, #8654, #8655, #8656, #8657, #8658 ), .UNSPECIFIED., .F., .F., ( 4, 3, 4 ), ( 0.000000000000000, 0.100000000000000, 0.200000000000000 ), .UNSPECIFIED. );
#6939 = VERTEX_POINT( '', #8659 );
#6940 = B_SPLINE_CURVE_WITH_KNOTS( '', 3, ( #8660, #8661, #8662, #8663 ), .UNSPECIFIED., .F., .F., ( 4, 4 ), ( 0.200000000000000, 0.300000000000000 ), .UNSPECIFIED. );
#6941 = VERTEX_POINT( '', #8664 );
#6942 = B_SPLINE_CURVE_WITH_KNOTS( '', 3, ( #8665, #8666, #8667, #8668 ), .UNSPECIFIED., .F., .F., ( 4, 4 ), ( 0.300000000000000, 0.400000000000000 ), .UNSPECIFIED. );
#6943 = VERTEX_POINT( '', #8669 );
#6944 = B_SPLINE_CURVE_WITH_KNOTS( '', 3, ( #8670, #8671, #8672, #8673 ), .UNSPECIFIED., .F., .F., ( 4, 4 ), ( 0.400000000000000, 0.500000000000000 ), .UNSPECIFIED. );
#6945 = VERTEX_POINT( '', #8674 );
#6946 = B_SPLINE_CURVE_WITH_KNOTS( '', 3, ( #8675, #8676, #8677, #8678, #8679, #8680, #8681 ), .UNSPECIFIED., .F., .F., ( 4, 3, 4 ), ( 0.500000000000000, 0.600000000000000, 0.700000000000000 ), .UNSPECIFIED. );
#6947 = VERTEX_POINT( '', #8682 );
#6948 = B_SPLINE_CURVE_WITH_KNOTS( '', 3, ( #8683, #8684, #8685, #8686 ), .UNSPECIFIED., .F., .F., ( 4, 4 ), ( 0.700000000000000, 0.800000000000000 ), .UNSPECIFIED. );
#6949 = B_SPLINE_CURVE_WITH_KNOTS( '', 3, ( #8687, #8688, #8689, #8690 ), .UNSPECIFIED., .F., .F., ( 4, 4 ), ( 0.800000000000000, 0.900000000000000 ), .UNSPECIFIED. );
#6950 = VERTEX_POINT( '', #8691 );
#6951 = VERTEX_POINT( '', #8692 );
#6952 = B_SPLINE_CURVE_WITH_KNOTS( '', 3, ( #8693, #8694, #8695, #8696 ), .UNSPECIFIED., .F., .F., ( 4, 4 ), ( 0.900000000000000, 1.00000000000000 ), .UNSPECIFIED. );
#6953 = VERTEX_POINT( '', #8697 );
#6954 = B_SPLINE_CURVE_WITH_KNOTS( '', 3, ( #8698, #8699, #8700, #8701, #8702, #8703, #8704 ), .UNSPECIFIED., .F., .F., ( 4, 3, 4 ), ( 0.000000000000000, 0.100000000000000, 0.200000000000000 ), .UNSPECIFIED. );
#6955 = VERTEX_POINT( '', #8705 );
#6956 = B_SPLINE_CURVE_WITH_KNOTS( '', 3, ( #8706, #8707, #8708, #8709 ), .UNSPECIFIED., .F., .F., ( 4, 4 ), ( 0.200000000000000, 0.300000000000000 ), .UNSPECIFIED. );
#6957 = VERTEX_POINT( '', #8710 );
#6958 = B_SPLINE_CURVE_WITH_KNOTS( '', 3, ( #8711, #8712, #8713, #8714 ), .UNSPECIFIED., .F., .F., ( 4, 4 ), ( 0.300000000000000, 0.400000000000000 ), .UNSPECIFIED. );
#6959 = VERTEX_POINT( '', #8715 );
#6960 = B_SPLINE_CURVE_WITH_KNOTS( '', 3, ( #8716, #8717, #8718, #8719 ), .UNSPECIFIED., .F., .F., ( 4, 4 ), ( 0.400000000000000, 0.500000000000000 ), .UNSPECIFIED. );
#6961 = VERTEX_POINT( '', #8720 );
#6962 = B_SPLINE_CURVE_WITH_KNOTS( '', 3, ( #8721, #8722, #8723, #8724, #8725, #8726, #8727 ), .UNSPECIFIED., .F., .F., ( 4, 3, 4 ), ( 0.500000000000000, 0.600000000000000, 0.700000000000000 ), .UNSPECIFIED. );
#6963 = VERTEX_POINT( '', #8728 );
#6964 = B_SPLINE_CURVE_WITH_KNOTS( '', 3, ( #8729, #8730, #8731, #8732 ), .UNSPECIFIED., .F., .F., ( 4, 4 ), ( 0.700000000000000, 0.800000000000000 ), .UNSPECIFIED. );
#6965 = B_SPLINE_CURVE_WITH_KNOTS( '', 3, ( #8733, #8734, #8735, #8736 ), .UNSPECIFIED., .F., .F., ( 4, 4 ), ( 0.800000000000000, 0.900000000000000 ), .UNSPECIFIED. );
#6966 = VERTEX_POINT( '', #8737 );
#6967 = VERTEX_POINT( '', #8738 );
#6968 = LINE( '', #8739, #8740 );
#6969 = VERTEX_POINT( '', #8741 );
#6970 = LINE( '', #8742, #8743 );
#6971 = VERTEX_POINT( '', #8744 );
#6972 = LINE( '', #8745, #8746 );
#6973 = LINE( '', #8747, #8748 );
#6974 = VERTEX_POINT( '', #8749 );
#6975 = VERTEX_POINT( '', #8750 );
#6976 = LINE( '', #8751, #8752 );
#6977 = VERTEX_POINT( '', #8753 );
#6978 = LINE( '', #8754, #8755 );
#6979 = VERTEX_POINT( '', #8756 );
#6980 = LINE( '', #8757, #8758 );
#6981 = LINE( '', #8759, #8760 );
#6982 = VERTEX_POINT( '', #8761 );
#6983 = VERTEX_POINT( '', #8762 );
#6984 = LINE( '', #8763, #8764 );
#6985 = VERTEX_POINT( '', #8765 );
#6986 = LINE( '', #8766, #8767 );
#6987 = VERTEX_POINT( '', #8768 );
#6988 = LINE( '', #8769, #8770 );
#6989 = VERTEX_POINT( '', #8771 );
#6990 = LINE( '', #8772, #8773 );
#6991 = VERTEX_POINT( '', #8774 );
#6992 = LINE( '', #8775, #8776 );
#6993 = VERTEX_POINT( '', #8777 );
#6994 = LINE( '', #8778, #8779 );
#6995 = VERTEX_POINT( '', #8780 );
#6996 = LINE( '', #8781, #8782 );
#6997 = VERTEX_POINT( '', #8783 );
#6998 = LINE( '', #8784, #8785 );
#6999 = VERTEX_POINT( '', #8786 );
#7000 = LINE( '', #8787, #8788 );
#7001 = VERTEX_POINT( '', #8789 );
#7002 = LINE( '', #8790, #8791 );
#7003 = VERTEX_POINT( '', #8792 );
#7004 = LINE( '', #8793, #8794 );
#7005 = LINE( '', #8795, #8796 );
#7006 = VERTEX_POINT( '', #8797 );
#7007 = VERTEX_POINT( '', #8798 );
#7008 = B_SPLINE_CURVE_WITH_KNOTS( '', 3, ( #8799, #8800, #8801, #8802 ), .UNSPECIFIED., .F., .F., ( 4, 4 ), ( 0.900000000000000, 1.00000000000000 ), .UNSPECIFIED. );
#7009 = VERTEX_POINT( '', #8803 );
#7010 = B_SPLINE_CURVE_WITH_KNOTS( '', 3, ( #8804, #8805, #8806, #8807, #8808, #8809, #8810 ), .UNSPECIFIED., .F., .F., ( 4, 3, 4 ), ( 0.000000000000000, 0.100000000000000, 0.200000000000000 ), .UNSPECIFIED. );
#7011 = VERTEX_POINT( '', #8811 );
#7012 = B_SPLINE_CURVE_WITH_KNOTS( '', 3, ( #8812, #8813, #8814, #8815 ), .UNSPECIFIED., .F., .F., ( 4, 4 ), ( 0.200000000000000, 0.300000000000000 ), .UNSPECIFIED. );
#7013 = VERTEX_POINT( '', #8816 );
#7014 = B_SPLINE_CURVE_WITH_KNOTS( '', 3, ( #8817, #8818, #8819, #8820 ), .UNSPECIFIED., .F., .F., ( 4, 4 ), ( 0.300000000000000, 0.400000000000000 ), .UNSPECIFIED. );
#7015 = VERTEX_POINT( '', #8821 );
#7016 = B_SPLINE_CURVE_WITH_KNOTS( '', 3, ( #8822, #8823, #8824, #8825 ), .UNSPECIFIED., .F., .F., ( 4, 4 ), ( 0.400000000000000, 0.500000000000000 ), .UNSPECIFIED. );
#7017 = VERTEX_POINT( '', #8826 );
#7018 = B_SPLINE_CURVE_WITH_KNOTS( '', 3, ( #8827, #8828, #8829, #8830, #8831, #8832, #8833 ), .UNSPECIFIED., .F., .F., ( 4, 3, 4 ), ( 0.500000000000000, 0.600000000000000, 0.700000000000000 ), .UNSPECIFIED. );
#7019 = VERTEX_POINT( '', #8834 );
#7020 = B_SPLINE_CURVE_WITH_KNOTS( '', 3, ( #8835, #8836, #8837, #8838 ), .UNSPECIFIED., .F., .F., ( 4, 4 ), ( 0.700000000000000, 0.800000000000000 ), .UNSPECIFIED. );
#7021 = B_SPLINE_CURVE_WITH_KNOTS( '', 3, ( #8839, #8840, #8841, #8842 ), .UNSPECIFIED., .F., .F., ( 4, 4 ), ( 0.800000000000000, 0.900000000000000 ), .UNSPECIFIED. );
#7022 = FILL_AREA_STYLE_COLOUR( '', #8843 );
#7023 = VERTEX_POINT( '', #8844 );
#7024 = VERTEX_POINT( '', #8845 );
#7025 = LINE( '', #8846, #8847 );
#7026 = VERTEX_POINT( '', #8848 );
#7027 = CIRCLE( '', #8849, 1.00000000000000 );
#7028 = VERTEX_POINT( '', #8850 );
#7029 = LINE( '', #8851, #8852 );
#7030 = VERTEX_POINT( '', #8853 );
#7031 = CIRCLE( '', #8854, 1.00000000000000 );
#7032 = VERTEX_POINT( '', #8855 );
#7033 = LINE( '', #8856, #8857 );
#7034 = VERTEX_POINT( '', #8858 );
#7035 = CIRCLE( '', #8859, 1.00000000000000 );
#7036 = VERTEX_POINT( '', #8860 );
#7037 = LINE( '', #8861, #8862 );
#7038 = VERTEX_POINT( '', #8863 );
#7039 = LINE( '', #8864, #8865 );
#7040 = VERTEX_POINT( '', #8866 );
#7041 = LINE( '', #8867, #8868 );
#7042 = VERTEX_POINT( '', #8869 );
#7043 = CIRCLE( '', #8870, 1.00000000000000 );
#7044 = VERTEX_POINT( '', #8871 );
#7045 = LINE( '', #8872, #8873 );
#7046 = VERTEX_POINT( '', #8874 );
#7047 = CIRCLE( '', #8875, 1.00000000000000 );
#7048 = VERTEX_POINT( '', #8876 );
#7049 = LINE( '', #8877, #8878 );
#7050 = VERTEX_POINT( '', #8879 );
#7051 = CIRCLE( '', #8880, 1.00000000000000 );
#7052 = VERTEX_POINT( '', #8881 );
#7053 = LINE( '', #8882, #8883 );
#7054 = VERTEX_POINT( '', #8884 );
#7055 = CIRCLE( '', #8885, 1.00000000000000 );
#7056 = VERTEX_POINT( '', #8886 );
#7057 = LINE( '', #8887, #8888 );
#7058 = VERTEX_POINT( '', #8889 );
#7059 = LINE( '', #8890, #8891 );
#7060 = VERTEX_POINT( '', #8892 );
#7061 = LINE( '', #8893, #8894 );
#7062 = CIRCLE( '', #8895, 1.00000000000000 );
#7063 = FILL_AREA_STYLE_COLOUR( '', #8896 );
#7064 = VERTEX_POINT( '', #8897 );
#7065 = LINE( '', #8898, #8899 );
#7066 = VERTEX_POINT( '', #8900 );
#7067 = LINE( '', #8901, #8902 );
#7068 = LINE( '', #8903, #8904 );
#7069 = FILL_AREA_STYLE_COLOUR( '', #8905 );
#7070 = VERTEX_POINT( '', #8906 );
#7071 = B_SPLINE_CURVE_WITH_KNOTS( '', 3, ( #8907, #8908, #8909, #8910, #8911, #8912, #8913, #8914, #8915, #8916, #8917, #8918, #8919 ), .UNSPECIFIED., .T., .F., ( 4, 3, 3, 3, 4 ), ( 0.000000000000000, 0.250000000000000, 0.500000000000000, 0.750000000000000, 1.00000000000000 ), .UNSPECIFIED. );
#7072 = VERTEX_POINT( '', #8920 );
#7073 = B_SPLINE_CURVE_WITH_KNOTS( '', 3, ( #8921, #8922, #8923, #8924, #8925, #8926, #8927, #8928, #8929, #8930, #8931, #8932, #8933 ), .UNSPECIFIED., .T., .F., ( 4, 3, 3, 3, 4 ), ( 0.000000000000000, 0.250000000000000, 0.500000000000000, 0.750000000000000, 1.00000000000000 ), .UNSPECIFIED. );
#7074 = FILL_AREA_STYLE_COLOUR( '', #8934 );
#7075 = VERTEX_POINT( '', #8935 );
#7076 = LINE( '', #8936, #8937 );
#7077 = VERTEX_POINT( '', #8938 );
#7078 = B_SPLINE_CURVE_WITH_KNOTS( '', 1, ( #8939, #8940 ), .UNSPECIFIED., .F., .F., ( 2, 2 ), ( 0.0809547814025163, 0.121491721837814 ), .UNSPECIFIED. );
#7079 = LINE( '', #8941, #8942 );
#7080 = FILL_AREA_STYLE_COLOUR( '', #8943 );
#7081 = VERTEX_POINT( '', #8944 );
#7082 = VERTEX_POINT( '', #8945 );
#7083 = LINE( '', #8946, #8947 );
#7084 = VERTEX_POINT( '', #8948 );
#7085 = LINE( '', #8949, #8950 );
#7086 = VERTEX_POINT( '', #8951 );
#7087 = LINE( '', #8952, #8953 );
#7088 = LINE( '', #8954, #8955 );
#7089 = FILL_AREA_STYLE_COLOUR( '', #8956 );
#7090 = VERTEX_POINT( '', #8957 );
#7091 = LINE( '', #8958, #8959 );
#7092 = VERTEX_POINT( '', #8960 );
#7093 = B_SPLINE_CURVE_WITH_KNOTS( '', 1, ( #8961, #8962 ), .UNSPECIFIED., .F., .F., ( 2, 2 ), ( 0.186217008797654, 0.500000000000000 ), .UNSPECIFIED. );
#7094 = LINE( '', #8963, #8964 );
#7095 = FILL_AREA_STYLE_COLOUR( '', #8965 );
#7096 = VERTEX_POINT( '', #8966 );
#7097 = VERTEX_POINT( '', #8967 );
#7098 = LINE( '', #8968, #8969 );
#7099 = VERTEX_POINT( '', #8970 );
#7100 = LINE( '', #8971, #8972 );
#7101 = VERTEX_POINT( '', #8973 );
#7102 = LINE( '', #8974, #8975 );
#7103 = LINE( '', #8976, #8977 );
#7104 = FILL_AREA_STYLE_COLOUR( '', #8978 );
#7105 = VERTEX_POINT( '', #8979 );
#7106 = VERTEX_POINT( '', #8980 );
#7107 = CIRCLE( '', #8981, 1.66800699300692 );
#7108 = VERTEX_POINT( '', #8982 );
#7109 = LINE( '', #8983, #8984 );
#7110 = VERTEX_POINT( '', #8985 );
#7111 = LINE( '', #8986, #8987 );
#7112 = VERTEX_POINT( '', #8988 );
#7113 = LINE( '', #8989, #8990 );
#7114 = VERTEX_POINT( '', #8991 );
#7115 = CIRCLE( '', #8992, 5.16800699300692 );
#7116 = VERTEX_POINT( '', #8993 );
#7117 = CIRCLE( '', #8994, 5.40000000000000 );
#7118 = VERTEX_POINT( '', #8995 );
#7119 = LINE( '', #8996, #8997 );
#7120 = CIRCLE( '', #8998, 8.90000000000000 );
#7121 = FILL_AREA_STYLE_COLOUR( '', #8999 );
#7122 = VERTEX_POINT( '', #9000 );
#7123 = LINE( '', #9001, #9002 );
#7124 = VERTEX_POINT( '', #9003 );
#7125 = B_SPLINE_CURVE_WITH_KNOTS( '', 1, ( #9004, #9005 ), .UNSPECIFIED., .F., .F., ( 2, 2 ), ( 0.480364662824981, 0.491325287249687 ), .UNSPECIFIED. );
#7126 = LINE( '', #9006, #9007 );
#7127 = FILL_AREA_STYLE_COLOUR( '', #9008 );
#7128 = VERTEX_POINT( '', #9009 );
#7129 = VERTEX_POINT( '', #9010 );
#7130 = B_SPLINE_CURVE_WITH_KNOTS( '', 3, ( #9011, #9012, #9013, #9014 ), .UNSPECIFIED., .F., .F., ( 4, 4 ), ( 0.801909699791322, 1.00000000000000 ), .UNSPECIFIED. );
#7131 = VERTEX_POINT( '', #9015 );
#7132 = B_SPLINE_CURVE_WITH_KNOTS( '', 3, ( #9016, #9017, #9018, #9019 ), .UNSPECIFIED., .F., .F., ( 4, 4 ), ( 0.000000000000000, 0.0223650338945280 ), .UNSPECIFIED. );
#7133 = VERTEX_POINT( '', #9020 );
#7134 = B_SPLINE_CURVE_WITH_KNOTS( '', 3, ( #9021, #9022, #9023, #9024, #9025, #9026, #9027, #9028, #9029, #9030, #9031, #9032 ), .UNSPECIFIED., .F., .F., ( 4, 3, 2, 3, 4 ), ( 0.0223650338945280, 0.155312735378668, 0.228504615467214, 0.291380861449322, 0.434446078266701 ), .UNSPECIFIED. );
#7135 = VERTEX_POINT( '', #9033 );
#7136 = B_SPLINE_CURVE_WITH_KNOTS( '', 3, ( #9034, #9035, #9036, #9037 ), .UNSPECIFIED., .F., .F., ( 4, 4 ), ( 0.434446078266701, 0.456811112161229 ), .UNSPECIFIED. );
#7137 = VERTEX_POINT( '', #9038 );
#7138 = B_SPLINE_CURVE_WITH_KNOTS( '', 3, ( #9039, #9040, #9041, #9042, #9043, #9044, #9045, #9046, #9047 ), .UNSPECIFIED., .F., .F., ( 4, 3, 2, 4 ), ( 0.456811112161229, 0.606266338662758, 0.694048335818859, 0.753430275071515 ), .UNSPECIFIED. );
#7139 = VERTEX_POINT( '', #9048 );
#7140 = B_SPLINE_CURVE_WITH_KNOTS( '', 3, ( #9049, #9050, #9051, #9052 ), .UNSPECIFIED., .F., .F., ( 4, 4 ), ( 0.753430275071515, 0.754162127429195 ), .UNSPECIFIED. );
#7141 = VERTEX_POINT( '', #9053 );
#7142 = B_SPLINE_CURVE_WITH_KNOTS( '', 3, ( #9054, #9055, #9056, #9057 ), .UNSPECIFIED., .F., .F., ( 4, 4 ), ( 0.754162127429195, 0.781852169393848 ), .UNSPECIFIED. );
#7143 = B_SPLINE_CURVE_WITH_KNOTS( '', 3, ( #9058, #9059, #9060, #9061 ), .UNSPECIFIED., .F., .F., ( 4, 4 ), ( 0.781852169393848, 0.801909699791322 ), .UNSPECIFIED. );
#7144 = FILL_AREA_STYLE_COLOUR( '', #9062 );
#7145 = VERTEX_POINT( '', #9063 );
#7146 = LINE( '', #9064, #9065 );
#7147 = VERTEX_POINT( '', #9066 );
#7148 = LINE( '', #9067, #9068 );
#7149 = LINE( '', #9069, #9070 );
#7150 = FILL_AREA_STYLE_COLOUR( '', #9071 );
#7151 = VERTEX_POINT( '', #9072 );
#7152 = B_SPLINE_CURVE_WITH_KNOTS( '', 3, ( #9073, #9074, #9075, #9076, #9077, #9078, #9079, #9080, #9081, #9082 ), .UNSPECIFIED., .T., .F., ( 4, 2, 2, 2, 4 ), ( 0.000000000000000, 0.248942172073344, 0.497884344146685, 0.748942172073341, 1.00000000000000 ), .UNSPECIFIED. );
#7153 = FILL_AREA_STYLE_COLOUR( '', #9083 );
#7154 = VERTEX_POINT( '', #9084 );
#7155 = LINE( '', #9085, #9086 );
#7156 = VERTEX_POINT( '', #9087 );
#7157 = B_SPLINE_CURVE_WITH_KNOTS( '', 1, ( #9088, #9089 ), .UNSPECIFIED., .F., .F., ( 2, 2 ), ( 0.251749538127767, 0.378141221186633 ), .UNSPECIFIED. );
#7158 = LINE( '', #9090, #9091 );
#7159 = FILL_AREA_STYLE_COLOUR( '', #9092 );
#7160 = VERTEX_POINT( '', #9093 );
#7161 = B_SPLINE_CURVE_WITH_KNOTS( '', 3, ( #9094, #9095, #9096, #9097, #9098, #9099, #9100, #9101, #9102, #9103, #9104, #9105, #9106 ), .UNSPECIFIED., .T., .F., ( 4, 3, 3, 3, 4 ), ( 0.000000000000000, 0.250000000000000, 0.500000000000000, 0.750000000000000, 1.00000000000000 ), .UNSPECIFIED. );
#7162 = VERTEX_POINT( '', #9107 );
#7163 = B_SPLINE_CURVE_WITH_KNOTS( '', 3, ( #9108, #9109, #9110, #9111, #9112, #9113, #9114, #9115, #9116, #9117, #9118, #9119, #9120 ), .UNSPECIFIED., .T., .F., ( 4, 3, 3, 3, 4 ), ( 0.000000000000000, 0.250000000000000, 0.500000000000000, 0.750000000000000, 1.00000000000000 ), .UNSPECIFIED. );
#7164 = FILL_AREA_STYLE_COLOUR( '', #9121 );
#7165 = VERTEX_POINT( '', #9122 );
#7166 = VERTEX_POINT( '', #9123 );
#7167 = LINE( '', #9124, #9125 );
#7168 = VERTEX_POINT( '', #9126 );
#7169 = LINE( '', #9127, #9128 );
#7170 = VERTEX_POINT( '', #9129 );
#7171 = LINE( '', #9130, #9131 );
#7172 = LINE( '', #9132, #9133 );
#7173 = FILL_AREA_STYLE_COLOUR( '', #9134 );
#7174 = VERTEX_POINT( '', #9135 );
#7175 = LINE( '', #9136, #9137 );
#7176 = VERTEX_POINT( '', #9138 );
#7177 = B_SPLINE_CURVE_WITH_KNOTS( '', 3, ( #9139, #9140, #9141, #9142, #9143, #9144, #9145, #9146, #9147, #9148, #9149, #9150, #9151, #9152, #9153, #9154, #9155, #9156 ), .UNSPECIFIED., .F., .F., ( 4, 2, 2, 3, 3, 2, 2, 4 ), ( 0.000000000000000, 0.0769802747105764, 0.136117439388900, 0.189051404975092, 0.239318908466401, 0.322607153285819, 0.429216106654675, 0.498101891908398 ), .UNSPECIFIED. );
#7178 = LINE( '', #9157, #9158 );
#7179 = FILL_AREA_STYLE_COLOUR( '', #9159 );
#7180 = VERTEX_POINT( '', #9160 );
#7181 = LINE( '', #9161, #9162 );
#7182 = VERTEX_POINT( '', #9163 );
#7183 = B_SPLINE_CURVE_WITH_KNOTS( '', 3, ( #9164, #9165, #9166, #9167 ), .UNSPECIFIED., .F., .F., ( 4, 4 ), ( 0.300000000000000, 0.400000000000000 ), .UNSPECIFIED. );
#7184 = LINE( '', #9168, #9169 );
#7185 = FILL_AREA_STYLE_COLOUR( '', #9170 );
#7186 = LINE( '', #9171, #9172 );
#7187 = LINE( '', #9173, #9174 );
#7188 = FILL_AREA_STYLE_COLOUR( '', #9175 );
#7189 = VERTEX_POINT( '', #9176 );
#7190 = LINE( '', #9177, #9178 );
#7191 = VERTEX_POINT( '', #9179 );
#7192 = B_SPLINE_CURVE_WITH_KNOTS( '', 1, ( #9180, #9181 ), .UNSPECIFIED., .F., .F., ( 2, 2 ), ( 0.745305247381468, 0.858166248116116 ), .UNSPECIFIED. );
#7193 = LINE( '', #9182, #9183 );
#7194 = FILL_AREA_STYLE_COLOUR( '', #9184 );
#7195 = VERTEX_POINT( '', #9185 );
#7196 = VERTEX_POINT( '', #9186 );
#7197 = CIRCLE( '', #9187, 1.66800699300692 );
#7198 = LINE( '', #9188, #9189 );
#7199 = LINE( '', #9190, #9191 );
#7200 = FILL_AREA_STYLE_COLOUR( '', #9192 );
#7201 = VERTEX_POINT( '', #9193 );
#7202 = LINE( '', #9194, #9195 );
#7203 = VERTEX_POINT( '', #9196 );
#7204 = B_SPLINE_CURVE_WITH_KNOTS( '', 3, ( #9197, #9198, #9199, #9200, #9201, #9202, #9203 ), .UNSPECIFIED., .F., .F., ( 4, 3, 4 ), ( 0.000000000000000, 0.100000000000000, 0.200000000000000 ), .UNSPECIFIED. );
#7205 = LINE( '', #9204, #9205 );
#7206 = FILL_AREA_STYLE_COLOUR( '', #9206 );
#7207 = LINE( '', #9207, #9208 );
#7208 = LINE( '', #9209, #9210 );
#7209 = FILL_AREA_STYLE_COLOUR( '', #9211 );
#7210 = VERTEX_POINT( '', #9212 );
#7211 = LINE( '', #9213, #9214 );
#7212 = B_SPLINE_CURVE_WITH_KNOTS( '', 3, ( #9215, #9216, #9217, #9218 ), .UNSPECIFIED., .F., .F., ( 4, 4 ), ( 0.200000000000000, 0.300000000000000 ), .UNSPECIFIED. );
#7213 = FILL_AREA_STYLE_COLOUR( '', #9219 );
#7214 = VERTEX_POINT( '', #9220 );
#7215 = LINE( '', #9221, #9222 );
#7216 = VERTEX_POINT( '', #9223 );
#7217 = B_SPLINE_CURVE_WITH_KNOTS( '', 3, ( #9224, #9225, #9226, #9227 ), .UNSPECIFIED., .F., .F., ( 4, 4 ), ( 0.700000000000000, 0.800000000000000 ), .UNSPECIFIED. );
#7218 = LINE( '', #9228, #9229 );
#7219 = FILL_AREA_STYLE_COLOUR( '', #9230 );
#7220 = VERTEX_POINT( '', #9231 );
#7221 = LINE( '', #9232, #9233 );
#7222 = VERTEX_POINT( '', #9234 );
#7223 = LINE( '', #9235, #9236 );
#7224 = LINE( '', #9237, #9238 );
#7225 = FILL_AREA_STYLE_COLOUR( '', #9239 );
#7226 = VERTEX_POINT( '', #9240 );
#7227 = LINE( '', #9241, #9242 );
#7228 = VERTEX_POINT( '', #9243 );
#7229 = B_SPLINE_CURVE_WITH_KNOTS( '', 1, ( #9244, #9245 ), .UNSPECIFIED., .F., .F., ( 2, 2 ), ( 0.744898305115327, 0.764666333132220 ), .UNSPECIFIED. );
#7230 = LINE( '', #9246, #9247 );
#7231 = FILL_AREA_STYLE_COLOUR( '', #9248 );
#7232 = VERTEX_POINT( '', #9249 );
#7233 = B_SPLINE_CURVE_WITH_KNOTS( '', 3, ( #9250, #9251, #9252, #9253 ), .UNSPECIFIED., .F., .F., ( 4, 4 ), ( 0.974284481639980, 1.00000000000000 ), .UNSPECIFIED. );
#7234 = LINE( '', #9254, #9255 );
#7235 = FILL_AREA_STYLE_COLOUR( '', #9256 );
#7236 = VERTEX_POINT( '', #9257 );
#7237 = VERTEX_POINT( '', #9258 );
#7238 = LINE( '', #9259, #9260 );
#7239 = VERTEX_POINT( '', #9261 );
#7240 = LINE( '', #9262, #9263 );
#7241 = VERTEX_POINT( '', #9264 );
#7242 = LINE( '', #9265, #9266 );
#7243 = LINE( '', #9267, #9268 );
#7244 = FILL_AREA_STYLE_COLOUR( '', #9269 );
#7245 = VERTEX_POINT( '', #9270 );
#7246 = LINE( '', #9271, #9272 );
#7247 = VERTEX_POINT( '', #9273 );
#7248 = B_SPLINE_CURVE_WITH_KNOTS( '', 3, ( #9274, #9275, #9276, #9277 ), .UNSPECIFIED., .F., .F., ( 4, 4 ), ( 0.570823365571117, 0.572030613487935 ), .UNSPECIFIED. );
#7249 = LINE( '', #9278, #9279 );
#7250 = FILL_AREA_STYLE_COLOUR( '', #9280 );
#7251 = VERTEX_POINT( '', #9281 );
#7252 = B_SPLINE_CURVE_WITH_KNOTS( '', 3, ( #9282, #9283, #9284, #9285 ), .UNSPECIFIED., .F., .F., ( 4, 4 ), ( 0.498101891908398, 0.498918257570621 ), .UNSPECIFIED. );
#7253 = VERTEX_POINT( '', #9286 );
#7254 = B_SPLINE_CURVE_WITH_KNOTS( '', 3, ( #9287, #9288, #9289, #9290, #9291, #9292, #9293, #9294, #9295 ), .UNSPECIFIED., .F., .F., ( 4, 3, 2, 4 ), ( 0.498918257570621, 0.506469639946183, 0.561906533056765, 0.569746093698665 ), .UNSPECIFIED. );
#7255 = VERTEX_POINT( '', #9296 );
#7256 = B_SPLINE_CURVE_WITH_KNOTS( '', 3, ( #9297, #9298, #9299, #9300 ), .UNSPECIFIED., .F., .F., ( 4, 4 ), ( 0.569746093698665, 0.588726595345347 ), .UNSPECIFIED. );
#7257 = B_SPLINE_CURVE_WITH_KNOTS( '', 3, ( #9301, #9302, #9303, #9304, #9305, #9306, #9307, #9308, #9309, #9310, #9311, #9312, #9313, #9314, #9315 ), .UNSPECIFIED., .F., .F., ( 4, 3, 3, 3, 2, 4 ), ( 0.588726595345347, 0.596073886305353, 0.622066550139879, 0.756970975822210, 0.863762376749826, 0.974284481639980 ), .UNSPECIFIED. );
#7258 = VERTEX_POINT( '', #9316 );
#7259 = VERTEX_POINT( '', #9317 );
#7260 = B_SPLINE_CURVE_WITH_KNOTS( '', 3, ( #9318, #9319, #9320, #9321 ), .UNSPECIFIED., .F., .F., ( 4, 4 ), ( 0.850331981942404, 0.852816098424688 ), .UNSPECIFIED. );
#7261 = VERTEX_POINT( '', #9322 );
#7262 = B_SPLINE_CURVE_WITH_KNOTS( '', 3, ( #9323, #9324, #9325, #9326 ), .UNSPECIFIED., .F., .F., ( 4, 4 ), ( 0.852816098424688, 1.00000000000000 ), .UNSPECIFIED. );
#7263 = B_SPLINE_CURVE_WITH_KNOTS( '', 3, ( #9327, #9328, #9329, #9330, #9331, #9332, #9333, #9334, #9335, #9336, #9337, #9338, #9339, #9340 ), .UNSPECIFIED., .F., .F., ( 4, 2, 2, 3, 3, 4 ), ( 0.000000000000000, 0.281158487642570, 0.481460939623222, 0.684775458550952, 0.752262299597795, 0.850331981942404 ), .UNSPECIFIED. );
#7264 = FILL_AREA_STYLE_COLOUR( '', #9341 );
#7265 = VERTEX_POINT( '', #9342 );
#7266 = ( BOUNDED_CURVE(  )B_SPLINE_CURVE( 2, ( #9345, #9346, #9347, #9348, #9349, #9350, #9351, #9352, #9353, #9354, #9355, #9356, #9357, #9358, #9359, #9360, #9361, #9362, #9363, #9364, #9365, #9366, #9367, #9368, #9369, #9370, #9371, #9372, #9373, #9374, #9375, #9376, #9377, #9378, #9379, #9380, #9381, #9382, #9383, #9384, #9385, #9386, #9387, #9388, #9389, #9390, #9391, #9392, #9393, #9394, #9395, #9396, #9397, #9398, #9399, #9400, #9401, #9402, #9403, #9404, #9405, #9406, #9407, #9408, #9409, #9410, #9411, #9412, #9413, #9414, #9415, #9416, #9417, #9418, #9419, #9420, #9421, #9422, #9423, #9424, #9425, #9426, #9427, #9428, #9429, #9430, #9431, #9432, #9433, #9434, #9435, #9436, #9437, #9438, #9439, #9440, #9441, #9442, #9443, #9444, #9445, #9446, #9447, #9448, #9449, #9450, #9451, #9452, #9453 ), .UNSPECIFIED., .F., .F. )B_SPLINE_CURVE_WITH_KNOTS( ( 3, 2, 2, 2, 2, 2, 2, 2, 2, 2, 2, 2, 2, 2, 2, 2, 2, 2, 2, 2, 2, 2, 2, 2, 2, 2, 2, 2, 2, 2, 2, 2, 2, 2, 2, 2, 2, 2, 2, 2, 2, 2, 2, 2, 2, 2, 2, 2, 2, 2, 2, 2, 2, 2, 3 ), ( 0.000000000000000, 0.0185185185185185, 0.0370370370370370, 0.0555555555555556, 0.0740740740740741, 0.0925925925925926, 0.111111111111111, 0.129629629629630, 0.148148148148148, 0.166666666666667, 0.185185185185185, 0.203703703703704, 0.222222222222222, 0.240740740740741, 0.259259259259260, 0.277777777777778, 0.296296296296297, 0.314814814814815, 0.333333333333334, 0.351851851851852, 0.370370370370371, 0.388888888888889, 0.407407407407408, 0.425925925925926, 0.444444444444444, 0.462962962962963, 0.481481481481482, 0.500000000000000, 0.518518518518519, 0.537037037037037, 0.555555555555556, 0.574074074074074, 0.592592592592593, 0.611111111111111, 0.629629629629630, 0.648148148148148, 0.666666666666667, 0.685185185185185, 0.703703703703704, 0.722222222222222, 0.740740740740741, 0.759259259259259, 0.777777777777778, 0.796296296296296, 0.814814814814815, 0.833333333333333, 0.851851851851852, 0.870370370370370, 0.888888888888889, 0.907407407407407, 0.925925925925926, 0.944444444444444, 0.962962962962963, 0.981481481481481, 1.00000000000000 ), .UNSPECIFIED. )CURVE(  )GEOMETRIC_REPRESENTATION_ITEM(  )RATIONAL_B_SPLINE_CURVE( ( 1.00000000000000, 0.866025403784439, 1.00000000000000, 0.866025403784439, 1.00000000000000, 0.866025403784439, 1.00000000000000, 0.866025403784439, 1.00000000000000, 0.866025403784439, 1.00000000000000, 0.866025403784439, 1.00000000000000, 0.866025403784439, 1.00000000000000, 0.866025403784439, 1.00000000000000, 0.866025403784439, 1.00000000000000, 0.866025403784439, 1.00000000000000, 0.866025403784439, 1.00000000000000, 0.866025403784439, 1.00000000000000, 0.866025403784439, 1.00000000000000, 0.866025403784439, 1.00000000000000, 0.866025403784439, 1.00000000000000, 0.866025403784439, 1.00000000000000, 0.866025403784439, 1.00000000000000, 0.866025403784439, 1.00000000000000, 0.866025403784439, 1.00000000000000, 0.866025403784439, 1.00000000000000, 0.866025403784439, 1.00000000000000, 0.866025403784439, 1.00000000000000, 0.866025403784439, 1.00000000000000, 0.866025403784439, 1.00000000000000, 0.866025403784439, 1.00000000000000, 0.866025403784439, 1.00000000000000, 0.866025403784439, 1.00000000000000, 0.866025403784439, 1.00000000000000, 0.866025403784439, 1.00000000000000, 0.866025403784439, 1.00000000000000, 0.866025403784439, 1.00000000000000, 0.866025403784439, 1.00000000000000, 0.866025403784439, 1.00000000000000, 0.866025403784439, 1.00000000000000, 0.866025403784439, 1.00000000000000, 0.866025403784439, 1.00000000000000, 0.866025403784439, 1.00000000000000, 0.866025403784439, 1.00000000000000, 0.866025403784439, 1.00000000000000, 0.866025403784439, 1.00000000000000, 0.866025403784439, 1.00000000000000, 0.866025403784439, 1.00000000000000, 0.866025403784439, 1.00000000000000, 0.866025403784439, 1.00000000000000, 0.866025403784439, 1.00000000000000, 0.866025403784439, 1.00000000000000, 0.866025403784439, 1.00000000000000, 0.866025403784439, 1.00000000000000, 0.866025403784439, 1.00000000000000, 0.866025403784439, 1.00000000000000, 0.866025403784439, 1.00000000000000, 0.866025403784439, 1.00000000000000, 0.866025403784439, 1.00000000000000, 0.866025403784439, 1.00000000000000 ) )REPRESENTATION_ITEM( '' ) );
#7267 = VERTEX_POINT( '', #9459 );
#7268 = CIRCLE( '', #9460, 8.90000000000000 );
#7269 = VERTEX_POINT( '', #9461 );
#7270 = LINE( '', #9462, #9463 );
#7271 = VERTEX_POINT( '', #9464 );
#7272 = CIRCLE( '', #9465, 8.90000000000000 );
#7273 = VERTEX_POINT( '', #9466 );
#7274 = ( BOUNDED_CURVE(  )B_SPLINE_CURVE( 2, ( #9469, #9470, #9471, #9472, #9473, #9474, #9475, #9476, #9477, #9478, #9479, #9480, #9481, #9482, #9483, #9484, #9485, #9486, #9487, #9488, #9489, #9490, #9491, #9492, #9493, #9494, #9495, #9496, #9497, #9498, #9499, #9500, #9501, #9502, #9503, #9504, #9505, #9506, #9507, #9508, #9509, #9510, #9511, #9512, #9513, #9514, #9515, #9516, #9517, #9518, #9519, #9520, #9521, #9522, #9523, #9524, #9525, #9526, #9527, #9528, #9529, #9530, #9531, #9532, #9533, #9534, #9535, #9536, #9537, #9538, #9539, #9540, #9541, #9542, #9543, #9544, #9545, #9546, #9547, #9548, #9549, #9550, #9551, #9552, #9553, #9554, #9555, #9556, #9557, #9558, #9559, #9560, #9561, #9562, #9563, #9564, #9565, #9566, #9567, #9568, #9569, #9570, #9571, #9572, #9573, #9574, #9575, #9576, #9577 ), .UNSPECIFIED., .F., .F. )B_SPLINE_CURVE_WITH_KNOTS( ( 3, 2, 2, 2, 2, 2, 2, 2, 2, 2, 2, 2, 2, 2, 2, 2, 2, 2, 2, 2, 2, 2, 2, 2, 2, 2, 2, 2, 2, 2, 2, 2, 2, 2, 2, 2, 2, 2, 2, 2, 2, 2, 2, 2, 2, 2, 2, 2, 2, 2, 2, 2, 2, 2, 3 ), ( 0.000000000000000, 0.0185185185185185, 0.0370370370370370, 0.0555555555555556, 0.0740740740740741, 0.0925925925925926, 0.111111111111111, 0.129629629629630, 0.148148148148148, 0.166666666666667, 0.185185185185185, 0.203703703703704, 0.222222222222222, 0.240740740740741, 0.259259259259260, 0.277777777777778, 0.296296296296297, 0.314814814814815, 0.333333333333334, 0.351851851851852, 0.370370370370371, 0.388888888888889, 0.407407407407408, 0.425925925925926, 0.444444444444444, 0.462962962962963, 0.481481481481482, 0.500000000000000, 0.518518518518519, 0.537037037037037, 0.555555555555556, 0.574074074074074, 0.592592592592593, 0.611111111111111, 0.629629629629630, 0.648148148148148, 0.666666666666667, 0.685185185185185, 0.703703703703704, 0.722222222222222, 0.740740740740741, 0.759259259259259, 0.777777777777778, 0.796296296296296, 0.814814814814815, 0.833333333333333, 0.851851851851852, 0.870370370370370, 0.888888888888889, 0.907407407407407, 0.925925925925926, 0.944444444444444, 0.962962962962963, 0.981481481481481, 1.00000000000000 ), .UNSPECIFIED. )CURVE(  )GEOMETRIC_REPRESENTATION_ITEM(  )RATIONAL_B_SPLINE_CURVE( ( 1.00000000000000, 0.866025403784439, 1.00000000000000, 0.866025403784439, 1.00000000000000, 0.866025403784439, 1.00000000000000, 0.866025403784439, 1.00000000000000, 0.866025403784439, 1.00000000000000, 0.866025403784439, 1.00000000000000, 0.866025403784439, 1.00000000000000, 0.866025403784439, 1.00000000000000, 0.866025403784439, 1.00000000000000, 0.866025403784439, 1.00000000000000, 0.866025403784439, 1.00000000000000, 0.866025403784439, 1.00000000000000, 0.866025403784439, 1.00000000000000, 0.866025403784439, 1.00000000000000, 0.866025403784439, 1.00000000000000, 0.866025403784439, 1.00000000000000, 0.866025403784439, 1.00000000000000, 0.866025403784439, 1.00000000000000, 0.866025403784439, 1.00000000000000, 0.866025403784439, 1.00000000000000, 0.866025403784439, 1.00000000000000, 0.866025403784439, 1.00000000000000, 0.866025403784439, 1.00000000000000, 0.866025403784439, 1.00000000000000, 0.866025403784439, 1.00000000000000, 0.866025403784439, 1.00000000000000, 0.866025403784439, 1.00000000000000, 0.866025403784439, 1.00000000000000, 0.866025403784439, 1.00000000000000, 0.866025403784439, 1.00000000000000, 0.866025403784439, 1.00000000000000, 0.866025403784439, 1.00000000000000, 0.866025403784439, 1.00000000000000, 0.866025403784439, 1.00000000000000, 0.866025403784439, 1.00000000000000, 0.866025403784439, 1.00000000000000, 0.866025403784439, 1.00000000000000, 0.866025403784439, 1.00000000000000, 0.866025403784439, 1.00000000000000, 0.866025403784439, 1.00000000000000, 0.866025403784439, 1.00000000000000, 0.866025403784439, 1.00000000000000, 0.866025403784439, 1.00000000000000, 0.866025403784439, 1.00000000000000, 0.866025403784439, 1.00000000000000, 0.866025403784439, 1.00000000000000, 0.866025403784439, 1.00000000000000, 0.866025403784439, 1.00000000000000, 0.866025403784439, 1.00000000000000, 0.866025403784439, 1.00000000000000, 0.866025403784439, 1.00000000000000, 0.866025403784439, 1.00000000000000, 0.866025403784439, 1.00000000000000, 0.866025403784439, 1.00000000000000 ) )REPRESENTATION_ITEM( '' ) );
#7275 = CIRCLE( '', #9583, 8.90000000000000 );
#7276 = FILL_AREA_STYLE_COLOUR( '', #9584 );
#7277 = VERTEX_POINT( '', #9585 );
#7278 = LINE( '', #9586, #9587 );
#7279 = B_SPLINE_CURVE_WITH_KNOTS( '', 3, ( #9588, #9589, #9590, #9591, #9592, #9593, #9594 ), .UNSPECIFIED., .F., .F., ( 4, 3, 4 ), ( 0.000000000000000, 0.100000000000000, 0.200000000000000 ), .UNSPECIFIED. );
#7280 = FILL_AREA_STYLE_COLOUR( '', #9595 );
#7281 = VERTEX_POINT( '', #9596 );
#7282 = VERTEX_POINT( '', #9597 );
#7283 = CIRCLE( '', #9598, 0.500000000000000 );
#7284 = VERTEX_POINT( '', #9599 );
#7285 = LINE( '', #9600, #9601 );
#7286 = VERTEX_POINT( '', #9602 );
#7287 = CIRCLE( '', #9603, 0.500000000000000 );
#7288 = LINE( '', #9604, #9605 );
#7289 = FILL_AREA_STYLE_COLOUR( '', #9606 );
#7290 = VERTEX_POINT( '', #9607 );
#7291 = VERTEX_POINT( '', #9608 );
#7292 = CIRCLE( '', #9609, 0.500000000000000 );
#7293 = VERTEX_POINT( '', #9610 );
#7294 = LINE( '', #9611, #9612 );
#7295 = VERTEX_POINT( '', #9613 );
#7296 = CIRCLE( '', #9614, 0.500000000000000 );
#7297 = LINE( '', #9615, #9616 );
#7298 = FILL_AREA_STYLE_COLOUR( '', #9617 );
#7299 = VERTEX_POINT( '', #9618 );
#7300 = VERTEX_POINT( '', #9619 );
#7301 = CIRCLE( '', #9620, 1.00000000000000 );
#7302 = LINE( '', #9621, #9622 );
#7303 = LINE( '', #9623, #9624 );
#7304 = FILL_AREA_STYLE_COLOUR( '', #9625 );
#7305 = VERTEX_POINT( '', #9626 );
#7306 = LINE( '', #9627, #9628 );
#7307 = LINE( '', #9629, #9630 );
#7308 = FILL_AREA_STYLE_COLOUR( '', #9631 );
#7309 = VERTEX_POINT( '', #9632 );
#7310 = B_SPLINE_CURVE_WITH_KNOTS( '', 3, ( #9633, #9634, #9635, #9636, #9637, #9638, #9639, #9640, #9641, #9642, #9643, #9644, #9645 ), .UNSPECIFIED., .T., .F., ( 4, 3, 3, 3, 4 ), ( 0.000000000000000, 0.250000000000000, 0.500000000000000, 0.750000000000000, 1.00000000000000 ), .UNSPECIFIED. );
#7311 = VERTEX_POINT( '', #9646 );
#7312 = VERTEX_POINT( '', #9647 );
#7313 = B_SPLINE_CURVE_WITH_KNOTS( '', 3, ( #9648, #9649, #9650, #9651, #9652, #9653, #9654 ), .UNSPECIFIED., .F., .F., ( 4, 3, 4 ), ( 0.000000000000000, 0.100000000000000, 0.200000000000000 ), .UNSPECIFIED. );
#7314 = VERTEX_POINT( '', #9655 );
#7315 = B_SPLINE_CURVE_WITH_KNOTS( '', 3, ( #9656, #9657, #9658, #9659 ), .UNSPECIFIED., .F., .F., ( 4, 4 ), ( 0.900000000000000, 1.00000000000000 ), .UNSPECIFIED. );
#7316 = VERTEX_POINT( '', #9660 );
#7317 = B_SPLINE_CURVE_WITH_KNOTS( '', 3, ( #9661, #9662, #9663, #9664 ), .UNSPECIFIED., .F., .F., ( 4, 4 ), ( 0.800000000000000, 0.900000000000000 ), .UNSPECIFIED. );
#7318 = VERTEX_POINT( '', #9665 );
#7319 = B_SPLINE_CURVE_WITH_KNOTS( '', 3, ( #9666, #9667, #9668, #9669 ), .UNSPECIFIED., .F., .F., ( 4, 4 ), ( 0.700000000000000, 0.800000000000000 ), .UNSPECIFIED. );
#7320 = VERTEX_POINT( '', #9670 );
#7321 = B_SPLINE_CURVE_WITH_KNOTS( '', 3, ( #9671, #9672, #9673, #9674, #9675, #9676, #9677 ), .UNSPECIFIED., .F., .F., ( 4, 3, 4 ), ( 0.500000000000000, 0.600000000000000, 0.700000000000000 ), .UNSPECIFIED. );
#7322 = VERTEX_POINT( '', #9678 );
#7323 = B_SPLINE_CURVE_WITH_KNOTS( '', 3, ( #9679, #9680, #9681, #9682 ), .UNSPECIFIED., .F., .F., ( 4, 4 ), ( 0.400000000000000, 0.500000000000000 ), .UNSPECIFIED. );
#7324 = VERTEX_POINT( '', #9683 );
#7325 = B_SPLINE_CURVE_WITH_KNOTS( '', 3, ( #9684, #9685, #9686, #9687 ), .UNSPECIFIED., .F., .F., ( 4, 4 ), ( 0.300000000000000, 0.400000000000000 ), .UNSPECIFIED. );
#7326 = B_SPLINE_CURVE_WITH_KNOTS( '', 3, ( #9688, #9689, #9690, #9691 ), .UNSPECIFIED., .F., .F., ( 4, 4 ), ( 0.200000000000000, 0.300000000000000 ), .UNSPECIFIED. );
#7327 = FILL_AREA_STYLE_COLOUR( '', #9692 );
#7328 = VERTEX_POINT( '', #9693 );
#7329 = LINE( '', #9694, #9695 );
#7330 = VERTEX_POINT( '', #9696 );
#7331 = B_SPLINE_CURVE_WITH_KNOTS( '', 3, ( #9697, #9698, #9699, #9700 ), .UNSPECIFIED., .F., .F., ( 4, 4 ), ( 0.700000000000000, 0.800000000000000 ), .UNSPECIFIED. );
#7332 = LINE( '', #9701, #9702 );
#7333 = FILL_AREA_STYLE_COLOUR( '', #9703 );
#7334 = VERTEX_POINT( '', #9704 );
#7335 = LINE( '', #9705, #9706 );
#7336 = VERTEX_POINT( '', #9707 );
#7337 = B_SPLINE_CURVE_WITH_KNOTS( '', 1, ( #9708, #9709 ), .UNSPECIFIED., .F., .F., ( 2, 2 ), ( 0.686217008797655, 1.00000000000000 ), .UNSPECIFIED. );
#7338 = LINE( '', #9710, #9711 );
#7339 = FILL_AREA_STYLE_COLOUR( '', #9712 );
#7340 = VERTEX_POINT( '', #9713 );
#7341 = LINE( '', #9714, #9715 );
#7342 = VERTEX_POINT( '', #9716 );
#7343 = B_SPLINE_CURVE_WITH_KNOTS( '', 1, ( #9717, #9718 ), .UNSPECIFIED., .F., .F., ( 2, 2 ), ( 0.123429718334937, 0.123756901153585 ), .UNSPECIFIED. );
#7344 = LINE( '', #9719, #9720 );
#7345 = FILL_AREA_STYLE_COLOUR( '', #9721 );
#7346 = VERTEX_POINT( '', #9722 );
#7347 = B_SPLINE_CURVE_WITH_KNOTS( '', 1, ( #9723, #9724 ), .UNSPECIFIED., .F., .F., ( 2, 2 ), ( 0.764666333132220, 1.00000000000000 ), .UNSPECIFIED. );
#7348 = VERTEX_POINT( '', #9725 );
#7349 = B_SPLINE_CURVE_WITH_KNOTS( '', 1, ( #9726, #9727 ), .UNSPECIFIED., .F., .F., ( 2, 2 ), ( 0.000000000000000, 0.0197680280168936 ), .UNSPECIFIED. );
#7350 = B_SPLINE_CURVE_WITH_KNOTS( '', 1, ( #9728, #9729 ), .UNSPECIFIED., .F., .F., ( 2, 2 ), ( 0.0197680280168936, 0.0809547814025163 ), .UNSPECIFIED. );
#7351 = VERTEX_POINT( '', #9730 );
#7352 = B_SPLINE_CURVE_WITH_KNOTS( '', 1, ( #9731, #9732 ), .UNSPECIFIED., .F., .F., ( 2, 2 ), ( 0.121491721837814, 0.227431725884763 ), .UNSPECIFIED. );
#7353 = B_SPLINE_CURVE_WITH_KNOTS( '', 1, ( #9733, #9734 ), .UNSPECIFIED., .F., .F., ( 2, 2 ), ( 0.227431725884763, 0.251749538127767 ), .UNSPECIFIED. );
#7354 = VERTEX_POINT( '', #9735 );
#7355 = B_SPLINE_CURVE_WITH_KNOTS( '', 1, ( #9736, #9737 ), .UNSPECIFIED., .F., .F., ( 2, 2 ), ( 0.378141221186633, 0.461914864936695 ), .UNSPECIFIED. );
#7356 = VERTEX_POINT( '', #9738 );
#7357 = B_SPLINE_CURVE_WITH_KNOTS( '', 1, ( #9739, #9740 ), .UNSPECIFIED., .F., .F., ( 2, 2 ), ( 0.461914864936695, 0.486232677179699 ), .UNSPECIFIED. );
#7358 = VERTEX_POINT( '', #9741 );
#7359 = B_SPLINE_CURVE_WITH_KNOTS( '', 1, ( #9742, #9743 ), .UNSPECIFIED., .F., .F., ( 2, 2 ), ( 0.486232677179699, 0.596794984099870 ), .UNSPECIFIED. );
#7360 = VERTEX_POINT( '', #9744 );
#7361 = B_SPLINE_CURVE_WITH_KNOTS( '', 1, ( #9745, #9746 ), .UNSPECIFIED., .F., .F., ( 2, 2 ), ( 0.596794984099870, 0.597422540544851 ), .UNSPECIFIED. );
#7362 = B_SPLINE_CURVE_WITH_KNOTS( '', 1, ( #9747, #9748 ), .UNSPECIFIED., .F., .F., ( 2, 2 ), ( 0.597422540544851, 0.744898305115327 ), .UNSPECIFIED. );
#7363 = FILL_AREA_STYLE_COLOUR( '', #9749 );
#7364 = VERTEX_POINT( '', #9750 );
#7365 = B_SPLINE_CURVE_WITH_KNOTS( '', 3, ( #9751, #9752, #9753, #9754, #9755, #9756, #9757, #9758, #9759, #9760, #9761, #9762, #9763 ), .UNSPECIFIED., .T., .F., ( 4, 3, 3, 3, 4 ), ( 0.000000000000000, 0.250000000000000, 0.500000000000000, 0.750000000000000, 1.00000000000000 ), .UNSPECIFIED. );
#7366 = FILL_AREA_STYLE_COLOUR( '', #9764 );
#7367 = VERTEX_POINT( '', #9765 );
#7368 = VERTEX_POINT( '', #9766 );
#7369 = LINE( '', #9767, #9768 );
#7370 = VERTEX_POINT( '', #9769 );
#7371 = CIRCLE( '', #9770, 0.250000000000000 );
#7372 = VERTEX_POINT( '', #9771 );
#7373 = LINE( '', #9772, #9773 );
#7374 = CIRCLE( '', #9774, 0.250000000000000 );
#7375 = FILL_AREA_STYLE_COLOUR( '', #9775 );
#7376 = VERTEX_POINT( '', #9776 );
#7377 = LINE( '', #9777, #9778 );
#7378 = VERTEX_POINT( '', #9779 );
#7379 = LINE( '', #9780, #9781 );
#7380 = LINE( '', #9782, #9783 );
#7381 = FILL_AREA_STYLE_COLOUR( '', #9784 );
#7382 = VERTEX_POINT( '', #9785 );
#7383 = LINE( '', #9786, #9787 );
#7384 = VERTEX_POINT( '', #9788 );
#7385 = LINE( '', #9789, #9790 );
#7386 = VERTEX_POINT( '', #9791 );
#7387 = LINE( '', #9792, #9793 );
#7388 = LINE( '', #9794, #9795 );
#7389 = FILL_AREA_STYLE_COLOUR( '', #9796 );
#7390 = VERTEX_POINT( '', #9797 );
#7391 = LINE( '', #9798, #9799 );
#7392 = VERTEX_POINT( '', #9800 );
#7393 = LINE( '', #9801, #9802 );
#7394 = LINE( '', #9803, #9804 );
#7395 = FILL_AREA_STYLE_COLOUR( '', #9805 );
#7396 = VERTEX_POINT( '', #9806 );
#7397 = LINE( '', #9807, #9808 );
#7398 = VERTEX_POINT( '', #9809 );
#7399 = LINE( '', #9810, #9811 );
#7400 = LINE( '', #9812, #9813 );
#7401 = FILL_AREA_STYLE_COLOUR( '', #9814 );
#7402 = VERTEX_POINT( '', #9815 );
#7403 = VERTEX_POINT( '', #9816 );
#7404 = B_SPLINE_CURVE_WITH_KNOTS( '', 3, ( #9817, #9818, #9819, #9820, #9821, #9822, #9823, #9824, #9825, #9826, #9827, #9828, #9829, #9830 ), .UNSPECIFIED., .F., .F., ( 4, 2, 2, 3, 3, 4 ), ( 0.000000000000000, 0.281158487642570, 0.481460939623222, 0.684775458550952, 0.752262299597795, 0.850331981942404 ), .UNSPECIFIED. );
#7405 = LINE( '', #9831, #9832 );
#7406 = LINE( '', #9833, #9834 );
#7407 = FILL_AREA_STYLE_COLOUR( '', #9835 );
#7408 = LINE( '', #9836, #9837 );
#7409 = FILL_AREA_STYLE_COLOUR( '', #9838 );
#7410 = VERTEX_POINT( '', #9839 );
#7411 = LINE( '', #9840, #9841 );
#7412 = VERTEX_POINT( '', #9842 );
#7413 = CIRCLE( '', #9843, 1.00000000000000 );
#7414 = LINE( '', #9844, #9845 );
#7415 = FILL_AREA_STYLE_COLOUR( '', #9846 );
#7416 = LINE( '', #9847, #9848 );
#7417 = LINE( '', #9849, #9850 );
#7418 = FILL_AREA_STYLE_COLOUR( '', #9851 );
#7419 = VERTEX_POINT( '', #9852 );
#7420 = VERTEX_POINT( '', #9853 );
#7421 = LINE( '', #9854, #9855 );
#7422 = VERTEX_POINT( '', #9856 );
#7423 = LINE( '', #9857, #9858 );
#7424 = VERTEX_POINT( '', #9859 );
#7425 = LINE( '', #9860, #9861 );
#7426 = LINE( '', #9862, #9863 );
#7427 = FILL_AREA_STYLE_COLOUR( '', #9864 );
#7428 = VERTEX_POINT( '', #9865 );
#7429 = VERTEX_POINT( '', #9866 );
#7430 = LINE( '', #9867, #9868 );
#7431 = VERTEX_POINT( '', #9869 );
#7432 = LINE( '', #9870, #9871 );
#7433 = VERTEX_POINT( '', #9872 );
#7434 = LINE( '', #9873, #9874 );
#7435 = LINE( '', #9875, #9876 );
#7436 = FILL_AREA_STYLE_COLOUR( '', #9877 );
#7437 = VERTEX_POINT( '', #9878 );
#7438 = LINE( '', #9879, #9880 );
#7439 = LINE( '', #9881, #9882 );
#7440 = FILL_AREA_STYLE_COLOUR( '', #9883 );
#7441 = LINE( '', #9884, #9885 );
#7442 = FILL_AREA_STYLE_COLOUR( '', #9886 );
#7443 = VERTEX_POINT( '', #9887 );
#7444 = B_SPLINE_CURVE_WITH_KNOTS( '', 3, ( #9888, #9889, #9890, #9891, #9892, #9893, #9894, #9895, #9896, #9897, #9898, #9899, #9900 ), .UNSPECIFIED., .T., .F., ( 4, 3, 3, 3, 4 ), ( 0.000000000000000, 0.250000000000000, 0.500000000000000, 0.750000000000000, 1.00000000000000 ), .UNSPECIFIED. );
#7445 = VERTEX_POINT( '', #9901 );
#7446 = B_SPLINE_CURVE_WITH_KNOTS( '', 3, ( #9902, #9903, #9904, #9905, #9906, #9907, #9908, #9909, #9910, #9911, #9912, #9913, #9914 ), .UNSPECIFIED., .T., .F., ( 4, 3, 3, 3, 4 ), ( 0.000000000000000, 0.250000000000000, 0.500000000000000, 0.750000000000000, 1.00000000000000 ), .UNSPECIFIED. );
#7447 = FILL_AREA_STYLE_COLOUR( '', #9915 );
#7448 = VERTEX_POINT( '', #9916 );
#7449 = LINE( '', #9917, #9918 );
#7450 = VERTEX_POINT( '', #9919 );
#7451 = B_SPLINE_CURVE_WITH_KNOTS( '', 3, ( #9920, #9921, #9922, #9923 ), .UNSPECIFIED., .F., .F., ( 4, 4 ), ( 0.700000000000000, 0.800000000000000 ), .UNSPECIFIED. );
#7452 = LINE( '', #9924, #9925 );
#7453 = FILL_AREA_STYLE_COLOUR( '', #9926 );
#7454 = VERTEX_POINT( '', #9927 );
#7455 = LINE( '', #9928, #9929 );
#7456 = VERTEX_POINT( '', #9930 );
#7457 = B_SPLINE_CURVE_WITH_KNOTS( '', 3, ( #9931, #9932, #9933, #9934 ), .UNSPECIFIED., .F., .F., ( 4, 4 ), ( 0.400000000000000, 0.500000000000000 ), .UNSPECIFIED. );
#7458 = LINE( '', #9935, #9936 );
#7459 = FILL_AREA_STYLE_COLOUR( '', #9937 );
#7460 = VERTEX_POINT( '', #9938 );
#7461 = LINE( '', #9939, #9940 );
#7462 = VERTEX_POINT( '', #9941 );
#7463 = LINE( '', #9942, #9943 );
#7464 = LINE( '', #9944, #9945 );
#7465 = FILL_AREA_STYLE_COLOUR( '', #9946 );
#7466 = VERTEX_POINT( '', #9947 );
#7467 = B_SPLINE_CURVE_WITH_KNOTS( '', 3, ( #9948, #9949, #9950, #9951, #9952, #9953, #9954, #9955, #9956, #9957 ), .UNSPECIFIED., .T., .F., ( 4, 2, 2, 2, 4 ), ( 0.000000000000000, 0.248942172073344, 0.497884344146685, 0.748942172073341, 1.00000000000000 ), .UNSPECIFIED. );
#7468 = VERTEX_POINT( '', #9958 );
#7469 = VERTEX_POINT( '', #9959 );
#7470 = B_SPLINE_CURVE_WITH_KNOTS( '', 3, ( #9960, #9961, #9962, #9963 ), .UNSPECIFIED., .F., .F., ( 4, 4 ), ( 0.969765151351836, 1.00000000000000 ), .UNSPECIFIED. );
#7471 = VERTEX_POINT( '', #9964 );
#7472 = B_SPLINE_CURVE_WITH_KNOTS( '', 3, ( #9965, #9966, #9967, #9968 ), .UNSPECIFIED., .F., .F., ( 4, 4 ), ( 0.000000000000000, 0.000695053991911922 ), .UNSPECIFIED. );
#7473 = VERTEX_POINT( '', #9969 );
#7474 = B_SPLINE_CURVE_WITH_KNOTS( '', 3, ( #9970, #9971, #9972, #9973, #9974, #9975, #9976, #9977, #9978, #9979 ), .UNSPECIFIED., .F., .F., ( 4, 2, 2, 2, 4 ), ( 0.000695053991911922, 0.0574447745330089, 0.169113579468717, 0.298718824575445, 0.385867179043761 ), .UNSPECIFIED. );
#7475 = VERTEX_POINT( '', #9980 );
#7476 = B_SPLINE_CURVE_WITH_KNOTS( '', 3, ( #9981, #9982, #9983, #9984 ), .UNSPECIFIED., .F., .F., ( 4, 4 ), ( 0.385867179043761, 0.387083523529607 ), .UNSPECIFIED. );
#7477 = VERTEX_POINT( '', #9985 );
#7478 = B_SPLINE_CURVE_WITH_KNOTS( '', 3, ( #9986, #9987, #9988, #9989, #9990, #9991, #9992, #9993, #9994 ), .UNSPECIFIED., .F., .F., ( 4, 3, 2, 4 ), ( 0.387083523529607, 0.417839662671704, 0.492100516057345, 0.545626196095048 ), .UNSPECIFIED. );
#7479 = VERTEX_POINT( '', #9995 );
#7480 = B_SPLINE_CURVE_WITH_KNOTS( '', 3, ( #9996, #9997, #9998, #9999 ), .UNSPECIFIED., .F., .F., ( 4, 4 ), ( 0.545626196095048, 0.567520396840270 ), .UNSPECIFIED. );
#7481 = VERTEX_POINT( '', #10000 );
#7482 = B_SPLINE_CURVE_WITH_KNOTS( '', 3, ( #10001, #10002, #10003, #10004, #10005, #10006, #10007, #10008, #10009 ), .UNSPECIFIED., .F., .F., ( 4, 2, 3, 4 ), ( 0.567520396840270, 0.661078865889259, 0.769589601681237, 0.949608585586394 ), .UNSPECIFIED. );
#7483 = B_SPLINE_CURVE_WITH_KNOTS( '', 3, ( #10010, #10011, #10012, #10013 ), .UNSPECIFIED., .F., .F., ( 4, 4 ), ( 0.949608585586394, 0.969765151351836 ), .UNSPECIFIED. );
#7484 = FILL_AREA_STYLE_COLOUR( '', #10014 );
#7485 = VERTEX_POINT( '', #10015 );
#7486 = B_SPLINE_CURVE_WITH_KNOTS( '', 3, ( #10016, #10017, #10018, #10019, #10020, #10021, #10022, #10023, #10024, #10025, #10026, #10027, #10028 ), .UNSPECIFIED., .T., .F., ( 4, 3, 3, 3, 4 ), ( 0.000000000000000, 0.250000000000000, 0.500000000000000, 0.750000000000000, 1.00000000000000 ), .UNSPECIFIED. );
#7487 = FILL_AREA_STYLE_COLOUR( '', #10029 );
#7488 = VERTEX_POINT( '', #10030 );
#7489 = B_SPLINE_CURVE_WITH_KNOTS( '', 3, ( #10031, #10032, #10033, #10034, #10035, #10036, #10037, #10038, #10039, #10040, #10041, #10042, #10043 ), .UNSPECIFIED., .T., .F., ( 4, 3, 3, 3, 4 ), ( 0.000000000000000, 0.250000000000000, 0.500000000000000, 0.750000000000000, 1.00000000000000 ), .UNSPECIFIED. );
#7490 = VERTEX_POINT( '', #10044 );
#7491 = VERTEX_POINT( '', #10045 );
#7492 = B_SPLINE_CURVE_WITH_KNOTS( '', 3, ( #10046, #10047, #10048, #10049, #10050, #10051, #10052 ), .UNSPECIFIED., .F., .F., ( 4, 3, 4 ), ( 0.000000000000000, 0.100000000000000, 0.200000000000000 ), .UNSPECIFIED. );
#7493 = VERTEX_POINT( '', #10053 );
#7494 = B_SPLINE_CURVE_WITH_KNOTS( '', 3, ( #10054, #10055, #10056, #10057 ), .UNSPECIFIED., .F., .F., ( 4, 4 ), ( 0.900000000000000, 1.00000000000000 ), .UNSPECIFIED. );
#7495 = VERTEX_POINT( '', #10058 );
#7496 = B_SPLINE_CURVE_WITH_KNOTS( '', 3, ( #10059, #10060, #10061, #10062 ), .UNSPECIFIED., .F., .F., ( 4, 4 ), ( 0.800000000000000, 0.900000000000000 ), .UNSPECIFIED. );
#7497 = VERTEX_POINT( '', #10063 );
#7498 = B_SPLINE_CURVE_WITH_KNOTS( '', 3, ( #10064, #10065, #10066, #10067 ), .UNSPECIFIED., .F., .F., ( 4, 4 ), ( 0.700000000000000, 0.800000000000000 ), .UNSPECIFIED. );
#7499 = VERTEX_POINT( '', #10068 );
#7500 = B_SPLINE_CURVE_WITH_KNOTS( '', 3, ( #10069, #10070, #10071, #10072, #10073, #10074, #10075 ), .UNSPECIFIED., .F., .F., ( 4, 3, 4 ), ( 0.500000000000000, 0.600000000000000, 0.700000000000000 ), .UNSPECIFIED. );
#7501 = VERTEX_POINT( '', #10076 );
#7502 = B_SPLINE_CURVE_WITH_KNOTS( '', 3, ( #10077, #10078, #10079, #10080 ), .UNSPECIFIED., .F., .F., ( 4, 4 ), ( 0.400000000000000, 0.500000000000000 ), .UNSPECIFIED. );
#7503 = VERTEX_POINT( '', #10081 );
#7504 = B_SPLINE_CURVE_WITH_KNOTS( '', 3, ( #10082, #10083, #10084, #10085 ), .UNSPECIFIED., .F., .F., ( 4, 4 ), ( 0.300000000000000, 0.400000000000000 ), .UNSPECIFIED. );
#7505 = B_SPLINE_CURVE_WITH_KNOTS( '', 3, ( #10086, #10087, #10088, #10089 ), .UNSPECIFIED., .F., .F., ( 4, 4 ), ( 0.200000000000000, 0.300000000000000 ), .UNSPECIFIED. );
#7506 = FILL_AREA_STYLE_COLOUR( '', #10090 );
#7507 = LINE( '', #10091, #10092 );
#7508 = LINE( '', #10093, #10094 );
#7509 = FILL_AREA_STYLE_COLOUR( '', #10095 );
#7510 = VERTEX_POINT( '', #10096 );
#7511 = CIRCLE( '', #10097, 8.00000000000000 );
#7512 = VERTEX_POINT( '', #10098 );
#7513 = CIRCLE( '', #10099, 8.00000000000000 );
#7514 = LINE( '', #10100, #10101 );
#7515 = FILL_AREA_STYLE_COLOUR( '', #10102 );
#7516 = VERTEX_POINT( '', #10103 );
#7517 = B_SPLINE_CURVE_WITH_KNOTS( '', 3, ( #10104, #10105, #10106, #10107 ), .UNSPECIFIED., .F., .F., ( 4, 4 ), ( 0.900000000000000, 1.00000000000000 ), .UNSPECIFIED. );
#7518 = B_SPLINE_CURVE_WITH_KNOTS( '', 3, ( #10108, #10109, #10110, #10111 ), .UNSPECIFIED., .F., .F., ( 4, 4 ), ( 0.800000000000000, 0.900000000000000 ), .UNSPECIFIED. );
#7519 = VERTEX_POINT( '', #10112 );
#7520 = B_SPLINE_CURVE_WITH_KNOTS( '', 3, ( #10113, #10114, #10115, #10116, #10117, #10118, #10119 ), .UNSPECIFIED., .F., .F., ( 4, 3, 4 ), ( 0.500000000000000, 0.600000000000000, 0.700000000000000 ), .UNSPECIFIED. );
#7521 = B_SPLINE_CURVE_WITH_KNOTS( '', 3, ( #10120, #10121, #10122, #10123 ), .UNSPECIFIED., .F., .F., ( 4, 4 ), ( 0.400000000000000, 0.500000000000000 ), .UNSPECIFIED. );
#7522 = FILL_AREA_STYLE_COLOUR( '', #10124 );
#7523 = VERTEX_POINT( '', #10125 );
#7524 = LINE( '', #10126, #10127 );
#7525 = LINE( '', #10128, #10129 );
#7526 = FILL_AREA_STYLE_COLOUR( '', #10130 );
#7527 = VERTEX_POINT( '', #10131 );
#7528 = LINE( '', #10132, #10133 );
#7529 = VERTEX_POINT( '', #10134 );
#7530 = B_SPLINE_CURVE_WITH_KNOTS( '', 3, ( #10135, #10136, #10137, #10138 ), .UNSPECIFIED., .F., .F., ( 4, 4 ), ( 0.300000000000000, 0.400000000000000 ), .UNSPECIFIED. );
#7531 = LINE( '', #10139, #10140 );
#7532 = FILL_AREA_STYLE_COLOUR( '', #10141 );
#7533 = FILL_AREA_STYLE_COLOUR( '', #10142 );
#7534 = VERTEX_POINT( '', #10143 );
#7535 = LINE( '', #10144, #10145 );
#7536 = VERTEX_POINT( '', #10146 );
#7537 = B_SPLINE_CURVE_WITH_KNOTS( '', 3, ( #10147, #10148, #10149, #10150 ), .UNSPECIFIED., .F., .F., ( 4, 4 ), ( 0.200000000000000, 0.300000000000000 ), .UNSPECIFIED. );
#7538 = LINE( '', #10151, #10152 );
#7539 = FILL_AREA_STYLE_COLOUR( '', #10153 );
#7540 = LINE( '', #10154, #10155 );
#7541 = FILL_AREA_STYLE_COLOUR( '', #10156 );
#7542 = VERTEX_POINT( '', #10157 );
#7543 = LINE( '', #10158, #10159 );
#7544 = VERTEX_POINT( '', #10160 );
#7545 = ( BOUNDED_CURVE(  )B_SPLINE_CURVE( 2, ( #10163, #10164, #10165, #10166, #10167, #10168, #10169, #10170, #10171, #10172, #10173, #10174, #10175, #10176, #10177, #10178, #10179, #10180, #10181, #10182, #10183, #10184, #10185, #10186, #10187, #10188, #10189, #10190, #10191, #10192, #10193, #10194, #10195, #10196, #10197, #10198, #10199, #10200, #10201, #10202, #10203, #10204, #10205, #10206, #10207, #10208, #10209, #10210, #10211, #10212, #10213, #10214, #10215, #10216, #10217, #10218, #10219, #10220, #10221, #10222, #10223, #10224, #10225, #10226, #10227, #10228, #10229, #10230, #10231, #10232, #10233, #10234, #10235, #10236, #10237, #10238, #10239, #10240, #10241, #10242, #10243, #10244, #10245, #10246, #10247, #10248, #10249, #10250, #10251, #10252, #10253, #10254, #10255, #10256, #10257, #10258, #10259, #10260, #10261, #10262, #10263, #10264, #10265, #10266, #10267, #10268, #10269, #10270, #10271 ), .UNSPECIFIED., .F., .F. )B_SPLINE_CURVE_WITH_KNOTS( ( 3, 2, 2, 2, 2, 2, 2, 2, 2, 2, 2, 2, 2, 2, 2, 2, 2, 2, 2, 2, 2, 2, 2, 2, 2, 2, 2, 2, 2, 2, 2, 2, 2, 2, 2, 2, 2, 2, 2, 2, 2, 2, 2, 2, 2, 2, 2, 2, 2, 2, 2, 2, 2, 2, 3 ), ( 0.000000000000000, 0.0185185185185185, 0.0370370370370370, 0.0555555555555556, 0.0740740740740741, 0.0925925925925926, 0.111111111111111, 0.129629629629630, 0.148148148148148, 0.166666666666667, 0.185185185185185, 0.203703703703704, 0.222222222222222, 0.240740740740741, 0.259259259259260, 0.277777777777778, 0.296296296296297, 0.314814814814815, 0.333333333333334, 0.351851851851852, 0.370370370370371, 0.388888888888889, 0.407407407407408, 0.425925925925926, 0.444444444444444, 0.462962962962963, 0.481481481481482, 0.500000000000000, 0.518518518518519, 0.537037037037037, 0.555555555555556, 0.574074074074074, 0.592592592592593, 0.611111111111111, 0.629629629629630, 0.648148148148148, 0.666666666666667, 0.685185185185185, 0.703703703703704, 0.722222222222222, 0.740740740740741, 0.759259259259259, 0.777777777777778, 0.796296296296296, 0.814814814814815, 0.833333333333333, 0.851851851851852, 0.870370370370370, 0.888888888888889, 0.907407407407407, 0.925925925925926, 0.944444444444444, 0.962962962962963, 0.981481481481481, 1.00000000000000 ), .UNSPECIFIED. )CURVE(  )GEOMETRIC_REPRESENTATION_ITEM(  )RATIONAL_B_SPLINE_CURVE( ( 1.00000000000000, 0.866025403784439, 1.00000000000000, 0.866025403784439, 1.00000000000000, 0.866025403784439, 1.00000000000000, 0.866025403784439, 1.00000000000000, 0.866025403784439, 1.00000000000000, 0.866025403784439, 1.00000000000000, 0.866025403784439, 1.00000000000000, 0.866025403784439, 1.00000000000000, 0.866025403784439, 1.00000000000000, 0.866025403784439, 1.00000000000000, 0.866025403784439, 1.00000000000000, 0.866025403784439, 1.00000000000000, 0.866025403784439, 1.00000000000000, 0.866025403784439, 1.00000000000000, 0.866025403784439, 1.00000000000000, 0.866025403784439, 1.00000000000000, 0.866025403784439, 1.00000000000000, 0.866025403784439, 1.00000000000000, 0.866025403784439, 1.00000000000000, 0.866025403784439, 1.00000000000000, 0.866025403784439, 1.00000000000000, 0.866025403784439, 1.00000000000000, 0.866025403784439, 1.00000000000000, 0.866025403784439, 1.00000000000000, 0.866025403784439, 1.00000000000000, 0.866025403784439, 1.00000000000000, 0.866025403784439, 1.00000000000000, 0.866025403784439, 1.00000000000000, 0.866025403784439, 1.00000000000000, 0.866025403784439, 1.00000000000000, 0.866025403784439, 1.00000000000000, 0.866025403784439, 1.00000000000000, 0.866025403784439, 1.00000000000000, 0.866025403784439, 1.00000000000000, 0.866025403784439, 1.00000000000000, 0.866025403784439, 1.00000000000000, 0.866025403784439, 1.00000000000000, 0.866025403784439, 1.00000000000000, 0.866025403784439, 1.00000000000000, 0.866025403784439, 1.00000000000000, 0.866025403784439, 1.00000000000000, 0.866025403784439, 1.00000000000000, 0.866025403784439, 1.00000000000000, 0.866025403784439, 1.00000000000000, 0.866025403784439, 1.00000000000000, 0.866025403784439, 1.00000000000000, 0.866025403784439, 1.00000000000000, 0.866025403784439, 1.00000000000000, 0.866025403784439, 1.00000000000000, 0.866025403784439, 1.00000000000000, 0.866025403784439, 1.00000000000000, 0.866025403784439, 1.00000000000000, 0.866025403784439, 1.00000000000000, 0.866025403784439, 1.00000000000000 ) )REPRESENTATION_ITEM( '' ) );
#7546 = LINE( '', #10277, #10278 );
#7547 = FILL_AREA_STYLE_COLOUR( '', #10279 );
#7548 = VERTEX_POINT( '', #10280 );
#7549 = LINE( '', #10281, #10282 );
#7550 = LINE( '', #10283, #10284 );
#7551 = FILL_AREA_STYLE_COLOUR( '', #10285 );
#7552 = VERTEX_POINT( '', #10286 );
#7553 = LINE( '', #10287, #10288 );
#7554 = VERTEX_POINT( '', #10289 );
#7555 = LINE( '', #10290, #10291 );
#7556 = LINE( '', #10292, #10293 );
#7557 = FILL_AREA_STYLE_COLOUR( '', #10294 );
#7558 = LINE( '', #10295, #10296 );
#7559 = FILL_AREA_STYLE_COLOUR( '', #10297 );
#7560 = VERTEX_POINT( '', #10298 );
#7561 = LINE( '', #10299, #10300 );
#7562 = VERTEX_POINT( '', #10301 );
#7563 = B_SPLINE_CURVE_WITH_KNOTS( '', 1, ( #10302, #10303 ), .UNSPECIFIED., .F., .F., ( 2, 2 ), ( 0.632013899268304, 0.744896268858158 ), .UNSPECIFIED. );
#7564 = LINE( '', #10304, #10305 );
#7565 = FILL_AREA_STYLE_COLOUR( '', #10306 );
#7566 = FILL_AREA_STYLE_COLOUR( '', #10307 );
#7567 = VERTEX_POINT( '', #10308 );
#7568 = LINE( '', #10309, #10310 );
#7569 = VERTEX_POINT( '', #10311 );
#7570 = LINE( '', #10312, #10313 );
#7571 = LINE( '', #10314, #10315 );
#7572 = FILL_AREA_STYLE_COLOUR( '', #10316 );
#7573 = LINE( '', #10317, #10318 );
#7574 = LINE( '', #10319, #10320 );
#7575 = FILL_AREA_STYLE_COLOUR( '', #10321 );
#7576 = VERTEX_POINT( '', #10322 );
#7577 = LINE( '', #10323, #10324 );
#7578 = LINE( '', #10325, #10326 );
#7579 = FILL_AREA_STYLE_COLOUR( '', #10327 );
#7580 = VERTEX_POINT( '', #10328 );
#7581 = VERTEX_POINT( '', #10329 );
#7582 = CIRCLE( '', #10330, 5.16800699300692 );
#7583 = VERTEX_POINT( '', #10331 );
#7584 = LINE( '', #10332, #10333 );
#7585 = VERTEX_POINT( '', #10334 );
#7586 = CIRCLE( '', #10335, 5.16800699300692 );
#7587 = LINE( '', #10336, #10337 );
#7588 = FILL_AREA_STYLE_COLOUR( '', #10338 );
#7589 = VERTEX_POINT( '', #10339 );
#7590 = LINE( '', #10340, #10341 );
#7591 = VERTEX_POINT( '', #10342 );
#7592 = LINE( '', #10343, #10344 );
#7593 = LINE( '', #10345, #10346 );
#7594 = FILL_AREA_STYLE_COLOUR( '', #10347 );
#7595 = LINE( '', #10348, #10349 );
#7596 = LINE( '', #10350, #10351 );
#7597 = FILL_AREA_STYLE_COLOUR( '', #10352 );
#7598 = LINE( '', #10353, #10354 );
#7599 = LINE( '', #10355, #10356 );
#7600 = FILL_AREA_STYLE_COLOUR( '', #10357 );
#7601 = VERTEX_POINT( '', #10358 );
#7602 = LINE( '', #10359, #10360 );
#7603 = VERTEX_POINT( '', #10361 );
#7604 = B_SPLINE_CURVE_WITH_KNOTS( '', 3, ( #10362, #10363, #10364, #10365 ), .UNSPECIFIED., .F., .F., ( 4, 4 ), ( 0.000000000000000, 0.0380283093797748 ), .UNSPECIFIED. );
#7605 = LINE( '', #10366, #10367 );
#7606 = FILL_AREA_STYLE_COLOUR( '', #10368 );
#7607 = FILL_AREA_STYLE_COLOUR( '', #10369 );
#7608 = LINE( '', #10370, #10371 );
#7609 = LINE( '', #10372, #10373 );
#7610 = FILL_AREA_STYLE_COLOUR( '', #10374 );
#7611 = VERTEX_POINT( '', #10375 );
#7612 = VERTEX_POINT( '', #10376 );
#7613 = CIRCLE( '', #10377, 9.40000000000000 );
#7614 = VERTEX_POINT( '', #10378 );
#7615 = LINE( '', #10379, #10380 );
#7616 = VERTEX_POINT( '', #10381 );
#7617 = CIRCLE( '', #10382, 9.40000000000000 );
#7618 = LINE( '', #10383, #10384 );
#7619 = FILL_AREA_STYLE_COLOUR( '', #10385 );
#7620 = FILL_AREA_STYLE_COLOUR( '', #10386 );
#7621 = LINE( '', #10387, #10388 );
#7622 = LINE( '', #10389, #10390 );
#7623 = FILL_AREA_STYLE_COLOUR( '', #10391 );
#7624 = VERTEX_POINT( '', #10392 );
#7625 = LINE( '', #10393, #10394 );
#7626 = VERTEX_POINT( '', #10395 );
#7627 = B_SPLINE_CURVE_WITH_KNOTS( '', 1, ( #10396, #10397 ), .UNSPECIFIED., .F., .F., ( 2, 2 ), ( 0.000000000000000, 0.0510860820595337 ), .UNSPECIFIED. );
#7628 = LINE( '', #10398, #10399 );
#7629 = FILL_AREA_STYLE_COLOUR( '', #10400 );
#7630 = LINE( '', #10401, #10402 );
#7631 = LINE( '', #10403, #10404 );
#7632 = FILL_AREA_STYLE_COLOUR( '', #10405 );
#7633 = LINE( '', #10406, #10407 );
#7634 = FILL_AREA_STYLE_COLOUR( '', #10408 );
#7635 = LINE( '', #10409, #10410 );
#7636 = LINE( '', #10411, #10412 );
#7637 = FILL_AREA_STYLE_COLOUR( '', #10413 );
#7638 = VERTEX_POINT( '', #10414 );
#7639 = VERTEX_POINT( '', #10415 );
#7640 = CIRCLE( '', #10416, 1.00000000000000 );
#7641 = LINE( '', #10417, #10418 );
#7642 = LINE( '', #10419, #10420 );
#7643 = FILL_AREA_STYLE_COLOUR( '', #10421 );
#7644 = VERTEX_POINT( '', #10422 );
#7645 = VERTEX_POINT( '', #10423 );
#7646 = CIRCLE( '', #10424, 0.250000000000000 );
#7647 = VERTEX_POINT( '', #10425 );
#7648 = LINE( '', #10426, #10427 );
#7649 = VERTEX_POINT( '', #10428 );
#7650 = CIRCLE( '', #10429, 0.250000000000000 );
#7651 = LINE( '', #10430, #10431 );
#7652 = FILL_AREA_STYLE_COLOUR( '', #10432 );
#7653 = VERTEX_POINT( '', #10433 );
#7654 = CIRCLE( '', #10434, 9.40000000000000 );
#7655 = VERTEX_POINT( '', #10435 );
#7656 = LINE( '', #10436, #10437 );
#7657 = CIRCLE( '', #10438, 9.40000000000000 );
#7658 = FILL_AREA_STYLE_COLOUR( '', #10439 );
#7659 = VERTEX_POINT( '', #10440 );
#7660 = LINE( '', #10441, #10442 );
#7661 = VERTEX_POINT( '', #10443 );
#7662 = LINE( '', #10444, #10445 );
#7663 = CIRCLE( '', #10446, 1.00000000000000 );
#7664 = FILL_AREA_STYLE_COLOUR( '', #10447 );
#7665 = LINE( '', #10448, #10449 );
#7666 = LINE( '', #10450, #10451 );
#7667 = FILL_AREA_STYLE_COLOUR( '', #10452 );
#7668 = VERTEX_POINT( '', #10453 );
#7669 = B_SPLINE_CURVE_WITH_KNOTS( '', 1, ( #10454, #10455 ), .UNSPECIFIED., .F., .F., ( 2, 2 ), ( 0.551086082059534, 1.00000000000000 ), .UNSPECIFIED. );
#7670 = VERTEX_POINT( '', #10456 );
#7671 = B_SPLINE_CURVE_WITH_KNOTS( '', 1, ( #10457, #10458 ), .UNSPECIFIED., .F., .F., ( 2, 2 ), ( 0.0510860820595337, 0.500000000000000 ), .UNSPECIFIED. );
#7672 = B_SPLINE_CURVE_WITH_KNOTS( '', 1, ( #10459, #10460 ), .UNSPECIFIED., .F., .F., ( 2, 2 ), ( 0.500000000000000, 0.551086082059534 ), .UNSPECIFIED. );
#7673 = FILL_AREA_STYLE_COLOUR( '', #10461 );
#7674 = VERTEX_POINT( '', #10462 );
#7675 = LINE( '', #10463, #10464 );
#7676 = LINE( '', #10465, #10466 );
#7677 = FILL_AREA_STYLE_COLOUR( '', #10467 );
#7678 = VERTEX_POINT( '', #10468 );
#7679 = B_SPLINE_CURVE_WITH_KNOTS( '', 3, ( #10469, #10470, #10471, #10472 ), .UNSPECIFIED., .F., .F., ( 4, 4 ), ( 0.663177831207712, 1.00000000000000 ), .UNSPECIFIED. );
#7680 = VERTEX_POINT( '', #10473 );
#7681 = B_SPLINE_CURVE_WITH_KNOTS( '', 3, ( #10474, #10475, #10476, #10477, #10478, #10479, #10480, #10481, #10482 ), .UNSPECIFIED., .F., .F., ( 4, 3, 2, 4 ), ( 0.0380283093797748, 0.248089446906148, 0.388843180483151, 0.407809995646010 ), .UNSPECIFIED. );
#7682 = VERTEX_POINT( '', #10483 );
#7683 = B_SPLINE_CURVE_WITH_KNOTS( '', 3, ( #10484, #10485, #10486, #10487 ), .UNSPECIFIED., .F., .F., ( 4, 4 ), ( 0.407809995646010, 0.445838305025784 ), .UNSPECIFIED. );
#7684 = B_SPLINE_CURVE_WITH_KNOTS( '', 3, ( #10488, #10489, #10490, #10491, #10492, #10493 ), .UNSPECIFIED., .F., .F., ( 4, 2, 4 ), ( 0.445838305025784, 0.458591882632450, 0.570823365571117 ), .UNSPECIFIED. );
#7685 = VERTEX_POINT( '', #10494 );
#7686 = B_SPLINE_CURVE_WITH_KNOTS( '', 3, ( #10495, #10496, #10497, #10498 ), .UNSPECIFIED., .F., .F., ( 4, 4 ), ( 0.572030613487935, 0.625149521827937 ), .UNSPECIFIED. );
#7687 = B_SPLINE_CURVE_WITH_KNOTS( '', 3, ( #10499, #10500, #10501, #10502 ), .UNSPECIFIED., .F., .F., ( 4, 4 ), ( 0.625149521827937, 0.663177831207712 ), .UNSPECIFIED. );
#7688 = FILL_AREA_STYLE_COLOUR( '', #10503 );
#7689 = VERTEX_POINT( '', #10504 );
#7690 = LINE( '', #10505, #10506 );
#7691 = B_SPLINE_CURVE_WITH_KNOTS( '', 3, ( #10507, #10508, #10509, #10510, #10511, #10512, #10513 ), .UNSPECIFIED., .F., .F., ( 4, 3, 4 ), ( 0.000000000000000, 0.100000000000000, 0.200000000000000 ), .UNSPECIFIED. );
#7692 = FILL_AREA_STYLE_COLOUR( '', #10514 );
#7693 = VERTEX_POINT( '', #10515 );
#7694 = LINE( '', #10516, #10517 );
#7695 = VERTEX_POINT( '', #10518 );
#7696 = LINE( '', #10519, #10520 );
#7697 = LINE( '', #10521, #10522 );
#7698 = FILL_AREA_STYLE_COLOUR( '', #10523 );
#7699 = LINE( '', #10524, #10525 );
#7700 = FILL_AREA_STYLE_COLOUR( '', #10526 );
#7701 = VERTEX_POINT( '', #10527 );
#7702 = VERTEX_POINT( '', #10528 );
#7703 = LINE( '', #10529, #10530 );
#7704 = VERTEX_POINT( '', #10531 );
#7705 = CIRCLE( '', #10532, 0.250000000000000 );
#7706 = VERTEX_POINT( '', #10533 );
#7707 = LINE( '', #10534, #10535 );
#7708 = CIRCLE( '', #10536, 0.250000000000000 );
#7709 = FILL_AREA_STYLE_COLOUR( '', #10537 );
#7710 = VERTEX_POINT( '', #10538 );
#7711 = LINE( '', #10539, #10540 );
#7712 = VERTEX_POINT( '', #10541 );
#7713 = LINE( '', #10542, #10543 );
#7714 = LINE( '', #10544, #10545 );
#7715 = VERTEX_POINT( '', #10546 );
#7716 = LINE( '', #10547, #10548 );
#7717 = VERTEX_POINT( '', #10549 );
#7718 = LINE( '', #10550, #10551 );
#7719 = LINE( '', #10552, #10553 );
#7720 = FILL_AREA_STYLE_COLOUR( '', #10554 );
#7721 = VERTEX_POINT( '', #10555 );
#7722 = B_SPLINE_CURVE_WITH_KNOTS( '', 3, ( #10556, #10557, #10558, #10559 ), .UNSPECIFIED., .F., .F., ( 4, 4 ), ( 0.800000000000000, 0.900000000000000 ), .UNSPECIFIED. );
#7723 = LINE( '', #10560, #10561 );
#7724 = FILL_AREA_STYLE_COLOUR( '', #10562 );
#7725 = FILL_AREA_STYLE_COLOUR( '', #10563 );
#7726 = VERTEX_POINT( '', #10564 );
#7727 = LINE( '', #10565, #10566 );
#7728 = LINE( '', #10567, #10568 );
#7729 = FILL_AREA_STYLE_COLOUR( '', #10569 );
#7730 = LINE( '', #10570, #10571 );
#7731 = FILL_AREA_STYLE_COLOUR( '', #10572 );
#7732 = VERTEX_POINT( '', #10573 );
#7733 = LINE( '', #10574, #10575 );
#7734 = LINE( '', #10576, #10577 );
#7735 = FILL_AREA_STYLE_COLOUR( '', #10578 );
#7736 = VERTEX_POINT( '', #10579 );
#7737 = LINE( '', #10580, #10581 );
#7738 = VERTEX_POINT( '', #10582 );
#7739 = B_SPLINE_CURVE_WITH_KNOTS( '', 1, ( #10583, #10584 ), .UNSPECIFIED., .F., .F., ( 2, 2 ), ( 0.240539284437246, 0.250845543224657 ), .UNSPECIFIED. );
#7740 = LINE( '', #10585, #10586 );
#7741 = FILL_AREA_STYLE_COLOUR( '', #10587 );
#7742 = VERTEX_POINT( '', #10588 );
#7743 = LINE( '', #10589, #10590 );
#7744 = LINE( '', #10591, #10592 );
#7745 = FILL_AREA_STYLE_COLOUR( '', #10593 );
#7746 = LINE( '', #10594, #10595 );
#7747 = FILL_AREA_STYLE_COLOUR( '', #10596 );
#7748 = LINE( '', #10597, #10598 );
#7749 = LINE( '', #10599, #10600 );
#7750 = FILL_AREA_STYLE_COLOUR( '', #10601 );
#7751 = LINE( '', #10602, #10603 );
#7752 = LINE( '', #10604, #10605 );
#7753 = FILL_AREA_STYLE_COLOUR( '', #10606 );
#7754 = VERTEX_POINT( '', #10607 );
#7755 = LINE( '', #10608, #10609 );
#7756 = VERTEX_POINT( '', #10610 );
#7757 = LINE( '', #10611, #10612 );
#7758 = LINE( '', #10613, #10614 );
#7759 = FILL_AREA_STYLE_COLOUR( '', #10615 );
#7760 = LINE( '', #10616, #10617 );
#7761 = LINE( '', #10618, #10619 );
#7762 = FILL_AREA_STYLE_COLOUR( '', #10620 );
#7763 = VERTEX_POINT( '', #10621 );
#7764 = B_SPLINE_CURVE_WITH_KNOTS( '', 3, ( #10622, #10623, #10624, #10625 ), .UNSPECIFIED., .F., .F., ( 4, 4 ), ( 0.900000000000000, 1.00000000000000 ), .UNSPECIFIED. );
#7765 = B_SPLINE_CURVE_WITH_KNOTS( '', 3, ( #10626, #10627, #10628, #10629 ), .UNSPECIFIED., .F., .F., ( 4, 4 ), ( 0.800000000000000, 0.900000000000000 ), .UNSPECIFIED. );
#7766 = VERTEX_POINT( '', #10630 );
#7767 = B_SPLINE_CURVE_WITH_KNOTS( '', 3, ( #10631, #10632, #10633, #10634, #10635, #10636, #10637 ), .UNSPECIFIED., .F., .F., ( 4, 3, 4 ), ( 0.500000000000000, 0.600000000000000, 0.700000000000000 ), .UNSPECIFIED. );
#7768 = B_SPLINE_CURVE_WITH_KNOTS( '', 3, ( #10638, #10639, #10640, #10641 ), .UNSPECIFIED., .F., .F., ( 4, 4 ), ( 0.400000000000000, 0.500000000000000 ), .UNSPECIFIED. );
#7769 = B_SPLINE_CURVE_WITH_KNOTS( '', 3, ( #10642, #10643, #10644, #10645 ), .UNSPECIFIED., .F., .F., ( 4, 4 ), ( 0.200000000000000, 0.300000000000000 ), .UNSPECIFIED. );
#7770 = FILL_AREA_STYLE_COLOUR( '', #10646 );
#7771 = LINE( '', #10647, #10648 );
#7772 = LINE( '', #10649, #10650 );
#7773 = FILL_AREA_STYLE_COLOUR( '', #10651 );
#7774 = B_SPLINE_CURVE_WITH_KNOTS( '', 1, ( #10652, #10653 ), .UNSPECIFIED., .F., .F., ( 2, 2 ), ( 0.123756901153585, 0.240539284437246 ), .UNSPECIFIED. );
#7775 = FILL_AREA_STYLE_COLOUR( '', #10654 );
#7776 = VERTEX_POINT( '', #10655 );
#7777 = VERTEX_POINT( '', #10656 );
#7778 = LINE( '', #10657, #10658 );
#7779 = VERTEX_POINT( '', #10659 );
#7780 = LINE( '', #10660, #10661 );
#7781 = VERTEX_POINT( '', #10662 );
#7782 = LINE( '', #10663, #10664 );
#7783 = LINE( '', #10665, #10666 );
#7784 = FILL_AREA_STYLE_COLOUR( '', #10667 );
#7785 = CIRCLE( '', #10668, 8.00000000000000 );
#7786 = CIRCLE( '', #10669, 1.00000000000000 );
#7787 = VERTEX_POINT( '', #10670 );
#7788 = CIRCLE( '', #10671, 1.00000000000000 );
#7789 = LINE( '', #10672, #10673 );
#7790 = FILL_AREA_STYLE_COLOUR( '', #10674 );
#7791 = LINE( '', #10675, #10676 );
#7792 = FILL_AREA_STYLE_COLOUR( '', #10677 );
#7793 = VERTEX_POINT( '', #10678 );
#7794 = LINE( '', #10679, #10680 );
#7795 = VERTEX_POINT( '', #10681 );
#7796 = LINE( '', #10682, #10683 );
#7797 = LINE( '', #10684, #10685 );
#7798 = FILL_AREA_STYLE_COLOUR( '', #10686 );
#7799 = LINE( '', #10687, #10688 );
#7800 = FILL_AREA_STYLE_COLOUR( '', #10689 );
#7801 = VERTEX_POINT( '', #10690 );
#7802 = LINE( '', #10691, #10692 );
#7803 = CIRCLE( '', #10693, 1.00000000000000 );
#7804 = FILL_AREA_STYLE_COLOUR( '', #10694 );
#7805 = VERTEX_POINT( '', #10695 );
#7806 = LINE( '', #10696, #10697 );
#7807 = VERTEX_POINT( '', #10698 );
#7808 = LINE( '', #10699, #10700 );
#7809 = LINE( '', #10701, #10702 );
#7810 = FILL_AREA_STYLE_COLOUR( '', #10703 );
#7811 = LINE( '', #10704, #10705 );
#7812 = FILL_AREA_STYLE_COLOUR( '', #10706 );
#7813 = VERTEX_POINT( '', #10707 );
#7814 = CIRCLE( '', #10708, 1.00000000000000 );
#7815 = LINE( '', #10709, #10710 );
#7816 = FILL_AREA_STYLE_COLOUR( '', #10711 );
#7817 = VERTEX_POINT( '', #10712 );
#7818 = CIRCLE( '', #10713, 8.00000000000000 );
#7819 = VERTEX_POINT( '', #10714 );
#7820 = LINE( '', #10715, #10716 );
#7821 = CIRCLE( '', #10717, 8.00000000000000 );
#7822 = FILL_AREA_STYLE_COLOUR( '', #10718 );
#7823 = LINE( '', #10719, #10720 );
#7824 = FILL_AREA_STYLE_COLOUR( '', #10721 );
#7825 = LINE( '', #10722, #10723 );
#7826 = FILL_AREA_STYLE_COLOUR( '', #10724 );
#7827 = CIRCLE( '', #10725, 1.00000000000000 );
#7828 = VERTEX_POINT( '', #10726 );
#7829 = LINE( '', #10727, #10728 );
#7830 = VERTEX_POINT( '', #10729 );
#7831 = LINE( '', #10730, #10731 );
#7832 = VERTEX_POINT( '', #10732 );
#7833 = CIRCLE( '', #10733, 1.00000000000000 );
#7834 = LINE( '', #10734, #10735 );
#7835 = CIRCLE( '', #10736, 1.00000000000000 );
#7836 = LINE( '', #10737, #10738 );
#7837 = VERTEX_POINT( '', #10739 );
#7838 = LINE( '', #10740, #10741 );
#7839 = VERTEX_POINT( '', #10742 );
#7840 = CIRCLE( '', #10743, 1.00000000000000 );
#7841 = VERTEX_POINT( '', #10744 );
#7842 = LINE( '', #10745, #10746 );
#7843 = CIRCLE( '', #10747, 1.00000000000000 );
#7844 = FILL_AREA_STYLE_COLOUR( '', #10748 );
#7845 = LINE( '', #10749, #10750 );
#7846 = FILL_AREA_STYLE_COLOUR( '', #10751 );
#7847 = VERTEX_POINT( '', #10752 );
#7848 = CIRCLE( '', #10753, 4.70000000000000 );
#7849 = FILL_AREA_STYLE_COLOUR( '', #10754 );
#7850 = VERTEX_POINT( '', #10755 );
#7851 = LINE( '', #10756, #10757 );
#7852 = VERTEX_POINT( '', #10758 );
#7853 = LINE( '', #10759, #10760 );
#7854 = LINE( '', #10761, #10762 );
#7855 = FILL_AREA_STYLE_COLOUR( '', #10763 );
#7856 = LINE( '', #10764, #10765 );
#7857 = FILL_AREA_STYLE_COLOUR( '', #10766 );
#7858 = VERTEX_POINT( '', #10767 );
#7859 = LINE( '', #10768, #10769 );
#7860 = VERTEX_POINT( '', #10770 );
#7861 = B_SPLINE_CURVE_WITH_KNOTS( '', 1, ( #10771, #10772 ), .UNSPECIFIED., .F., .F., ( 2, 2 ), ( 0.877306443007021, 1.00000000000000 ), .UNSPECIFIED. );
#7862 = LINE( '', #10773, #10774 );
#7863 = FILL_AREA_STYLE_COLOUR( '', #10775 );
#7864 = B_SPLINE_CURVE_WITH_KNOTS( '', 3, ( #10776, #10777, #10778, #10779, #10780, #10781, #10782 ), .UNSPECIFIED., .F., .F., ( 4, 3, 4 ), ( 0.500000000000000, 0.600000000000000, 0.700000000000000 ), .UNSPECIFIED. );
#7865 = FILL_AREA_STYLE_COLOUR( '', #10783 );
#7866 = FILL_AREA_STYLE_COLOUR( '', #10784 );
#7867 = LINE( '', #10785, #10786 );
#7868 = FILL_AREA_STYLE_COLOUR( '', #10787 );
#7869 = VERTEX_POINT( '', #10788 );
#7870 = LINE( '', #10789, #10790 );
#7871 = VERTEX_POINT( '', #10791 );
#7872 = LINE( '', #10792, #10793 );
#7873 = LINE( '', #10794, #10795 );
#7874 = FILL_AREA_STYLE_COLOUR( '', #10796 );
#7875 = CIRCLE( '', #10797, 0.750000000000000 );
#7876 = CIRCLE( '', #10798, 0.750000000000000 );
#7877 = FILL_AREA_STYLE_COLOUR( '', #10799 );
#7878 = LINE( '', #10800, #10801 );
#7879 = FILL_AREA_STYLE_COLOUR( '', #10802 );
#7880 = LINE( '', #10803, #10804 );
#7881 = FILL_AREA_STYLE_COLOUR( '', #10805 );
#7882 = LINE( '', #10806, #10807 );
#7883 = LINE( '', #10808, #10809 );
#7884 = FILL_AREA_STYLE_COLOUR( '', #10810 );
#7885 = FILL_AREA_STYLE_COLOUR( '', #10811 );
#7886 = LINE( '', #10812, #10813 );
#7887 = FILL_AREA_STYLE_COLOUR( '', #10814 );
#7888 = VERTEX_POINT( '', #10815 );
#7889 = LINE( '', #10816, #10817 );
#7890 = LINE( '', #10818, #10819 );
#7891 = CIRCLE( '', #10820, 0.750000000000000 );
#7892 = VERTEX_POINT( '', #10821 );
#7893 = CIRCLE( '', #10822, 0.750000000000000 );
#7894 = LINE( '', #10823, #10824 );
#7895 = LINE( '', #10825, #10826 );
#7896 = LINE( '', #10827, #10828 );
#7897 = FILL_AREA_STYLE_COLOUR( '', #10829 );
#7898 = VERTEX_POINT( '', #10830 );
#7899 = LINE( '', #10831, #10832 );
#7900 = VERTEX_POINT( '', #10833 );
#7901 = LINE( '', #10834, #10835 );
#7902 = LINE( '', #10836, #10837 );
#7903 = FILL_AREA_STYLE_COLOUR( '', #10838 );
#7904 = B_SPLINE_CURVE_WITH_KNOTS( '', 3, ( #10839, #10840, #10841, #10842 ), .UNSPECIFIED., .F., .F., ( 4, 4 ), ( 0.900000000000000, 1.00000000000000 ), .UNSPECIFIED. );
#7905 = B_SPLINE_CURVE_WITH_KNOTS( '', 3, ( #10843, #10844, #10845, #10846 ), .UNSPECIFIED., .F., .F., ( 4, 4 ), ( 0.300000000000000, 0.400000000000000 ), .UNSPECIFIED. );
#7906 = FILL_AREA_STYLE_COLOUR( '', #10847 );
#7907 = FILL_AREA_STYLE_COLOUR( '', #10848 );
#7908 = VERTEX_POINT( '', #10849 );
#7909 = B_SPLINE_CURVE_WITH_KNOTS( '', 1, ( #10850, #10851 ), .UNSPECIFIED., .F., .F., ( 2, 2 ), ( 0.0110424201293681, 0.123429718334937 ), .UNSPECIFIED. );
#7910 = LINE( '', #10852, #10853 );
#7911 = FILL_AREA_STYLE_COLOUR( '', #10854 );
#7912 = CIRCLE( '', #10855, 5.40000000000000 );
#7913 = VERTEX_POINT( '', #10856 );
#7914 = CIRCLE( '', #10857, 5.40000000000000 );
#7915 = ( BOUNDED_CURVE(  )B_SPLINE_CURVE( 2, ( #10860, #10861, #10862, #10863, #10864, #10865, #10866, #10867, #10868, #10869, #10870, #10871, #10872, #10873, #10874, #10875, #10876, #10877, #10878, #10879, #10880, #10881, #10882, #10883, #10884, #10885, #10886, #10887, #10888, #10889, #10890, #10891, #10892, #10893, #10894, #10895, #10896, #10897, #10898, #10899, #10900, #10901, #10902, #10903, #10904, #10905, #10906, #10907, #10908, #10909, #10910, #10911, #10912, #10913, #10914, #10915, #10916, #10917, #10918, #10919, #10920, #10921, #10922, #10923, #10924, #10925, #10926, #10927, #10928, #10929, #10930, #10931, #10932, #10933, #10934, #10935, #10936, #10937, #10938, #10939, #10940, #10941, #10942, #10943, #10944, #10945, #10946, #10947, #10948, #10949, #10950, #10951, #10952, #10953, #10954, #10955, #10956, #10957, #10958, #10959, #10960, #10961, #10962, #10963, #10964, #10965, #10966, #10967, #10968 ), .UNSPECIFIED., .F., .F. )B_SPLINE_CURVE_WITH_KNOTS( ( 3, 2, 2, 2, 2, 2, 2, 2, 2, 2, 2, 2, 2, 2, 2, 2, 2, 2, 2, 2, 2, 2, 2, 2, 2, 2, 2, 2, 2, 2, 2, 2, 2, 2, 2, 2, 2, 2, 2, 2, 2, 2, 2, 2, 2, 2, 2, 2, 2, 2, 2, 2, 2, 2, 3 ), ( 0.000000000000000, 0.0185185185185185, 0.0370370370370370, 0.0555555555555556, 0.0740740740740741, 0.0925925925925926, 0.111111111111111, 0.129629629629630, 0.148148148148148, 0.166666666666667, 0.185185185185185, 0.203703703703704, 0.222222222222222, 0.240740740740741, 0.259259259259260, 0.277777777777778, 0.296296296296297, 0.314814814814815, 0.333333333333334, 0.351851851851852, 0.370370370370371, 0.388888888888889, 0.407407407407408, 0.425925925925926, 0.444444444444444, 0.462962962962963, 0.481481481481482, 0.500000000000000, 0.518518518518519, 0.537037037037037, 0.555555555555556, 0.574074074074074, 0.592592592592593, 0.611111111111111, 0.629629629629630, 0.648148148148148, 0.666666666666667, 0.685185185185185, 0.703703703703704, 0.722222222222222, 0.740740740740741, 0.759259259259259, 0.777777777777778, 0.796296296296296, 0.814814814814815, 0.833333333333333, 0.851851851851852, 0.870370370370370, 0.888888888888889, 0.907407407407407, 0.925925925925926, 0.944444444444444, 0.962962962962963, 0.981481481481481, 1.00000000000000 ), .UNSPECIFIED. )CURVE(  )GEOMETRIC_REPRESENTATION_ITEM(  )RATIONAL_B_SPLINE_CURVE( ( 1.00000000000000, 0.866025403784439, 1.00000000000000, 0.866025403784439, 1.00000000000000, 0.866025403784439, 1.00000000000000, 0.866025403784439, 1.00000000000000, 0.866025403784439, 1.00000000000000, 0.866025403784439, 1.00000000000000, 0.866025403784439, 1.00000000000000, 0.866025403784439, 1.00000000000000, 0.866025403784439, 1.00000000000000, 0.866025403784439, 1.00000000000000, 0.866025403784439, 1.00000000000000, 0.866025403784439, 1.00000000000000, 0.866025403784439, 1.00000000000000, 0.866025403784439, 1.00000000000000, 0.866025403784439, 1.00000000000000, 0.866025403784439, 1.00000000000000, 0.866025403784439, 1.00000000000000, 0.866025403784439, 1.00000000000000, 0.866025403784439, 1.00000000000000, 0.866025403784439, 1.00000000000000, 0.866025403784439, 1.00000000000000, 0.866025403784439, 1.00000000000000, 0.866025403784439, 1.00000000000000, 0.866025403784439, 1.00000000000000, 0.866025403784439, 1.00000000000000, 0.866025403784439, 1.00000000000000, 0.866025403784439, 1.00000000000000, 0.866025403784439, 1.00000000000000, 0.866025403784439, 1.00000000000000, 0.866025403784439, 1.00000000000000, 0.866025403784439, 1.00000000000000, 0.866025403784439, 1.00000000000000, 0.866025403784439, 1.00000000000000, 0.866025403784439, 1.00000000000000, 0.866025403784439, 1.00000000000000, 0.866025403784439, 1.00000000000000, 0.866025403784439, 1.00000000000000, 0.866025403784439, 1.00000000000000, 0.866025403784439, 1.00000000000000, 0.866025403784439, 1.00000000000000, 0.866025403784439, 1.00000000000000, 0.866025403784439, 1.00000000000000, 0.866025403784439, 1.00000000000000, 0.866025403784439, 1.00000000000000, 0.866025403784439, 1.00000000000000, 0.866025403784439, 1.00000000000000, 0.866025403784439, 1.00000000000000, 0.866025403784439, 1.00000000000000, 0.866025403784439, 1.00000000000000, 0.866025403784439, 1.00000000000000, 0.866025403784439, 1.00000000000000, 0.866025403784439, 1.00000000000000, 0.866025403784439, 1.00000000000000, 0.866025403784439, 1.00000000000000 ) )REPRESENTATION_ITEM( '' ) );
#7916 = VERTEX_POINT( '', #10974 );
#7917 = LINE( '', #10975, #10976 );
#7918 = CIRCLE( '', #10977, 5.40000000000000 );
#7919 = FILL_AREA_STYLE_COLOUR( '', #10978 );
#7920 = VERTEX_POINT( '', #10979 );
#7921 = LINE( '', #10980, #10981 );
#7922 = LINE( '', #10982, #10983 );
#7923 = FILL_AREA_STYLE_COLOUR( '', #10984 );
#7924 = VERTEX_POINT( '', #10985 );
#7925 = LINE( '', #10986, #10987 );
#7926 = LINE( '', #10988, #10989 );
#7927 = FILL_AREA_STYLE_COLOUR( '', #10990 );
#7928 = FILL_AREA_STYLE_COLOUR( '', #10991 );
#7929 = B_SPLINE_CURVE_WITH_KNOTS( '', 1, ( #10992, #10993 ), .UNSPECIFIED., .F., .F., ( 2, 2 ), ( 0.000000000000000, 0.186217008797654 ), .UNSPECIFIED. );
#7930 = FILL_AREA_STYLE_COLOUR( '', #10994 );
#7931 = VERTEX_POINT( '', #10995 );
#7932 = LINE( '', #10996, #10997 );
#7933 = B_SPLINE_CURVE_WITH_KNOTS( '', 1, ( #10998, #10999 ), .UNSPECIFIED., .F., .F., ( 2, 2 ), ( 0.250845543224657, 0.367650181800764 ), .UNSPECIFIED. );
#7934 = FILL_AREA_STYLE_COLOUR( '', #11000 );
#7935 = VERTEX_POINT( '', #11001 );
#7936 = LINE( '', #11002, #11003 );
#7937 = CIRCLE( '', #11004, 0.500000000000000 );
#7938 = VERTEX_POINT( '', #11005 );
#7939 = CIRCLE( '', #11006, 8.00000000000000 );
#7940 = CIRCLE( '', #11007, 0.500000000000000 );
#7941 = CIRCLE( '', #11008, 8.00000000000000 );
#7942 = VERTEX_POINT( '', #11009 );
#7943 = CIRCLE( '', #11010, 4.70000000000000 );
#7944 = FILL_AREA_STYLE_COLOUR( '', #11011 );
#7945 = FILL_AREA_STYLE_COLOUR( '', #11012 );
#7946 = LINE( '', #11013, #11014 );
#7947 = LINE( '', #11015, #11016 );
#7948 = FILL_AREA_STYLE_COLOUR( '', #11017 );
#7949 = VERTEX_POINT( '', #11018 );
#7950 = LINE( '', #11019, #11020 );
#7951 = LINE( '', #11021, #11022 );
#7952 = FILL_AREA_STYLE_COLOUR( '', #11023 );
#7953 = LINE( '', #11024, #11025 );
#7954 = LINE( '', #11026, #11027 );
#7955 = VERTEX_POINT( '', #11028 );
#7956 = LINE( '', #11029, #11030 );
#7957 = LINE( '', #11031, #11032 );
#7958 = FILL_AREA_STYLE_COLOUR( '', #11033 );
#7959 = LINE( '', #11034, #11035 );
#7960 = LINE( '', #11036, #11037 );
#7961 = FILL_AREA_STYLE_COLOUR( '', #11038 );
#7962 = VERTEX_POINT( '', #11039 );
#7963 = CIRCLE( '', #11040, 1.00000000000000 );
#7964 = LINE( '', #11041, #11042 );
#7965 = FILL_AREA_STYLE_COLOUR( '', #11043 );
#7966 = FILL_AREA_STYLE_COLOUR( '', #11044 );
#7967 = B_SPLINE_CURVE_WITH_KNOTS( '', 1, ( #11045, #11046 ), .UNSPECIFIED., .F., .F., ( 2, 2 ), ( 0.744896268858158, 0.745305247381468 ), .UNSPECIFIED. );
#7968 = FILL_AREA_STYLE_COLOUR( '', #11047 );
#7969 = VERTEX_POINT( '', #11048 );
#7970 = CIRCLE( '', #11049, 0.500000000000000 );
#7971 = LINE( '', #11050, #11051 );
#7972 = FILL_AREA_STYLE_COLOUR( '', #11052 );
#7973 = LINE( '', #11053, #11054 );
#7974 = LINE( '', #11055, #11056 );
#7975 = FILL_AREA_STYLE_COLOUR( '', #11057 );
#7976 = CIRCLE( '', #11058, 0.750000000000000 );
#7977 = CIRCLE( '', #11059, 0.750000000000000 );
#7978 = FILL_AREA_STYLE_COLOUR( '', #11060 );
#7979 = VERTEX_POINT( '', #11061 );
#7980 = LINE( '', #11062, #11063 );
#7981 = LINE( '', #11064, #11065 );
#7982 = FILL_AREA_STYLE_COLOUR( '', #11066 );
#7983 = FILL_AREA_STYLE_COLOUR( '', #11067 );
#7984 = B_SPLINE_CURVE_WITH_KNOTS( '', 1, ( #11068, #11069 ), .UNSPECIFIED., .F., .F., ( 2, 2 ), ( 0.500000000000000, 0.686217008797655 ), .UNSPECIFIED. );
#7985 = FILL_AREA_STYLE_COLOUR( '', #11070 );
#7986 = CIRCLE( '', #11071, 0.750000000000000 );
#7987 = FILL_AREA_STYLE_COLOUR( '', #11072 );
#7988 = LINE( '', #11073, #11074 );
#7989 = FILL_AREA_STYLE_COLOUR( '', #11075 );
#7990 = VERTEX_POINT( '', #11076 );
#7991 = CIRCLE( '', #11077, 8.00000000000000 );
#7992 = LINE( '', #11078, #11079 );
#7993 = FILL_AREA_STYLE_COLOUR( '', #11080 );
#7994 = LINE( '', #11081, #11082 );
#7995 = LINE( '', #11083, #11084 );
#7996 = FILL_AREA_STYLE_COLOUR( '', #11085 );
#7997 = FILL_AREA_STYLE_COLOUR( '', #11086 );
#7998 = B_SPLINE_CURVE_WITH_KNOTS( '', 1, ( #11087, #11088 ), .UNSPECIFIED., .F., .F., ( 2, 2 ), ( 0.858166248116116, 0.877306443007021 ), .UNSPECIFIED. );
#7999 = FILL_AREA_STYLE_COLOUR( '', #11089 );
#8000 = LINE( '', #11090, #11091 );
#8001 = VERTEX_POINT( '', #11092 );
#8002 = CIRCLE( '', #11093, 0.250000000000000 );
#8003 = VERTEX_POINT( '', #11094 );
#8004 = LINE( '', #11095, #11096 );
#8005 = LINE( '', #11097, #11098 );
#8006 = FILL_AREA_STYLE_COLOUR( '', #11099 );
#8007 = FILL_AREA_STYLE_COLOUR( '', #11100 );
#8008 = LINE( '', #11101, #11102 );
#8009 = FILL_AREA_STYLE_COLOUR( '', #11103 );
#8010 = CIRCLE( '', #11104, 1.00000000000000 );
#8011 = FILL_AREA_STYLE_COLOUR( '', #11105 );
#8012 = FILL_AREA_STYLE_COLOUR( '', #11106 );
#8013 = VERTEX_POINT( '', #11107 );
#8014 = LINE( '', #11108, #11109 );
#8015 = CIRCLE( '', #11110, 0.250000000000000 );
#8016 = LINE( '', #11111, #11112 );
#8017 = FILL_AREA_STYLE_COLOUR( '', #11113 );
#8018 = VERTEX_POINT( '', #11114 );
#8019 = LINE( '', #11115, #11116 );
#8020 = LINE( '', #11117, #11118 );
#8021 = FILL_AREA_STYLE_COLOUR( '', #11119 );
#8022 = FILL_AREA_STYLE_COLOUR( '', #11120 );
#8023 = LINE( '', #11121, #11122 );
#8024 = FILL_AREA_STYLE_COLOUR( '', #11123 );
#8025 = VERTEX_POINT( '', #11124 );
#8026 = B_SPLINE_CURVE_WITH_KNOTS( '', 1, ( #11125, #11126 ), .UNSPECIFIED., .F., .F., ( 2, 2 ), ( 0.367977364619412, 0.480364662824981 ), .UNSPECIFIED. );
#8027 = LINE( '', #11127, #11128 );
#8028 = FILL_AREA_STYLE_COLOUR( '', #11129 );
#8029 = LINE( '', #11130, #11131 );
#8030 = FILL_AREA_STYLE_COLOUR( '', #11132 );
#8031 = VERTEX_POINT( '', #11133 );
#8032 = B_SPLINE_CURVE_WITH_KNOTS( '', 3, ( #11134, #11135, #11136, #11137 ), .UNSPECIFIED., .F., .F., ( 4, 4 ), ( 0.852816098424688, 1.00000000000000 ), .UNSPECIFIED. );
#8033 = LINE( '', #11138, #11139 );
#8034 = FILL_AREA_STYLE_COLOUR( '', #11140 );
#8035 = LINE( '', #11141, #11142 );
#8036 = FILL_AREA_STYLE_COLOUR( '', #11143 );
#8037 = VERTEX_POINT( '', #11144 );
#8038 = B_SPLINE_CURVE_WITH_KNOTS( '', 1, ( #11145, #11146 ), .UNSPECIFIED., .F., .F., ( 2, 2 ), ( 0.614018844242667, 0.632013899268304 ), .UNSPECIFIED. );
#8039 = LINE( '', #11147, #11148 );
#8040 = FILL_AREA_STYLE_COLOUR( '', #11149 );
#8041 = LINE( '', #11150, #11151 );
#8042 = FILL_AREA_STYLE_COLOUR( '', #11152 );
#8043 = LINE( '', #11153, #11154 );
#8044 = FILL_AREA_STYLE_COLOUR( '', #11155 );
#8045 = FILL_AREA_STYLE_COLOUR( '', #11156 );
#8046 = LINE( '', #11157, #11158 );
#8047 = FILL_AREA_STYLE_COLOUR( '', #11159 );
#8048 = LINE( '', #11160, #11161 );
#8049 = FILL_AREA_STYLE_COLOUR( '', #11162 );
#8050 = LINE( '', #11163, #11164 );
#8051 = FILL_AREA_STYLE_COLOUR( '', #11165 );
#8052 = FILL_AREA_STYLE_COLOUR( '', #11166 );
#8053 = LINE( '', #11167, #11168 );
#8054 = FILL_AREA_STYLE_COLOUR( '', #11169 );
#8055 = LINE( '', #11170, #11171 );
#8056 = FILL_AREA_STYLE_COLOUR( '', #11172 );
#8057 = FILL_AREA_STYLE_COLOUR( '', #11173 );
#8058 = FILL_AREA_STYLE_COLOUR( '', #11174 );
#8059 = FILL_AREA_STYLE_COLOUR( '', #11175 );
#8060 = FILL_AREA_STYLE_COLOUR( '', #11176 );
#8061 = LINE( '', #11177, #11178 );
#8062 = FILL_AREA_STYLE_COLOUR( '', #11179 );
#8063 = B_SPLINE_CURVE_WITH_KNOTS( '', 1, ( #11180, #11181 ), .UNSPECIFIED., .F., .F., ( 2, 2 ), ( 0.000000000000000, 0.0110424201293681 ), .UNSPECIFIED. );
#8064 = B_SPLINE_CURVE_WITH_KNOTS( '', 1, ( #11182, #11183 ), .UNSPECIFIED., .F., .F., ( 2, 2 ), ( 0.367650181800764, 0.367977364619412 ), .UNSPECIFIED. );
#8065 = B_SPLINE_CURVE_WITH_KNOTS( '', 1, ( #11184, #11185 ), .UNSPECIFIED., .F., .F., ( 2, 2 ), ( 0.491325287249687, 0.614018844242667 ), .UNSPECIFIED. );
#8066 = FILL_AREA_STYLE_COLOUR( '', #11186 );
#8067 = LINE( '', #11187, #11188 );
#8068 = FILL_AREA_STYLE_COLOUR( '', #11189 );
#8069 = LINE( '', #11190, #11191 );
#8070 = FILL_AREA_STYLE_COLOUR( '', #11192 );
#8071 = LINE( '', #11193, #11194 );
#8072 = FILL_AREA_STYLE_COLOUR( '', #11195 );
#8073 = FILL_AREA_STYLE_COLOUR( '', #11196 );
#8074 = FILL_AREA_STYLE_COLOUR( '', #11197 );
#8075 = FILL_AREA_STYLE_COLOUR( '', #11198 );
#8076 = FILL_AREA_STYLE_COLOUR( '', #11199 );
#8077 = LINE( '', #11200, #11201 );
#8078 = FILL_AREA_STYLE_COLOUR( '', #11202 );
#8079 = FILL_AREA_STYLE_COLOUR( '', #11203 );
#8080 = FILL_AREA_STYLE_COLOUR( '', #11204 );
#8081 = FILL_AREA_STYLE_COLOUR( '', #11205 );
#8082 = VERTEX_POINT( '', #11206 );
#8083 = LINE( '', #11207, #11208 );
#8084 = VERTEX_POINT( '', #11209 );
#8085 = CIRCLE( '', #11210, 1.00000000000000 );
#8086 = LINE( '', #11211, #11212 );
#8087 = CIRCLE( '', #11213, 0.500000000000000 );
#8088 = FILL_AREA_STYLE_COLOUR( '', #11214 );
#8089 = FILL_AREA_STYLE_COLOUR( '', #11215 );
#8090 = LINE( '', #11216, #11217 );
#8091 = LINE( '', #11218, #11219 );
#8092 = FILL_AREA_STYLE_COLOUR( '', #11220 );
#8093 = LINE( '', #11221, #11222 );
#8094 = FILL_AREA_STYLE_COLOUR( '', #11223 );
#8095 = LINE( '', #11224, #11225 );
#8096 = FILL_AREA_STYLE_COLOUR( '', #11226 );
#8097 = LINE( '', #11227, #11228 );
#8098 = FILL_AREA_STYLE_COLOUR( '', #11229 );
#8099 = FILL_AREA_STYLE_COLOUR( '', #11230 );
#8100 = FILL_AREA_STYLE_COLOUR( '', #11231 );
#8101 = FILL_AREA_STYLE_COLOUR( '', #11232 );
#8102 = B_SPLINE_CURVE_WITH_KNOTS( '', 3, ( #11233, #11234, #11235, #11236 ), .UNSPECIFIED., .F., .F., ( 4, 4 ), ( 0.850331981942404, 0.852816098424688 ), .UNSPECIFIED. );
#8103 = FILL_AREA_STYLE_COLOUR( '', #11237 );
#8104 = VERTEX_POINT( '', #11238 );
#8105 = CIRCLE( '', #11239, 1.66800699300691 );
#8106 = LINE( '', #11240, #11241 );
#8107 = FILL_AREA_STYLE_COLOUR( '', #11242 );
#8108 = FILL_AREA_STYLE_COLOUR( '', #11243 );
#8109 = FILL_AREA_STYLE_COLOUR( '', #11244 );
#8110 = FILL_AREA_STYLE_COLOUR( '', #11245 );
#8111 = CIRCLE( '', #11246, 5.16800699300692 );
#8112 = FILL_AREA_STYLE_COLOUR( '', #11247 );
#8113 = FILL_AREA_STYLE_COLOUR( '', #11248 );
#8114 = FILL_AREA_STYLE_COLOUR( '', #11249 );
#8115 = FILL_AREA_STYLE_COLOUR( '', #11250 );
#8116 = LINE( '', #11251, #11252 );
#8117 = FILL_AREA_STYLE_COLOUR( '', #11253 );
#8118 = FILL_AREA_STYLE_COLOUR( '', #11254 );
#8119 = FILL_AREA_STYLE_COLOUR( '', #11255 );
#8120 = FILL_AREA_STYLE_COLOUR( '', #11256 );
#8121 = FILL_AREA_STYLE_COLOUR( '', #11257 );
#8122 = FILL_AREA_STYLE_COLOUR( '', #11258 );
#8123 = VERTEX_POINT( '', #11259 );
#8124 = CIRCLE( '', #11260, 0.750000000000000 );
#8125 = LINE( '', #11261, #11262 );
#8126 = FILL_AREA_STYLE_COLOUR( '', #11263 );
#8127 = FILL_AREA_STYLE_COLOUR( '', #11264 );
#8128 = FILL_AREA_STYLE_COLOUR( '', #11265 );
#8129 = FILL_AREA_STYLE_COLOUR( '', #11266 );
#8130 = FILL_AREA_STYLE_COLOUR( '', #11267 );
#8131 = FILL_AREA_STYLE_COLOUR( '', #11268 );
#8132 = VERTEX_POINT( '', #11269 );
#8133 = LINE( '', #11270, #11271 );
#8134 = LINE( '', #11272, #11273 );
#8135 = FILL_AREA_STYLE_COLOUR( '', #11274 );
#8136 = FILL_AREA_STYLE_COLOUR( '', #11275 );
#8137 = FILL_AREA_STYLE_COLOUR( '', #11276 );
#8138 = FILL_AREA_STYLE_COLOUR( '', #11277 );
#8139 = LINE( '', #11278, #11279 );
#8140 = FILL_AREA_STYLE_COLOUR( '', #11280 );
#8141 = FILL_AREA_STYLE_COLOUR( '', #11281 );
#8142 = FILL_AREA_STYLE_COLOUR( '', #11282 );
#8143 = FILL_AREA_STYLE_COLOUR( '', #11283 );
#8144 = FILL_AREA_STYLE_COLOUR( '', #11284 );
#8145 = FILL_AREA_STYLE_COLOUR( '', #11285 );
#8146 = CIRCLE( '', #11286, 1.66800699300691 );
#8147 = FILL_AREA_STYLE_COLOUR( '', #11287 );
#8148 = FILL_AREA_STYLE_COLOUR( '', #11288 );
#8149 = FILL_AREA_STYLE_COLOUR( '', #11289 );
#8150 = FILL_AREA_STYLE_COLOUR( '', #11290 );
#8151 = FILL_AREA_STYLE_COLOUR( '', #11291 );
#8152 = FILL_AREA_STYLE_COLOUR( '', #11292 );
#8153 = FILL_AREA_STYLE_COLOUR( '', #11293 );
#8154 = COLOUR_RGB( '', 0.200000002980232, 0.200000002980232, 0.200000002980232 );
#8155 = CARTESIAN_POINT( '', ( -6.07185748793922, 1.34314867135427, 11.8000000000000 ) );
#8156 = CARTESIAN_POINT( '', ( -7.31737165943157, 1.34314867135427, 11.8000000000000 ) );
#8157 = CARTESIAN_POINT( '', ( -6.07185748793922, 1.34314867135427, 11.8000000000000 ) );
#8158 = VECTOR( '', #11294, 1000.00000000000 );
#8159 = CARTESIAN_POINT( '', ( -7.59232771710208, 6.61617668610960, 11.8000000000000 ) );
#8160 = CARTESIAN_POINT( '', ( -7.31737165943157, 1.34314867135427, 11.8000000000000 ) );
#8161 = VECTOR( '', #11295, 1000.00000000000 );
#8162 = CARTESIAN_POINT( '', ( -6.26600179493035, 6.61617668610960, 11.8000000000000 ) );
#8163 = CARTESIAN_POINT( '', ( -7.59232771710208, 6.61617668610960, 11.8000000000000 ) );
#8164 = VECTOR( '', #11296, 1000.00000000000 );
#8165 = CARTESIAN_POINT( '', ( -6.13657225693627, 3.88042519521311, 11.8000000000000 ) );
#8166 = CARTESIAN_POINT( '', ( -6.26600179493035, 6.61617668610960, 11.8000000000000 ) );
#8167 = VECTOR( '', #11297, 1000.00000000000 );
#8168 = CARTESIAN_POINT( '', ( -5.55430275709671, 4.69132086128213, 11.8000000000000 ) );
#8169 = CARTESIAN_POINT( '', ( -6.13657225693627, 3.88042519521311, 11.8000000000000 ) );
#8170 = VECTOR( '', #11298, 1000.00000000000 );
#8171 = CARTESIAN_POINT( '', ( -4.17944075817719, 4.69132086128212, 11.8000000000000 ) );
#8172 = CARTESIAN_POINT( '', ( -5.55430275709670, 4.69132086128212, 11.8000000000000 ) );
#8173 = VECTOR( '', #11299, 1000.00000000000 );
#8174 = CARTESIAN_POINT( '', ( -4.03383252793383, 3.85019228545438, 11.8000000000000 ) );
#8175 = CARTESIAN_POINT( '', ( -4.17944075817718, 4.69132086128212, 11.8000000000000 ) );
#8176 = VECTOR( '', #11300, 1000.00000000000 );
#8177 = CARTESIAN_POINT( '', ( -2.38393276077689, 6.61617668610960, 11.8000000000000 ) );
#8178 = CARTESIAN_POINT( '', ( -4.03383252793383, 3.85019228545439, 11.8000000000000 ) );
#8179 = VECTOR( '', #11301, 1000.00000000000 );
#8180 = CARTESIAN_POINT( '', ( -0.895819916112542, 6.61617668610960, 11.8000000000000 ) );
#8181 = CARTESIAN_POINT( '', ( -2.38393276077689, 6.61617668610960, 11.8000000000000 ) );
#8182 = VECTOR( '', #11302, 1000.00000000000 );
#8183 = CARTESIAN_POINT( '', ( -3.98529645118606, 1.34314867135427, 11.8000000000000 ) );
#8184 = CARTESIAN_POINT( '', ( -0.895819916112542, 6.61617668610960, 11.8000000000000 ) );
#8185 = VECTOR( '', #11303, 1000.00000000000 );
#8186 = CARTESIAN_POINT( '', ( -5.34397975785630, 1.34314867135427, 11.8000000000000 ) );
#8187 = CARTESIAN_POINT( '', ( -3.98529645118605, 1.34314867135427, 11.8000000000000 ) );
#8188 = VECTOR( '', #11304, 1000.00000000000 );
#8189 = CARTESIAN_POINT( '', ( -5.47340929585040, 2.24891030561213, 11.8000000000000 ) );
#8190 = CARTESIAN_POINT( '', ( -5.34397975785631, 1.34314867135427, 11.8000000000000 ) );
#8191 = VECTOR( '', #11305, 1000.00000000000 );
#8192 = CARTESIAN_POINT( '', ( -5.47340929585040, 2.24891030561213, 11.8000000000000 ) );
#8193 = VECTOR( '', #11306, 1000.00000000000 );
#8194 = CARTESIAN_POINT( '', ( -7.75403292902778, 2.43896908425749, 11.8000000000000 ) );
#8195 = CARTESIAN_POINT( '', ( -9.45238706236560, 2.43896908425749, 11.8000000000000 ) );
#8196 = CARTESIAN_POINT( '', ( -7.75403292902778, 2.43896908425749, 11.8000000000000 ) );
#8197 = VECTOR( '', #11307, 1000.00000000000 );
#8198 = CARTESIAN_POINT( '', ( -9.45238706236560, 2.62878273120210, 11.8000000000000 ) );
#8199 = CARTESIAN_POINT( '', ( -9.45238706236560, 2.43896908425749, 11.8000000000000 ) );
#8200 = VECTOR( '', #11308, 1000.00000000000 );
#8201 = CARTESIAN_POINT( '', ( -7.76391990762455, 2.62878273120210, 11.8000000000000 ) );
#8202 = CARTESIAN_POINT( '', ( -9.45238706236560, 2.62878273120210, 11.8000000000000 ) );
#8203 = VECTOR( '', #11309, 1000.00000000000 );
#8204 = CARTESIAN_POINT( '', ( -7.76391990762455, 2.62878273120210, 11.8000000000000 ) );
#8205 = VECTOR( '', #11310, 1000.00000000000 );
#8206 = CARTESIAN_POINT( '', ( -9.45238706236560, 6.99564055886499, 11.8000000000000 ) );
#8207 = CARTESIAN_POINT( '', ( 7.36520010960730, 6.99564055886499, 11.8000000000000 ) );
#8208 = CARTESIAN_POINT( '', ( -9.45238706236560, 6.99564055886499, 11.8000000000000 ) );
#8209 = CARTESIAN_POINT( '', ( -7.77062834516831, 6.99564055886499, 11.8000000000000 ) );
#8210 = CARTESIAN_POINT( '', ( 5.85161726412974, 6.99564055886499, 11.8000000000000 ) );
#8211 = CARTESIAN_POINT( '', ( 7.36520010960730, 6.99564055886499, 11.8000000000000 ) );
#8212 = CARTESIAN_POINT( '', ( 8.65606364573773, 6.99564055886499, 11.8000000000000 ) );
#8213 = CARTESIAN_POINT( '', ( 7.36520010960730, 6.99564055886499, 11.8000000000000 ) );
#8214 = CARTESIAN_POINT( '', ( 7.41120315878071, 7.31087992602483, 11.8000000000000 ) );
#8215 = CARTESIAN_POINT( '', ( 7.68264566207386, 7.55298833579534, 11.8000000000000 ) );
#8216 = CARTESIAN_POINT( '', ( 8.01063187767251, 7.55298833579534, 11.8000000000000 ) );
#8217 = CARTESIAN_POINT( '', ( 8.33861809327117, 7.55298833579534, 11.8000000000000 ) );
#8218 = CARTESIAN_POINT( '', ( 8.61006059656432, 7.31087992602483, 11.8000000000000 ) );
#8219 = CARTESIAN_POINT( '', ( 8.65606364573773, 6.99564055886499, 11.8000000000000 ) );
#8220 = CARTESIAN_POINT( '', ( 9.52195052334085, 6.99564055886499, 11.8000000000000 ) );
#8221 = CARTESIAN_POINT( '', ( 8.65606364573773, 6.99564055886499, 11.8000000000000 ) );
#8222 = CARTESIAN_POINT( '', ( 8.74265233349804, 6.99564055886499, 11.8000000000000 ) );
#8223 = CARTESIAN_POINT( '', ( 9.44402070435657, 6.99564055886499, 11.8000000000000 ) );
#8224 = CARTESIAN_POINT( '', ( 9.52195052334085, 6.99564055886499, 11.8000000000000 ) );
#8225 = CARTESIAN_POINT( '', ( 9.52195052334085, 6.80590862248730, 11.8000000000000 ) );
#8226 = CARTESIAN_POINT( '', ( 9.52195052334085, 6.99564055886499, 11.8000000000000 ) );
#8227 = CARTESIAN_POINT( '', ( 9.52195052334085, 6.97666736522722, 11.8000000000000 ) );
#8228 = CARTESIAN_POINT( '', ( 9.52195052334085, 6.82298449676129, 11.8000000000000 ) );
#8229 = CARTESIAN_POINT( '', ( 9.52195052334085, 6.80590862248730, 11.8000000000000 ) );
#8230 = CARTESIAN_POINT( '', ( 8.65606364573773, 6.80590862248730, 11.8000000000000 ) );
#8231 = CARTESIAN_POINT( '', ( 9.52195052334085, 6.80590862248730, 11.8000000000000 ) );
#8232 = CARTESIAN_POINT( '', ( 9.43536183558054, 6.80590862248730, 11.8000000000000 ) );
#8233 = CARTESIAN_POINT( '', ( 8.73399346472201, 6.80590862248730, 11.8000000000000 ) );
#8234 = CARTESIAN_POINT( '', ( 8.65606364573773, 6.80590862248730, 11.8000000000000 ) );
#8235 = CARTESIAN_POINT( '', ( 7.36520010960730, 6.80590862248730, 11.8000000000000 ) );
#8236 = CARTESIAN_POINT( '', ( 8.65606364573773, 6.80590862248730, 11.8000000000000 ) );
#8237 = CARTESIAN_POINT( '', ( 8.61006059656432, 6.49066925532745, 11.8000000000000 ) );
#8238 = CARTESIAN_POINT( '', ( 8.33861809327117, 6.24856084555694, 11.8000000000000 ) );
#8239 = CARTESIAN_POINT( '', ( 8.01063187767251, 6.24856084555694, 11.8000000000000 ) );
#8240 = CARTESIAN_POINT( '', ( 7.68264566207386, 6.24856084555694, 11.8000000000000 ) );
#8241 = CARTESIAN_POINT( '', ( 7.41120315878071, 6.49066925532745, 11.8000000000000 ) );
#8242 = CARTESIAN_POINT( '', ( 7.36520010960730, 6.80590862248730, 11.8000000000000 ) );
#8243 = CARTESIAN_POINT( '', ( -9.45238706236560, 6.80590862248730, 11.8000000000000 ) );
#8244 = CARTESIAN_POINT( '', ( 7.36520010960730, 6.80590862248730, 11.8000000000000 ) );
#8245 = CARTESIAN_POINT( '', ( 5.68344139241001, 6.80590862248730, 11.8000000000000 ) );
#8246 = CARTESIAN_POINT( '', ( -7.93880421688804, 6.80590862248730, 11.8000000000000 ) );
#8247 = CARTESIAN_POINT( '', ( -9.45238706236560, 6.80590862248730, 11.8000000000000 ) );
#8248 = CARTESIAN_POINT( '', ( -9.45238706236560, 6.80590862248730, 11.8000000000000 ) );
#8249 = CARTESIAN_POINT( '', ( -9.45238706236560, 6.82488181612507, 11.8000000000000 ) );
#8250 = CARTESIAN_POINT( '', ( -9.45238706236560, 6.97856468459100, 11.8000000000000 ) );
#8251 = CARTESIAN_POINT( '', ( -9.45238706236560, 6.99564055886499, 11.8000000000000 ) );
#8252 = CARTESIAN_POINT( '', ( -9.45238706236560, 1.15407041951190, 11.8000000000000 ) );
#8253 = CARTESIAN_POINT( '', ( 7.36520010960730, 1.15407041951190, 11.8000000000000 ) );
#8254 = CARTESIAN_POINT( '', ( -9.45238706236560, 1.15407041951190, 11.8000000000000 ) );
#8255 = CARTESIAN_POINT( '', ( -7.77062834516831, 1.15407041951190, 11.8000000000000 ) );
#8256 = CARTESIAN_POINT( '', ( 5.85161726412974, 1.15407041951190, 11.8000000000000 ) );
#8257 = CARTESIAN_POINT( '', ( 7.36520010960730, 1.15407041951190, 11.8000000000000 ) );
#8258 = CARTESIAN_POINT( '', ( 8.65606364573773, 1.15407041951190, 11.8000000000000 ) );
#8259 = CARTESIAN_POINT( '', ( 7.36520010960730, 1.15407041951190, 11.8000000000000 ) );
#8260 = CARTESIAN_POINT( '', ( 7.41120315878071, 1.46930978667174, 11.8000000000000 ) );
#8261 = CARTESIAN_POINT( '', ( 7.68264566207386, 1.71141819644225, 11.8000000000000 ) );
#8262 = CARTESIAN_POINT( '', ( 8.01063187767251, 1.71141819644225, 11.8000000000000 ) );
#8263 = CARTESIAN_POINT( '', ( 8.33861809327117, 1.71141819644225, 11.8000000000000 ) );
#8264 = CARTESIAN_POINT( '', ( 8.61006059656432, 1.46930978667174, 11.8000000000000 ) );
#8265 = CARTESIAN_POINT( '', ( 8.65606364573773, 1.15407041951190, 11.8000000000000 ) );
#8266 = CARTESIAN_POINT( '', ( 9.52195052334085, 1.15407041951190, 11.8000000000000 ) );
#8267 = CARTESIAN_POINT( '', ( 8.65606364573773, 1.15407041951190, 11.8000000000000 ) );
#8268 = CARTESIAN_POINT( '', ( 8.74265233349804, 1.15407041951190, 11.8000000000000 ) );
#8269 = CARTESIAN_POINT( '', ( 9.44402070435657, 1.15407041951190, 11.8000000000000 ) );
#8270 = CARTESIAN_POINT( '', ( 9.52195052334085, 1.15407041951190, 11.8000000000000 ) );
#8271 = CARTESIAN_POINT( '', ( 9.52195052334085, 0.964256772567283, 11.8000000000000 ) );
#8272 = CARTESIAN_POINT( '', ( 9.52195052334085, 1.15407041951190, 11.8000000000000 ) );
#8273 = CARTESIAN_POINT( '', ( 9.52195052334085, 1.13508905481743, 11.8000000000000 ) );
#8274 = CARTESIAN_POINT( '', ( 9.52195052334085, 0.981340000792299, 11.8000000000000 ) );
#8275 = CARTESIAN_POINT( '', ( 9.52195052334085, 0.964256772567283, 11.8000000000000 ) );
#8276 = CARTESIAN_POINT( '', ( 8.65606364573773, 0.964256772567283, 11.8000000000000 ) );
#8277 = CARTESIAN_POINT( '', ( 9.52195052334085, 0.964256772567283, 11.8000000000000 ) );
#8278 = CARTESIAN_POINT( '', ( 9.43536183558054, 0.964256772567283, 11.8000000000000 ) );
#8279 = CARTESIAN_POINT( '', ( 8.73399346472201, 0.964256772567283, 11.8000000000000 ) );
#8280 = CARTESIAN_POINT( '', ( 8.65606364573773, 0.964256772567283, 11.8000000000000 ) );
#8281 = CARTESIAN_POINT( '', ( 7.36520010960730, 0.964256772567283, 11.8000000000000 ) );
#8282 = CARTESIAN_POINT( '', ( 8.65606364573773, 0.964256772567283, 11.8000000000000 ) );
#8283 = CARTESIAN_POINT( '', ( 8.61006059656432, 0.649017405407448, 11.8000000000000 ) );
#8284 = CARTESIAN_POINT( '', ( 8.33861809327117, 0.406908995636937, 11.8000000000000 ) );
#8285 = CARTESIAN_POINT( '', ( 8.01063187767251, 0.406908995636937, 11.8000000000000 ) );
#8286 = CARTESIAN_POINT( '', ( 7.68264566207386, 0.406908995636937, 11.8000000000000 ) );
#8287 = CARTESIAN_POINT( '', ( 7.41120315878071, 0.649017405407448, 11.8000000000000 ) );
#8288 = CARTESIAN_POINT( '', ( 7.36520010960730, 0.964256772567283, 11.8000000000000 ) );
#8289 = CARTESIAN_POINT( '', ( -9.45238706236560, 0.964256772567283, 11.8000000000000 ) );
#8290 = CARTESIAN_POINT( '', ( 7.36520010960730, 0.964256772567283, 11.8000000000000 ) );
#8291 = CARTESIAN_POINT( '', ( 5.68344139241001, 0.964256772567283, 11.8000000000000 ) );
#8292 = CARTESIAN_POINT( '', ( -7.93880421688804, 0.964256772567283, 11.8000000000000 ) );
#8293 = CARTESIAN_POINT( '', ( -9.45238706236560, 0.964256772567283, 11.8000000000000 ) );
#8294 = CARTESIAN_POINT( '', ( -9.45238706236560, 0.964256772567283, 11.8000000000000 ) );
#8295 = CARTESIAN_POINT( '', ( -9.45238706236560, 0.983238137261744, 11.8000000000000 ) );
#8296 = CARTESIAN_POINT( '', ( -9.45238706236560, 1.13698719128688, 11.8000000000000 ) );
#8297 = CARTESIAN_POINT( '', ( -9.45238706236560, 1.15407041951190, 11.8000000000000 ) );
#8298 = CARTESIAN_POINT( '', ( -5.67639344262295, -2.90680327868853, 11.8000000000000 ) );
#8299 = CARTESIAN_POINT( '', ( -5.67639344262295, -5.85762295081967, 11.8000000000000 ) );
#8300 = CARTESIAN_POINT( '', ( -5.67639344262295, -2.90680327868853, 11.8000000000000 ) );
#8301 = CARTESIAN_POINT( '', ( -5.67639344262295, -5.85762295081967, 11.8000000000000 ) );
#8302 = CARTESIAN_POINT( '', ( -5.21606557377049, -2.90680327868853, 11.8000000000000 ) );
#8303 = CARTESIAN_POINT( '', ( -5.21606557377049, -2.90680327868853, 11.8000000000000 ) );
#8304 = CARTESIAN_POINT( '', ( -5.67639344262295, -2.90680327868853, 11.8000000000000 ) );
#8305 = CARTESIAN_POINT( '', ( -4.50786885245902, -5.52713114754099, 11.8000000000000 ) );
#8306 = CARTESIAN_POINT( '', ( -4.50786885245902, -5.52713114754099, 11.8000000000000 ) );
#8307 = CARTESIAN_POINT( '', ( -5.21606557377049, -2.90680327868853, 11.8000000000000 ) );
#8308 = CARTESIAN_POINT( '', ( -4.49803278688525, -5.52713114754099, 11.8000000000000 ) );
#8309 = CARTESIAN_POINT( '', ( -4.49803278688525, -5.52713114754099, 11.8000000000000 ) );
#8310 = CARTESIAN_POINT( '', ( -4.50786885245902, -5.52713114754099, 11.8000000000000 ) );
#8311 = CARTESIAN_POINT( '', ( -3.78786885245901, -2.90680327868853, 11.8000000000000 ) );
#8312 = CARTESIAN_POINT( '', ( -3.78786885245901, -2.90680327868853, 11.8000000000000 ) );
#8313 = CARTESIAN_POINT( '', ( -4.49803278688525, -5.52713114754099, 11.8000000000000 ) );
#8314 = CARTESIAN_POINT( '', ( -3.35508196721312, -2.90680327868853, 11.8000000000000 ) );
#8315 = CARTESIAN_POINT( '', ( -3.35508196721312, -2.90680327868853, 11.8000000000000 ) );
#8316 = CARTESIAN_POINT( '', ( -3.78786885245901, -2.90680327868853, 11.8000000000000 ) );
#8317 = CARTESIAN_POINT( '', ( -3.35508196721312, -5.85762295081967, 11.8000000000000 ) );
#8318 = CARTESIAN_POINT( '', ( -3.35508196721312, -5.85762295081967, 11.8000000000000 ) );
#8319 = CARTESIAN_POINT( '', ( -3.35508196721312, -2.90680327868853, 11.8000000000000 ) );
#8320 = CARTESIAN_POINT( '', ( -3.61868852459017, -5.85762295081967, 11.8000000000000 ) );
#8321 = CARTESIAN_POINT( '', ( -3.61868852459017, -5.85762295081967, 11.8000000000000 ) );
#8322 = CARTESIAN_POINT( '', ( -3.35508196721312, -5.85762295081967, 11.8000000000000 ) );
#8323 = CARTESIAN_POINT( '', ( -3.61868852459017, -3.15467213114755, 11.8000000000000 ) );
#8324 = CARTESIAN_POINT( '', ( -3.61868852459017, -3.15467213114755, 11.8000000000000 ) );
#8325 = CARTESIAN_POINT( '', ( -3.61868852459017, -5.85762295081967, 11.8000000000000 ) );
#8326 = CARTESIAN_POINT( '', ( -3.62655737704918, -3.15467213114755, 11.8000000000000 ) );
#8327 = CARTESIAN_POINT( '', ( -3.62655737704918, -3.15467213114755, 11.8000000000000 ) );
#8328 = CARTESIAN_POINT( '', ( -3.61868852459017, -3.15467213114755, 11.8000000000000 ) );
#8329 = CARTESIAN_POINT( '', ( -4.39180327868853, -5.85762295081967, 11.8000000000000 ) );
#8330 = CARTESIAN_POINT( '', ( -4.39180327868853, -5.85762295081967, 11.8000000000000 ) );
#8331 = CARTESIAN_POINT( '', ( -3.62655737704918, -3.15467213114755, 11.8000000000000 ) );
#8332 = CARTESIAN_POINT( '', ( -4.63967213114754, -5.85762295081967, 11.8000000000000 ) );
#8333 = CARTESIAN_POINT( '', ( -4.63967213114754, -5.85762295081967, 11.8000000000000 ) );
#8334 = CARTESIAN_POINT( '', ( -4.39180327868853, -5.85762295081967, 11.8000000000000 ) );
#8335 = CARTESIAN_POINT( '', ( -5.40295081967213, -3.15467213114755, 11.8000000000000 ) );
#8336 = CARTESIAN_POINT( '', ( -5.40295081967213, -3.15467213114755, 11.8000000000000 ) );
#8337 = CARTESIAN_POINT( '', ( -4.63967213114754, -5.85762295081967, 11.8000000000000 ) );
#8338 = CARTESIAN_POINT( '', ( -5.41081967213115, -3.15467213114755, 11.8000000000000 ) );
#8339 = CARTESIAN_POINT( '', ( -5.41081967213115, -3.15467213114755, 11.8000000000000 ) );
#8340 = CARTESIAN_POINT( '', ( -5.40295081967213, -3.15467213114755, 11.8000000000000 ) );
#8341 = CARTESIAN_POINT( '', ( -5.41081967213115, -5.85762295081967, 11.8000000000000 ) );
#8342 = CARTESIAN_POINT( '', ( -5.41081967213115, -5.85762295081967, 11.8000000000000 ) );
#8343 = CARTESIAN_POINT( '', ( -5.41081967213115, -3.15467213114755, 11.8000000000000 ) );
#8344 = CARTESIAN_POINT( '', ( -5.67639344262295, -5.85762295081967, 11.8000000000000 ) );
#8345 = CARTESIAN_POINT( '', ( -5.41081967213115, -5.85762295081967, 11.8000000000000 ) );
#8346 = CARTESIAN_POINT( '', ( 10.5000000000000, 10.2500000000000, 11.8000000000000 ) );
#8347 = CARTESIAN_POINT( '', ( 10.0000000000000, 10.7500000000000, 11.8000000000000 ) );
#8348 = AXIS2_PLACEMENT_3D( '', #11311, #11312, #11313 );
#8349 = CARTESIAN_POINT( '', ( -10.0000000000000, 10.7500000000000, 11.8000000000000 ) );
#8350 = CARTESIAN_POINT( '', ( -11.0000000000000, 10.7500000000000, 11.8000000000000 ) );
#8351 = VECTOR( '', #11314, 1000.00000000000 );
#8352 = CARTESIAN_POINT( '', ( -10.5000000000000, 10.2500000000000, 11.8000000000000 ) );
#8353 = AXIS2_PLACEMENT_3D( '', #11315, #11316, #11317 );
#8354 = CARTESIAN_POINT( '', ( -10.5000000000000, -10.2500000000000, 11.8000000000000 ) );
#8355 = CARTESIAN_POINT( '', ( -10.5000000000000, -11.2500000000000, 11.8000000000000 ) );
#8356 = VECTOR( '', #11318, 1000.00000000000 );
#8357 = CARTESIAN_POINT( '', ( -10.0000000000000, -10.7500000000000, 11.8000000000000 ) );
#8358 = AXIS2_PLACEMENT_3D( '', #11319, #11320, #11321 );
#8359 = CARTESIAN_POINT( '', ( 10.0000000000000, -10.7500000000000, 11.8000000000000 ) );
#8360 = CARTESIAN_POINT( '', ( -11.0000000000000, -10.7500000000000, 11.8000000000000 ) );
#8361 = VECTOR( '', #11322, 1000.00000000000 );
#8362 = CARTESIAN_POINT( '', ( 10.5000000000000, -10.2500000000000, 11.8000000000000 ) );
#8363 = AXIS2_PLACEMENT_3D( '', #11323, #11324, #11325 );
#8364 = CARTESIAN_POINT( '', ( 10.5000000000000, -11.2500000000000, 11.8000000000000 ) );
#8365 = VECTOR( '', #11326, 1000.00000000000 );
#8366 = CARTESIAN_POINT( '', ( -2.90459016393442, -4.31729508196721, 11.8000000000000 ) );
#8367 = CARTESIAN_POINT( '', ( -2.65672131147541, -4.31729508196721, 11.8000000000000 ) );
#8368 = CARTESIAN_POINT( '', ( -2.90459016393442, -4.31729508196721, 11.8000000000000 ) );
#8369 = CARTESIAN_POINT( '', ( -2.82196721311476, -4.31729508196721, 11.8000000000000 ) );
#8370 = CARTESIAN_POINT( '', ( -2.73934426229508, -4.31729508196721, 11.8000000000000 ) );
#8371 = CARTESIAN_POINT( '', ( -2.65672131147541, -4.31729508196721, 11.8000000000000 ) );
#8372 = CARTESIAN_POINT( '', ( -1.40754098360656, -5.67663934426230, 11.8000000000000 ) );
#8373 = CARTESIAN_POINT( '', ( -1.40754098360656, -5.67663934426230, 11.8000000000000 ) );
#8374 = CARTESIAN_POINT( '', ( -1.43114754098361, -5.67663934426230, 11.8000000000000 ) );
#8375 = CARTESIAN_POINT( '', ( -1.45475409836066, -5.67663934426230, 11.8000000000000 ) );
#8376 = CARTESIAN_POINT( '', ( -1.47836065573771, -5.67663934426230, 11.8000000000000 ) );
#8377 = CARTESIAN_POINT( '', ( -1.56491803278689, -5.67663934426230, 11.8000000000000 ) );
#8378 = CARTESIAN_POINT( '', ( -1.60622950819672, -5.61565573770492, 11.8000000000000 ) );
#8379 = CARTESIAN_POINT( '', ( -1.60622950819672, -5.49762295081967, 11.8000000000000 ) );
#8380 = CARTESIAN_POINT( '', ( -1.60622950819672, -5.06418032786885, 11.8000000000000 ) );
#8381 = CARTESIAN_POINT( '', ( -1.60622950819672, -4.63073770491804, 11.8000000000000 ) );
#8382 = CARTESIAN_POINT( '', ( -1.60622950819672, -4.19729508196721, 11.8000000000000 ) );
#8383 = CARTESIAN_POINT( '', ( -1.60622950819672, -3.85106557377050, 11.8000000000000 ) );
#8384 = CARTESIAN_POINT( '', ( -1.77737704918033, -3.61500000000000, 11.8000000000000 ) );
#8385 = CARTESIAN_POINT( '', ( -2.69409836065574, -3.61500000000000, 11.8000000000000 ) );
#8386 = CARTESIAN_POINT( '', ( -2.90459016393442, -3.86680327868853, 11.8000000000000 ) );
#8387 = CARTESIAN_POINT( '', ( -2.90459016393442, -4.31729508196721, 11.8000000000000 ) );
#8388 = CARTESIAN_POINT( '', ( -1.40754098360656, -5.85959016393443, 11.8000000000000 ) );
#8389 = CARTESIAN_POINT( '', ( -1.40754098360656, -5.85959016393443, 11.8000000000000 ) );
#8390 = CARTESIAN_POINT( '', ( -1.40754098360656, -5.79860655737705, 11.8000000000000 ) );
#8391 = CARTESIAN_POINT( '', ( -1.40754098360656, -5.73762295081967, 11.8000000000000 ) );
#8392 = CARTESIAN_POINT( '', ( -1.40754098360656, -5.67663934426230, 11.8000000000000 ) );
#8393 = CARTESIAN_POINT( '', ( -1.84426229508197, -5.53893442622951, 11.8000000000000 ) );
#8394 = CARTESIAN_POINT( '', ( -1.84426229508197, -5.53893442622951, 11.8000000000000 ) );
#8395 = CARTESIAN_POINT( '', ( -1.84426229508197, -5.56319672131148, 11.8000000000000 ) );
#8396 = CARTESIAN_POINT( '', ( -1.84426229508197, -5.58745901639344, 11.8000000000000 ) );
#8397 = CARTESIAN_POINT( '', ( -1.84426229508197, -5.61172131147541, 11.8000000000000 ) );
#8398 = CARTESIAN_POINT( '', ( -1.84426229508197, -5.83795081967213, 11.8000000000000 ) );
#8399 = CARTESIAN_POINT( '', ( -1.71836065573770, -5.88516393442623, 11.8000000000000 ) );
#8400 = CARTESIAN_POINT( '', ( -1.49606557377049, -5.88516393442623, 11.8000000000000 ) );
#8401 = CARTESIAN_POINT( '', ( -1.45475409836066, -5.87532786885246, 11.8000000000000 ) );
#8402 = CARTESIAN_POINT( '', ( -1.40754098360656, -5.85959016393443, 11.8000000000000 ) );
#8403 = CARTESIAN_POINT( '', ( -1.85213114754099, -5.53893442622951, 11.8000000000000 ) );
#8404 = CARTESIAN_POINT( '', ( -1.85213114754099, -5.53893442622951, 11.8000000000000 ) );
#8405 = CARTESIAN_POINT( '', ( -1.84950819672131, -5.53893442622951, 11.8000000000000 ) );
#8406 = CARTESIAN_POINT( '', ( -1.84688524590164, -5.53893442622951, 11.8000000000000 ) );
#8407 = CARTESIAN_POINT( '', ( -1.84426229508197, -5.53893442622951, 11.8000000000000 ) );
#8408 = CARTESIAN_POINT( '', ( -2.65672131147541, -4.31729508196721, 11.8000000000000 ) );
#8409 = CARTESIAN_POINT( '', ( -2.65672131147541, -3.99860655737705, 11.8000000000000 ) );
#8410 = CARTESIAN_POINT( '', ( -2.53278688524590, -3.82155737704919, 11.8000000000000 ) );
#8411 = CARTESIAN_POINT( '', ( -2.00754098360656, -3.82155737704919, 11.8000000000000 ) );
#8412 = CARTESIAN_POINT( '', ( -1.85606557377049, -3.91991803278689, 11.8000000000000 ) );
#8413 = CARTESIAN_POINT( '', ( -1.85606557377049, -4.45303278688525, 11.8000000000000 ) );
#8414 = CARTESIAN_POINT( '', ( -1.88950819672131, -4.50221311475410, 11.8000000000000 ) );
#8415 = CARTESIAN_POINT( '', ( -2.06655737704918, -4.54745901639344, 11.8000000000000 ) );
#8416 = CARTESIAN_POINT( '', ( -2.22297920280259, -4.58743348297487, 11.8000000000000 ) );
#8417 = CARTESIAN_POINT( '', ( -2.37737704918033, -4.63532786885246, 11.8000000000000 ) );
#8418 = CARTESIAN_POINT( '', ( -2.53278688524590, -4.67926229508197, 11.8000000000000 ) );
#8419 = CARTESIAN_POINT( '', ( -2.84508486980756, -4.76754906708885, 11.8000000000000 ) );
#8420 = CARTESIAN_POINT( '', ( -2.97540983606558, -4.99401639344262, 11.8000000000000 ) );
#8421 = CARTESIAN_POINT( '', ( -2.97540983606558, -5.66680327868853, 11.8000000000000 ) );
#8422 = CARTESIAN_POINT( '', ( -2.80032786885246, -5.90483606557377, 11.8000000000000 ) );
#8423 = CARTESIAN_POINT( '', ( -2.16885245901639, -5.90483606557377, 11.8000000000000 ) );
#8424 = CARTESIAN_POINT( '', ( -1.95049180327869, -5.82221311475410, 11.8000000000000 ) );
#8425 = CARTESIAN_POINT( '', ( -1.85213114754099, -5.53893442622951, 11.8000000000000 ) );
#8426 = CARTESIAN_POINT( '', ( -1.09868852459017, -3.66221311475410, 11.8000000000000 ) );
#8427 = CARTESIAN_POINT( '', ( -1.09868852459017, -5.85762295081967, 11.8000000000000 ) );
#8428 = CARTESIAN_POINT( '', ( -1.09868852459017, -3.66221311475410, 11.8000000000000 ) );
#8429 = CARTESIAN_POINT( '', ( -1.09868852459017, -4.39401639344262, 11.8000000000000 ) );
#8430 = CARTESIAN_POINT( '', ( -1.09868852459017, -5.12581967213115, 11.8000000000000 ) );
#8431 = CARTESIAN_POINT( '', ( -1.09868852459017, -5.85762295081967, 11.8000000000000 ) );
#8432 = CARTESIAN_POINT( '', ( -0.850819672131147, -3.66221311475410, 11.8000000000000 ) );
#8433 = CARTESIAN_POINT( '', ( -0.850819672131147, -3.66221311475410, 11.8000000000000 ) );
#8434 = CARTESIAN_POINT( '', ( -0.933442622950820, -3.66221311475410, 11.8000000000000 ) );
#8435 = CARTESIAN_POINT( '', ( -1.01606557377049, -3.66221311475410, 11.8000000000000 ) );
#8436 = CARTESIAN_POINT( '', ( -1.09868852459017, -3.66221311475410, 11.8000000000000 ) );
#8437 = CARTESIAN_POINT( '', ( -0.850819672131147, -4.00844262295082, 11.8000000000000 ) );
#8438 = CARTESIAN_POINT( '', ( -0.850819672131147, -4.00844262295082, 11.8000000000000 ) );
#8439 = CARTESIAN_POINT( '', ( -0.850819672131147, -3.89303278688525, 11.8000000000000 ) );
#8440 = CARTESIAN_POINT( '', ( -0.850819672131147, -3.77762295081968, 11.8000000000000 ) );
#8441 = CARTESIAN_POINT( '', ( -0.850819672131147, -3.66221311475410, 11.8000000000000 ) );
#8442 = CARTESIAN_POINT( '', ( -0.842950819672131, -4.00844262295082, 11.8000000000000 ) );
#8443 = CARTESIAN_POINT( '', ( -0.842950819672131, -4.00844262295082, 11.8000000000000 ) );
#8444 = CARTESIAN_POINT( '', ( -0.845573770491803, -4.00844262295082, 11.8000000000000 ) );
#8445 = CARTESIAN_POINT( '', ( -0.848196721311475, -4.00844262295082, 11.8000000000000 ) );
#8446 = CARTESIAN_POINT( '', ( -0.850819672131147, -4.00844262295082, 11.8000000000000 ) );
#8447 = CARTESIAN_POINT( '', ( -0.201639344262294, -3.62877049180328, 11.8000000000000 ) );
#8448 = CARTESIAN_POINT( '', ( -0.201639344262294, -3.62877049180328, 11.8000000000000 ) );
#8449 = CARTESIAN_POINT( '', ( -0.231147540983607, -3.61893442622951, 11.8000000000000 ) );
#8450 = CARTESIAN_POINT( '', ( -0.258688524590166, -3.61500000000000, 11.8000000000000 ) );
#8451 = CARTESIAN_POINT( '', ( -0.547868852459017, -3.61500000000000, 11.8000000000000 ) );
#8452 = CARTESIAN_POINT( '', ( -0.746557377049181, -3.76057377049181, 11.8000000000000 ) );
#8453 = CARTESIAN_POINT( '', ( -0.842950819672131, -4.00844262295082, 11.8000000000000 ) );
#8454 = CARTESIAN_POINT( '', ( -0.201639344262294, -3.87663934426229, 11.8000000000000 ) );
#8455 = CARTESIAN_POINT( '', ( -0.201639344262294, -3.87663934426229, 11.8000000000000 ) );
#8456 = CARTESIAN_POINT( '', ( -0.201639344262294, -3.79401639344263, 11.8000000000000 ) );
#8457 = CARTESIAN_POINT( '', ( -0.201639344262294, -3.71139344262295, 11.8000000000000 ) );
#8458 = CARTESIAN_POINT( '', ( -0.201639344262294, -3.62877049180328, 11.8000000000000 ) );
#8459 = CARTESIAN_POINT( '', ( -0.850819672131147, -5.85762295081967, 11.8000000000000 ) );
#8460 = CARTESIAN_POINT( '', ( -0.850819672131147, -5.85762295081967, 11.8000000000000 ) );
#8461 = CARTESIAN_POINT( '', ( -0.850819672131147, -5.40122950819672, 11.8000000000000 ) );
#8462 = CARTESIAN_POINT( '', ( -0.850819672131147, -4.94483606557377, 11.8000000000000 ) );
#8463 = CARTESIAN_POINT( '', ( -0.850819672131147, -4.48844262295082, 11.8000000000000 ) );
#8464 = CARTESIAN_POINT( '', ( -0.850819672131147, -4.06352459016394, 11.8000000000000 ) );
#8465 = CARTESIAN_POINT( '', ( -0.599016393442624, -3.86483606557378, 11.8000000000000 ) );
#8466 = CARTESIAN_POINT( '', ( -0.284262295081968, -3.86483606557378, 11.8000000000000 ) );
#8467 = CARTESIAN_POINT( '', ( -0.242950819672132, -3.86877049180328, 11.8000000000000 ) );
#8468 = CARTESIAN_POINT( '', ( -0.201639344262294, -3.87663934426229, 11.8000000000000 ) );
#8469 = CARTESIAN_POINT( '', ( -1.09868852459017, -5.85762295081967, 11.8000000000000 ) );
#8470 = CARTESIAN_POINT( '', ( -1.01606557377049, -5.85762295081967, 11.8000000000000 ) );
#8471 = CARTESIAN_POINT( '', ( -0.933442622950820, -5.85762295081967, 11.8000000000000 ) );
#8472 = CARTESIAN_POINT( '', ( -0.850819672131147, -5.85762295081967, 11.8000000000000 ) );
#8473 = CARTESIAN_POINT( '', ( 0.0206557377049170, -2.90680327868853, 11.8000000000000 ) );
#8474 = CARTESIAN_POINT( '', ( 0.0206557377049170, -5.85762295081967, 11.8000000000000 ) );
#8475 = CARTESIAN_POINT( '', ( 0.0206557377049170, -2.90680327868853, 11.8000000000000 ) );
#8476 = CARTESIAN_POINT( '', ( 0.0206557377049170, -5.85762295081967, 11.8000000000000 ) );
#8477 = CARTESIAN_POINT( '', ( 0.268524590163934, -2.90680327868853, 11.8000000000000 ) );
#8478 = CARTESIAN_POINT( '', ( 0.268524590163933, -2.90680327868853, 11.8000000000000 ) );
#8479 = CARTESIAN_POINT( '', ( 0.0206557377049170, -2.90680327868853, 11.8000000000000 ) );
#8480 = CARTESIAN_POINT( '', ( 0.268524590163933, -4.75598360655738, 11.8000000000000 ) );
#8481 = CARTESIAN_POINT( '', ( 0.268524590163933, -4.75598360655738, 11.8000000000000 ) );
#8482 = CARTESIAN_POINT( '', ( 0.268524590163933, -2.90680327868853, 11.8000000000000 ) );
#8483 = CARTESIAN_POINT( '', ( 0.276393442622950, -4.75598360655738, 11.8000000000000 ) );
#8484 = CARTESIAN_POINT( '', ( 0.276393442622950, -4.75598360655738, 11.8000000000000 ) );
#8485 = CARTESIAN_POINT( '', ( 0.268524590163933, -4.75598360655738, 11.8000000000000 ) );
#8486 = CARTESIAN_POINT( '', ( 1.12819672131147, -3.66221311475410, 11.8000000000000 ) );
#8487 = CARTESIAN_POINT( '', ( 1.12819672131147, -3.66221311475410, 11.8000000000000 ) );
#8488 = CARTESIAN_POINT( '', ( 0.276393442622950, -4.75598360655738, 11.8000000000000 ) );
#8489 = CARTESIAN_POINT( '', ( 1.43311475409836, -3.66221311475410, 11.8000000000000 ) );
#8490 = CARTESIAN_POINT( '', ( 1.43311475409836, -3.66221311475410, 11.8000000000000 ) );
#8491 = CARTESIAN_POINT( '', ( 1.12819672131147, -3.66221311475410, 11.8000000000000 ) );
#8492 = CARTESIAN_POINT( '', ( 0.772131147540983, -4.47860655737705, 11.8000000000000 ) );
#8493 = CARTESIAN_POINT( '', ( 0.772131147540983, -4.47860655737705, 11.8000000000000 ) );
#8494 = CARTESIAN_POINT( '', ( 1.43311475409836, -3.66221311475410, 11.8000000000000 ) );
#8495 = CARTESIAN_POINT( '', ( 1.55311475409836, -5.85762295081967, 11.8000000000000 ) );
#8496 = CARTESIAN_POINT( '', ( 1.55311475409836, -5.85762295081967, 11.8000000000000 ) );
#8497 = CARTESIAN_POINT( '', ( 0.772131147540983, -4.47860655737705, 11.8000000000000 ) );
#8498 = CARTESIAN_POINT( '', ( 1.24819672131147, -5.85762295081967, 11.8000000000000 ) );
#8499 = CARTESIAN_POINT( '', ( 1.24819672131147, -5.85762295081967, 11.8000000000000 ) );
#8500 = CARTESIAN_POINT( '', ( 1.55311475409836, -5.85762295081967, 11.8000000000000 ) );
#8501 = CARTESIAN_POINT( '', ( 0.595081967213114, -4.70090163934427, 11.8000000000000 ) );
#8502 = CARTESIAN_POINT( '', ( 0.595081967213114, -4.70090163934427, 11.8000000000000 ) );
#8503 = CARTESIAN_POINT( '', ( 1.24819672131147, -5.85762295081967, 11.8000000000000 ) );
#8504 = CARTESIAN_POINT( '', ( 0.268524590163933, -5.09040983606558, 11.8000000000000 ) );
#8505 = CARTESIAN_POINT( '', ( 0.268524590163933, -5.09040983606558, 11.8000000000000 ) );
#8506 = CARTESIAN_POINT( '', ( 0.595081967213114, -4.70090163934427, 11.8000000000000 ) );
#8507 = CARTESIAN_POINT( '', ( 0.268524590163933, -5.85762295081967, 11.8000000000000 ) );
#8508 = CARTESIAN_POINT( '', ( 0.268524590163933, -5.85762295081967, 11.8000000000000 ) );
#8509 = CARTESIAN_POINT( '', ( 0.268524590163933, -5.09040983606558, 11.8000000000000 ) );
#8510 = CARTESIAN_POINT( '', ( 0.0206557377049170, -5.85762295081967, 11.8000000000000 ) );
#8511 = CARTESIAN_POINT( '', ( 0.268524590163933, -5.85762295081967, 11.8000000000000 ) );
#8512 = CARTESIAN_POINT( '', ( 1.74000000000000, -2.90680327868853, 11.8000000000000 ) );
#8513 = CARTESIAN_POINT( '', ( 1.74000000000000, -3.32778688524590, 11.8000000000000 ) );
#8514 = CARTESIAN_POINT( '', ( 1.74000000000000, -2.90680327868853, 11.8000000000000 ) );
#8515 = CARTESIAN_POINT( '', ( 1.74000000000000, -3.32778688524590, 11.8000000000000 ) );
#8516 = CARTESIAN_POINT( '', ( 1.98983606557377, -2.90680327868853, 11.8000000000000 ) );
#8517 = CARTESIAN_POINT( '', ( 1.98983606557377, -2.90680327868853, 11.8000000000000 ) );
#8518 = CARTESIAN_POINT( '', ( 1.74000000000000, -2.90680327868853, 11.8000000000000 ) );
#8519 = CARTESIAN_POINT( '', ( 1.98983606557377, -3.32778688524590, 11.8000000000000 ) );
#8520 = CARTESIAN_POINT( '', ( 1.98983606557377, -3.32778688524590, 11.8000000000000 ) );
#8521 = CARTESIAN_POINT( '', ( 1.98983606557377, -2.90680327868853, 11.8000000000000 ) );
#8522 = CARTESIAN_POINT( '', ( 1.74000000000000, -3.32778688524590, 11.8000000000000 ) );
#8523 = CARTESIAN_POINT( '', ( 1.98983606557377, -3.32778688524590, 11.8000000000000 ) );
#8524 = CARTESIAN_POINT( '', ( 1.74000000000000, -3.66221311475410, 11.8000000000000 ) );
#8525 = CARTESIAN_POINT( '', ( 1.74000000000000, -5.85762295081967, 11.8000000000000 ) );
#8526 = CARTESIAN_POINT( '', ( 1.74000000000000, -3.66221311475410, 11.8000000000000 ) );
#8527 = CARTESIAN_POINT( '', ( 1.74000000000000, -5.85762295081967, 11.8000000000000 ) );
#8528 = CARTESIAN_POINT( '', ( 1.98983606557377, -3.66221311475410, 11.8000000000000 ) );
#8529 = CARTESIAN_POINT( '', ( 1.98983606557377, -3.66221311475410, 11.8000000000000 ) );
#8530 = CARTESIAN_POINT( '', ( 1.74000000000000, -3.66221311475410, 11.8000000000000 ) );
#8531 = CARTESIAN_POINT( '', ( 1.98983606557377, -5.85762295081967, 11.8000000000000 ) );
#8532 = CARTESIAN_POINT( '', ( 1.98983606557377, -5.85762295081967, 11.8000000000000 ) );
#8533 = CARTESIAN_POINT( '', ( 1.98983606557377, -3.66221311475410, 11.8000000000000 ) );
#8534 = CARTESIAN_POINT( '', ( 1.74000000000000, -5.85762295081967, 11.8000000000000 ) );
#8535 = CARTESIAN_POINT( '', ( 1.98983606557377, -5.85762295081967, 11.8000000000000 ) );
#8536 = CARTESIAN_POINT( '', ( 2.48754098360656, -3.66221311475410, 11.8000000000000 ) );
#8537 = CARTESIAN_POINT( '', ( 2.48754098360656, -5.85762295081967, 11.8000000000000 ) );
#8538 = CARTESIAN_POINT( '', ( 2.48754098360656, -3.66221311475410, 11.8000000000000 ) );
#8539 = CARTESIAN_POINT( '', ( 2.48754098360656, -4.39401639344262, 11.8000000000000 ) );
#8540 = CARTESIAN_POINT( '', ( 2.48754098360656, -5.12581967213115, 11.8000000000000 ) );
#8541 = CARTESIAN_POINT( '', ( 2.48754098360656, -5.85762295081967, 11.8000000000000 ) );
#8542 = CARTESIAN_POINT( '', ( 2.70983606557378, -3.66221311475410, 11.8000000000000 ) );
#8543 = CARTESIAN_POINT( '', ( 2.70983606557377, -3.66221311475410, 11.8000000000000 ) );
#8544 = CARTESIAN_POINT( '', ( 2.63573770491804, -3.66221311475410, 11.8000000000000 ) );
#8545 = CARTESIAN_POINT( '', ( 2.56163934426230, -3.66221311475410, 11.8000000000000 ) );
#8546 = CARTESIAN_POINT( '', ( 2.48754098360656, -3.66221311475410, 11.8000000000000 ) );
#8547 = CARTESIAN_POINT( '', ( 2.70983606557377, -3.96909836065574, 11.8000000000000 ) );
#8548 = CARTESIAN_POINT( '', ( 2.70983606557377, -3.96909836065574, 11.8000000000000 ) );
#8549 = CARTESIAN_POINT( '', ( 2.70983606557377, -3.86680327868853, 11.8000000000000 ) );
#8550 = CARTESIAN_POINT( '', ( 2.70983606557377, -3.76450819672132, 11.8000000000000 ) );
#8551 = CARTESIAN_POINT( '', ( 2.70983606557377, -3.66221311475410, 11.8000000000000 ) );
#8552 = CARTESIAN_POINT( '', ( 2.71770491803279, -3.97106557377050, 11.8000000000000 ) );
#8553 = CARTESIAN_POINT( '', ( 2.71770491803279, -3.97106557377050, 11.8000000000000 ) );
#8554 = CARTESIAN_POINT( '', ( 2.71508196721312, -3.97040983606558, 11.8000000000000 ) );
#8555 = CARTESIAN_POINT( '', ( 2.71245901639344, -3.96975409836066, 11.8000000000000 ) );
#8556 = CARTESIAN_POINT( '', ( 2.70983606557377, -3.96909836065574, 11.8000000000000 ) );
#8557 = CARTESIAN_POINT( '', ( 3.84295081967214, -5.85762295081967, 11.8000000000000 ) );
#8558 = CARTESIAN_POINT( '', ( 3.84295081967214, -5.85762295081967, 11.8000000000000 ) );
#8559 = CARTESIAN_POINT( '', ( 3.84295081967214, -5.30549180327869, 11.8000000000000 ) );
#8560 = CARTESIAN_POINT( '', ( 3.84295081967214, -4.75336065573771, 11.8000000000000 ) );
#8561 = CARTESIAN_POINT( '', ( 3.84295081967214, -4.20122950819673, 11.8000000000000 ) );
#8562 = CARTESIAN_POINT( '', ( 3.84295081967214, -3.78811475409836, 11.8000000000000 ) );
#8563 = CARTESIAN_POINT( '', ( 3.61475409836066, -3.61500000000000, 11.8000000000000 ) );
#8564 = CARTESIAN_POINT( '', ( 3.05409836065574, -3.61500000000000, 11.8000000000000 ) );
#8565 = CARTESIAN_POINT( '', ( 2.84754098360656, -3.72319672131148, 11.8000000000000 ) );
#8566 = CARTESIAN_POINT( '', ( 2.71770491803279, -3.97106557377050, 11.8000000000000 ) );
#8567 = CARTESIAN_POINT( '', ( 3.59508196721312, -5.85762295081967, 11.8000000000000 ) );
#8568 = CARTESIAN_POINT( '', ( 3.59508196721312, -5.85762295081967, 11.8000000000000 ) );
#8569 = CARTESIAN_POINT( '', ( 3.67770491803279, -5.85762295081967, 11.8000000000000 ) );
#8570 = CARTESIAN_POINT( '', ( 3.76032786885246, -5.85762295081967, 11.8000000000000 ) );
#8571 = CARTESIAN_POINT( '', ( 3.84295081967214, -5.85762295081967, 11.8000000000000 ) );
#8572 = CARTESIAN_POINT( '', ( 2.73540983606558, -5.85762295081968, 11.8000000000000 ) );
#8573 = CARTESIAN_POINT( '', ( 2.73540983606558, -5.85762295081968, 11.8000000000000 ) );
#8574 = CARTESIAN_POINT( '', ( 2.73540983606558, -5.36647540983607, 11.8000000000000 ) );
#8575 = CARTESIAN_POINT( '', ( 2.73540983606558, -4.87532786885246, 11.8000000000000 ) );
#8576 = CARTESIAN_POINT( '', ( 2.73540983606558, -4.38418032786886, 11.8000000000000 ) );
#8577 = CARTESIAN_POINT( '', ( 2.73540983606558, -4.04188524590164, 11.8000000000000 ) );
#8578 = CARTESIAN_POINT( '', ( 2.92622950819672, -3.82155737704919, 11.8000000000000 ) );
#8579 = CARTESIAN_POINT( '', ( 3.47114754098361, -3.82155737704919, 11.8000000000000 ) );
#8580 = CARTESIAN_POINT( '', ( 3.59508196721312, -3.97106557377050, 11.8000000000000 ) );
#8581 = CARTESIAN_POINT( '', ( 3.59508196721312, -4.27204918032787, 11.8000000000000 ) );
#8582 = CARTESIAN_POINT( '', ( 3.59508196721312, -4.80057377049181, 11.8000000000000 ) );
#8583 = CARTESIAN_POINT( '', ( 3.59508196721312, -5.32909836065574, 11.8000000000000 ) );
#8584 = CARTESIAN_POINT( '', ( 3.59508196721312, -5.85762295081967, 11.8000000000000 ) );
#8585 = CARTESIAN_POINT( '', ( 2.48754098360656, -5.85762295081967, 11.8000000000000 ) );
#8586 = CARTESIAN_POINT( '', ( 2.57016393442623, -5.85762295081967, 11.8000000000000 ) );
#8587 = CARTESIAN_POINT( '', ( 2.65278688524590, -5.85762295081967, 11.8000000000000 ) );
#8588 = CARTESIAN_POINT( '', ( 2.73540983606558, -5.85762295081968, 11.8000000000000 ) );
#8589 = CARTESIAN_POINT( '', ( 5.44819672131148, -3.66221311475410, 11.8000000000000 ) );
#8590 = CARTESIAN_POINT( '', ( 5.44819672131148, -4.00450819672132, 11.8000000000000 ) );
#8591 = CARTESIAN_POINT( '', ( 5.44819672131148, -3.66221311475410, 11.8000000000000 ) );
#8592 = CARTESIAN_POINT( '', ( 5.44819672131148, -3.77631147540984, 11.8000000000000 ) );
#8593 = CARTESIAN_POINT( '', ( 5.44819672131148, -3.89040983606558, 11.8000000000000 ) );
#8594 = CARTESIAN_POINT( '', ( 5.44819672131148, -4.00450819672132, 11.8000000000000 ) );
#8595 = CARTESIAN_POINT( '', ( 5.67639344262295, -3.66221311475410, 11.8000000000000 ) );
#8596 = CARTESIAN_POINT( '', ( 5.67639344262295, -3.66221311475410, 11.8000000000000 ) );
#8597 = CARTESIAN_POINT( '', ( 5.60032786885246, -3.66221311475410, 11.8000000000000 ) );
#8598 = CARTESIAN_POINT( '', ( 5.52426229508197, -3.66221311475410, 11.8000000000000 ) );
#8599 = CARTESIAN_POINT( '', ( 5.44819672131148, -3.66221311475410, 11.8000000000000 ) );
#8600 = CARTESIAN_POINT( '', ( 4.30327868852459, -6.07991803278689, 11.8000000000000 ) );
#8601 = CARTESIAN_POINT( '', ( 4.30327868852459, -6.07991803278689, 11.8000000000000 ) );
#8602 = CARTESIAN_POINT( '', ( 4.30721311475410, -6.39073770491803, 11.8000000000000 ) );
#8603 = CARTESIAN_POINT( '', ( 4.52557377049180, -6.61500000000000, 11.8000000000000 ) );
#8604 = CARTESIAN_POINT( '', ( 5.45606557377049, -6.61500000000000, 11.8000000000000 ) );
#8605 = CARTESIAN_POINT( '', ( 5.67639344262295, -6.30811475409836, 11.8000000000000 ) );
#8606 = CARTESIAN_POINT( '', ( 5.67639344262295, -5.70024590163935, 11.8000000000000 ) );
#8607 = CARTESIAN_POINT( '', ( 5.67639344262295, -5.02090163934427, 11.8000000000000 ) );
#8608 = CARTESIAN_POINT( '', ( 5.67639344262295, -4.34155737704918, 11.8000000000000 ) );
#8609 = CARTESIAN_POINT( '', ( 5.67639344262295, -3.66221311475410, 11.8000000000000 ) );
#8610 = CARTESIAN_POINT( '', ( 4.55114754098360, -6.07991803278689, 11.8000000000000 ) );
#8611 = CARTESIAN_POINT( '', ( 4.55114754098360, -6.07991803278689, 11.8000000000000 ) );
#8612 = CARTESIAN_POINT( '', ( 4.46852459016393, -6.07991803278689, 11.8000000000000 ) );
#8613 = CARTESIAN_POINT( '', ( 4.38590163934426, -6.07991803278689, 11.8000000000000 ) );
#8614 = CARTESIAN_POINT( '', ( 4.30327868852459, -6.07991803278689, 11.8000000000000 ) );
#8615 = CARTESIAN_POINT( '', ( 5.42852459016393, -5.46418032786885, 11.8000000000000 ) );
#8616 = CARTESIAN_POINT( '', ( 5.42852459016393, -5.46418032786885, 11.8000000000000 ) );
#8617 = CARTESIAN_POINT( '', ( 5.42852459016393, -5.58024590163935, 11.8000000000000 ) );
#8618 = CARTESIAN_POINT( '', ( 5.42852459016393, -5.69631147540984, 11.8000000000000 ) );
#8619 = CARTESIAN_POINT( '', ( 5.42852459016393, -5.81237704918033, 11.8000000000000 ) );
#8620 = CARTESIAN_POINT( '', ( 5.42852459016393, -6.20188524590164, 11.8000000000000 ) );
#8621 = CARTESIAN_POINT( '', ( 5.26721311475410, -6.40647540983607, 11.8000000000000 ) );
#8622 = CARTESIAN_POINT( '', ( 4.74590163934426, -6.40647540983607, 11.8000000000000 ) );
#8623 = CARTESIAN_POINT( '', ( 4.55114754098360, -6.28844262295082, 11.8000000000000 ) );
#8624 = CARTESIAN_POINT( '', ( 4.55114754098360, -6.07991803278689, 11.8000000000000 ) );
#8625 = CARTESIAN_POINT( '', ( 5.41475409836066, -5.46418032786885, 11.8000000000000 ) );
#8626 = CARTESIAN_POINT( '', ( 5.41475409836066, -5.46418032786885, 11.8000000000000 ) );
#8627 = CARTESIAN_POINT( '', ( 5.41934426229508, -5.46418032786885, 11.8000000000000 ) );
#8628 = CARTESIAN_POINT( '', ( 5.42393442622951, -5.46418032786885, 11.8000000000000 ) );
#8629 = CARTESIAN_POINT( '', ( 5.42852459016393, -5.46418032786885, 11.8000000000000 ) );
#8630 = CARTESIAN_POINT( '', ( 5.44032786885246, -4.00450819672132, 11.8000000000000 ) );
#8631 = CARTESIAN_POINT( '', ( 5.44032786885246, -4.00450819672132, 11.8000000000000 ) );
#8632 = CARTESIAN_POINT( '', ( 5.36163934426230, -3.75663934426230, 11.8000000000000 ) );
#8633 = CARTESIAN_POINT( '', ( 5.17278688524590, -3.61500000000000, 11.8000000000000 ) );
#8634 = CARTESIAN_POINT( '', ( 4.44885245901639, -3.61500000000000, 11.8000000000000 ) );
#8635 = CARTESIAN_POINT( '', ( 4.22852459016393, -3.99860655737705, 11.8000000000000 ) );
#8636 = CARTESIAN_POINT( '', ( 4.22852459016393, -5.63926229508197, 11.8000000000000 ) );
#8637 = CARTESIAN_POINT( '', ( 4.56295081967213, -5.85762295081967, 11.8000000000000 ) );
#8638 = CARTESIAN_POINT( '', ( 5.13540983606557, -5.85762295081967, 11.8000000000000 ) );
#8639 = CARTESIAN_POINT( '', ( 5.33803278688525, -5.73368852459017, 11.8000000000000 ) );
#8640 = CARTESIAN_POINT( '', ( 5.41475409836066, -5.46418032786885, 11.8000000000000 ) );
#8641 = CARTESIAN_POINT( '', ( 5.44819672131148, -4.00450819672132, 11.8000000000000 ) );
#8642 = CARTESIAN_POINT( '', ( 5.44557377049180, -4.00450819672132, 11.8000000000000 ) );
#8643 = CARTESIAN_POINT( '', ( 5.44295081967213, -4.00450819672132, 11.8000000000000 ) );
#8644 = CARTESIAN_POINT( '', ( 5.44032786885246, -4.00450819672132, 11.8000000000000 ) );
#8645 = CARTESIAN_POINT( '', ( 1.27670063703568, 2.62919128403668, 11.8000000000000 ) );
#8646 = CARTESIAN_POINT( '', ( 5.18655126394040, 2.62878273120210, 11.8000000000000 ) );
#8647 = CARTESIAN_POINT( '', ( 1.27670063703568, 2.62919128403668, 11.8000000000000 ) );
#8648 = CARTESIAN_POINT( '', ( 1.66768569972615, 2.62915042875322, 11.8000000000000 ) );
#8649 = CARTESIAN_POINT( '', ( 4.83466470751898, 2.62881950095722, 11.8000000000000 ) );
#8650 = CARTESIAN_POINT( '', ( 5.18655126394040, 2.62878273120210, 11.8000000000000 ) );
#8651 = CARTESIAN_POINT( '', ( 6.47733308950392, 2.62878273120210, 11.8000000000000 ) );
#8652 = CARTESIAN_POINT( '', ( 5.18655126394040, 2.62878273120210, 11.8000000000000 ) );
#8653 = CARTESIAN_POINT( '', ( 5.23247260254689, 2.94402209836195, 11.8000000000000 ) );
#8654 = CARTESIAN_POINT( '', ( 5.50391510584005, 3.18613050813245, 11.8000000000000 ) );
#8655 = CARTESIAN_POINT( '', ( 5.83190132143871, 3.18613050813245, 11.8000000000000 ) );
#8656 = CARTESIAN_POINT( '', ( 6.15996924760427, 3.18613050813245, 11.8000000000000 ) );
#8657 = CARTESIAN_POINT( '', ( 6.43141175089742, 2.94402209836195, 11.8000000000000 ) );
#8658 = CARTESIAN_POINT( '', ( 6.47733308950392, 2.62878273120210, 11.8000000000000 ) );
#8659 = CARTESIAN_POINT( '', ( 9.52195052334085, 2.62878273120210, 11.8000000000000 ) );
#8660 = CARTESIAN_POINT( '', ( 6.47733308950392, 2.62878273120210, 11.8000000000000 ) );
#8661 = CARTESIAN_POINT( '', ( 6.78179483288761, 2.62878273120210, 11.8000000000000 ) );
#8662 = CARTESIAN_POINT( '', ( 9.24793495429553, 2.62878273120210, 11.8000000000000 ) );
#8663 = CARTESIAN_POINT( '', ( 9.52195052334085, 2.62878273120210, 11.8000000000000 ) );
#8664 = CARTESIAN_POINT( '', ( 9.52195052334085, 2.43896908425749, 11.8000000000000 ) );
#8665 = CARTESIAN_POINT( '', ( 9.52195052334085, 2.62878273120210, 11.8000000000000 ) );
#8666 = CARTESIAN_POINT( '', ( 9.52195052334085, 2.60980136650765, 11.8000000000000 ) );
#8667 = CARTESIAN_POINT( '', ( 9.52195052334085, 2.45605231248250, 11.8000000000000 ) );
#8668 = CARTESIAN_POINT( '', ( 9.52195052334085, 2.43896908425749, 11.8000000000000 ) );
#8669 = CARTESIAN_POINT( '', ( 6.47733308950392, 2.43896908425749, 11.8000000000000 ) );
#8670 = CARTESIAN_POINT( '', ( 9.52195052334085, 2.43896908425749, 11.8000000000000 ) );
#8671 = CARTESIAN_POINT( '', ( 9.21748877995716, 2.43896908425749, 11.8000000000000 ) );
#8672 = CARTESIAN_POINT( '', ( 6.75134865854924, 2.43896908425749, 11.8000000000000 ) );
#8673 = CARTESIAN_POINT( '', ( 6.47733308950392, 2.43896908425749, 11.8000000000000 ) );
#8674 = CARTESIAN_POINT( '', ( 5.18655126394040, 2.43896908425749, 11.8000000000000 ) );
#8675 = CARTESIAN_POINT( '', ( 6.47733308950392, 2.43896908425749, 11.8000000000000 ) );
#8676 = CARTESIAN_POINT( '', ( 6.43141175089742, 2.12372971709765, 11.8000000000000 ) );
#8677 = CARTESIAN_POINT( '', ( 6.15996924760427, 1.88162130732715, 11.8000000000000 ) );
#8678 = CARTESIAN_POINT( '', ( 5.83190132143871, 1.88162130732715, 11.8000000000000 ) );
#8679 = CARTESIAN_POINT( '', ( 5.50391510584005, 1.88162130732715, 11.8000000000000 ) );
#8680 = CARTESIAN_POINT( '', ( 5.23247260254689, 2.12372971709765, 11.8000000000000 ) );
#8681 = CARTESIAN_POINT( '', ( 5.18655126394040, 2.43896908425749, 11.8000000000000 ) );
#8682 = CARTESIAN_POINT( '', ( 1.16410347582618, 2.43896908425749, 11.8000000000000 ) );
#8683 = CARTESIAN_POINT( '', ( 5.18655126394040, 2.43896908425749, 11.8000000000000 ) );
#8684 = CARTESIAN_POINT( '', ( 4.78430648512898, 2.43896908425749, 11.8000000000000 ) );
#8685 = CARTESIAN_POINT( '', ( 1.52612377675646, 2.43896908425749, 11.8000000000000 ) );
#8686 = CARTESIAN_POINT( '', ( 1.16410347582618, 2.43896908425749, 11.8000000000000 ) );
#8687 = CARTESIAN_POINT( '', ( 1.16410347582618, 2.43896908425749, 11.8000000000000 ) );
#8688 = CARTESIAN_POINT( '', ( 1.17536319194713, 2.45799130423541, 11.8000000000000 ) );
#8689 = CARTESIAN_POINT( '', ( 1.26656689252683, 2.61207128605655, 11.8000000000000 ) );
#8690 = CARTESIAN_POINT( '', ( 1.27670063703568, 2.62919128403668, 11.8000000000000 ) );
#8691 = CARTESIAN_POINT( '', ( 3.01174281491855, 5.57812564401560, 11.8000000000000 ) );
#8692 = CARTESIAN_POINT( '', ( 5.18655126394040, 5.57812564401560, 11.8000000000000 ) );
#8693 = CARTESIAN_POINT( '', ( 3.01174281491855, 5.57812564401560, 11.8000000000000 ) );
#8694 = CARTESIAN_POINT( '', ( 3.22922365982073, 5.57812564401560, 11.8000000000000 ) );
#8695 = CARTESIAN_POINT( '', ( 4.99081850352844, 5.57812564401560, 11.8000000000000 ) );
#8696 = CARTESIAN_POINT( '', ( 5.18655126394040, 5.57812564401560, 11.8000000000000 ) );
#8697 = CARTESIAN_POINT( '', ( 6.47733308950392, 5.57812564401560, 11.8000000000000 ) );
#8698 = CARTESIAN_POINT( '', ( 5.18655126394040, 5.57812564401560, 11.8000000000000 ) );
#8699 = CARTESIAN_POINT( '', ( 5.23247260254689, 5.89344672174236, 11.8000000000000 ) );
#8700 = CARTESIAN_POINT( '', ( 5.50391510584005, 6.13555513151287, 11.8000000000000 ) );
#8701 = CARTESIAN_POINT( '', ( 5.83190132143871, 6.13555513151287, 11.8000000000000 ) );
#8702 = CARTESIAN_POINT( '', ( 6.15996924760427, 6.13555513151287, 11.8000000000000 ) );
#8703 = CARTESIAN_POINT( '', ( 6.43141175089742, 5.89344672174236, 11.8000000000000 ) );
#8704 = CARTESIAN_POINT( '', ( 6.47733308950392, 5.57812564401560, 11.8000000000000 ) );
#8705 = CARTESIAN_POINT( '', ( 9.52195052334085, 5.57820735458252, 11.8000000000000 ) );
#8706 = CARTESIAN_POINT( '', ( 6.47733308950392, 5.57812564401560, 11.8000000000000 ) );
#8707 = CARTESIAN_POINT( '', ( 6.78179483288761, 5.57813381507230, 11.8000000000000 ) );
#8708 = CARTESIAN_POINT( '', ( 9.24793495429553, 5.57820000063150, 11.8000000000000 ) );
#8709 = CARTESIAN_POINT( '', ( 9.52195052334085, 5.57820735458252, 11.8000000000000 ) );
#8710 = CARTESIAN_POINT( '', ( 9.52195052334085, 5.38839370763791, 11.8000000000000 ) );
#8711 = CARTESIAN_POINT( '', ( 9.52195052334085, 5.57820735458252, 11.8000000000000 ) );
#8712 = CARTESIAN_POINT( '', ( 9.52195052334085, 5.55922598988806, 11.8000000000000 ) );
#8713 = CARTESIAN_POINT( '', ( 9.52195052334085, 5.40547693586292, 11.8000000000000 ) );
#8714 = CARTESIAN_POINT( '', ( 9.52195052334085, 5.38839370763791, 11.8000000000000 ) );
#8715 = CARTESIAN_POINT( '', ( 6.47733308950392, 5.38839370763791, 11.8000000000000 ) );
#8716 = CARTESIAN_POINT( '', ( 9.52195052334085, 5.38839370763791, 11.8000000000000 ) );
#8717 = CARTESIAN_POINT( '', ( 9.21748877995716, 5.38839370763791, 11.8000000000000 ) );
#8718 = CARTESIAN_POINT( '', ( 6.75134865854924, 5.38839370763791, 11.8000000000000 ) );
#8719 = CARTESIAN_POINT( '', ( 6.47733308950392, 5.38839370763791, 11.8000000000000 ) );
#8720 = CARTESIAN_POINT( '', ( 5.18655126394040, 5.38839370763791, 11.8000000000000 ) );
#8721 = CARTESIAN_POINT( '', ( 6.47733308950392, 5.38839370763791, 11.8000000000000 ) );
#8722 = CARTESIAN_POINT( '', ( 6.43141175089742, 5.07315434047806, 11.8000000000000 ) );
#8723 = CARTESIAN_POINT( '', ( 6.15996924760427, 4.83104593070756, 11.8000000000000 ) );
#8724 = CARTESIAN_POINT( '', ( 5.83190132143871, 4.83104593070756, 11.8000000000000 ) );
#8725 = CARTESIAN_POINT( '', ( 5.50391510584005, 4.83104593070756, 11.8000000000000 ) );
#8726 = CARTESIAN_POINT( '', ( 5.23247260254689, 5.07315434047806, 11.8000000000000 ) );
#8727 = CARTESIAN_POINT( '', ( 5.18655126394040, 5.38839370763791, 11.8000000000000 ) );
#8728 = CARTESIAN_POINT( '', ( 2.90004446994512, 5.38839370763791, 11.8000000000000 ) );
#8729 = CARTESIAN_POINT( '', ( 5.18655126394040, 5.38839370763791, 11.8000000000000 ) );
#8730 = CARTESIAN_POINT( '', ( 4.95790058454087, 5.38839370763791, 11.8000000000000 ) );
#8731 = CARTESIAN_POINT( '', ( 3.10583008140470, 5.38839370763791, 11.8000000000000 ) );
#8732 = CARTESIAN_POINT( '', ( 2.90004446994512, 5.38839370763791, 11.8000000000000 ) );
#8733 = CARTESIAN_POINT( '', ( 2.90004446994512, 5.38839370763791, 11.8000000000000 ) );
#8734 = CARTESIAN_POINT( '', ( 2.91121430444247, 5.40736690127568, 11.8000000000000 ) );
#8735 = CARTESIAN_POINT( '', ( 3.00168996387095, 5.56104976974161, 11.8000000000000 ) );
#8736 = CARTESIAN_POINT( '', ( 3.01174281491855, 5.57812564401560, 11.8000000000000 ) );
#8737 = CARTESIAN_POINT( '', ( -7.83092257249522, 3.91368139594770, 11.8000000000000 ) );
#8738 = CARTESIAN_POINT( '', ( -9.45238706236560, 3.91368139594770, 11.8000000000000 ) );
#8739 = CARTESIAN_POINT( '', ( -7.83092257249522, 3.91368139594770, 11.8000000000000 ) );
#8740 = VECTOR( '', #11327, 1000.00000000000 );
#8741 = CARTESIAN_POINT( '', ( -9.45238706236560, 4.10349504289231, 11.8000000000000 ) );
#8742 = CARTESIAN_POINT( '', ( -9.45238706236560, 3.91368139594770, 11.8000000000000 ) );
#8743 = VECTOR( '', #11328, 1000.00000000000 );
#8744 = CARTESIAN_POINT( '', ( -7.84080955109200, 4.10349504289231, 11.8000000000000 ) );
#8745 = CARTESIAN_POINT( '', ( -9.45238706236560, 4.10349504289231, 11.8000000000000 ) );
#8746 = VECTOR( '', #11329, 1000.00000000000 );
#8747 = CARTESIAN_POINT( '', ( -7.84080955109200, 4.10349504289231, 11.8000000000000 ) );
#8748 = VECTOR( '', #11330, 1000.00000000000 );
#8749 = CARTESIAN_POINT( '', ( -7.90781221596267, 5.38839370763791, 11.8000000000000 ) );
#8750 = CARTESIAN_POINT( '', ( -9.45238706236560, 5.38839370763791, 11.8000000000000 ) );
#8751 = CARTESIAN_POINT( '', ( -7.90781221596267, 5.38839370763791, 11.8000000000000 ) );
#8752 = VECTOR( '', #11331, 1000.00000000000 );
#8753 = CARTESIAN_POINT( '', ( -9.45238706236560, 5.57820735458252, 11.8000000000000 ) );
#8754 = CARTESIAN_POINT( '', ( -9.45238706236560, 5.38839370763791, 11.8000000000000 ) );
#8755 = VECTOR( '', #11332, 1000.00000000000 );
#8756 = CARTESIAN_POINT( '', ( -7.91769919455944, 5.57812564401560, 11.8000000000000 ) );
#8757 = CARTESIAN_POINT( '', ( -9.45238706236560, 5.57820735458252, 11.8000000000000 ) );
#8758 = VECTOR( '', #11333, 1000.00000000000 );
#8759 = CARTESIAN_POINT( '', ( -7.91769919455944, 5.57812564401560, 11.8000000000000 ) );
#8760 = VECTOR( '', #11334, 1000.00000000000 );
#8761 = CARTESIAN_POINT( '', ( 3.24322885099004, 6.61617668610960, 11.8000000000000 ) );
#8762 = CARTESIAN_POINT( '', ( -0.523464862678797, 6.61617668610960, 11.8000000000000 ) );
#8763 = CARTESIAN_POINT( '', ( 3.24322885099004, 6.61617668610960, 11.8000000000000 ) );
#8764 = VECTOR( '', #11335, 1000.00000000000 );
#8765 = CARTESIAN_POINT( '', ( 2.47106399363895, 5.30431353428190, 11.8000000000000 ) );
#8766 = CARTESIAN_POINT( '', ( 2.47106399363895, 5.30431353428190, 11.8000000000000 ) );
#8767 = VECTOR( '', #11336, 1000.00000000000 );
#8768 = CARTESIAN_POINT( '', ( 0.255727103427025, 5.30431353428190, 11.8000000000000 ) );
#8769 = CARTESIAN_POINT( '', ( 0.255727103427022, 5.30431353428190, 11.8000000000000 ) );
#8770 = VECTOR( '', #11337, 1000.00000000000 );
#8771 = CARTESIAN_POINT( '', ( -0.117118213408220, 4.69132086128212, 11.8000000000000 ) );
#8772 = CARTESIAN_POINT( '', ( -0.117118213408216, 4.69132086128212, 11.8000000000000 ) );
#8773 = VECTOR( '', #11338, 1000.00000000000 );
#8774 = CARTESIAN_POINT( '', ( 2.10532749612536, 4.69132086128212, 11.8000000000000 ) );
#8775 = CARTESIAN_POINT( '', ( 2.10532749612536, 4.69132086128212, 11.8000000000000 ) );
#8776 = VECTOR( '', #11339, 1000.00000000000 );
#8777 = CARTESIAN_POINT( '', ( 1.33880066789143, 3.38117363135965, 11.8000000000000 ) );
#8778 = CARTESIAN_POINT( '', ( 1.33880066789144, 3.38117363135965, 11.8000000000000 ) );
#8779 = VECTOR( '', #11340, 1000.00000000000 );
#8780 = CARTESIAN_POINT( '', ( -0.893368599105076, 3.38117363135965, 11.8000000000000 ) );
#8781 = CARTESIAN_POINT( '', ( -0.893368599105079, 3.38117363135965, 11.8000000000000 ) );
#8782 = VECTOR( '', #11341, 1000.00000000000 );
#8783 = CARTESIAN_POINT( '', ( -1.33599474008612, 2.62919128403668, 11.8000000000000 ) );
#8784 = CARTESIAN_POINT( '', ( -1.33599474008612, 2.62919128403668, 11.8000000000000 ) );
#8785 = VECTOR( '', #11342, 1000.00000000000 );
#8786 = CARTESIAN_POINT( '', ( 0.897155053713379, 2.62919128403668, 11.8000000000000 ) );
#8787 = CARTESIAN_POINT( '', ( 0.897155053713375, 2.62919128403668, 11.8000000000000 ) );
#8788 = VECTOR( '', #11343, 1000.00000000000 );
#8789 = CARTESIAN_POINT( '', ( 0.136266254596618, 1.34314867135427, 11.8000000000000 ) );
#8790 = CARTESIAN_POINT( '', ( 0.136266254596622, 1.34314867135427, 11.8000000000000 ) );
#8791 = VECTOR( '', #11344, 1000.00000000000 );
#8792 = CARTESIAN_POINT( '', ( -3.59676270550306, 1.34314867135427, 11.8000000000000 ) );
#8793 = CARTESIAN_POINT( '', ( -3.59676270550305, 1.34314867135427, 11.8000000000000 ) );
#8794 = VECTOR( '', #11345, 1000.00000000000 );
#8795 = CARTESIAN_POINT( '', ( -0.523464862678797, 6.61617668610960, 11.8000000000000 ) );
#8796 = VECTOR( '', #11346, 1000.00000000000 );
#8797 = CARTESIAN_POINT( '', ( 2.14087159273359, 4.10349504289231, 11.8000000000000 ) );
#8798 = CARTESIAN_POINT( '', ( 7.36520010960730, 4.10349504289231, 11.8000000000000 ) );
#8799 = CARTESIAN_POINT( '', ( 2.14087159273359, 4.10349504289231, 11.8000000000000 ) );
#8800 = CARTESIAN_POINT( '', ( 2.66330444442095, 4.10349504289231, 11.8000000000000 ) );
#8801 = CARTESIAN_POINT( '', ( 6.89501054308866, 4.10349504289231, 11.8000000000000 ) );
#8802 = CARTESIAN_POINT( '', ( 7.36520010960730, 4.10349504289231, 11.8000000000000 ) );
#8803 = CARTESIAN_POINT( '', ( 8.65606364573773, 4.10349504289231, 11.8000000000000 ) );
#8804 = CARTESIAN_POINT( '', ( 7.36520010960730, 4.10349504289231, 11.8000000000000 ) );
#8805 = CARTESIAN_POINT( '', ( 7.41120315878071, 4.41873441005215, 11.8000000000000 ) );
#8806 = CARTESIAN_POINT( '', ( 7.68264566207386, 4.66084281982266, 11.8000000000000 ) );
#8807 = CARTESIAN_POINT( '', ( 8.01063187767251, 4.66084281982266, 11.8000000000000 ) );
#8808 = CARTESIAN_POINT( '', ( 8.33861809327117, 4.66084281982266, 11.8000000000000 ) );
#8809 = CARTESIAN_POINT( '', ( 8.61006059656432, 4.41873441005215, 11.8000000000000 ) );
#8810 = CARTESIAN_POINT( '', ( 8.65606364573773, 4.10349504289231, 11.8000000000000 ) );
#8811 = CARTESIAN_POINT( '', ( 9.52195052334085, 4.10349504289231, 11.8000000000000 ) );
#8812 = CARTESIAN_POINT( '', ( 8.65606364573773, 4.10349504289231, 11.8000000000000 ) );
#8813 = CARTESIAN_POINT( '', ( 8.74265233349804, 4.10349504289231, 11.8000000000000 ) );
#8814 = CARTESIAN_POINT( '', ( 9.44402070435657, 4.10349504289231, 11.8000000000000 ) );
#8815 = CARTESIAN_POINT( '', ( 9.52195052334085, 4.10349504289231, 11.8000000000000 ) );
#8816 = CARTESIAN_POINT( '', ( 9.52195052334085, 3.91368139594770, 11.8000000000000 ) );
#8817 = CARTESIAN_POINT( '', ( 9.52195052334085, 4.10349504289231, 11.8000000000000 ) );
#8818 = CARTESIAN_POINT( '', ( 9.52195052334085, 4.08451367819785, 11.8000000000000 ) );
#8819 = CARTESIAN_POINT( '', ( 9.52195052334085, 3.93076462417272, 11.8000000000000 ) );
#8820 = CARTESIAN_POINT( '', ( 9.52195052334085, 3.91368139594770, 11.8000000000000 ) );
#8821 = CARTESIAN_POINT( '', ( 8.65606364573773, 3.91368139594770, 11.8000000000000 ) );
#8822 = CARTESIAN_POINT( '', ( 9.52195052334085, 3.91368139594770, 11.8000000000000 ) );
#8823 = CARTESIAN_POINT( '', ( 9.43536183558054, 3.91368139594770, 11.8000000000000 ) );
#8824 = CARTESIAN_POINT( '', ( 8.73399346472201, 3.91368139594770, 11.8000000000000 ) );
#8825 = CARTESIAN_POINT( '', ( 8.65606364573773, 3.91368139594770, 11.8000000000000 ) );
#8826 = CARTESIAN_POINT( '', ( 7.36520010960730, 3.91368139594770, 11.8000000000000 ) );
#8827 = CARTESIAN_POINT( '', ( 8.65606364573773, 3.91368139594770, 11.8000000000000 ) );
#8828 = CARTESIAN_POINT( '', ( 8.61006059656432, 3.59844202878785, 11.8000000000000 ) );
#8829 = CARTESIAN_POINT( '', ( 8.33861809327117, 3.35633361901735, 11.8000000000000 ) );
#8830 = CARTESIAN_POINT( '', ( 8.01063187767251, 3.35633361901735, 11.8000000000000 ) );
#8831 = CARTESIAN_POINT( '', ( 7.68264566207386, 3.35633361901735, 11.8000000000000 ) );
#8832 = CARTESIAN_POINT( '', ( 7.41120315878071, 3.59844202878785, 11.8000000000000 ) );
#8833 = CARTESIAN_POINT( '', ( 7.36520010960730, 3.91368139594770, 11.8000000000000 ) );
#8834 = CARTESIAN_POINT( '', ( 2.02982693229548, 3.91368139594770, 11.8000000000000 ) );
#8835 = CARTESIAN_POINT( '', ( 7.36520010960730, 3.91368139594770, 11.8000000000000 ) );
#8836 = CARTESIAN_POINT( '', ( 6.83166279187612, 3.91368139594770, 11.8000000000000 ) );
#8837 = CARTESIAN_POINT( '', ( 2.51001051825354, 3.91368139594770, 11.8000000000000 ) );
#8838 = CARTESIAN_POINT( '', ( 2.02982693229548, 3.91368139594770, 11.8000000000000 ) );
#8839 = CARTESIAN_POINT( '', ( 2.02982693229548, 3.91368139594770, 11.8000000000000 ) );
#8840 = CARTESIAN_POINT( '', ( 2.04093139833928, 3.93266276064217, 11.8000000000000 ) );
#8841 = CARTESIAN_POINT( '', ( 2.13087757329416, 4.08641181466730, 11.8000000000000 ) );
#8842 = CARTESIAN_POINT( '', ( 2.14087159273359, 4.10349504289231, 11.8000000000000 ) );
#8843 = COLOUR_RGB( '', 0.200000002980232, 0.200000002980232, 0.200000002980232 );
#8844 = CARTESIAN_POINT( '', ( -10.0000000000000, -11.2500000000000, 0.000000000000000 ) );
#8845 = CARTESIAN_POINT( '', ( -3.35000000000000, -11.2500000000000, 0.000000000000000 ) );
#8846 = CARTESIAN_POINT( '', ( -11.0000000000000, -11.2500000000000, 0.000000000000000 ) );
#8847 = VECTOR( '', #11347, 1000.00000000000 );
#8848 = CARTESIAN_POINT( '', ( -11.0000000000000, -10.2500000000000, 0.000000000000000 ) );
#8849 = AXIS2_PLACEMENT_3D( '', #11348, #11349, #11350 );
#8850 = CARTESIAN_POINT( '', ( -11.0000000000000, 10.2500000000000, 0.000000000000000 ) );
#8851 = CARTESIAN_POINT( '', ( -11.0000000000000, 11.2500000000000, 0.000000000000000 ) );
#8852 = VECTOR( '', #11351, 1000.00000000000 );
#8853 = CARTESIAN_POINT( '', ( -10.0000000000000, 11.2500000000000, 0.000000000000000 ) );
#8854 = AXIS2_PLACEMENT_3D( '', #11352, #11353, #11354 );
#8855 = CARTESIAN_POINT( '', ( -3.35000000000000, 11.2500000000000, 0.000000000000000 ) );
#8856 = CARTESIAN_POINT( '', ( 11.0000000000000, 11.2500000000000, 0.000000000000000 ) );
#8857 = VECTOR( '', #11355, 1000.00000000000 );
#8858 = CARTESIAN_POINT( '', ( -2.35000000000000, 10.2500000000000, 0.000000000000000 ) );
#8859 = AXIS2_PLACEMENT_3D( '', #11356, #11357, #11358 );
#8860 = CARTESIAN_POINT( '', ( -2.35000000000000, 5.00000000000000, 0.000000000000000 ) );
#8861 = CARTESIAN_POINT( '', ( -2.35000000000000, 11.2500000000000, 0.000000000000000 ) );
#8862 = VECTOR( '', #11359, 1000.00000000000 );
#8863 = CARTESIAN_POINT( '', ( 2.35000000000000, 5.00000000000000, 0.000000000000000 ) );
#8864 = CARTESIAN_POINT( '', ( -2.35000000000000, 5.00000000000000, 0.000000000000000 ) );
#8865 = VECTOR( '', #11360, 1000.00000000000 );
#8866 = CARTESIAN_POINT( '', ( 2.35000000000000, 10.2500000000000, 0.000000000000000 ) );
#8867 = CARTESIAN_POINT( '', ( 2.35000000000000, 5.00000000000000, 0.000000000000000 ) );
#8868 = VECTOR( '', #11361, 1000.00000000000 );
#8869 = CARTESIAN_POINT( '', ( 3.35000000000000, 11.2500000000000, 0.000000000000000 ) );
#8870 = AXIS2_PLACEMENT_3D( '', #11362, #11363, #11364 );
#8871 = CARTESIAN_POINT( '', ( 10.0000000000000, 11.2500000000000, 0.000000000000000 ) );
#8872 = CARTESIAN_POINT( '', ( 11.0000000000000, 11.2500000000000, 0.000000000000000 ) );
#8873 = VECTOR( '', #11365, 1000.00000000000 );
#8874 = CARTESIAN_POINT( '', ( 11.0000000000000, 10.2500000000000, 0.000000000000000 ) );
#8875 = AXIS2_PLACEMENT_3D( '', #11366, #11367, #11368 );
#8876 = CARTESIAN_POINT( '', ( 11.0000000000000, -10.2500000000000, 0.000000000000000 ) );
#8877 = CARTESIAN_POINT( '', ( 11.0000000000000, -11.2500000000000, 0.000000000000000 ) );
#8878 = VECTOR( '', #11369, 1000.00000000000 );
#8879 = CARTESIAN_POINT( '', ( 10.0000000000000, -11.2500000000000, 0.000000000000000 ) );
#8880 = AXIS2_PLACEMENT_3D( '', #11370, #11371, #11372 );
#8881 = CARTESIAN_POINT( '', ( 3.35000000000000, -11.2500000000000, 0.000000000000000 ) );
#8882 = CARTESIAN_POINT( '', ( -11.0000000000000, -11.2500000000000, 0.000000000000000 ) );
#8883 = VECTOR( '', #11373, 1000.00000000000 );
#8884 = CARTESIAN_POINT( '', ( 2.35000000000000, -10.2500000000000, 0.000000000000000 ) );
#8885 = AXIS2_PLACEMENT_3D( '', #11374, #11375, #11376 );
#8886 = CARTESIAN_POINT( '', ( 2.35000000000000, -5.00000000000000, 0.000000000000000 ) );
#8887 = CARTESIAN_POINT( '', ( 2.35000000000000, -5.00000000000000, 0.000000000000000 ) );
#8888 = VECTOR( '', #11377, 1000.00000000000 );
#8889 = CARTESIAN_POINT( '', ( -2.35000000000000, -5.00000000000000, 0.000000000000000 ) );
#8890 = CARTESIAN_POINT( '', ( -2.35000000000000, -5.00000000000000, 0.000000000000000 ) );
#8891 = VECTOR( '', #11378, 1000.00000000000 );
#8892 = CARTESIAN_POINT( '', ( -2.35000000000000, -10.2500000000000, 0.000000000000000 ) );
#8893 = CARTESIAN_POINT( '', ( -2.35000000000000, -11.2500000000000, 0.000000000000000 ) );
#8894 = VECTOR( '', #11379, 1000.00000000000 );
#8895 = AXIS2_PLACEMENT_3D( '', #11380, #11381, #11382 );
#8896 = COLOUR_RGB( '', 1.00000000000000, 1.00000000000000, 1.00000000000000 );
#8897 = CARTESIAN_POINT( '', ( -7.75403292902778, 2.43896908425749, 11.7900000000000 ) );
#8898 = CARTESIAN_POINT( '', ( -7.75403292902778, 2.43896908425749, 11.7900000000000 ) );
#8899 = VECTOR( '', #11383, 1000.00000000000 );
#8900 = CARTESIAN_POINT( '', ( -9.45238706236560, 2.43896908425749, 11.7900000000000 ) );
#8901 = CARTESIAN_POINT( '', ( -7.75403292902778, 2.43896908425749, 11.7900000000000 ) );
#8902 = VECTOR( '', #11384, 1000.00000000000 );
#8903 = CARTESIAN_POINT( '', ( -9.45238706236560, 2.43896908425749, 11.7900000000000 ) );
#8904 = VECTOR( '', #11385, 1000.00000000000 );
#8905 = COLOUR_RGB( '', 1.00000000000000, 1.00000000000000, 1.00000000000000 );
#8906 = CARTESIAN_POINT( '', ( 7.54815006893102, 1.05912274075613, 11.7900000000000 ) );
#8907 = CARTESIAN_POINT( '', ( 7.54815006893102, 1.05912274075613, 11.7900000000000 ) );
#8908 = CARTESIAN_POINT( '', ( 7.54815006893102, 0.803695508578407, 11.7900000000000 ) );
#8909 = CARTESIAN_POINT( '', ( 7.75520464549479, 0.596640932014633, 11.7900000000000 ) );
#8910 = CARTESIAN_POINT( '', ( 8.01063187767251, 0.596640932014633, 11.7900000000000 ) );
#8911 = CARTESIAN_POINT( '', ( 8.26605910985024, 0.596640932014633, 11.7900000000000 ) );
#8912 = CARTESIAN_POINT( '', ( 8.47311368641401, 0.803695508578407, 11.7900000000000 ) );
#8913 = CARTESIAN_POINT( '', ( 8.47311368641401, 1.05912274075613, 11.7900000000000 ) );
#8914 = CARTESIAN_POINT( '', ( 8.47311368641401, 1.31463168350078, 11.7900000000000 ) );
#8915 = CARTESIAN_POINT( '', ( 8.26605910985024, 1.52168626006455, 11.7900000000000 ) );
#8916 = CARTESIAN_POINT( '', ( 8.01063187767251, 1.52168626006455, 11.7900000000000 ) );
#8917 = CARTESIAN_POINT( '', ( 7.75520464549479, 1.52168626006455, 11.7900000000000 ) );
#8918 = CARTESIAN_POINT( '', ( 7.54815006893102, 1.31463168350078, 11.7900000000000 ) );
#8919 = CARTESIAN_POINT( '', ( 7.54815006893102, 1.05912274075613, 11.7900000000000 ) );
#8920 = CARTESIAN_POINT( '', ( 7.54815006893102, 1.05912274075613, 11.8000000000000 ) );
#8921 = CARTESIAN_POINT( '', ( 7.54815006893102, 1.05912274075613, 11.8000000000000 ) );
#8922 = CARTESIAN_POINT( '', ( 7.54815006893102, 0.803695508578407, 11.8000000000000 ) );
#8923 = CARTESIAN_POINT( '', ( 7.75520464549479, 0.596640932014633, 11.8000000000000 ) );
#8924 = CARTESIAN_POINT( '', ( 8.01063187767251, 0.596640932014633, 11.8000000000000 ) );
#8925 = CARTESIAN_POINT( '', ( 8.26605910985024, 0.596640932014633, 11.8000000000000 ) );
#8926 = CARTESIAN_POINT( '', ( 8.47311368641401, 0.803695508578407, 11.8000000000000 ) );
#8927 = CARTESIAN_POINT( '', ( 8.47311368641401, 1.05912274075613, 11.8000000000000 ) );
#8928 = CARTESIAN_POINT( '', ( 8.47311368641401, 1.31463168350078, 11.8000000000000 ) );
#8929 = CARTESIAN_POINT( '', ( 8.26605910985024, 1.52168626006455, 11.8000000000000 ) );
#8930 = CARTESIAN_POINT( '', ( 8.01063187767251, 1.52168626006455, 11.8000000000000 ) );
#8931 = CARTESIAN_POINT( '', ( 7.75520464549479, 1.52168626006455, 11.8000000000000 ) );
#8932 = CARTESIAN_POINT( '', ( 7.54815006893102, 1.31463168350078, 11.8000000000000 ) );
#8933 = CARTESIAN_POINT( '', ( 7.54815006893102, 1.05912274075613, 11.8000000000000 ) );
#8934 = COLOUR_RGB( '', 1.00000000000000, 1.00000000000000, 1.00000000000000 );
#8935 = CARTESIAN_POINT( '', ( 0.595081967213114, -4.70090163934427, 11.7900000000000 ) );
#8936 = CARTESIAN_POINT( '', ( 0.595081967213114, -4.70090163934427, 11.7900000000000 ) );
#8937 = VECTOR( '', #11386, 1000.00000000000 );
#8938 = CARTESIAN_POINT( '', ( 0.268524590163933, -5.09040983606558, 11.7900000000000 ) );
#8939 = CARTESIAN_POINT( '', ( 0.268524590163933, -5.09040983606558, 11.7900000000000 ) );
#8940 = CARTESIAN_POINT( '', ( 0.595081967213114, -4.70090163934427, 11.7900000000000 ) );
#8941 = CARTESIAN_POINT( '', ( 0.268524590163933, -5.09040983606558, 11.7900000000000 ) );
#8942 = VECTOR( '', #11387, 1000.00000000000 );
#8943 = COLOUR_RGB( '', 1.00000000000000, 1.00000000000000, 1.00000000000000 );
#8944 = CARTESIAN_POINT( '', ( -9.45238706236560, 3.91368139594770, 11.7900000000000 ) );
#8945 = CARTESIAN_POINT( '', ( -9.45238706236560, 4.10349504289231, 11.7900000000000 ) );
#8946 = CARTESIAN_POINT( '', ( -9.45238706236560, 3.91368139594770, 11.7900000000000 ) );
#8947 = VECTOR( '', #11388, 1000.00000000000 );
#8948 = CARTESIAN_POINT( '', ( -7.83092257249522, 3.91368139594770, 11.7900000000000 ) );
#8949 = CARTESIAN_POINT( '', ( -7.83092257249522, 3.91368139594770, 11.7900000000000 ) );
#8950 = VECTOR( '', #11389, 1000.00000000000 );
#8951 = CARTESIAN_POINT( '', ( -7.84080955109200, 4.10349504289231, 11.7900000000000 ) );
#8952 = CARTESIAN_POINT( '', ( -7.84080955109200, 4.10349504289231, 11.7900000000000 ) );
#8953 = VECTOR( '', #11390, 1000.00000000000 );
#8954 = CARTESIAN_POINT( '', ( -9.45238706236560, 4.10349504289231, 11.7900000000000 ) );
#8955 = VECTOR( '', #11391, 1000.00000000000 );
#8956 = COLOUR_RGB( '', 1.00000000000000, 1.00000000000000, 1.00000000000000 );
#8957 = CARTESIAN_POINT( '', ( 1.98983606557377, -2.90680327868853, 11.7900000000000 ) );
#8958 = CARTESIAN_POINT( '', ( 1.98983606557377, -2.90680327868853, 11.7900000000000 ) );
#8959 = VECTOR( '', #11392, 1000.00000000000 );
#8960 = CARTESIAN_POINT( '', ( 1.98983606557377, -3.32778688524590, 11.7900000000000 ) );
#8961 = CARTESIAN_POINT( '', ( 1.98983606557377, -3.32778688524590, 11.7900000000000 ) );
#8962 = CARTESIAN_POINT( '', ( 1.98983606557377, -2.90680327868853, 11.7900000000000 ) );
#8963 = CARTESIAN_POINT( '', ( 1.98983606557377, -3.32778688524590, 11.7900000000000 ) );
#8964 = VECTOR( '', #11393, 1000.00000000000 );
#8965 = COLOUR_RGB( '', 0.200000002980232, 0.200000002980232, 0.200000002980232 );
#8966 = CARTESIAN_POINT( '', ( -11.0000000000000, -10.2500000000000, 1.90000000000000 ) );
#8967 = CARTESIAN_POINT( '', ( -11.0000000000000, -10.2500000000000, 11.3000000000000 ) );
#8968 = CARTESIAN_POINT( '', ( -11.0000000000000, -10.2500000000000, 1.90000000000000 ) );
#8969 = VECTOR( '', #11394, 1000.00000000000 );
#8970 = CARTESIAN_POINT( '', ( -11.0000000000000, 10.2500000000000, 11.3000000000000 ) );
#8971 = CARTESIAN_POINT( '', ( -11.0000000000000, 11.2500000000000, 11.3000000000000 ) );
#8972 = VECTOR( '', #11395, 1000.00000000000 );
#8973 = CARTESIAN_POINT( '', ( -11.0000000000000, 10.2500000000000, 1.90000000000000 ) );
#8974 = CARTESIAN_POINT( '', ( -11.0000000000000, 10.2500000000000, 1.90000000000000 ) );
#8975 = VECTOR( '', #11396, 1000.00000000000 );
#8976 = CARTESIAN_POINT( '', ( -11.0000000000000, 11.2500000000000, 1.90000000000000 ) );
#8977 = VECTOR( '', #11397, 1000.00000000000 );
#8978 = COLOUR_RGB( '', 0.779999971389771, 0.529999971389771, 0.419999986886978 );
#8979 = CARTESIAN_POINT( '', ( 1.75000000000000, 10.0000000000000, 9.51000000000000 ) );
#8980 = CARTESIAN_POINT( '', ( 2.87852404506276, 8.42164469221989, 9.51000000000000 ) );
#8981 = AXIS2_PLACEMENT_3D( '', #11398, #11399, #11400 );
#8982 = CARTESIAN_POINT( '', ( 1.75000000000000, 10.4999999999997, 9.51000000000000 ) );
#8983 = CARTESIAN_POINT( '', ( 1.75000000000000, 10.5000000000000, 9.51000000000000 ) );
#8984 = VECTOR( '', #11401, 1000.00000000000 );
#8985 = CARTESIAN_POINT( '', ( -1.75000000000000, 10.4999999999997, 9.51000000000000 ) );
#8986 = CARTESIAN_POINT( '', ( 1.75000000000000, 10.4999999999997, 9.51000000000032 ) );
#8987 = VECTOR( '', #11402, 1000.00000000000 );
#8988 = CARTESIAN_POINT( '', ( -1.75000000000000, 10.0000000000000, 9.51000000000000 ) );
#8989 = CARTESIAN_POINT( '', ( -1.75000000000000, 10.5000000000000, 9.51000000000000 ) );
#8990 = VECTOR( '', #11403, 1000.00000000000 );
#8991 = CARTESIAN_POINT( '', ( 1.74652020711673, 5.10976194808848, 9.51000000000000 ) );
#8992 = AXIS2_PLACEMENT_3D( '', #11404, #11405, #11406 );
#8993 = CARTESIAN_POINT( '', ( 5.40000000000000, -3.10882207532350E-014, 9.51000000000000 ) );
#8994 = AXIS2_PLACEMENT_3D( '', #11407, #11408, #11409 );
#8995 = CARTESIAN_POINT( '', ( 8.90000000000000, -1.98926755784396E-014, 9.51000000000000 ) );
#8996 = CARTESIAN_POINT( '', ( 8.90000000000000, -1.96188417223406E-014, 9.51000000000000 ) );
#8997 = VECTOR( '', #11410, 1000.00000000000 );
#8998 = AXIS2_PLACEMENT_3D( '', #11411, #11412, #11413 );
#8999 = COLOUR_RGB( '', 1.00000000000000, 1.00000000000000, 1.00000000000000 );
#9000 = CARTESIAN_POINT( '', ( -3.35508196721312, -5.85762295081967, 11.7900000000000 ) );
#9001 = CARTESIAN_POINT( '', ( -3.35508196721312, -5.85762295081967, 11.7900000000000 ) );
#9002 = VECTOR( '', #11414, 1000.00000000000 );
#9003 = CARTESIAN_POINT( '', ( -3.61868852459017, -5.85762295081967, 11.7900000000000 ) );
#9004 = CARTESIAN_POINT( '', ( -3.61868852459017, -5.85762295081967, 11.7900000000000 ) );
#9005 = CARTESIAN_POINT( '', ( -3.35508196721312, -5.85762295081967, 11.7900000000000 ) );
#9006 = CARTESIAN_POINT( '', ( -3.61868852459017, -5.85762295081967, 11.7900000000000 ) );
#9007 = VECTOR( '', #11415, 1000.00000000000 );
#9008 = COLOUR_RGB( '', 1.00000000000000, 1.00000000000000, 1.00000000000000 );
#9009 = CARTESIAN_POINT( '', ( 2.48754098360656, -3.66221311475410, 11.7900000000000 ) );
#9010 = CARTESIAN_POINT( '', ( 2.48754098360656, -5.85762295081967, 11.7900000000000 ) );
#9011 = CARTESIAN_POINT( '', ( 2.48754098360656, -3.66221311475410, 11.7900000000000 ) );
#9012 = CARTESIAN_POINT( '', ( 2.48754098360656, -4.39401639344262, 11.7900000000000 ) );
#9013 = CARTESIAN_POINT( '', ( 2.48754098360656, -5.12581967213115, 11.7900000000000 ) );
#9014 = CARTESIAN_POINT( '', ( 2.48754098360656, -5.85762295081967, 11.7900000000000 ) );
#9015 = CARTESIAN_POINT( '', ( 2.73540983606558, -5.85762295081968, 11.7900000000000 ) );
#9016 = CARTESIAN_POINT( '', ( 2.48754098360656, -5.85762295081967, 11.7900000000000 ) );
#9017 = CARTESIAN_POINT( '', ( 2.57016393442623, -5.85762295081967, 11.7900000000000 ) );
#9018 = CARTESIAN_POINT( '', ( 2.65278688524590, -5.85762295081967, 11.7900000000000 ) );
#9019 = CARTESIAN_POINT( '', ( 2.73540983606558, -5.85762295081968, 11.7900000000000 ) );
#9020 = CARTESIAN_POINT( '', ( 3.59508196721312, -5.85762295081967, 11.7900000000000 ) );
#9021 = CARTESIAN_POINT( '', ( 2.73540983606558, -5.85762295081968, 11.7900000000000 ) );
#9022 = CARTESIAN_POINT( '', ( 2.73540983606558, -5.36647540983607, 11.7900000000000 ) );
#9023 = CARTESIAN_POINT( '', ( 2.73540983606558, -4.87532786885246, 11.7900000000000 ) );
#9024 = CARTESIAN_POINT( '', ( 2.73540983606558, -4.38418032786886, 11.7900000000000 ) );
#9025 = CARTESIAN_POINT( '', ( 2.73540983606558, -4.04188524590164, 11.7900000000000 ) );
#9026 = CARTESIAN_POINT( '', ( 2.92622950819672, -3.82155737704919, 11.7900000000000 ) );
#9027 = CARTESIAN_POINT( '', ( 3.47114754098361, -3.82155737704919, 11.7900000000000 ) );
#9028 = CARTESIAN_POINT( '', ( 3.59508196721312, -3.97106557377050, 11.7900000000000 ) );
#9029 = CARTESIAN_POINT( '', ( 3.59508196721312, -4.27204918032787, 11.7900000000000 ) );
#9030 = CARTESIAN_POINT( '', ( 3.59508196721312, -4.80057377049181, 11.7900000000000 ) );
#9031 = CARTESIAN_POINT( '', ( 3.59508196721312, -5.32909836065574, 11.7900000000000 ) );
#9032 = CARTESIAN_POINT( '', ( 3.59508196721312, -5.85762295081967, 11.7900000000000 ) );
#9033 = CARTESIAN_POINT( '', ( 3.84295081967214, -5.85762295081967, 11.7900000000000 ) );
#9034 = CARTESIAN_POINT( '', ( 3.59508196721312, -5.85762295081967, 11.7900000000000 ) );
#9035 = CARTESIAN_POINT( '', ( 3.67770491803279, -5.85762295081967, 11.7900000000000 ) );
#9036 = CARTESIAN_POINT( '', ( 3.76032786885246, -5.85762295081967, 11.7900000000000 ) );
#9037 = CARTESIAN_POINT( '', ( 3.84295081967214, -5.85762295081967, 11.7900000000000 ) );
#9038 = CARTESIAN_POINT( '', ( 2.71770491803279, -3.97106557377050, 11.7900000000000 ) );
#9039 = CARTESIAN_POINT( '', ( 3.84295081967214, -5.85762295081967, 11.7900000000000 ) );
#9040 = CARTESIAN_POINT( '', ( 3.84295081967214, -5.30549180327869, 11.7900000000000 ) );
#9041 = CARTESIAN_POINT( '', ( 3.84295081967214, -4.75336065573771, 11.7900000000000 ) );
#9042 = CARTESIAN_POINT( '', ( 3.84295081967214, -4.20122950819673, 11.7900000000000 ) );
#9043 = CARTESIAN_POINT( '', ( 3.84295081967214, -3.78811475409836, 11.7900000000000 ) );
#9044 = CARTESIAN_POINT( '', ( 3.61475409836066, -3.61500000000000, 11.7900000000000 ) );
#9045 = CARTESIAN_POINT( '', ( 3.05409836065574, -3.61500000000000, 11.7900000000000 ) );
#9046 = CARTESIAN_POINT( '', ( 2.84754098360656, -3.72319672131148, 11.7900000000000 ) );
#9047 = CARTESIAN_POINT( '', ( 2.71770491803279, -3.97106557377050, 11.7900000000000 ) );
#9048 = CARTESIAN_POINT( '', ( 2.70983606557377, -3.96909836065574, 11.7900000000000 ) );
#9049 = CARTESIAN_POINT( '', ( 2.71770491803279, -3.97106557377050, 11.7900000000000 ) );
#9050 = CARTESIAN_POINT( '', ( 2.71508196721312, -3.97040983606558, 11.7900000000000 ) );
#9051 = CARTESIAN_POINT( '', ( 2.71245901639344, -3.96975409836066, 11.7900000000000 ) );
#9052 = CARTESIAN_POINT( '', ( 2.70983606557377, -3.96909836065574, 11.7900000000000 ) );
#9053 = CARTESIAN_POINT( '', ( 2.70983606557377, -3.66221311475410, 11.7900000000000 ) );
#9054 = CARTESIAN_POINT( '', ( 2.70983606557377, -3.96909836065574, 11.7900000000000 ) );
#9055 = CARTESIAN_POINT( '', ( 2.70983606557377, -3.86680327868853, 11.7900000000000 ) );
#9056 = CARTESIAN_POINT( '', ( 2.70983606557377, -3.76450819672132, 11.7900000000000 ) );
#9057 = CARTESIAN_POINT( '', ( 2.70983606557377, -3.66221311475410, 11.7900000000000 ) );
#9058 = CARTESIAN_POINT( '', ( 2.70983606557377, -3.66221311475410, 11.7900000000000 ) );
#9059 = CARTESIAN_POINT( '', ( 2.63573770491804, -3.66221311475410, 11.7900000000000 ) );
#9060 = CARTESIAN_POINT( '', ( 2.56163934426230, -3.66221311475410, 11.7900000000000 ) );
#9061 = CARTESIAN_POINT( '', ( 2.48754098360656, -3.66221311475410, 11.7900000000000 ) );
#9062 = COLOUR_RGB( '', 1.00000000000000, 1.00000000000000, 1.00000000000000 );
#9063 = CARTESIAN_POINT( '', ( 0.897155053713379, 2.62919128403668, 11.7900000000000 ) );
#9064 = CARTESIAN_POINT( '', ( 0.897155053713379, 2.62919128403668, 11.7900000000000 ) );
#9065 = VECTOR( '', #11416, 1000.00000000000 );
#9066 = CARTESIAN_POINT( '', ( 0.136266254596618, 1.34314867135427, 11.7900000000000 ) );
#9067 = CARTESIAN_POINT( '', ( 0.136266254596622, 1.34314867135427, 11.7900000000000 ) );
#9068 = VECTOR( '', #11417, 1000.00000000000 );
#9069 = CARTESIAN_POINT( '', ( 0.136266254596618, 1.34314867135427, 11.7900000000000 ) );
#9070 = VECTOR( '', #11418, 1000.00000000000 );
#9071 = COLOUR_RGB( '', 0.200000002980232, 0.200000002980232, 0.200000002980232 );
#9072 = CARTESIAN_POINT( '', ( 4.49409836065573, -4.73434426229509, 11.8000000000000 ) );
#9073 = CARTESIAN_POINT( '', ( 4.49409836065573, -4.73434426229509, 11.8000000000000 ) );
#9074 = CARTESIAN_POINT( '', ( 4.49409836065573, -4.03991803278689, 11.8000000000000 ) );
#9075 = CARTESIAN_POINT( '', ( 4.66327868852459, -3.82155737704919, 11.8000000000000 ) );
#9076 = CARTESIAN_POINT( '', ( 5.25737704918033, -3.82155737704919, 11.8000000000000 ) );
#9077 = CARTESIAN_POINT( '', ( 5.42852459016393, -4.03991803278689, 11.8000000000000 ) );
#9078 = CARTESIAN_POINT( '', ( 5.42852459016393, -5.43467213114754, 11.8000000000000 ) );
#9079 = CARTESIAN_POINT( '', ( 5.25737704918033, -5.65106557377049, 11.8000000000000 ) );
#9080 = CARTESIAN_POINT( '', ( 4.66327868852459, -5.65106557377049, 11.8000000000000 ) );
#9081 = CARTESIAN_POINT( '', ( 4.49409836065573, -5.43467213114754, 11.8000000000000 ) );
#9082 = CARTESIAN_POINT( '', ( 4.49409836065573, -4.73434426229509, 11.8000000000000 ) );
#9083 = COLOUR_RGB( '', 1.00000000000000, 1.00000000000000, 1.00000000000000 );
#9084 = CARTESIAN_POINT( '', ( 0.772131147540983, -4.47860655737705, 11.7900000000000 ) );
#9085 = CARTESIAN_POINT( '', ( 0.772131147540983, -4.47860655737705, 11.7900000000000 ) );
#9086 = VECTOR( '', #11419, 1000.00000000000 );
#9087 = CARTESIAN_POINT( '', ( 1.55311475409836, -5.85762295081967, 11.7900000000000 ) );
#9088 = CARTESIAN_POINT( '', ( 1.55311475409836, -5.85762295081967, 11.7900000000000 ) );
#9089 = CARTESIAN_POINT( '', ( 0.772131147540983, -4.47860655737705, 11.7900000000000 ) );
#9090 = CARTESIAN_POINT( '', ( 1.55311475409836, -5.85762295081967, 11.7900000000000 ) );
#9091 = VECTOR( '', #11420, 1000.00000000000 );
#9092 = COLOUR_RGB( '', 1.00000000000000, 1.00000000000000, 1.00000000000000 );
#9093 = CARTESIAN_POINT( '', ( 5.36941951269721, 2.53383505244634, 11.7900000000000 ) );
#9094 = CARTESIAN_POINT( '', ( 5.36941951269721, 2.53383505244634, 11.7900000000000 ) );
#9095 = CARTESIAN_POINT( '', ( 5.36941951269721, 2.27840782026861, 11.7900000000000 ) );
#9096 = CARTESIAN_POINT( '', ( 5.57647408926098, 2.07135324370484, 11.7900000000000 ) );
#9097 = CARTESIAN_POINT( '', ( 5.83190132143871, 2.07135324370484, 11.7900000000000 ) );
#9098 = CARTESIAN_POINT( '', ( 6.08741026418334, 2.07135324370484, 11.7900000000000 ) );
#9099 = CARTESIAN_POINT( '', ( 6.29446484074712, 2.27840782026861, 11.7900000000000 ) );
#9100 = CARTESIAN_POINT( '', ( 6.29446484074712, 2.53383505244634, 11.7900000000000 ) );
#9101 = CARTESIAN_POINT( '', ( 6.29446484074712, 2.78934399519098, 11.7900000000000 ) );
#9102 = CARTESIAN_POINT( '', ( 6.08741026418334, 2.99639857175476, 11.7900000000000 ) );
#9103 = CARTESIAN_POINT( '', ( 5.83190132143871, 2.99639857175476, 11.7900000000000 ) );
#9104 = CARTESIAN_POINT( '', ( 5.57647408926098, 2.99639857175476, 11.7900000000000 ) );
#9105 = CARTESIAN_POINT( '', ( 5.36941951269721, 2.78934399519098, 11.7900000000000 ) );
#9106 = CARTESIAN_POINT( '', ( 5.36941951269721, 2.53383505244634, 11.7900000000000 ) );
#9107 = CARTESIAN_POINT( '', ( 5.36941951269721, 2.53383505244634, 11.8000000000000 ) );
#9108 = CARTESIAN_POINT( '', ( 5.36941951269721, 2.53383505244634, 11.8000000000000 ) );
#9109 = CARTESIAN_POINT( '', ( 5.36941951269721, 2.27840782026861, 11.8000000000000 ) );
#9110 = CARTESIAN_POINT( '', ( 5.57647408926098, 2.07135324370484, 11.8000000000000 ) );
#9111 = CARTESIAN_POINT( '', ( 5.83190132143871, 2.07135324370484, 11.8000000000000 ) );
#9112 = CARTESIAN_POINT( '', ( 6.08741026418334, 2.07135324370484, 11.8000000000000 ) );
#9113 = CARTESIAN_POINT( '', ( 6.29446484074712, 2.27840782026861, 11.8000000000000 ) );
#9114 = CARTESIAN_POINT( '', ( 6.29446484074712, 2.53383505244634, 11.8000000000000 ) );
#9115 = CARTESIAN_POINT( '', ( 6.29446484074712, 2.78934399519098, 11.8000000000000 ) );
#9116 = CARTESIAN_POINT( '', ( 6.08741026418334, 2.99639857175476, 11.8000000000000 ) );
#9117 = CARTESIAN_POINT( '', ( 5.83190132143871, 2.99639857175476, 11.8000000000000 ) );
#9118 = CARTESIAN_POINT( '', ( 5.57647408926098, 2.99639857175476, 11.8000000000000 ) );
#9119 = CARTESIAN_POINT( '', ( 5.36941951269721, 2.78934399519098, 11.8000000000000 ) );
#9120 = CARTESIAN_POINT( '', ( 5.36941951269721, 2.53383505244634, 11.8000000000000 ) );
#9121 = COLOUR_RGB( '', 0.200000002980232, 0.200000002980232, 0.200000002980232 );
#9122 = CARTESIAN_POINT( '', ( 2.35000000000000, 10.0000000000000, 0.300000000000000 ) );
#9123 = CARTESIAN_POINT( '', ( -2.35000000000000, 10.0000000000000, 0.300000000000000 ) );
#9124 = CARTESIAN_POINT( '', ( -2.35000000000000, 10.0000000000000, 0.300000000000000 ) );
#9125 = VECTOR( '', #11421, 1000.00000000000 );
#9126 = CARTESIAN_POINT( '', ( 2.35000000000000, 5.00000000000000, 0.300000000000000 ) );
#9127 = CARTESIAN_POINT( '', ( 2.35000000000000, 5.00000000000000, 0.300000000000000 ) );
#9128 = VECTOR( '', #11422, 1000.00000000000 );
#9129 = CARTESIAN_POINT( '', ( -2.35000000000000, 5.00000000000000, 0.300000000000000 ) );
#9130 = CARTESIAN_POINT( '', ( -2.35000000000000, 5.00000000000000, 0.300000000000000 ) );
#9131 = VECTOR( '', #11423, 1000.00000000000 );
#9132 = CARTESIAN_POINT( '', ( -2.35000000000000, 11.2500000000000, 0.300000000000000 ) );
#9133 = VECTOR( '', #11424, 1000.00000000000 );
#9134 = COLOUR_RGB( '', 1.00000000000000, 1.00000000000000, 1.00000000000000 );
#9135 = CARTESIAN_POINT( '', ( -1.85213114754099, -5.53893442622951, 11.7900000000000 ) );
#9136 = CARTESIAN_POINT( '', ( -1.85213114754099, -5.53893442622951, 11.7900000000000 ) );
#9137 = VECTOR( '', #11425, 1000.00000000000 );
#9138 = CARTESIAN_POINT( '', ( -2.65672131147541, -4.31729508196721, 11.7900000000000 ) );
#9139 = CARTESIAN_POINT( '', ( -2.65672131147541, -4.31729508196721, 11.7900000000000 ) );
#9140 = CARTESIAN_POINT( '', ( -2.65672131147541, -3.99860655737705, 11.7900000000000 ) );
#9141 = CARTESIAN_POINT( '', ( -2.53278688524590, -3.82155737704919, 11.7900000000000 ) );
#9142 = CARTESIAN_POINT( '', ( -2.00754098360656, -3.82155737704919, 11.7900000000000 ) );
#9143 = CARTESIAN_POINT( '', ( -1.85606557377049, -3.91991803278689, 11.7900000000000 ) );
#9144 = CARTESIAN_POINT( '', ( -1.85606557377049, -4.45303278688525, 11.7900000000000 ) );
#9145 = CARTESIAN_POINT( '', ( -1.88950819672131, -4.50221311475410, 11.7900000000000 ) );
#9146 = CARTESIAN_POINT( '', ( -2.06655737704918, -4.54745901639344, 11.7900000000000 ) );
#9147 = CARTESIAN_POINT( '', ( -2.22297920280259, -4.58743348297487, 11.7900000000000 ) );
#9148 = CARTESIAN_POINT( '', ( -2.37737704918033, -4.63532786885246, 11.7900000000000 ) );
#9149 = CARTESIAN_POINT( '', ( -2.53278688524590, -4.67926229508197, 11.7900000000000 ) );
#9150 = CARTESIAN_POINT( '', ( -2.84508486980756, -4.76754906708885, 11.7900000000000 ) );
#9151 = CARTESIAN_POINT( '', ( -2.97540983606558, -4.99401639344262, 11.7900000000000 ) );
#9152 = CARTESIAN_POINT( '', ( -2.97540983606558, -5.66680327868853, 11.7900000000000 ) );
#9153 = CARTESIAN_POINT( '', ( -2.80032786885246, -5.90483606557377, 11.7900000000000 ) );
#9154 = CARTESIAN_POINT( '', ( -2.16885245901639, -5.90483606557377, 11.7900000000000 ) );
#9155 = CARTESIAN_POINT( '', ( -1.95049180327869, -5.82221311475410, 11.7900000000000 ) );
#9156 = CARTESIAN_POINT( '', ( -1.85213114754099, -5.53893442622951, 11.7900000000000 ) );
#9157 = CARTESIAN_POINT( '', ( -2.65672131147541, -4.31729508196721, 11.7900000000000 ) );
#9158 = VECTOR( '', #11426, 1000.00000000000 );
#9159 = COLOUR_RGB( '', 1.00000000000000, 1.00000000000000, 1.00000000000000 );
#9160 = CARTESIAN_POINT( '', ( 9.52195052334085, 6.99564055886499, 11.7900000000000 ) );
#9161 = CARTESIAN_POINT( '', ( 9.52195052334085, 6.99564055886499, 11.7900000000000 ) );
#9162 = VECTOR( '', #11427, 1000.00000000000 );
#9163 = CARTESIAN_POINT( '', ( 9.52195052334085, 6.80590862248730, 11.7900000000000 ) );
#9164 = CARTESIAN_POINT( '', ( 9.52195052334085, 6.99564055886499, 11.7900000000000 ) );
#9165 = CARTESIAN_POINT( '', ( 9.52195052334085, 6.97666736522722, 11.7900000000000 ) );
#9166 = CARTESIAN_POINT( '', ( 9.52195052334085, 6.82298449676129, 11.7900000000000 ) );
#9167 = CARTESIAN_POINT( '', ( 9.52195052334085, 6.80590862248730, 11.7900000000000 ) );
#9168 = CARTESIAN_POINT( '', ( 9.52195052334085, 6.80590862248730, 11.7900000000000 ) );
#9169 = VECTOR( '', #11428, 1000.00000000000 );
#9170 = COLOUR_RGB( '', 1.00000000000000, 1.00000000000000, 1.00000000000000 );
#9171 = CARTESIAN_POINT( '', ( 2.70983606557377, -3.66221311475410, 11.7900000000000 ) );
#9172 = VECTOR( '', #11429, 1000.00000000000 );
#9173 = CARTESIAN_POINT( '', ( 2.70983606557377, -3.96909836065574, 11.7900000000000 ) );
#9174 = VECTOR( '', #11430, 1000.00000000000 );
#9175 = COLOUR_RGB( '', 1.00000000000000, 1.00000000000000, 1.00000000000000 );
#9176 = CARTESIAN_POINT( '', ( -5.21606557377049, -2.90680327868853, 11.7900000000000 ) );
#9177 = CARTESIAN_POINT( '', ( -5.21606557377049, -2.90680327868853, 11.7900000000000 ) );
#9178 = VECTOR( '', #11431, 1000.00000000000 );
#9179 = CARTESIAN_POINT( '', ( -4.50786885245902, -5.52713114754099, 11.7900000000000 ) );
#9180 = CARTESIAN_POINT( '', ( -4.50786885245902, -5.52713114754099, 11.7900000000000 ) );
#9181 = CARTESIAN_POINT( '', ( -5.21606557377049, -2.90680327868853, 11.7900000000000 ) );
#9182 = CARTESIAN_POINT( '', ( -4.50786885245902, -5.52713114754099, 11.7900000000000 ) );
#9183 = VECTOR( '', #11432, 1000.00000000000 );
#9184 = COLOUR_RGB( '', 0.779999971389771, 0.529999971389771, 0.419999986886978 );
#9185 = CARTESIAN_POINT( '', ( 1.75000000000000, 10.0000000000000, 9.01000000000000 ) );
#9186 = CARTESIAN_POINT( '', ( 2.87852404506276, 8.42164469221989, 9.01000000000000 ) );
#9187 = AXIS2_PLACEMENT_3D( '', #11433, #11434, #11435 );
#9188 = CARTESIAN_POINT( '', ( 1.75000000000000, 10.0000000000000, 9.01000000000000 ) );
#9189 = VECTOR( '', #11436, 1000.00000000000 );
#9190 = CARTESIAN_POINT( '', ( 2.87852404506277, 8.42164469221990, 9.01000000000000 ) );
#9191 = VECTOR( '', #11437, 1000.00000000000 );
#9192 = COLOUR_RGB( '', 1.00000000000000, 1.00000000000000, 1.00000000000000 );
#9193 = CARTESIAN_POINT( '', ( 7.36520010960730, 1.15407041951190, 11.7900000000000 ) );
#9194 = CARTESIAN_POINT( '', ( 7.36520010960730, 1.15407041951190, 11.7900000000000 ) );
#9195 = VECTOR( '', #11438, 1000.00000000000 );
#9196 = CARTESIAN_POINT( '', ( 8.65606364573773, 1.15407041951190, 11.7900000000000 ) );
#9197 = CARTESIAN_POINT( '', ( 7.36520010960730, 1.15407041951190, 11.7900000000000 ) );
#9198 = CARTESIAN_POINT( '', ( 7.41120315878071, 1.46930978667174, 11.7900000000000 ) );
#9199 = CARTESIAN_POINT( '', ( 7.68264566207386, 1.71141819644225, 11.7900000000000 ) );
#9200 = CARTESIAN_POINT( '', ( 8.01063187767251, 1.71141819644225, 11.7900000000000 ) );
#9201 = CARTESIAN_POINT( '', ( 8.33861809327117, 1.71141819644225, 11.7900000000000 ) );
#9202 = CARTESIAN_POINT( '', ( 8.61006059656432, 1.46930978667174, 11.7900000000000 ) );
#9203 = CARTESIAN_POINT( '', ( 8.65606364573773, 1.15407041951190, 11.7900000000000 ) );
#9204 = CARTESIAN_POINT( '', ( 8.65606364573773, 1.15407041951190, 11.7900000000000 ) );
#9205 = VECTOR( '', #11439, 1000.00000000000 );
#9206 = COLOUR_RGB( '', 1.00000000000000, 1.00000000000000, 1.00000000000000 );
#9207 = CARTESIAN_POINT( '', ( 3.59508196721312, -5.85762295081967, 11.7900000000000 ) );
#9208 = VECTOR( '', #11440, 1000.00000000000 );
#9209 = CARTESIAN_POINT( '', ( 2.73540983606558, -5.85762295081968, 11.7900000000000 ) );
#9210 = VECTOR( '', #11441, 1000.00000000000 );
#9211 = COLOUR_RGB( '', 1.00000000000000, 1.00000000000000, 1.00000000000000 );
#9212 = CARTESIAN_POINT( '', ( 8.65606364573773, 6.99564055886499, 11.7900000000000 ) );
#9213 = CARTESIAN_POINT( '', ( 8.65606364573773, 6.99564055886499, 11.7900000000000 ) );
#9214 = VECTOR( '', #11442, 1000.00000000000 );
#9215 = CARTESIAN_POINT( '', ( 8.65606364573773, 6.99564055886499, 11.7900000000000 ) );
#9216 = CARTESIAN_POINT( '', ( 8.74265233349804, 6.99564055886499, 11.7900000000000 ) );
#9217 = CARTESIAN_POINT( '', ( 9.44402070435657, 6.99564055886499, 11.7900000000000 ) );
#9218 = CARTESIAN_POINT( '', ( 9.52195052334085, 6.99564055886499, 11.7900000000000 ) );
#9219 = COLOUR_RGB( '', 1.00000000000000, 1.00000000000000, 1.00000000000000 );
#9220 = CARTESIAN_POINT( '', ( 7.36520010960730, 0.964256772567283, 11.7900000000000 ) );
#9221 = CARTESIAN_POINT( '', ( 7.36520010960730, 0.964256772567283, 11.7900000000000 ) );
#9222 = VECTOR( '', #11443, 1000.00000000000 );
#9223 = CARTESIAN_POINT( '', ( -9.45238706236560, 0.964256772567283, 11.7900000000000 ) );
#9224 = CARTESIAN_POINT( '', ( 7.36520010960730, 0.964256772567283, 11.7900000000000 ) );
#9225 = CARTESIAN_POINT( '', ( 5.68344139241001, 0.964256772567283, 11.7900000000000 ) );
#9226 = CARTESIAN_POINT( '', ( -7.93880421688804, 0.964256772567283, 11.7900000000000 ) );
#9227 = CARTESIAN_POINT( '', ( -9.45238706236560, 0.964256772567283, 11.7900000000000 ) );
#9228 = CARTESIAN_POINT( '', ( -9.45238706236560, 0.964256772567283, 11.7900000000000 ) );
#9229 = VECTOR( '', #11444, 1000.00000000000 );
#9230 = COLOUR_RGB( '', 0.200000002980232, 0.200000002980232, 0.200000002980232 );
#9231 = CARTESIAN_POINT( '', ( 2.35000000000000, 10.0000000000000, 1.90000000000000 ) );
#9232 = CARTESIAN_POINT( '', ( 2.35000000000000, 10.0000000000000, 31.5255451975061 ) );
#9233 = VECTOR( '', #11445, 1000.00000000000 );
#9234 = CARTESIAN_POINT( '', ( -2.35000000000000, 10.0000000000000, 1.90000000000000 ) );
#9235 = CARTESIAN_POINT( '', ( -2.35000000000000, 10.0000000000000, 31.5255451975061 ) );
#9236 = VECTOR( '', #11446, 1000.00000000000 );
#9237 = CARTESIAN_POINT( '', ( -11.0000000000000, 10.0000000000000, 1.90000000000000 ) );
#9238 = VECTOR( '', #11447, 1000.00000000000 );
#9239 = COLOUR_RGB( '', 1.00000000000000, 1.00000000000000, 1.00000000000000 );
#9240 = CARTESIAN_POINT( '', ( 0.0206557377049170, -2.90680327868853, 11.7900000000000 ) );
#9241 = CARTESIAN_POINT( '', ( 0.0206557377049170, -2.90680327868853, 11.7900000000000 ) );
#9242 = VECTOR( '', #11448, 1000.00000000000 );
#9243 = CARTESIAN_POINT( '', ( 0.268524590163933, -2.90680327868853, 11.7900000000000 ) );
#9244 = CARTESIAN_POINT( '', ( 0.268524590163933, -2.90680327868853, 11.7900000000000 ) );
#9245 = CARTESIAN_POINT( '', ( 0.0206557377049170, -2.90680327868853, 11.7900000000000 ) );
#9246 = CARTESIAN_POINT( '', ( 0.268524590163933, -2.90680327868853, 11.7900000000000 ) );
#9247 = VECTOR( '', #11449, 1000.00000000000 );
#9248 = COLOUR_RGB( '', 1.00000000000000, 1.00000000000000, 1.00000000000000 );
#9249 = CARTESIAN_POINT( '', ( -2.90459016393442, -4.31729508196721, 11.7900000000000 ) );
#9250 = CARTESIAN_POINT( '', ( -2.90459016393442, -4.31729508196721, 11.7900000000000 ) );
#9251 = CARTESIAN_POINT( '', ( -2.82196721311476, -4.31729508196721, 11.7900000000000 ) );
#9252 = CARTESIAN_POINT( '', ( -2.73934426229508, -4.31729508196721, 11.7900000000000 ) );
#9253 = CARTESIAN_POINT( '', ( -2.65672131147541, -4.31729508196721, 11.7900000000000 ) );
#9254 = CARTESIAN_POINT( '', ( -2.90459016393442, -4.31729508196721, 11.7900000000000 ) );
#9255 = VECTOR( '', #11450, 1000.00000000000 );
#9256 = COLOUR_RGB( '', 0.779999971389771, 0.529999971389771, 0.419999986886978 );
#9257 = CARTESIAN_POINT( '', ( 1.75000000000000, 11.2500000000000, 8.76000000000000 ) );
#9258 = CARTESIAN_POINT( '', ( -1.75000000000000, 11.2500000000000, 8.76000000000000 ) );
#9259 = CARTESIAN_POINT( '', ( 1.75000000000000, 11.2500000000000, 8.76000000000000 ) );
#9260 = VECTOR( '', #11451, 1000.00000000000 );
#9261 = CARTESIAN_POINT( '', ( 1.75000000000000, 11.2500000000000, 0.549999999999976 ) );
#9262 = CARTESIAN_POINT( '', ( 1.75000000000000, 11.2500000000000, 0.549999999999976 ) );
#9263 = VECTOR( '', #11452, 1000.00000000000 );
#9264 = CARTESIAN_POINT( '', ( -1.75000000000000, 11.2500000000000, 0.549999999999969 ) );
#9265 = CARTESIAN_POINT( '', ( 1.75000000000000, 11.2500000000000, 0.549999999999976 ) );
#9266 = VECTOR( '', #11453, 1000.00000000000 );
#9267 = CARTESIAN_POINT( '', ( -1.75000000000000, 11.2500000000000, 0.549999999999969 ) );
#9268 = VECTOR( '', #11454, 1000.00000000000 );
#9269 = COLOUR_RGB( '', 1.00000000000000, 1.00000000000000, 1.00000000000000 );
#9270 = CARTESIAN_POINT( '', ( -0.850819672131147, -4.00844262295082, 11.7900000000000 ) );
#9271 = CARTESIAN_POINT( '', ( -0.850819672131147, -4.00844262295082, 11.7900000000000 ) );
#9272 = VECTOR( '', #11455, 1000.00000000000 );
#9273 = CARTESIAN_POINT( '', ( -0.842950819672131, -4.00844262295082, 11.7900000000000 ) );
#9274 = CARTESIAN_POINT( '', ( -0.842950819672131, -4.00844262295082, 11.7900000000000 ) );
#9275 = CARTESIAN_POINT( '', ( -0.845573770491803, -4.00844262295082, 11.7900000000000 ) );
#9276 = CARTESIAN_POINT( '', ( -0.848196721311475, -4.00844262295082, 11.7900000000000 ) );
#9277 = CARTESIAN_POINT( '', ( -0.850819672131147, -4.00844262295082, 11.7900000000000 ) );
#9278 = CARTESIAN_POINT( '', ( -0.842950819672131, -4.00844262295082, 11.7900000000000 ) );
#9279 = VECTOR( '', #11456, 1000.00000000000 );
#9280 = COLOUR_RGB( '', 1.00000000000000, 1.00000000000000, 1.00000000000000 );
#9281 = CARTESIAN_POINT( '', ( -1.84426229508197, -5.53893442622951, 11.7900000000000 ) );
#9282 = CARTESIAN_POINT( '', ( -1.85213114754099, -5.53893442622951, 11.7900000000000 ) );
#9283 = CARTESIAN_POINT( '', ( -1.84950819672131, -5.53893442622951, 11.7900000000000 ) );
#9284 = CARTESIAN_POINT( '', ( -1.84688524590164, -5.53893442622951, 11.7900000000000 ) );
#9285 = CARTESIAN_POINT( '', ( -1.84426229508197, -5.53893442622951, 11.7900000000000 ) );
#9286 = CARTESIAN_POINT( '', ( -1.40754098360656, -5.85959016393443, 11.7900000000000 ) );
#9287 = CARTESIAN_POINT( '', ( -1.84426229508197, -5.53893442622951, 11.7900000000000 ) );
#9288 = CARTESIAN_POINT( '', ( -1.84426229508197, -5.56319672131148, 11.7900000000000 ) );
#9289 = CARTESIAN_POINT( '', ( -1.84426229508197, -5.58745901639344, 11.7900000000000 ) );
#9290 = CARTESIAN_POINT( '', ( -1.84426229508197, -5.61172131147541, 11.7900000000000 ) );
#9291 = CARTESIAN_POINT( '', ( -1.84426229508197, -5.83795081967213, 11.7900000000000 ) );
#9292 = CARTESIAN_POINT( '', ( -1.71836065573770, -5.88516393442623, 11.7900000000000 ) );
#9293 = CARTESIAN_POINT( '', ( -1.49606557377049, -5.88516393442623, 11.7900000000000 ) );
#9294 = CARTESIAN_POINT( '', ( -1.45475409836066, -5.87532786885246, 11.7900000000000 ) );
#9295 = CARTESIAN_POINT( '', ( -1.40754098360656, -5.85959016393443, 11.7900000000000 ) );
#9296 = CARTESIAN_POINT( '', ( -1.40754098360656, -5.67663934426230, 11.7900000000000 ) );
#9297 = CARTESIAN_POINT( '', ( -1.40754098360656, -5.85959016393443, 11.7900000000000 ) );
#9298 = CARTESIAN_POINT( '', ( -1.40754098360656, -5.79860655737705, 11.7900000000000 ) );
#9299 = CARTESIAN_POINT( '', ( -1.40754098360656, -5.73762295081967, 11.7900000000000 ) );
#9300 = CARTESIAN_POINT( '', ( -1.40754098360656, -5.67663934426230, 11.7900000000000 ) );
#9301 = CARTESIAN_POINT( '', ( -1.40754098360656, -5.67663934426230, 11.7900000000000 ) );
#9302 = CARTESIAN_POINT( '', ( -1.43114754098361, -5.67663934426230, 11.7900000000000 ) );
#9303 = CARTESIAN_POINT( '', ( -1.45475409836066, -5.67663934426230, 11.7900000000000 ) );
#9304 = CARTESIAN_POINT( '', ( -1.47836065573771, -5.67663934426230, 11.7900000000000 ) );
#9305 = CARTESIAN_POINT( '', ( -1.56491803278689, -5.67663934426230, 11.7900000000000 ) );
#9306 = CARTESIAN_POINT( '', ( -1.60622950819672, -5.61565573770492, 11.7900000000000 ) );
#9307 = CARTESIAN_POINT( '', ( -1.60622950819672, -5.49762295081967, 11.7900000000000 ) );
#9308 = CARTESIAN_POINT( '', ( -1.60622950819672, -5.06418032786885, 11.7900000000000 ) );
#9309 = CARTESIAN_POINT( '', ( -1.60622950819672, -4.63073770491804, 11.7900000000000 ) );
#9310 = CARTESIAN_POINT( '', ( -1.60622950819672, -4.19729508196721, 11.7900000000000 ) );
#9311 = CARTESIAN_POINT( '', ( -1.60622950819672, -3.85106557377050, 11.7900000000000 ) );
#9312 = CARTESIAN_POINT( '', ( -1.77737704918033, -3.61500000000000, 11.7900000000000 ) );
#9313 = CARTESIAN_POINT( '', ( -2.69409836065574, -3.61500000000000, 11.7900000000000 ) );
#9314 = CARTESIAN_POINT( '', ( -2.90459016393442, -3.86680327868853, 11.7900000000000 ) );
#9315 = CARTESIAN_POINT( '', ( -2.90459016393442, -4.31729508196721, 11.7900000000000 ) );
#9316 = CARTESIAN_POINT( '', ( -1.86393442622951, -4.61631147540984, 11.7900000000000 ) );
#9317 = CARTESIAN_POINT( '', ( -1.85606557377049, -4.61631147540984, 11.7900000000000 ) );
#9318 = CARTESIAN_POINT( '', ( -1.86393442622951, -4.61631147540984, 11.7900000000000 ) );
#9319 = CARTESIAN_POINT( '', ( -1.86131147540984, -4.61631147540984, 11.7900000000000 ) );
#9320 = CARTESIAN_POINT( '', ( -1.85868852459017, -4.61631147540984, 11.7900000000000 ) );
#9321 = CARTESIAN_POINT( '', ( -1.85606557377049, -4.61631147540984, 11.7900000000000 ) );
#9322 = CARTESIAN_POINT( '', ( -1.85606557377049, -5.08254098360656, 11.7900000000000 ) );
#9323 = CARTESIAN_POINT( '', ( -1.85606557377049, -4.61631147540984, 11.7900000000000 ) );
#9324 = CARTESIAN_POINT( '', ( -1.85606557377049, -4.77172131147541, 11.7900000000000 ) );
#9325 = CARTESIAN_POINT( '', ( -1.85606557377049, -4.92713114754099, 11.7900000000000 ) );
#9326 = CARTESIAN_POINT( '', ( -1.85606557377049, -5.08254098360656, 11.7900000000000 ) );
#9327 = CARTESIAN_POINT( '', ( -1.85606557377049, -5.08254098360656, 11.7900000000000 ) );
#9328 = CARTESIAN_POINT( '', ( -1.85606557377049, -5.47991803278689, 11.7900000000000 ) );
#9329 = CARTESIAN_POINT( '', ( -2.06262295081967, -5.69827868852459, 11.7900000000000 ) );
#9330 = CARTESIAN_POINT( '', ( -2.57803278688524, -5.69827868852459, 11.7900000000000 ) );
#9331 = CARTESIAN_POINT( '', ( -2.70983606557377, -5.53500000000000, 11.7900000000000 ) );
#9332 = CARTESIAN_POINT( '', ( -2.70983606557377, -5.00778688524590, 11.7900000000000 ) );
#9333 = CARTESIAN_POINT( '', ( -2.58196721311476, -4.88188524590164, 11.7900000000000 ) );
#9334 = CARTESIAN_POINT( '', ( -2.33409836065574, -4.81696721311476, 11.7900000000000 ) );
#9335 = CARTESIAN_POINT( '', ( -2.26516554333174, -4.79891338000609, 11.7900000000000 ) );
#9336 = CARTESIAN_POINT( '', ( -2.19639344262295, -4.78024590163935, 11.7900000000000 ) );
#9337 = CARTESIAN_POINT( '', ( -2.12754098360656, -4.76188524590164, 11.7900000000000 ) );
#9338 = CARTESIAN_POINT( '', ( -2.02836405686688, -4.73543806543773, 11.7900000000000 ) );
#9339 = CARTESIAN_POINT( '', ( -1.89344262295082, -4.69500000000000, 11.7900000000000 ) );
#9340 = CARTESIAN_POINT( '', ( -1.86393442622951, -4.61631147540984, 11.7900000000000 ) );
#9341 = COLOUR_RGB( '', 0.779999971389771, 0.529999971389771, 0.419999986886978 );
#9342 = CARTESIAN_POINT( '', ( 8.90000000000000, 0.000000000000000, 2.40000000000000 ) );
#9345 = CARTESIAN_POINT( '', ( 8.90000000000000, 0.000000000000000, 2.40000000000000 ) );
#9346 = CARTESIAN_POINT( '', ( 8.90000000000000, 5.13841739578767, 2.46583333333333 ) );
#9347 = CARTESIAN_POINT( '', ( 4.45000000000000, 7.70762609368151, 2.53166666666667 ) );
#9348 = CARTESIAN_POINT( '', ( 6.29274641643444E-016, 10.2768347915753, 2.59750000000000 ) );
#9349 = CARTESIAN_POINT( '', ( -4.45000000000000, 7.70762609368151, 2.66333333333333 ) );
#9350 = CARTESIAN_POINT( '', ( -8.90000000000000, 5.13841739578767, 2.72916666666667 ) );
#9351 = CARTESIAN_POINT( '', ( -8.90000000000000, 1.08993565124114E-015, 2.79500000000000 ) );
#9352 = CARTESIAN_POINT( '', ( -8.90000000000000, -5.13841739578767, 2.86083333333333 ) );
#9353 = CARTESIAN_POINT( '', ( -4.45000000000000, -7.70762609368150, 2.92666666666667 ) );
#9354 = CARTESIAN_POINT( '', ( -1.88782392493033E-015, -10.2768347915753, 2.99250000000000 ) );
#9355 = CARTESIAN_POINT( '', ( 4.45000000000000, -7.70762609368151, 3.05833333333333 ) );
#9356 = CARTESIAN_POINT( '', ( 8.89999999999999, -5.13841739578767, 3.12416666666667 ) );
#9357 = CARTESIAN_POINT( '', ( 8.90000000000000, -2.17987130248229E-015, 3.19000000000000 ) );
#9358 = CARTESIAN_POINT( '', ( 8.90000000000000, 5.13841739578767, 3.25583333333333 ) );
#9359 = CARTESIAN_POINT( '', ( 4.45000000000000, 7.70762609368150, 3.32166666666667 ) );
#9360 = CARTESIAN_POINT( '', ( 1.22740360929179E-014, 10.2768347915753, 3.38750000000000 ) );
#9361 = CARTESIAN_POINT( '', ( -4.45000000000000, 7.70762609368151, 3.45333333333333 ) );
#9362 = CARTESIAN_POINT( '', ( -8.89999999999999, 5.13841739578767, 3.51916666666666 ) );
#9363 = CARTESIAN_POINT( '', ( -8.90000000000000, 3.26980695372343E-015, 3.58500000000000 ) );
#9364 = CARTESIAN_POINT( '', ( -8.90000000000000, -5.13841739578767, 3.65083333333333 ) );
#9365 = CARTESIAN_POINT( '', ( -4.45000000000000, -7.70762609368150, 3.71666666666667 ) );
#9366 = CARTESIAN_POINT( '', ( -4.40492249150411E-015, -10.2768347915753, 3.78250000000000 ) );
#9367 = CARTESIAN_POINT( '', ( 4.45000000000000, -7.70762609368151, 3.84833333333333 ) );
#9368 = CARTESIAN_POINT( '', ( 8.89999999999999, -5.13841739578767, 3.91416666666667 ) );
#9369 = CARTESIAN_POINT( '', ( 8.90000000000000, -4.35974260496458E-015, 3.98000000000000 ) );
#9370 = CARTESIAN_POINT( '', ( 8.90000000000000, 5.13841739578767, 4.04583333333333 ) );
#9371 = CARTESIAN_POINT( '', ( 4.45000000000000, 7.70762609368150, 4.11166666666666 ) );
#9372 = CARTESIAN_POINT( '', ( 2.39187975441923E-014, 10.2768347915753, 4.17750000000000 ) );
#9373 = CARTESIAN_POINT( '', ( -4.45000000000000, 7.70762609368151, 4.24333333333334 ) );
#9374 = CARTESIAN_POINT( '', ( -8.89999999999999, 5.13841739578767, 4.30916666666667 ) );
#9375 = CARTESIAN_POINT( '', ( -8.90000000000000, 2.12592541268679E-014, 4.37500000000000 ) );
#9376 = CARTESIAN_POINT( '', ( -8.90000000000000, -5.13841739578767, 4.44083333333333 ) );
#9377 = CARTESIAN_POINT( '', ( -4.45000000000000, -7.70762609368150, 4.50666666666667 ) );
#9378 = CARTESIAN_POINT( '', ( -2.51773468274792E-014, -10.2768347915753, 4.57250000000000 ) );
#9379 = CARTESIAN_POINT( '', ( 4.45000000000000, -7.70762609368152, 4.63833333333333 ) );
#9380 = CARTESIAN_POINT( '', ( 8.89999999999998, -5.13841739578767, 4.70416666666666 ) );
#9381 = CARTESIAN_POINT( '', ( 8.90000000000000, -6.53961390744687E-015, 4.77000000000000 ) );
#9382 = CARTESIAN_POINT( '', ( 8.90000000000000, 5.13841739578767, 4.83583333333333 ) );
#9383 = CARTESIAN_POINT( '', ( 4.45000000000000, 7.70762609368150, 4.90166666666667 ) );
#9384 = CARTESIAN_POINT( '', ( 2.64358961107661E-014, 10.2768347915753, 4.96750000000000 ) );
#9385 = CARTESIAN_POINT( '', ( -4.45000000000000, 7.70762609368152, 5.03333333333333 ) );
#9386 = CARTESIAN_POINT( '', ( -8.89999999999998, 5.13841739578767, 5.09916666666667 ) );
#9387 = CARTESIAN_POINT( '', ( -8.90000000000000, 7.62954955868801E-015, 5.16500000000000 ) );
#9388 = CARTESIAN_POINT( '', ( -8.90000000000000, -5.13841739578767, 5.23083333333333 ) );
#9389 = CARTESIAN_POINT( '', ( -4.45000000000000, -7.70762609368150, 5.29666666666667 ) );
#9390 = CARTESIAN_POINT( '', ( -2.76944453940529E-014, -10.2768347915753, 5.36250000000000 ) );
#9391 = CARTESIAN_POINT( '', ( 4.45000000000000, -7.70762609368152, 5.42833333333333 ) );
#9392 = CARTESIAN_POINT( '', ( 8.89999999999998, -5.13841739578767, 5.49416666666666 ) );
#9393 = CARTESIAN_POINT( '', ( 8.90000000000000, -8.71948520992916E-015, 5.56000000000000 ) );
#9394 = CARTESIAN_POINT( '', ( 8.90000000000000, 5.13841739578767, 5.62583333333333 ) );
#9395 = CARTESIAN_POINT( '', ( 4.45000000000000, 7.70762609368150, 5.69166666666667 ) );
#9396 = CARTESIAN_POINT( '', ( 2.89529946773398E-014, 10.2768347915753, 5.75750000000000 ) );
#9397 = CARTESIAN_POINT( '', ( -4.45000000000000, 7.70762609368152, 5.82333333333333 ) );
#9398 = CARTESIAN_POINT( '', ( -8.89999999999998, 5.13841739578767, 5.88916666666667 ) );
#9399 = CARTESIAN_POINT( '', ( -8.90000000000000, 4.14285726024947E-014, 5.95500000000000 ) );
#9400 = CARTESIAN_POINT( '', ( -8.90000000000000, -5.13841739578767, 6.02083333333333 ) );
#9401 = CARTESIAN_POINT( '', ( -4.45000000000000, -7.70762609368150, 6.08666666666667 ) );
#9402 = CARTESIAN_POINT( '', ( -3.02115439606267E-014, -10.2768347915753, 6.15250000000000 ) );
#9403 = CARTESIAN_POINT( '', ( 4.45000000000000, -7.70762609368152, 6.21833333333333 ) );
#9404 = CARTESIAN_POINT( '', ( 8.89999999999998, -5.13841739578767, 6.28416666666666 ) );
#9405 = CARTESIAN_POINT( '', ( 8.90000000000000, -4.25185082537359E-014, 6.35000000000000 ) );
#9406 = CARTESIAN_POINT( '', ( 8.90000000000002, 5.13841739578767, 6.41583333333333 ) );
#9407 = CARTESIAN_POINT( '', ( 4.45000000000000, 7.70762609368149, 6.48166666666667 ) );
#9408 = CARTESIAN_POINT( '', ( 6.79807447827162E-014, 10.2768347915753, 6.54750000000000 ) );
#9409 = CARTESIAN_POINT( '', ( -4.45000000000000, 7.70762609368152, 6.61333333333333 ) );
#9410 = CARTESIAN_POINT( '', ( -8.89999999999999, 5.13841739578767, 6.67916666666666 ) );
#9411 = CARTESIAN_POINT( '', ( -8.90000000000000, 4.36084439049770E-014, 6.74500000000000 ) );
#9412 = CARTESIAN_POINT( '', ( -8.90000000000002, -5.13841739578767, 6.81083333333333 ) );
#9413 = CARTESIAN_POINT( '', ( -4.45000000000005, -7.70762609368148, 6.87666666666667 ) );
#9414 = CARTESIAN_POINT( '', ( -3.27286425272005E-014, -10.2768347915753, 6.94250000000000 ) );
#9415 = CARTESIAN_POINT( '', ( 4.44999999999995, -7.70762609368154, 7.00833333333333 ) );
#9416 = CARTESIAN_POINT( '', ( 8.89999999999998, -5.13841739578767, 7.07416666666667 ) );
#9417 = CARTESIAN_POINT( '', ( 8.90000000000000, -1.30792278148937E-014, 7.14000000000000 ) );
#9418 = CARTESIAN_POINT( '', ( 8.90000000000003, 5.13841739578767, 7.20583333333333 ) );
#9419 = CARTESIAN_POINT( '', ( 4.45000000000000, 7.70762609368149, 7.27166666666667 ) );
#9420 = CARTESIAN_POINT( '', ( 7.04978433492900E-014, 10.2768347915753, 7.33750000000000 ) );
#9421 = CARTESIAN_POINT( '', ( -4.45000000000000, 7.70762609368152, 7.40333333333333 ) );
#9422 = CARTESIAN_POINT( '', ( -8.89999999999999, 5.13841739578767, 7.46916666666667 ) );
#9423 = CARTESIAN_POINT( '', ( -8.90000000000000, 4.57883152074594E-014, 7.53500000000000 ) );
#9424 = CARTESIAN_POINT( '', ( -8.90000000000002, -5.13841739578767, 7.60083333333333 ) );
#9425 = CARTESIAN_POINT( '', ( -4.45000000000005, -7.70762609368148, 7.66666666666667 ) );
#9426 = CARTESIAN_POINT( '', ( -3.52457410937743E-014, -10.2768347915753, 7.73250000000000 ) );
#9427 = CARTESIAN_POINT( '', ( 4.44999999999995, -7.70762609368154, 7.79833333333333 ) );
#9428 = CARTESIAN_POINT( '', ( 8.89999999999998, -5.13841739578767, 7.86416666666666 ) );
#9429 = CARTESIAN_POINT( '', ( 8.90000000000000, -1.52590991173760E-014, 7.93000000000000 ) );
#9430 = CARTESIAN_POINT( '', ( 8.90000000000003, 5.13841739578762, 7.99583333333334 ) );
#9431 = CARTESIAN_POINT( '', ( 4.45000000000000, 7.70762609368149, 8.06166666666667 ) );
#9432 = CARTESIAN_POINT( '', ( 7.30149419158638E-014, 10.2768347915753, 8.12750000000000 ) );
#9433 = CARTESIAN_POINT( '', ( -4.45000000000000, 7.70762609368152, 8.19333333333333 ) );
#9434 = CARTESIAN_POINT( '', ( -8.89999999999996, 5.13841739578774, 8.25916666666667 ) );
#9435 = CARTESIAN_POINT( '', ( -8.90000000000000, 4.79681865099416E-014, 8.32500000000000 ) );
#9436 = CARTESIAN_POINT( '', ( -8.90000000000002, -5.13841739578767, 8.39083333333333 ) );
#9437 = CARTESIAN_POINT( '', ( -4.45000000000005, -7.70762609368148, 8.45666666666667 ) );
#9438 = CARTESIAN_POINT( '', ( -3.77628396603481E-014, -10.2768347915753, 8.52250000000000 ) );
#9439 = CARTESIAN_POINT( '', ( 4.44999999999994, -7.70762609368154, 8.58833333333333 ) );
#9440 = CARTESIAN_POINT( '', ( 8.89999999999997, -5.13841739578767, 8.65416666666666 ) );
#9441 = CARTESIAN_POINT( '', ( 8.90000000000000, -1.74389704198583E-014, 8.72000000000000 ) );
#9442 = CARTESIAN_POINT( '', ( 8.90000000000003, 5.13841739578762, 8.78583333333333 ) );
#9443 = CARTESIAN_POINT( '', ( 4.45000000000000, 7.70762609368149, 8.85166666666667 ) );
#9444 = CARTESIAN_POINT( '', ( 7.55320404824376E-014, 10.2768347915753, 8.91750000000000 ) );
#9445 = CARTESIAN_POINT( '', ( -4.45000000000000, 7.70762609368153, 8.98333333333333 ) );
#9446 = CARTESIAN_POINT( '', ( -8.89999999999996, 5.13841739578774, 9.04916666666666 ) );
#9447 = CARTESIAN_POINT( '', ( -8.90000000000000, 5.01480578124239E-014, 9.11500000000000 ) );
#9448 = CARTESIAN_POINT( '', ( -8.90000000000002, -5.13841739578767, 9.18083333333333 ) );
#9449 = CARTESIAN_POINT( '', ( -4.45000000000005, -7.70762609368148, 9.24666666666667 ) );
#9450 = CARTESIAN_POINT( '', ( -4.02799382269218E-014, -10.2768347915753, 9.31250000000000 ) );
#9451 = CARTESIAN_POINT( '', ( 4.44999999999994, -7.70762609368154, 9.37833333333333 ) );
#9452 = CARTESIAN_POINT( '', ( 8.89999999999997, -5.13841739578767, 9.44416666666667 ) );
#9453 = CARTESIAN_POINT( '', ( 8.90000000000000, -8.28571452049895E-014, 9.51000000000000 ) );
#9459 = CARTESIAN_POINT( '', ( 2.87852404506287, -8.42164469221986, 2.40000000000000 ) );
#9460 = AXIS2_PLACEMENT_3D( '', #11457, #11458, #11459 );
#9461 = CARTESIAN_POINT( '', ( 2.87852404506287, -8.42164469221986, 1.90000000000000 ) );
#9462 = CARTESIAN_POINT( '', ( 2.87852404506287, -8.42164469221986, 1.90000000000000 ) );
#9463 = VECTOR( '', #11460, 1000.00000000000 );
#9464 = CARTESIAN_POINT( '', ( 8.90000000000000, 0.000000000000000, 1.90000000000000 ) );
#9465 = AXIS2_PLACEMENT_3D( '', #11461, #11462, #11463 );
#9466 = CARTESIAN_POINT( '', ( 8.90000000000000, -1.98926755784396E-014, 9.01000000000000 ) );
#9469 = CARTESIAN_POINT( '', ( 8.90000000000000, 0.000000000000000, 1.90000000000000 ) );
#9470 = CARTESIAN_POINT( '', ( 8.90000000000000, 5.13841739578767, 1.96583333333333 ) );
#9471 = CARTESIAN_POINT( '', ( 4.45000000000000, 7.70762609368151, 2.03166666666667 ) );
#9472 = CARTESIAN_POINT( '', ( 6.29274641643444E-016, 10.2768347915753, 2.09750000000000 ) );
#9473 = CARTESIAN_POINT( '', ( -4.45000000000000, 7.70762609368151, 2.16333333333333 ) );
#9474 = CARTESIAN_POINT( '', ( -8.90000000000000, 5.13841739578767, 2.22916666666666 ) );
#9475 = CARTESIAN_POINT( '', ( -8.90000000000000, 1.08993565124114E-015, 2.29500000000000 ) );
#9476 = CARTESIAN_POINT( '', ( -8.90000000000000, -5.13841739578767, 2.36083333333333 ) );
#9477 = CARTESIAN_POINT( '', ( -4.45000000000000, -7.70762609368150, 2.42666666666667 ) );
#9478 = CARTESIAN_POINT( '', ( -1.88782392493033E-015, -10.2768347915753, 2.49250000000000 ) );
#9479 = CARTESIAN_POINT( '', ( 4.45000000000000, -7.70762609368151, 2.55833333333333 ) );
#9480 = CARTESIAN_POINT( '', ( 8.89999999999999, -5.13841739578767, 2.62416666666667 ) );
#9481 = CARTESIAN_POINT( '', ( 8.90000000000000, -2.17987130248229E-015, 2.69000000000000 ) );
#9482 = CARTESIAN_POINT( '', ( 8.90000000000000, 5.13841739578767, 2.75583333333333 ) );
#9483 = CARTESIAN_POINT( '', ( 4.45000000000000, 7.70762609368150, 2.82166666666667 ) );
#9484 = CARTESIAN_POINT( '', ( 1.22740360929179E-014, 10.2768347915753, 2.88750000000000 ) );
#9485 = CARTESIAN_POINT( '', ( -4.45000000000000, 7.70762609368151, 2.95333333333333 ) );
#9486 = CARTESIAN_POINT( '', ( -8.89999999999999, 5.13841739578767, 3.01916666666666 ) );
#9487 = CARTESIAN_POINT( '', ( -8.90000000000000, 3.26980695372343E-015, 3.08500000000000 ) );
#9488 = CARTESIAN_POINT( '', ( -8.90000000000000, -5.13841739578767, 3.15083333333333 ) );
#9489 = CARTESIAN_POINT( '', ( -4.45000000000000, -7.70762609368150, 3.21666666666667 ) );
#9490 = CARTESIAN_POINT( '', ( -4.40492249150411E-015, -10.2768347915753, 3.28250000000000 ) );
#9491 = CARTESIAN_POINT( '', ( 4.45000000000000, -7.70762609368151, 3.34833333333333 ) );
#9492 = CARTESIAN_POINT( '', ( 8.89999999999999, -5.13841739578767, 3.41416666666666 ) );
#9493 = CARTESIAN_POINT( '', ( 8.90000000000000, -4.35974260496458E-015, 3.48000000000000 ) );
#9494 = CARTESIAN_POINT( '', ( 8.90000000000000, 5.13841739578767, 3.54583333333333 ) );
#9495 = CARTESIAN_POINT( '', ( 4.45000000000000, 7.70762609368150, 3.61166666666667 ) );
#9496 = CARTESIAN_POINT( '', ( 2.39187975441923E-014, 10.2768347915753, 3.67750000000000 ) );
#9497 = CARTESIAN_POINT( '', ( -4.45000000000000, 7.70762609368151, 3.74333333333333 ) );
#9498 = CARTESIAN_POINT( '', ( -8.89999999999999, 5.13841739578767, 3.80916666666667 ) );
#9499 = CARTESIAN_POINT( '', ( -8.90000000000000, 2.12592541268679E-014, 3.87500000000000 ) );
#9500 = CARTESIAN_POINT( '', ( -8.90000000000000, -5.13841739578767, 3.94083333333333 ) );
#9501 = CARTESIAN_POINT( '', ( -4.45000000000000, -7.70762609368150, 4.00666666666666 ) );
#9502 = CARTESIAN_POINT( '', ( -2.51773468274792E-014, -10.2768347915753, 4.07250000000000 ) );
#9503 = CARTESIAN_POINT( '', ( 4.45000000000000, -7.70762609368152, 4.13833333333334 ) );
#9504 = CARTESIAN_POINT( '', ( 8.89999999999998, -5.13841739578767, 4.20416666666667 ) );
#9505 = CARTESIAN_POINT( '', ( 8.90000000000000, -6.53961390744687E-015, 4.27000000000000 ) );
#9506 = CARTESIAN_POINT( '', ( 8.90000000000000, 5.13841739578767, 4.33583333333333 ) );
#9507 = CARTESIAN_POINT( '', ( 4.45000000000000, 7.70762609368150, 4.40166666666666 ) );
#9508 = CARTESIAN_POINT( '', ( 2.64358961107661E-014, 10.2768347915753, 4.46750000000000 ) );
#9509 = CARTESIAN_POINT( '', ( -4.45000000000000, 7.70762609368152, 4.53333333333333 ) );
#9510 = CARTESIAN_POINT( '', ( -8.89999999999998, 5.13841739578767, 4.59916666666666 ) );
#9511 = CARTESIAN_POINT( '', ( -8.90000000000000, 7.62954955868801E-015, 4.66500000000000 ) );
#9512 = CARTESIAN_POINT( '', ( -8.90000000000000, -5.13841739578767, 4.73083333333333 ) );
#9513 = CARTESIAN_POINT( '', ( -4.45000000000000, -7.70762609368150, 4.79666666666667 ) );
#9514 = CARTESIAN_POINT( '', ( -2.76944453940529E-014, -10.2768347915753, 4.86250000000000 ) );
#9515 = CARTESIAN_POINT( '', ( 4.45000000000000, -7.70762609368152, 4.92833333333333 ) );
#9516 = CARTESIAN_POINT( '', ( 8.89999999999998, -5.13841739578767, 4.99416666666667 ) );
#9517 = CARTESIAN_POINT( '', ( 8.90000000000000, -8.71948520992916E-015, 5.06000000000000 ) );
#9518 = CARTESIAN_POINT( '', ( 8.90000000000000, 5.13841739578767, 5.12583333333333 ) );
#9519 = CARTESIAN_POINT( '', ( 4.45000000000000, 7.70762609368150, 5.19166666666667 ) );
#9520 = CARTESIAN_POINT( '', ( 2.89529946773398E-014, 10.2768347915753, 5.25750000000000 ) );
#9521 = CARTESIAN_POINT( '', ( -4.45000000000000, 7.70762609368152, 5.32333333333333 ) );
#9522 = CARTESIAN_POINT( '', ( -8.89999999999998, 5.13841739578767, 5.38916666666667 ) );
#9523 = CARTESIAN_POINT( '', ( -8.90000000000000, 4.14285726024947E-014, 5.45500000000000 ) );
#9524 = CARTESIAN_POINT( '', ( -8.90000000000000, -5.13841739578767, 5.52083333333333 ) );
#9525 = CARTESIAN_POINT( '', ( -4.45000000000000, -7.70762609368150, 5.58666666666667 ) );
#9526 = CARTESIAN_POINT( '', ( -3.02115439606267E-014, -10.2768347915753, 5.65250000000000 ) );
#9527 = CARTESIAN_POINT( '', ( 4.45000000000000, -7.70762609368152, 5.71833333333333 ) );
#9528 = CARTESIAN_POINT( '', ( 8.89999999999998, -5.13841739578767, 5.78416666666666 ) );
#9529 = CARTESIAN_POINT( '', ( 8.90000000000000, -4.25185082537359E-014, 5.85000000000000 ) );
#9530 = CARTESIAN_POINT( '', ( 8.90000000000002, 5.13841739578767, 5.91583333333333 ) );
#9531 = CARTESIAN_POINT( '', ( 4.45000000000000, 7.70762609368149, 5.98166666666667 ) );
#9532 = CARTESIAN_POINT( '', ( 6.79807447827162E-014, 10.2768347915753, 6.04749999999999 ) );
#9533 = CARTESIAN_POINT( '', ( -4.45000000000000, 7.70762609368152, 6.11333333333333 ) );
#9534 = CARTESIAN_POINT( '', ( -8.89999999999999, 5.13841739578767, 6.17916666666666 ) );
#9535 = CARTESIAN_POINT( '', ( -8.90000000000000, 4.36084439049770E-014, 6.24500000000000 ) );
#9536 = CARTESIAN_POINT( '', ( -8.90000000000002, -5.13841739578767, 6.31083333333333 ) );
#9537 = CARTESIAN_POINT( '', ( -4.45000000000005, -7.70762609368148, 6.37666666666667 ) );
#9538 = CARTESIAN_POINT( '', ( -3.27286425272005E-014, -10.2768347915753, 6.44250000000000 ) );
#9539 = CARTESIAN_POINT( '', ( 4.44999999999995, -7.70762609368154, 6.50833333333333 ) );
#9540 = CARTESIAN_POINT( '', ( 8.89999999999998, -5.13841739578767, 6.57416666666667 ) );
#9541 = CARTESIAN_POINT( '', ( 8.90000000000000, -1.30792278148937E-014, 6.64000000000000 ) );
#9542 = CARTESIAN_POINT( '', ( 8.90000000000003, 5.13841739578767, 6.70583333333333 ) );
#9543 = CARTESIAN_POINT( '', ( 4.45000000000000, 7.70762609368149, 6.77166666666667 ) );
#9544 = CARTESIAN_POINT( '', ( 7.04978433492900E-014, 10.2768347915753, 6.83750000000000 ) );
#9545 = CARTESIAN_POINT( '', ( -4.45000000000000, 7.70762609368152, 6.90333333333333 ) );
#9546 = CARTESIAN_POINT( '', ( -8.89999999999999, 5.13841739578767, 6.96916666666666 ) );
#9547 = CARTESIAN_POINT( '', ( -8.90000000000000, 4.57883152074594E-014, 7.03500000000000 ) );
#9548 = CARTESIAN_POINT( '', ( -8.90000000000002, -5.13841739578767, 7.10083333333333 ) );
#9549 = CARTESIAN_POINT( '', ( -4.45000000000005, -7.70762609368148, 7.16666666666667 ) );
#9550 = CARTESIAN_POINT( '', ( -3.52457410937743E-014, -10.2768347915753, 7.23249999999999 ) );
#9551 = CARTESIAN_POINT( '', ( 4.44999999999995, -7.70762609368154, 7.29833333333333 ) );
#9552 = CARTESIAN_POINT( '', ( 8.89999999999998, -5.13841739578767, 7.36416666666666 ) );
#9553 = CARTESIAN_POINT( '', ( 8.90000000000000, -1.52590991173760E-014, 7.43000000000000 ) );
#9554 = CARTESIAN_POINT( '', ( 8.90000000000003, 5.13841739578762, 7.49583333333334 ) );
#9555 = CARTESIAN_POINT( '', ( 4.45000000000000, 7.70762609368149, 7.56166666666667 ) );
#9556 = CARTESIAN_POINT( '', ( 7.30149419158638E-014, 10.2768347915753, 7.62750000000000 ) );
#9557 = CARTESIAN_POINT( '', ( -4.45000000000000, 7.70762609368152, 7.69333333333333 ) );
#9558 = CARTESIAN_POINT( '', ( -8.89999999999996, 5.13841739578774, 7.75916666666667 ) );
#9559 = CARTESIAN_POINT( '', ( -8.90000000000000, 4.79681865099416E-014, 7.82500000000000 ) );
#9560 = CARTESIAN_POINT( '', ( -8.90000000000002, -5.13841739578767, 7.89083333333333 ) );
#9561 = CARTESIAN_POINT( '', ( -4.45000000000005, -7.70762609368148, 7.95666666666667 ) );
#9562 = CARTESIAN_POINT( '', ( -3.77628396603481E-014, -10.2768347915753, 8.02250000000000 ) );
#9563 = CARTESIAN_POINT( '', ( 4.44999999999994, -7.70762609368154, 8.08833333333333 ) );
#9564 = CARTESIAN_POINT( '', ( 8.89999999999997, -5.13841739578767, 8.15416666666666 ) );
#9565 = CARTESIAN_POINT( '', ( 8.90000000000000, -1.74389704198583E-014, 8.22000000000000 ) );
#9566 = CARTESIAN_POINT( '', ( 8.90000000000003, 5.13841739578762, 8.28583333333333 ) );
#9567 = CARTESIAN_POINT( '', ( 4.45000000000000, 7.70762609368149, 8.35166666666667 ) );
#9568 = CARTESIAN_POINT( '', ( 7.55320404824376E-014, 10.2768347915753, 8.41750000000000 ) );
#9569 = CARTESIAN_POINT( '', ( -4.45000000000000, 7.70762609368153, 8.48333333333333 ) );
#9570 = CARTESIAN_POINT( '', ( -8.89999999999996, 5.13841739578774, 8.54916666666666 ) );
#9571 = CARTESIAN_POINT( '', ( -8.90000000000000, 5.01480578124239E-014, 8.61500000000000 ) );
#9572 = CARTESIAN_POINT( '', ( -8.90000000000002, -5.13841739578767, 8.68083333333333 ) );
#9573 = CARTESIAN_POINT( '', ( -4.45000000000005, -7.70762609368148, 8.74666666666667 ) );
#9574 = CARTESIAN_POINT( '', ( -4.02799382269218E-014, -10.2768347915753, 8.81250000000000 ) );
#9575 = CARTESIAN_POINT( '', ( 4.44999999999994, -7.70762609368154, 8.87833333333333 ) );
#9576 = CARTESIAN_POINT( '', ( 8.89999999999997, -5.13841739578767, 8.94416666666667 ) );
#9577 = CARTESIAN_POINT( '', ( 8.90000000000000, -8.28571452049895E-014, 9.01000000000000 ) );
#9583 = AXIS2_PLACEMENT_3D( '', #11464, #11465, #11466 );
#9584 = COLOUR_RGB( '', 1.00000000000000, 1.00000000000000, 1.00000000000000 );
#9585 = CARTESIAN_POINT( '', ( 7.36520010960730, 6.99564055886499, 11.7900000000000 ) );
#9586 = CARTESIAN_POINT( '', ( 7.36520010960730, 6.99564055886499, 11.7900000000000 ) );
#9587 = VECTOR( '', #11467, 1000.00000000000 );
#9588 = CARTESIAN_POINT( '', ( 7.36520010960730, 6.99564055886499, 11.7900000000000 ) );
#9589 = CARTESIAN_POINT( '', ( 7.41120315878071, 7.31087992602483, 11.7900000000000 ) );
#9590 = CARTESIAN_POINT( '', ( 7.68264566207386, 7.55298833579534, 11.7900000000000 ) );
#9591 = CARTESIAN_POINT( '', ( 8.01063187767251, 7.55298833579534, 11.7900000000000 ) );
#9592 = CARTESIAN_POINT( '', ( 8.33861809327117, 7.55298833579534, 11.7900000000000 ) );
#9593 = CARTESIAN_POINT( '', ( 8.61006059656432, 7.31087992602483, 11.7900000000000 ) );
#9594 = CARTESIAN_POINT( '', ( 8.65606364573773, 6.99564055886499, 11.7900000000000 ) );
#9595 = COLOUR_RGB( '', 0.200000002980232, 0.200000002980232, 0.200000002980232 );
#9596 = CARTESIAN_POINT( '', ( -6.05000000000000, 11.2500000000000, 1.90000000000000 ) );
#9597 = CARTESIAN_POINT( '', ( -5.55000000000000, 10.7500000000000, 1.90000000000000 ) );
#9598 = AXIS2_PLACEMENT_3D( '', #11468, #11469, #11470 );
#9599 = CARTESIAN_POINT( '', ( -6.05000000000000, 11.2500000000000, 9.60000000000000 ) );
#9600 = CARTESIAN_POINT( '', ( -6.05000000000000, 11.2500000000000, 1.90000000000000 ) );
#9601 = VECTOR( '', #11471, 1000.00000000000 );
#9602 = CARTESIAN_POINT( '', ( -5.55000000000000, 10.7500000000000, 9.60000000000000 ) );
#9603 = AXIS2_PLACEMENT_3D( '', #11472, #11473, #11474 );
#9604 = CARTESIAN_POINT( '', ( -5.55000000000000, 10.7500000000000, -23.3887859734183 ) );
#9605 = VECTOR( '', #11475, 1000.00000000000 );
#9606 = COLOUR_RGB( '', 0.200000002980232, 0.200000002980232, 0.200000002980232 );
#9607 = CARTESIAN_POINT( '', ( -5.55000000000000, -10.7500000000000, 1.90000000000000 ) );
#9608 = CARTESIAN_POINT( '', ( -6.05000000000000, -11.2500000000000, 1.90000000000000 ) );
#9609 = AXIS2_PLACEMENT_3D( '', #11476, #11477, #11478 );
#9610 = CARTESIAN_POINT( '', ( -5.55000000000000, -10.7500000000000, 9.60000000000000 ) );
#9611 = CARTESIAN_POINT( '', ( -5.55000000000000, -10.7500000000000, -23.3887859734183 ) );
#9612 = VECTOR( '', #11479, 1000.00000000000 );
#9613 = CARTESIAN_POINT( '', ( -6.05000000000000, -11.2500000000000, 9.60000000000000 ) );
#9614 = AXIS2_PLACEMENT_3D( '', #11480, #11481, #11482 );
#9615 = CARTESIAN_POINT( '', ( -6.05000000000000, -11.2500000000000, 1.90000000000000 ) );
#9616 = VECTOR( '', #11483, 1000.00000000000 );
#9617 = COLOUR_RGB( '', 0.200000002980232, 0.200000002980232, 0.200000002980232 );
#9618 = CARTESIAN_POINT( '', ( -3.35000000000000, -11.2500000000000, 1.90000000000000 ) );
#9619 = CARTESIAN_POINT( '', ( -2.35000000000000, -10.2500000000000, 1.90000000000000 ) );
#9620 = AXIS2_PLACEMENT_3D( '', #11484, #11485, #11486 );
#9621 = CARTESIAN_POINT( '', ( -3.35000000000000, -11.2500000000000, 1.90000000000000 ) );
#9622 = VECTOR( '', #11487, 1000.00000000000 );
#9623 = CARTESIAN_POINT( '', ( -2.35000000000000, -10.2500000000000, 0.300000000000000 ) );
#9624 = VECTOR( '', #11488, 1000.00000000000 );
#9625 = COLOUR_RGB( '', 0.200000002980232, 0.200000002980232, 0.200000002980232 );
#9626 = CARTESIAN_POINT( '', ( -10.0000000000000, -11.2500000000000, 1.90000000000000 ) );
#9627 = CARTESIAN_POINT( '', ( -11.0000000000000, -11.2500000000000, 1.90000000000000 ) );
#9628 = VECTOR( '', #11489, 1000.00000000000 );
#9629 = CARTESIAN_POINT( '', ( -10.0000000000000, -11.2500000000000, 1.90000000000000 ) );
#9630 = VECTOR( '', #11490, 1000.00000000000 );
#9631 = COLOUR_RGB( '', 1.00000000000000, 1.00000000000000, 1.00000000000000 );
#9632 = CARTESIAN_POINT( '', ( 7.54815006893102, 4.00854736413655, 11.7900000000000 ) );
#9633 = CARTESIAN_POINT( '', ( 7.54815006893102, 4.00854736413655, 11.7900000000000 ) );
#9634 = CARTESIAN_POINT( '', ( 7.54815006893102, 3.75312013195882, 11.7900000000000 ) );
#9635 = CARTESIAN_POINT( '', ( 7.75520464549479, 3.54606555539505, 11.7900000000000 ) );
#9636 = CARTESIAN_POINT( '', ( 8.01063187767251, 3.54606555539505, 11.7900000000000 ) );
#9637 = CARTESIAN_POINT( '', ( 8.26605910985024, 3.54606555539505, 11.7900000000000 ) );
#9638 = CARTESIAN_POINT( '', ( 8.47311368641401, 3.75312013195882, 11.7900000000000 ) );
#9639 = CARTESIAN_POINT( '', ( 8.47311368641401, 4.00854736413655, 11.7900000000000 ) );
#9640 = CARTESIAN_POINT( '', ( 8.47311368641401, 4.26405630688119, 11.7900000000000 ) );
#9641 = CARTESIAN_POINT( '', ( 8.26605910985024, 4.47111088344497, 11.7900000000000 ) );
#9642 = CARTESIAN_POINT( '', ( 8.01063187767251, 4.47111088344497, 11.7900000000000 ) );
#9643 = CARTESIAN_POINT( '', ( 7.75520464549479, 4.47111088344497, 11.7900000000000 ) );
#9644 = CARTESIAN_POINT( '', ( 7.54815006893102, 4.26405630688119, 11.7900000000000 ) );
#9645 = CARTESIAN_POINT( '', ( 7.54815006893102, 4.00854736413655, 11.7900000000000 ) );
#9646 = CARTESIAN_POINT( '', ( 7.36520010960730, 4.10349504289231, 11.7900000000000 ) );
#9647 = CARTESIAN_POINT( '', ( 8.65606364573773, 4.10349504289231, 11.7900000000000 ) );
#9648 = CARTESIAN_POINT( '', ( 7.36520010960730, 4.10349504289231, 11.7900000000000 ) );
#9649 = CARTESIAN_POINT( '', ( 7.41120315878071, 4.41873441005215, 11.7900000000000 ) );
#9650 = CARTESIAN_POINT( '', ( 7.68264566207386, 4.66084281982266, 11.7900000000000 ) );
#9651 = CARTESIAN_POINT( '', ( 8.01063187767251, 4.66084281982266, 11.7900000000000 ) );
#9652 = CARTESIAN_POINT( '', ( 8.33861809327117, 4.66084281982266, 11.7900000000000 ) );
#9653 = CARTESIAN_POINT( '', ( 8.61006059656432, 4.41873441005215, 11.7900000000000 ) );
#9654 = CARTESIAN_POINT( '', ( 8.65606364573773, 4.10349504289231, 11.7900000000000 ) );
#9655 = CARTESIAN_POINT( '', ( 2.14087159273359, 4.10349504289231, 11.7900000000000 ) );
#9656 = CARTESIAN_POINT( '', ( 2.14087159273359, 4.10349504289231, 11.7900000000000 ) );
#9657 = CARTESIAN_POINT( '', ( 2.66330444442095, 4.10349504289231, 11.7900000000000 ) );
#9658 = CARTESIAN_POINT( '', ( 6.89501054308866, 4.10349504289231, 11.7900000000000 ) );
#9659 = CARTESIAN_POINT( '', ( 7.36520010960730, 4.10349504289231, 11.7900000000000 ) );
#9660 = CARTESIAN_POINT( '', ( 2.02982693229548, 3.91368139594770, 11.7900000000000 ) );
#9661 = CARTESIAN_POINT( '', ( 2.02982693229548, 3.91368139594770, 11.7900000000000 ) );
#9662 = CARTESIAN_POINT( '', ( 2.04093139833928, 3.93266276064217, 11.7900000000000 ) );
#9663 = CARTESIAN_POINT( '', ( 2.13087757329416, 4.08641181466730, 11.7900000000000 ) );
#9664 = CARTESIAN_POINT( '', ( 2.14087159273359, 4.10349504289231, 11.7900000000000 ) );
#9665 = CARTESIAN_POINT( '', ( 7.36520010960730, 3.91368139594770, 11.7900000000000 ) );
#9666 = CARTESIAN_POINT( '', ( 7.36520010960730, 3.91368139594770, 11.7900000000000 ) );
#9667 = CARTESIAN_POINT( '', ( 6.83166279187612, 3.91368139594770, 11.7900000000000 ) );
#9668 = CARTESIAN_POINT( '', ( 2.51001051825354, 3.91368139594770, 11.7900000000000 ) );
#9669 = CARTESIAN_POINT( '', ( 2.02982693229548, 3.91368139594770, 11.7900000000000 ) );
#9670 = CARTESIAN_POINT( '', ( 8.65606364573773, 3.91368139594770, 11.7900000000000 ) );
#9671 = CARTESIAN_POINT( '', ( 8.65606364573773, 3.91368139594770, 11.7900000000000 ) );
#9672 = CARTESIAN_POINT( '', ( 8.61006059656432, 3.59844202878785, 11.7900000000000 ) );
#9673 = CARTESIAN_POINT( '', ( 8.33861809327117, 3.35633361901735, 11.7900000000000 ) );
#9674 = CARTESIAN_POINT( '', ( 8.01063187767251, 3.35633361901735, 11.7900000000000 ) );
#9675 = CARTESIAN_POINT( '', ( 7.68264566207386, 3.35633361901735, 11.7900000000000 ) );
#9676 = CARTESIAN_POINT( '', ( 7.41120315878071, 3.59844202878785, 11.7900000000000 ) );
#9677 = CARTESIAN_POINT( '', ( 7.36520010960730, 3.91368139594770, 11.7900000000000 ) );
#9678 = CARTESIAN_POINT( '', ( 9.52195052334085, 3.91368139594770, 11.7900000000000 ) );
#9679 = CARTESIAN_POINT( '', ( 9.52195052334085, 3.91368139594770, 11.7900000000000 ) );
#9680 = CARTESIAN_POINT( '', ( 9.43536183558054, 3.91368139594770, 11.7900000000000 ) );
#9681 = CARTESIAN_POINT( '', ( 8.73399346472201, 3.91368139594770, 11.7900000000000 ) );
#9682 = CARTESIAN_POINT( '', ( 8.65606364573773, 3.91368139594770, 11.7900000000000 ) );
#9683 = CARTESIAN_POINT( '', ( 9.52195052334085, 4.10349504289231, 11.7900000000000 ) );
#9684 = CARTESIAN_POINT( '', ( 9.52195052334085, 4.10349504289231, 11.7900000000000 ) );
#9685 = CARTESIAN_POINT( '', ( 9.52195052334085, 4.08451367819785, 11.7900000000000 ) );
#9686 = CARTESIAN_POINT( '', ( 9.52195052334085, 3.93076462417272, 11.7900000000000 ) );
#9687 = CARTESIAN_POINT( '', ( 9.52195052334085, 3.91368139594770, 11.7900000000000 ) );
#9688 = CARTESIAN_POINT( '', ( 8.65606364573773, 4.10349504289231, 11.7900000000000 ) );
#9689 = CARTESIAN_POINT( '', ( 8.74265233349804, 4.10349504289231, 11.7900000000000 ) );
#9690 = CARTESIAN_POINT( '', ( 9.44402070435657, 4.10349504289231, 11.7900000000000 ) );
#9691 = CARTESIAN_POINT( '', ( 9.52195052334085, 4.10349504289231, 11.7900000000000 ) );
#9692 = COLOUR_RGB( '', 1.00000000000000, 1.00000000000000, 1.00000000000000 );
#9693 = CARTESIAN_POINT( '', ( 5.18655126394040, 2.43896908425749, 11.7900000000000 ) );
#9694 = CARTESIAN_POINT( '', ( 5.18655126394040, 2.43896908425749, 11.7900000000000 ) );
#9695 = VECTOR( '', #11491, 1000.00000000000 );
#9696 = CARTESIAN_POINT( '', ( 1.16410347582618, 2.43896908425749, 11.7900000000000 ) );
#9697 = CARTESIAN_POINT( '', ( 5.18655126394040, 2.43896908425749, 11.7900000000000 ) );
#9698 = CARTESIAN_POINT( '', ( 4.78430648512898, 2.43896908425749, 11.7900000000000 ) );
#9699 = CARTESIAN_POINT( '', ( 1.52612377675646, 2.43896908425749, 11.7900000000000 ) );
#9700 = CARTESIAN_POINT( '', ( 1.16410347582618, 2.43896908425749, 11.7900000000000 ) );
#9701 = CARTESIAN_POINT( '', ( 1.16410347582618, 2.43896908425749, 11.7900000000000 ) );
#9702 = VECTOR( '', #11492, 1000.00000000000 );
#9703 = COLOUR_RGB( '', 1.00000000000000, 1.00000000000000, 1.00000000000000 );
#9704 = CARTESIAN_POINT( '', ( 1.74000000000000, -3.32778688524590, 11.7900000000000 ) );
#9705 = CARTESIAN_POINT( '', ( 1.74000000000000, -3.32778688524590, 11.7900000000000 ) );
#9706 = VECTOR( '', #11493, 1000.00000000000 );
#9707 = CARTESIAN_POINT( '', ( 1.74000000000000, -2.90680327868853, 11.7900000000000 ) );
#9708 = CARTESIAN_POINT( '', ( 1.74000000000000, -2.90680327868853, 11.7900000000000 ) );
#9709 = CARTESIAN_POINT( '', ( 1.74000000000000, -3.32778688524590, 11.7900000000000 ) );
#9710 = CARTESIAN_POINT( '', ( 1.74000000000000, -2.90680327868853, 11.7900000000000 ) );
#9711 = VECTOR( '', #11494, 1000.00000000000 );
#9712 = COLOUR_RGB( '', 1.00000000000000, 1.00000000000000, 1.00000000000000 );
#9713 = CARTESIAN_POINT( '', ( -5.40295081967213, -3.15467213114755, 11.7900000000000 ) );
#9714 = CARTESIAN_POINT( '', ( -5.40295081967213, -3.15467213114755, 11.7900000000000 ) );
#9715 = VECTOR( '', #11495, 1000.00000000000 );
#9716 = CARTESIAN_POINT( '', ( -5.41081967213115, -3.15467213114755, 11.7900000000000 ) );
#9717 = CARTESIAN_POINT( '', ( -5.41081967213115, -3.15467213114755, 11.7900000000000 ) );
#9718 = CARTESIAN_POINT( '', ( -5.40295081967213, -3.15467213114755, 11.7900000000000 ) );
#9719 = CARTESIAN_POINT( '', ( -5.41081967213115, -3.15467213114755, 11.7900000000000 ) );
#9720 = VECTOR( '', #11496, 1000.00000000000 );
#9721 = COLOUR_RGB( '', 1.00000000000000, 1.00000000000000, 1.00000000000000 );
#9722 = CARTESIAN_POINT( '', ( 0.0206557377049170, -5.85762295081967, 11.7900000000000 ) );
#9723 = CARTESIAN_POINT( '', ( 0.0206557377049170, -2.90680327868853, 11.7900000000000 ) );
#9724 = CARTESIAN_POINT( '', ( 0.0206557377049170, -5.85762295081967, 11.7900000000000 ) );
#9725 = CARTESIAN_POINT( '', ( 0.268524590163933, -5.85762295081967, 11.7900000000000 ) );
#9726 = CARTESIAN_POINT( '', ( 0.0206557377049170, -5.85762295081967, 11.7900000000000 ) );
#9727 = CARTESIAN_POINT( '', ( 0.268524590163933, -5.85762295081967, 11.7900000000000 ) );
#9728 = CARTESIAN_POINT( '', ( 0.268524590163933, -5.85762295081967, 11.7900000000000 ) );
#9729 = CARTESIAN_POINT( '', ( 0.268524590163933, -5.09040983606558, 11.7900000000000 ) );
#9730 = CARTESIAN_POINT( '', ( 1.24819672131147, -5.85762295081967, 11.7900000000000 ) );
#9731 = CARTESIAN_POINT( '', ( 0.595081967213114, -4.70090163934427, 11.7900000000000 ) );
#9732 = CARTESIAN_POINT( '', ( 1.24819672131147, -5.85762295081967, 11.7900000000000 ) );
#9733 = CARTESIAN_POINT( '', ( 1.24819672131147, -5.85762295081967, 11.7900000000000 ) );
#9734 = CARTESIAN_POINT( '', ( 1.55311475409836, -5.85762295081967, 11.7900000000000 ) );
#9735 = CARTESIAN_POINT( '', ( 1.43311475409836, -3.66221311475410, 11.7900000000000 ) );
#9736 = CARTESIAN_POINT( '', ( 0.772131147540983, -4.47860655737705, 11.7900000000000 ) );
#9737 = CARTESIAN_POINT( '', ( 1.43311475409836, -3.66221311475410, 11.7900000000000 ) );
#9738 = CARTESIAN_POINT( '', ( 1.12819672131147, -3.66221311475410, 11.7900000000000 ) );
#9739 = CARTESIAN_POINT( '', ( 1.43311475409836, -3.66221311475410, 11.7900000000000 ) );
#9740 = CARTESIAN_POINT( '', ( 1.12819672131147, -3.66221311475410, 11.7900000000000 ) );
#9741 = CARTESIAN_POINT( '', ( 0.276393442622950, -4.75598360655738, 11.7900000000000 ) );
#9742 = CARTESIAN_POINT( '', ( 1.12819672131147, -3.66221311475410, 11.7900000000000 ) );
#9743 = CARTESIAN_POINT( '', ( 0.276393442622950, -4.75598360655738, 11.7900000000000 ) );
#9744 = CARTESIAN_POINT( '', ( 0.268524590163933, -4.75598360655738, 11.7900000000000 ) );
#9745 = CARTESIAN_POINT( '', ( 0.276393442622950, -4.75598360655738, 11.7900000000000 ) );
#9746 = CARTESIAN_POINT( '', ( 0.268524590163933, -4.75598360655738, 11.7900000000000 ) );
#9747 = CARTESIAN_POINT( '', ( 0.268524590163933, -4.75598360655738, 11.7900000000000 ) );
#9748 = CARTESIAN_POINT( '', ( 0.268524590163933, -2.90680327868853, 11.7900000000000 ) );
#9749 = COLOUR_RGB( '', 0.200000002980232, 0.200000002980232, 0.200000002980232 );
#9750 = CARTESIAN_POINT( '', ( 7.54815006893102, 4.00854736413655, 11.8000000000000 ) );
#9751 = CARTESIAN_POINT( '', ( 7.54815006893102, 4.00854736413655, 11.8000000000000 ) );
#9752 = CARTESIAN_POINT( '', ( 7.54815006893102, 3.75312013195882, 11.8000000000000 ) );
#9753 = CARTESIAN_POINT( '', ( 7.75520464549479, 3.54606555539505, 11.8000000000000 ) );
#9754 = CARTESIAN_POINT( '', ( 8.01063187767251, 3.54606555539505, 11.8000000000000 ) );
#9755 = CARTESIAN_POINT( '', ( 8.26605910985024, 3.54606555539505, 11.8000000000000 ) );
#9756 = CARTESIAN_POINT( '', ( 8.47311368641401, 3.75312013195882, 11.8000000000000 ) );
#9757 = CARTESIAN_POINT( '', ( 8.47311368641401, 4.00854736413655, 11.8000000000000 ) );
#9758 = CARTESIAN_POINT( '', ( 8.47311368641401, 4.26405630688119, 11.8000000000000 ) );
#9759 = CARTESIAN_POINT( '', ( 8.26605910985024, 4.47111088344497, 11.8000000000000 ) );
#9760 = CARTESIAN_POINT( '', ( 8.01063187767251, 4.47111088344497, 11.8000000000000 ) );
#9761 = CARTESIAN_POINT( '', ( 7.75520464549479, 4.47111088344497, 11.8000000000000 ) );
#9762 = CARTESIAN_POINT( '', ( 7.54815006893102, 4.26405630688119, 11.8000000000000 ) );
#9763 = CARTESIAN_POINT( '', ( 7.54815006893102, 4.00854736413655, 11.8000000000000 ) );
#9764 = COLOUR_RGB( '', 0.779999971389771, 0.529999971389771, 0.419999986886978 );
#9765 = CARTESIAN_POINT( '', ( -1.75000000000000, -10.7500000000000, 0.550000000000000 ) );
#9766 = CARTESIAN_POINT( '', ( 1.75000000000000, -10.7500000000000, 0.550000000000000 ) );
#9767 = CARTESIAN_POINT( '', ( -1.75000000000000, -10.7500000000000, 0.550000000000000 ) );
#9768 = VECTOR( '', #11497, 1000.00000000000 );
#9769 = CARTESIAN_POINT( '', ( 1.75000000000000, -10.5000000000000, 0.300000000000000 ) );
#9770 = AXIS2_PLACEMENT_3D( '', #11498, #11499, #11500 );
#9771 = CARTESIAN_POINT( '', ( -1.75000000000000, -10.5000000000000, 0.300000000000000 ) );
#9772 = CARTESIAN_POINT( '', ( -1.75000000000000, -10.5000000000000, 0.300000000000000 ) );
#9773 = VECTOR( '', #11501, 1000.00000000000 );
#9774 = AXIS2_PLACEMENT_3D( '', #11502, #11503, #11504 );
#9775 = COLOUR_RGB( '', 1.00000000000000, 1.00000000000000, 1.00000000000000 );
#9776 = CARTESIAN_POINT( '', ( -5.34397975785630, 1.34314867135427, 11.7900000000000 ) );
#9777 = CARTESIAN_POINT( '', ( -5.34397975785630, 1.34314867135427, 11.7900000000000 ) );
#9778 = VECTOR( '', #11505, 1000.00000000000 );
#9779 = CARTESIAN_POINT( '', ( -5.47340929585040, 2.24891030561213, 11.7900000000000 ) );
#9780 = CARTESIAN_POINT( '', ( -5.34397975785631, 1.34314867135427, 11.7900000000000 ) );
#9781 = VECTOR( '', #11506, 1000.00000000000 );
#9782 = CARTESIAN_POINT( '', ( -5.47340929585040, 2.24891030561213, 11.7900000000000 ) );
#9783 = VECTOR( '', #11507, 1000.00000000000 );
#9784 = COLOUR_RGB( '', 0.200000002980232, 0.200000002980232, 0.200000002980232 );
#9785 = CARTESIAN_POINT( '', ( -2.35000000000000, -10.0000000000000, 1.90000000000000 ) );
#9786 = CARTESIAN_POINT( '', ( -2.35000000000000, -11.2500000000000, 1.90000000000000 ) );
#9787 = VECTOR( '', #11508, 1000.00000000000 );
#9788 = CARTESIAN_POINT( '', ( -2.35000000000000, -5.00000000000000, 0.300000000000000 ) );
#9789 = CARTESIAN_POINT( '', ( -2.35000000000000, -5.00000000000000, 0.300000000000000 ) );
#9790 = VECTOR( '', #11509, 1000.00000000000 );
#9791 = CARTESIAN_POINT( '', ( -2.35000000000000, -10.0000000000000, 0.300000000000000 ) );
#9792 = CARTESIAN_POINT( '', ( -2.35000000000000, -11.2500000000000, 0.300000000000000 ) );
#9793 = VECTOR( '', #11510, 1000.00000000000 );
#9794 = CARTESIAN_POINT( '', ( -2.35000000000000, -10.0000000000000, 31.5255451975061 ) );
#9795 = VECTOR( '', #11511, 1000.00000000000 );
#9796 = COLOUR_RGB( '', 1.00000000000000, 1.00000000000000, 1.00000000000000 );
#9797 = CARTESIAN_POINT( '', ( -0.117118213408220, 4.69132086128212, 11.7900000000000 ) );
#9798 = CARTESIAN_POINT( '', ( -0.117118213408220, 4.69132086128212, 11.7900000000000 ) );
#9799 = VECTOR( '', #11512, 1000.00000000000 );
#9800 = CARTESIAN_POINT( '', ( 2.10532749612536, 4.69132086128212, 11.7900000000000 ) );
#9801 = CARTESIAN_POINT( '', ( 2.10532749612536, 4.69132086128212, 11.7900000000000 ) );
#9802 = VECTOR( '', #11513, 1000.00000000000 );
#9803 = CARTESIAN_POINT( '', ( 2.10532749612536, 4.69132086128212, 11.7900000000000 ) );
#9804 = VECTOR( '', #11514, 1000.00000000000 );
#9805 = COLOUR_RGB( '', 1.00000000000000, 1.00000000000000, 1.00000000000000 );
#9806 = CARTESIAN_POINT( '', ( -9.45238706236560, 2.62878273120210, 11.7900000000000 ) );
#9807 = CARTESIAN_POINT( '', ( -9.45238706236560, 2.43896908425749, 11.7900000000000 ) );
#9808 = VECTOR( '', #11515, 1000.00000000000 );
#9809 = CARTESIAN_POINT( '', ( -7.76391990762455, 2.62878273120210, 11.7900000000000 ) );
#9810 = CARTESIAN_POINT( '', ( -7.76391990762455, 2.62878273120210, 11.7900000000000 ) );
#9811 = VECTOR( '', #11516, 1000.00000000000 );
#9812 = CARTESIAN_POINT( '', ( -9.45238706236560, 2.62878273120210, 11.7900000000000 ) );
#9813 = VECTOR( '', #11517, 1000.00000000000 );
#9814 = COLOUR_RGB( '', 1.00000000000000, 1.00000000000000, 1.00000000000000 );
#9815 = CARTESIAN_POINT( '', ( -1.85606557377049, -5.08254098360656, 11.8000000000000 ) );
#9816 = CARTESIAN_POINT( '', ( -1.86393442622951, -4.61631147540984, 11.8000000000000 ) );
#9817 = CARTESIAN_POINT( '', ( -1.85606557377049, -5.08254098360656, 11.8000000000000 ) );
#9818 = CARTESIAN_POINT( '', ( -1.85606557377049, -5.47991803278689, 11.8000000000000 ) );
#9819 = CARTESIAN_POINT( '', ( -2.06262295081967, -5.69827868852459, 11.8000000000000 ) );
#9820 = CARTESIAN_POINT( '', ( -2.57803278688524, -5.69827868852459, 11.8000000000000 ) );
#9821 = CARTESIAN_POINT( '', ( -2.70983606557377, -5.53500000000000, 11.8000000000000 ) );
#9822 = CARTESIAN_POINT( '', ( -2.70983606557377, -5.00778688524590, 11.8000000000000 ) );
#9823 = CARTESIAN_POINT( '', ( -2.58196721311476, -4.88188524590164, 11.8000000000000 ) );
#9824 = CARTESIAN_POINT( '', ( -2.33409836065574, -4.81696721311476, 11.8000000000000 ) );
#9825 = CARTESIAN_POINT( '', ( -2.26516554333174, -4.79891338000609, 11.8000000000000 ) );
#9826 = CARTESIAN_POINT( '', ( -2.19639344262295, -4.78024590163935, 11.8000000000000 ) );
#9827 = CARTESIAN_POINT( '', ( -2.12754098360656, -4.76188524590164, 11.8000000000000 ) );
#9828 = CARTESIAN_POINT( '', ( -2.02836405686688, -4.73543806543773, 11.8000000000000 ) );
#9829 = CARTESIAN_POINT( '', ( -1.89344262295082, -4.69500000000000, 11.8000000000000 ) );
#9830 = CARTESIAN_POINT( '', ( -1.86393442622951, -4.61631147540984, 11.8000000000000 ) );
#9831 = CARTESIAN_POINT( '', ( -1.86393442622951, -4.61631147540984, 11.7900000000000 ) );
#9832 = VECTOR( '', #11518, 1000.00000000000 );
#9833 = CARTESIAN_POINT( '', ( -1.85606557377049, -5.08254098360656, 11.7900000000000 ) );
#9834 = VECTOR( '', #11519, 1000.00000000000 );
#9835 = COLOUR_RGB( '', 1.00000000000000, 1.00000000000000, 1.00000000000000 );
#9836 = CARTESIAN_POINT( '', ( -1.40754098360656, -5.67663934426230, 11.7900000000000 ) );
#9837 = VECTOR( '', #11520, 1000.00000000000 );
#9838 = COLOUR_RGB( '', 0.200000002980232, 0.200000002980232, 0.200000002980232 );
#9839 = CARTESIAN_POINT( '', ( 10.0000000000000, -11.2500000000000, 11.3000000000000 ) );
#9840 = CARTESIAN_POINT( '', ( 10.0000000000000, -10.7500000000000, 11.8000000000000 ) );
#9841 = VECTOR( '', #11521, 1000.00000000000 );
#9842 = CARTESIAN_POINT( '', ( 11.0000000000000, -10.2500000000000, 11.3000000000000 ) );
#9843 = AXIS2_PLACEMENT_3D( '', #11522, #11523, #11524 );
#9844 = CARTESIAN_POINT( '', ( 10.5000000000000, -10.2500000000000, 11.8000000000000 ) );
#9845 = VECTOR( '', #11525, 1000.00000000000 );
#9846 = COLOUR_RGB( '', 0.200000002980232, 0.200000002980232, 0.200000002980232 );
#9847 = CARTESIAN_POINT( '', ( -11.0000000000000, -10.2500000000000, 11.3000000000000 ) );
#9848 = VECTOR( '', #11526, 1000.00000000000 );
#9849 = CARTESIAN_POINT( '', ( -11.0000000000000, 10.2500000000000, 11.3000000000000 ) );
#9850 = VECTOR( '', #11527, 1000.00000000000 );
#9851 = COLOUR_RGB( '', 0.779999971389771, 0.529999971389771, 0.419999986886978 );
#9852 = CARTESIAN_POINT( '', ( 1.75000000000000, 10.5000000000000, -0.200000000000017 ) );
#9853 = CARTESIAN_POINT( '', ( -1.75000000000000, 10.5000000000000, -0.200000000000017 ) );
#9854 = CARTESIAN_POINT( '', ( 1.75000000000000, 10.5000000000000, -0.200000000000016 ) );
#9855 = VECTOR( '', #11528, 1000.00000000000 );
#9856 = CARTESIAN_POINT( '', ( 1.75000000000000, 5.75000000000000, -0.200000000000003 ) );
#9857 = CARTESIAN_POINT( '', ( 1.75000000000000, 5.75000000000000, -0.200000000000003 ) );
#9858 = VECTOR( '', #11529, 1000.00000000000 );
#9859 = CARTESIAN_POINT( '', ( -1.75000000000000, 5.75000000000000, -0.200000000000000 ) );
#9860 = CARTESIAN_POINT( '', ( 1.75000000000000, 5.75000000000000, -0.200000000000003 ) );
#9861 = VECTOR( '', #11530, 1000.00000000000 );
#9862 = CARTESIAN_POINT( '', ( -1.75000000000000, 5.75000000000000, -0.200000000000003 ) );
#9863 = VECTOR( '', #11531, 1000.00000000000 );
#9864 = COLOUR_RGB( '', 0.779999971389771, 0.529999971389771, 0.419999986886978 );
#9865 = CARTESIAN_POINT( '', ( -1.75000000000000, -5.75000000000000, -0.200000000000000 ) );
#9866 = CARTESIAN_POINT( '', ( -1.75000000000000, -10.5000000000000, -0.200000000000000 ) );
#9867 = CARTESIAN_POINT( '', ( -1.75000000000000, -5.75000000000000, -0.200000000000000 ) );
#9868 = VECTOR( '', #11532, 1000.00000000000 );
#9869 = CARTESIAN_POINT( '', ( 1.75000000000000, -5.75000000000000, -0.200000000000003 ) );
#9870 = CARTESIAN_POINT( '', ( 1.75000000000000, -5.75000000000000, -0.200000000000003 ) );
#9871 = VECTOR( '', #11533, 1000.00000000000 );
#9872 = CARTESIAN_POINT( '', ( 1.75000000000000, -10.5000000000000, -0.200000000000000 ) );
#9873 = CARTESIAN_POINT( '', ( 1.75000000000000, -5.75000000000000, -0.200000000000003 ) );
#9874 = VECTOR( '', #11534, 1000.00000000000 );
#9875 = CARTESIAN_POINT( '', ( 1.75000000000000, -10.5000000000000, -0.200000000000000 ) );
#9876 = VECTOR( '', #11535, 1000.00000000000 );
#9877 = COLOUR_RGB( '', 1.00000000000000, 1.00000000000000, 1.00000000000000 );
#9878 = CARTESIAN_POINT( '', ( -6.07185748793922, 1.34314867135427, 11.7900000000000 ) );
#9879 = CARTESIAN_POINT( '', ( -5.47340929585040, 2.24891030561213, 11.7900000000000 ) );
#9880 = VECTOR( '', #11536, 1000.00000000000 );
#9881 = CARTESIAN_POINT( '', ( -6.07185748793922, 1.34314867135427, 11.7900000000000 ) );
#9882 = VECTOR( '', #11537, 1000.00000000000 );
#9883 = COLOUR_RGB( '', 1.00000000000000, 1.00000000000000, 1.00000000000000 );
#9884 = CARTESIAN_POINT( '', ( -1.40754098360656, -5.85959016393443, 11.7900000000000 ) );
#9885 = VECTOR( '', #11538, 1000.00000000000 );
#9886 = COLOUR_RGB( '', 1.00000000000000, 1.00000000000000, 1.00000000000000 );
#9887 = CARTESIAN_POINT( '', ( 7.54815006893102, 6.90077459067614, 11.7900000000000 ) );
#9888 = CARTESIAN_POINT( '', ( 7.54815006893102, 6.90077459067614, 11.7900000000000 ) );
#9889 = CARTESIAN_POINT( '', ( 7.54815006893102, 6.64534735849841, 11.7900000000000 ) );
#9890 = CARTESIAN_POINT( '', ( 7.75520464549479, 6.43829278193464, 11.7900000000000 ) );
#9891 = CARTESIAN_POINT( '', ( 8.01063187767251, 6.43829278193464, 11.7900000000000 ) );
#9892 = CARTESIAN_POINT( '', ( 8.26605910985024, 6.43829278193464, 11.7900000000000 ) );
#9893 = CARTESIAN_POINT( '', ( 8.47311368641401, 6.64534735849841, 11.7900000000000 ) );
#9894 = CARTESIAN_POINT( '', ( 8.47311368641401, 6.90077459067614, 11.7900000000000 ) );
#9895 = CARTESIAN_POINT( '', ( 8.47311368641401, 7.15620182285387, 11.7900000000000 ) );
#9896 = CARTESIAN_POINT( '', ( 8.26605910985024, 7.36325639941764, 11.7900000000000 ) );
#9897 = CARTESIAN_POINT( '', ( 8.01063187767251, 7.36325639941764, 11.7900000000000 ) );
#9898 = CARTESIAN_POINT( '', ( 7.75520464549479, 7.36325639941764, 11.7900000000000 ) );
#9899 = CARTESIAN_POINT( '', ( 7.54815006893102, 7.15620182285387, 11.7900000000000 ) );
#9900 = CARTESIAN_POINT( '', ( 7.54815006893102, 6.90077459067614, 11.7900000000000 ) );
#9901 = CARTESIAN_POINT( '', ( 7.54815006893102, 6.90077459067614, 11.8000000000000 ) );
#9902 = CARTESIAN_POINT( '', ( 7.54815006893102, 6.90077459067614, 11.8000000000000 ) );
#9903 = CARTESIAN_POINT( '', ( 7.54815006893102, 6.64534735849841, 11.8000000000000 ) );
#9904 = CARTESIAN_POINT( '', ( 7.75520464549479, 6.43829278193464, 11.8000000000000 ) );
#9905 = CARTESIAN_POINT( '', ( 8.01063187767251, 6.43829278193464, 11.8000000000000 ) );
#9906 = CARTESIAN_POINT( '', ( 8.26605910985024, 6.43829278193464, 11.8000000000000 ) );
#9907 = CARTESIAN_POINT( '', ( 8.47311368641401, 6.64534735849841, 11.8000000000000 ) );
#9908 = CARTESIAN_POINT( '', ( 8.47311368641401, 6.90077459067614, 11.8000000000000 ) );
#9909 = CARTESIAN_POINT( '', ( 8.47311368641401, 7.15620182285387, 11.8000000000000 ) );
#9910 = CARTESIAN_POINT( '', ( 8.26605910985024, 7.36325639941764, 11.8000000000000 ) );
#9911 = CARTESIAN_POINT( '', ( 8.01063187767251, 7.36325639941764, 11.8000000000000 ) );
#9912 = CARTESIAN_POINT( '', ( 7.75520464549479, 7.36325639941764, 11.8000000000000 ) );
#9913 = CARTESIAN_POINT( '', ( 7.54815006893102, 7.15620182285387, 11.8000000000000 ) );
#9914 = CARTESIAN_POINT( '', ( 7.54815006893102, 6.90077459067614, 11.8000000000000 ) );
#9915 = COLOUR_RGB( '', 1.00000000000000, 1.00000000000000, 1.00000000000000 );
#9916 = CARTESIAN_POINT( '', ( 7.36520010960730, 6.80590862248730, 11.7900000000000 ) );
#9917 = CARTESIAN_POINT( '', ( 7.36520010960730, 6.80590862248730, 11.7900000000000 ) );
#9918 = VECTOR( '', #11539, 1000.00000000000 );
#9919 = CARTESIAN_POINT( '', ( -9.45238706236560, 6.80590862248730, 11.7900000000000 ) );
#9920 = CARTESIAN_POINT( '', ( 7.36520010960730, 6.80590862248730, 11.7900000000000 ) );
#9921 = CARTESIAN_POINT( '', ( 5.68344139241001, 6.80590862248730, 11.7900000000000 ) );
#9922 = CARTESIAN_POINT( '', ( -7.93880421688804, 6.80590862248730, 11.7900000000000 ) );
#9923 = CARTESIAN_POINT( '', ( -9.45238706236560, 6.80590862248730, 11.7900000000000 ) );
#9924 = CARTESIAN_POINT( '', ( -9.45238706236560, 6.80590862248730, 11.7900000000000 ) );
#9925 = VECTOR( '', #11540, 1000.00000000000 );
#9926 = COLOUR_RGB( '', 1.00000000000000, 1.00000000000000, 1.00000000000000 );
#9927 = CARTESIAN_POINT( '', ( 9.52195052334085, 2.43896908425749, 11.7900000000000 ) );
#9928 = CARTESIAN_POINT( '', ( 9.52195052334085, 2.43896908425749, 11.7900000000000 ) );
#9929 = VECTOR( '', #11541, 1000.00000000000 );
#9930 = CARTESIAN_POINT( '', ( 6.47733308950392, 2.43896908425749, 11.7900000000000 ) );
#9931 = CARTESIAN_POINT( '', ( 9.52195052334085, 2.43896908425749, 11.7900000000000 ) );
#9932 = CARTESIAN_POINT( '', ( 9.21748877995716, 2.43896908425749, 11.7900000000000 ) );
#9933 = CARTESIAN_POINT( '', ( 6.75134865854924, 2.43896908425749, 11.7900000000000 ) );
#9934 = CARTESIAN_POINT( '', ( 6.47733308950392, 2.43896908425749, 11.7900000000000 ) );
#9935 = CARTESIAN_POINT( '', ( 6.47733308950392, 2.43896908425749, 11.7900000000000 ) );
#9936 = VECTOR( '', #11542, 1000.00000000000 );
#9937 = COLOUR_RGB( '', 0.200000002980232, 0.200000002980232, 0.200000002980232 );
#9938 = CARTESIAN_POINT( '', ( -11.0000000000000, -10.2500000000000, 1.90000000000000 ) );
#9939 = CARTESIAN_POINT( '', ( -11.0000000000000, -10.2500000000000, 1.90000000000000 ) );
#9940 = VECTOR( '', #11543, 1000.00000000000 );
#9941 = CARTESIAN_POINT( '', ( -11.0000000000000, 10.2500000000000, 1.90000000000000 ) );
#9942 = CARTESIAN_POINT( '', ( -11.0000000000000, 11.2500000000000, 1.90000000000000 ) );
#9943 = VECTOR( '', #11544, 1000.00000000000 );
#9944 = CARTESIAN_POINT( '', ( -11.0000000000000, 10.2500000000000, 1.90000000000000 ) );
#9945 = VECTOR( '', #11545, 1000.00000000000 );
#9946 = COLOUR_RGB( '', 1.00000000000000, 1.00000000000000, 1.00000000000000 );
#9947 = CARTESIAN_POINT( '', ( 4.49409836065573, -4.73434426229509, 11.7900000000000 ) );
#9948 = CARTESIAN_POINT( '', ( 4.49409836065573, -4.73434426229509, 11.7900000000000 ) );
#9949 = CARTESIAN_POINT( '', ( 4.49409836065573, -4.03991803278689, 11.7900000000000 ) );
#9950 = CARTESIAN_POINT( '', ( 4.66327868852459, -3.82155737704919, 11.7900000000000 ) );
#9951 = CARTESIAN_POINT( '', ( 5.25737704918033, -3.82155737704919, 11.7900000000000 ) );
#9952 = CARTESIAN_POINT( '', ( 5.42852459016393, -4.03991803278689, 11.7900000000000 ) );
#9953 = CARTESIAN_POINT( '', ( 5.42852459016393, -5.43467213114754, 11.7900000000000 ) );
#9954 = CARTESIAN_POINT( '', ( 5.25737704918033, -5.65106557377049, 11.7900000000000 ) );
#9955 = CARTESIAN_POINT( '', ( 4.66327868852459, -5.65106557377049, 11.7900000000000 ) );
#9956 = CARTESIAN_POINT( '', ( 4.49409836065573, -5.43467213114754, 11.7900000000000 ) );
#9957 = CARTESIAN_POINT( '', ( 4.49409836065573, -4.73434426229509, 11.7900000000000 ) );
#9958 = CARTESIAN_POINT( '', ( 5.44819672131148, -3.66221311475410, 11.7900000000000 ) );
#9959 = CARTESIAN_POINT( '', ( 5.44819672131148, -4.00450819672132, 11.7900000000000 ) );
#9960 = CARTESIAN_POINT( '', ( 5.44819672131148, -3.66221311475410, 11.7900000000000 ) );
#9961 = CARTESIAN_POINT( '', ( 5.44819672131148, -3.77631147540984, 11.7900000000000 ) );
#9962 = CARTESIAN_POINT( '', ( 5.44819672131148, -3.89040983606558, 11.7900000000000 ) );
#9963 = CARTESIAN_POINT( '', ( 5.44819672131148, -4.00450819672132, 11.7900000000000 ) );
#9964 = CARTESIAN_POINT( '', ( 5.44032786885246, -4.00450819672132, 11.7900000000000 ) );
#9965 = CARTESIAN_POINT( '', ( 5.44819672131148, -4.00450819672132, 11.7900000000000 ) );
#9966 = CARTESIAN_POINT( '', ( 5.44557377049180, -4.00450819672132, 11.7900000000000 ) );
#9967 = CARTESIAN_POINT( '', ( 5.44295081967213, -4.00450819672132, 11.7900000000000 ) );
#9968 = CARTESIAN_POINT( '', ( 5.44032786885246, -4.00450819672132, 11.7900000000000 ) );
#9969 = CARTESIAN_POINT( '', ( 5.41475409836066, -5.46418032786885, 11.7900000000000 ) );
#9970 = CARTESIAN_POINT( '', ( 5.44032786885246, -4.00450819672132, 11.7900000000000 ) );
#9971 = CARTESIAN_POINT( '', ( 5.36163934426230, -3.75663934426230, 11.7900000000000 ) );
#9972 = CARTESIAN_POINT( '', ( 5.17278688524590, -3.61500000000000, 11.7900000000000 ) );
#9973 = CARTESIAN_POINT( '', ( 4.44885245901639, -3.61500000000000, 11.7900000000000 ) );
#9974 = CARTESIAN_POINT( '', ( 4.22852459016393, -3.99860655737705, 11.7900000000000 ) );
#9975 = CARTESIAN_POINT( '', ( 4.22852459016393, -5.63926229508197, 11.7900000000000 ) );
#9976 = CARTESIAN_POINT( '', ( 4.56295081967213, -5.85762295081967, 11.7900000000000 ) );
#9977 = CARTESIAN_POINT( '', ( 5.13540983606557, -5.85762295081967, 11.7900000000000 ) );
#9978 = CARTESIAN_POINT( '', ( 5.33803278688525, -5.73368852459017, 11.7900000000000 ) );
#9979 = CARTESIAN_POINT( '', ( 5.41475409836066, -5.46418032786885, 11.7900000000000 ) );
#9980 = CARTESIAN_POINT( '', ( 5.42852459016393, -5.46418032786885, 11.7900000000000 ) );
#9981 = CARTESIAN_POINT( '', ( 5.41475409836066, -5.46418032786885, 11.7900000000000 ) );
#9982 = CARTESIAN_POINT( '', ( 5.41934426229508, -5.46418032786885, 11.7900000000000 ) );
#9983 = CARTESIAN_POINT( '', ( 5.42393442622951, -5.46418032786885, 11.7900000000000 ) );
#9984 = CARTESIAN_POINT( '', ( 5.42852459016393, -5.46418032786885, 11.7900000000000 ) );
#9985 = CARTESIAN_POINT( '', ( 4.55114754098360, -6.07991803278689, 11.7900000000000 ) );
#9986 = CARTESIAN_POINT( '', ( 5.42852459016393, -5.46418032786885, 11.7900000000000 ) );
#9987 = CARTESIAN_POINT( '', ( 5.42852459016393, -5.58024590163935, 11.7900000000000 ) );
#9988 = CARTESIAN_POINT( '', ( 5.42852459016393, -5.69631147540984, 11.7900000000000 ) );
#9989 = CARTESIAN_POINT( '', ( 5.42852459016393, -5.81237704918033, 11.7900000000000 ) );
#9990 = CARTESIAN_POINT( '', ( 5.42852459016393, -6.20188524590164, 11.7900000000000 ) );
#9991 = CARTESIAN_POINT( '', ( 5.26721311475410, -6.40647540983607, 11.7900000000000 ) );
#9992 = CARTESIAN_POINT( '', ( 4.74590163934426, -6.40647540983607, 11.7900000000000 ) );
#9993 = CARTESIAN_POINT( '', ( 4.55114754098360, -6.28844262295082, 11.7900000000000 ) );
#9994 = CARTESIAN_POINT( '', ( 4.55114754098360, -6.07991803278689, 11.7900000000000 ) );
#9995 = CARTESIAN_POINT( '', ( 4.30327868852459, -6.07991803278689, 11.7900000000000 ) );
#9996 = CARTESIAN_POINT( '', ( 4.55114754098360, -6.07991803278689, 11.7900000000000 ) );
#9997 = CARTESIAN_POINT( '', ( 4.46852459016393, -6.07991803278689, 11.7900000000000 ) );
#9998 = CARTESIAN_POINT( '', ( 4.38590163934426, -6.07991803278689, 11.7900000000000 ) );
#9999 = CARTESIAN_POINT( '', ( 4.30327868852459, -6.07991803278689, 11.7900000000000 ) );
#10000 = CARTESIAN_POINT( '', ( 5.67639344262295, -3.66221311475410, 11.7900000000000 ) );
#10001 = CARTESIAN_POINT( '', ( 4.30327868852459, -6.07991803278689, 11.7900000000000 ) );
#10002 = CARTESIAN_POINT( '', ( 4.30721311475410, -6.39073770491803, 11.7900000000000 ) );
#10003 = CARTESIAN_POINT( '', ( 4.52557377049180, -6.61500000000000, 11.7900000000000 ) );
#10004 = CARTESIAN_POINT( '', ( 5.45606557377049, -6.61500000000000, 11.7900000000000 ) );
#10005 = CARTESIAN_POINT( '', ( 5.67639344262295, -6.30811475409836, 11.7900000000000 ) );
#10006 = CARTESIAN_POINT( '', ( 5.67639344262295, -5.70024590163935, 11.7900000000000 ) );
#10007 = CARTESIAN_POINT( '', ( 5.67639344262295, -5.02090163934427, 11.7900000000000 ) );
#10008 = CARTESIAN_POINT( '', ( 5.67639344262295, -4.34155737704918, 11.7900000000000 ) );
#10009 = CARTESIAN_POINT( '', ( 5.67639344262295, -3.66221311475410, 11.7900000000000 ) );
#10010 = CARTESIAN_POINT( '', ( 5.67639344262295, -3.66221311475410, 11.7900000000000 ) );
#10011 = CARTESIAN_POINT( '', ( 5.60032786885246, -3.66221311475410, 11.7900000000000 ) );
#10012 = CARTESIAN_POINT( '', ( 5.52426229508197, -3.66221311475410, 11.7900000000000 ) );
#10013 = CARTESIAN_POINT( '', ( 5.44819672131148, -3.66221311475410, 11.7900000000000 ) );
#10014 = COLOUR_RGB( '', 0.200000002980232, 0.200000002980232, 0.200000002980232 );
#10015 = CARTESIAN_POINT( '', ( 5.36941951269721, 5.48325967582676, 11.8000000000000 ) );
#10016 = CARTESIAN_POINT( '', ( 5.36941951269721, 5.48325967582676, 11.8000000000000 ) );
#10017 = CARTESIAN_POINT( '', ( 5.36941951269721, 5.22783244364903, 11.8000000000000 ) );
#10018 = CARTESIAN_POINT( '', ( 5.57647408926098, 5.02077786708525, 11.8000000000000 ) );
#10019 = CARTESIAN_POINT( '', ( 5.83190132143871, 5.02077786708525, 11.8000000000000 ) );
#10020 = CARTESIAN_POINT( '', ( 6.08741026418334, 5.02077786708525, 11.8000000000000 ) );
#10021 = CARTESIAN_POINT( '', ( 6.29446484074712, 5.22783244364903, 11.8000000000000 ) );
#10022 = CARTESIAN_POINT( '', ( 6.29446484074712, 5.48325967582676, 11.8000000000000 ) );
#10023 = CARTESIAN_POINT( '', ( 6.29446484074712, 5.73876861857140, 11.8000000000000 ) );
#10024 = CARTESIAN_POINT( '', ( 6.08741026418334, 5.94582319513517, 11.8000000000000 ) );
#10025 = CARTESIAN_POINT( '', ( 5.83190132143871, 5.94582319513517, 11.8000000000000 ) );
#10026 = CARTESIAN_POINT( '', ( 5.57647408926098, 5.94582319513517, 11.8000000000000 ) );
#10027 = CARTESIAN_POINT( '', ( 5.36941951269721, 5.73876861857140, 11.8000000000000 ) );
#10028 = CARTESIAN_POINT( '', ( 5.36941951269721, 5.48325967582676, 11.8000000000000 ) );
#10029 = COLOUR_RGB( '', 1.00000000000000, 1.00000000000000, 1.00000000000000 );
#10030 = CARTESIAN_POINT( '', ( 5.36941951269721, 5.48325967582676, 11.7900000000000 ) );
#10031 = CARTESIAN_POINT( '', ( 5.36941951269721, 5.48325967582676, 11.7900000000000 ) );
#10032 = CARTESIAN_POINT( '', ( 5.36941951269721, 5.22783244364903, 11.7900000000000 ) );
#10033 = CARTESIAN_POINT( '', ( 5.57647408926098, 5.02077786708525, 11.7900000000000 ) );
#10034 = CARTESIAN_POINT( '', ( 5.83190132143871, 5.02077786708525, 11.7900000000000 ) );
#10035 = CARTESIAN_POINT( '', ( 6.08741026418334, 5.02077786708525, 11.7900000000000 ) );
#10036 = CARTESIAN_POINT( '', ( 6.29446484074712, 5.22783244364903, 11.7900000000000 ) );
#10037 = CARTESIAN_POINT( '', ( 6.29446484074712, 5.48325967582676, 11.7900000000000 ) );
#10038 = CARTESIAN_POINT( '', ( 6.29446484074712, 5.73876861857140, 11.7900000000000 ) );
#10039 = CARTESIAN_POINT( '', ( 6.08741026418334, 5.94582319513517, 11.7900000000000 ) );
#10040 = CARTESIAN_POINT( '', ( 5.83190132143871, 5.94582319513517, 11.7900000000000 ) );
#10041 = CARTESIAN_POINT( '', ( 5.57647408926098, 5.94582319513517, 11.7900000000000 ) );
#10042 = CARTESIAN_POINT( '', ( 5.36941951269721, 5.73876861857140, 11.7900000000000 ) );
#10043 = CARTESIAN_POINT( '', ( 5.36941951269721, 5.48325967582676, 11.7900000000000 ) );
#10044 = CARTESIAN_POINT( '', ( 5.18655126394040, 5.57812564401560, 11.7900000000000 ) );
#10045 = CARTESIAN_POINT( '', ( 6.47733308950392, 5.57812564401560, 11.7900000000000 ) );
#10046 = CARTESIAN_POINT( '', ( 5.18655126394040, 5.57812564401560, 11.7900000000000 ) );
#10047 = CARTESIAN_POINT( '', ( 5.23247260254689, 5.89344672174236, 11.7900000000000 ) );
#10048 = CARTESIAN_POINT( '', ( 5.50391510584005, 6.13555513151287, 11.7900000000000 ) );
#10049 = CARTESIAN_POINT( '', ( 5.83190132143871, 6.13555513151287, 11.7900000000000 ) );
#10050 = CARTESIAN_POINT( '', ( 6.15996924760427, 6.13555513151287, 11.7900000000000 ) );
#10051 = CARTESIAN_POINT( '', ( 6.43141175089742, 5.89344672174236, 11.7900000000000 ) );
#10052 = CARTESIAN_POINT( '', ( 6.47733308950392, 5.57812564401560, 11.7900000000000 ) );
#10053 = CARTESIAN_POINT( '', ( 3.01174281491855, 5.57812564401560, 11.7900000000000 ) );
#10054 = CARTESIAN_POINT( '', ( 3.01174281491855, 5.57812564401560, 11.7900000000000 ) );
#10055 = CARTESIAN_POINT( '', ( 3.22922365982073, 5.57812564401560, 11.7900000000000 ) );
#10056 = CARTESIAN_POINT( '', ( 4.99081850352844, 5.57812564401560, 11.7900000000000 ) );
#10057 = CARTESIAN_POINT( '', ( 5.18655126394040, 5.57812564401560, 11.7900000000000 ) );
#10058 = CARTESIAN_POINT( '', ( 2.90004446994512, 5.38839370763791, 11.7900000000000 ) );
#10059 = CARTESIAN_POINT( '', ( 2.90004446994512, 5.38839370763791, 11.7900000000000 ) );
#10060 = CARTESIAN_POINT( '', ( 2.91121430444247, 5.40736690127568, 11.7900000000000 ) );
#10061 = CARTESIAN_POINT( '', ( 3.00168996387095, 5.56104976974161, 11.7900000000000 ) );
#10062 = CARTESIAN_POINT( '', ( 3.01174281491855, 5.57812564401560, 11.7900000000000 ) );
#10063 = CARTESIAN_POINT( '', ( 5.18655126394040, 5.38839370763791, 11.7900000000000 ) );
#10064 = CARTESIAN_POINT( '', ( 5.18655126394040, 5.38839370763791, 11.7900000000000 ) );
#10065 = CARTESIAN_POINT( '', ( 4.95790058454087, 5.38839370763791, 11.7900000000000 ) );
#10066 = CARTESIAN_POINT( '', ( 3.10583008140470, 5.38839370763791, 11.7900000000000 ) );
#10067 = CARTESIAN_POINT( '', ( 2.90004446994512, 5.38839370763791, 11.7900000000000 ) );
#10068 = CARTESIAN_POINT( '', ( 6.47733308950392, 5.38839370763791, 11.7900000000000 ) );
#10069 = CARTESIAN_POINT( '', ( 6.47733308950392, 5.38839370763791, 11.7900000000000 ) );
#10070 = CARTESIAN_POINT( '', ( 6.43141175089742, 5.07315434047806, 11.7900000000000 ) );
#10071 = CARTESIAN_POINT( '', ( 6.15996924760427, 4.83104593070756, 11.7900000000000 ) );
#10072 = CARTESIAN_POINT( '', ( 5.83190132143871, 4.83104593070756, 11.7900000000000 ) );
#10073 = CARTESIAN_POINT( '', ( 5.50391510584005, 4.83104593070756, 11.7900000000000 ) );
#10074 = CARTESIAN_POINT( '', ( 5.23247260254689, 5.07315434047806, 11.7900000000000 ) );
#10075 = CARTESIAN_POINT( '', ( 5.18655126394040, 5.38839370763791, 11.7900000000000 ) );
#10076 = CARTESIAN_POINT( '', ( 9.52195052334085, 5.38839370763791, 11.7900000000000 ) );
#10077 = CARTESIAN_POINT( '', ( 9.52195052334085, 5.38839370763791, 11.7900000000000 ) );
#10078 = CARTESIAN_POINT( '', ( 9.21748877995716, 5.38839370763791, 11.7900000000000 ) );
#10079 = CARTESIAN_POINT( '', ( 6.75134865854924, 5.38839370763791, 11.7900000000000 ) );
#10080 = CARTESIAN_POINT( '', ( 6.47733308950392, 5.38839370763791, 11.7900000000000 ) );
#10081 = CARTESIAN_POINT( '', ( 9.52195052334085, 5.57820735458252, 11.7900000000000 ) );
#10082 = CARTESIAN_POINT( '', ( 9.52195052334085, 5.57820735458252, 11.7900000000000 ) );
#10083 = CARTESIAN_POINT( '', ( 9.52195052334085, 5.55922598988806, 11.7900000000000 ) );
#10084 = CARTESIAN_POINT( '', ( 9.52195052334085, 5.40547693586292, 11.7900000000000 ) );
#10085 = CARTESIAN_POINT( '', ( 9.52195052334085, 5.38839370763791, 11.7900000000000 ) );
#10086 = CARTESIAN_POINT( '', ( 6.47733308950392, 5.57812564401560, 11.7900000000000 ) );
#10087 = CARTESIAN_POINT( '', ( 6.78179483288761, 5.57813381507230, 11.7900000000000 ) );
#10088 = CARTESIAN_POINT( '', ( 9.24793495429553, 5.57820000063150, 11.7900000000000 ) );
#10089 = CARTESIAN_POINT( '', ( 9.52195052334085, 5.57820735458252, 11.7900000000000 ) );
#10090 = COLOUR_RGB( '', 1.00000000000000, 1.00000000000000, 1.00000000000000 );
#10091 = CARTESIAN_POINT( '', ( 6.47733308950392, 5.38839370763791, 11.7900000000000 ) );
#10092 = VECTOR( '', #11546, 1000.00000000000 );
#10093 = CARTESIAN_POINT( '', ( 5.18655126394040, 5.38839370763791, 11.7900000000000 ) );
#10094 = VECTOR( '', #11547, 1000.00000000000 );
#10095 = COLOUR_RGB( '', 0.200000002980232, 0.200000002980232, 0.200000002980232 );
#10096 = CARTESIAN_POINT( '', ( -7.31916049344677, -5.89829548862788, 9.60000000000000 ) );
#10097 = AXIS2_PLACEMENT_3D( '', #11548, #11549, #11550 );
#10098 = CARTESIAN_POINT( '', ( -7.31916049344677, -5.89829548862788, 1.90000000000000 ) );
#10099 = AXIS2_PLACEMENT_3D( '', #11551, #11552, #11553 );
#10100 = CARTESIAN_POINT( '', ( -7.31916049344677, -5.89829548862788, -23.3887859734183 ) );
#10101 = VECTOR( '', #11554, 1000.00000000000 );
#10102 = COLOUR_RGB( '', 1.00000000000000, 1.00000000000000, 1.00000000000000 );
#10103 = CARTESIAN_POINT( '', ( -9.45238706236560, 6.99564055886499, 11.7900000000000 ) );
#10104 = CARTESIAN_POINT( '', ( -9.45238706236560, 6.99564055886499, 11.7900000000000 ) );
#10105 = CARTESIAN_POINT( '', ( -7.77062834516831, 6.99564055886499, 11.7900000000000 ) );
#10106 = CARTESIAN_POINT( '', ( 5.85161726412974, 6.99564055886499, 11.7900000000000 ) );
#10107 = CARTESIAN_POINT( '', ( 7.36520010960730, 6.99564055886499, 11.7900000000000 ) );
#10108 = CARTESIAN_POINT( '', ( -9.45238706236560, 6.80590862248730, 11.7900000000000 ) );
#10109 = CARTESIAN_POINT( '', ( -9.45238706236560, 6.82488181612507, 11.7900000000000 ) );
#10110 = CARTESIAN_POINT( '', ( -9.45238706236560, 6.97856468459100, 11.7900000000000 ) );
#10111 = CARTESIAN_POINT( '', ( -9.45238706236560, 6.99564055886499, 11.7900000000000 ) );
#10112 = CARTESIAN_POINT( '', ( 8.65606364573773, 6.80590862248730, 11.7900000000000 ) );
#10113 = CARTESIAN_POINT( '', ( 8.65606364573773, 6.80590862248730, 11.7900000000000 ) );
#10114 = CARTESIAN_POINT( '', ( 8.61006059656432, 6.49066925532745, 11.7900000000000 ) );
#10115 = CARTESIAN_POINT( '', ( 8.33861809327117, 6.24856084555694, 11.7900000000000 ) );
#10116 = CARTESIAN_POINT( '', ( 8.01063187767251, 6.24856084555694, 11.7900000000000 ) );
#10117 = CARTESIAN_POINT( '', ( 7.68264566207386, 6.24856084555694, 11.7900000000000 ) );
#10118 = CARTESIAN_POINT( '', ( 7.41120315878071, 6.49066925532745, 11.7900000000000 ) );
#10119 = CARTESIAN_POINT( '', ( 7.36520010960730, 6.80590862248730, 11.7900000000000 ) );
#10120 = CARTESIAN_POINT( '', ( 9.52195052334085, 6.80590862248730, 11.7900000000000 ) );
#10121 = CARTESIAN_POINT( '', ( 9.43536183558054, 6.80590862248730, 11.7900000000000 ) );
#10122 = CARTESIAN_POINT( '', ( 8.73399346472201, 6.80590862248730, 11.7900000000000 ) );
#10123 = CARTESIAN_POINT( '', ( 8.65606364573773, 6.80590862248730, 11.7900000000000 ) );
#10124 = COLOUR_RGB( '', 0.200000002980232, 0.200000002980232, 0.200000002980232 );
#10125 = CARTESIAN_POINT( '', ( 11.0000000000000, 10.2500000000000, 11.3000000000000 ) );
#10126 = CARTESIAN_POINT( '', ( 11.0000000000000, -11.2500000000000, 11.3000000000000 ) );
#10127 = VECTOR( '', #11555, 1000.00000000000 );
#10128 = CARTESIAN_POINT( '', ( 10.5000000000000, 10.2500000000000, 11.8000000000000 ) );
#10129 = VECTOR( '', #11556, 1000.00000000000 );
#10130 = COLOUR_RGB( '', 1.00000000000000, 1.00000000000000, 1.00000000000000 );
#10131 = CARTESIAN_POINT( '', ( 9.52195052334085, 1.15407041951190, 11.7900000000000 ) );
#10132 = CARTESIAN_POINT( '', ( 9.52195052334085, 1.15407041951190, 11.7900000000000 ) );
#10133 = VECTOR( '', #11557, 1000.00000000000 );
#10134 = CARTESIAN_POINT( '', ( 9.52195052334085, 0.964256772567283, 11.7900000000000 ) );
#10135 = CARTESIAN_POINT( '', ( 9.52195052334085, 1.15407041951190, 11.7900000000000 ) );
#10136 = CARTESIAN_POINT( '', ( 9.52195052334085, 1.13508905481743, 11.7900000000000 ) );
#10137 = CARTESIAN_POINT( '', ( 9.52195052334085, 0.981340000792299, 11.7900000000000 ) );
#10138 = CARTESIAN_POINT( '', ( 9.52195052334085, 0.964256772567283, 11.7900000000000 ) );
#10139 = CARTESIAN_POINT( '', ( 9.52195052334085, 0.964256772567283, 11.7900000000000 ) );
#10140 = VECTOR( '', #11558, 1000.00000000000 );
#10141 = COLOUR_RGB( '', 1.00000000000000, 1.00000000000000, 1.00000000000000 );
#10142 = COLOUR_RGB( '', 1.00000000000000, 1.00000000000000, 1.00000000000000 );
#10143 = CARTESIAN_POINT( '', ( 6.47733308950392, 2.62878273120210, 11.7900000000000 ) );
#10144 = CARTESIAN_POINT( '', ( 6.47733308950392, 2.62878273120210, 11.7900000000000 ) );
#10145 = VECTOR( '', #11559, 1000.00000000000 );
#10146 = CARTESIAN_POINT( '', ( 9.52195052334085, 2.62878273120210, 11.7900000000000 ) );
#10147 = CARTESIAN_POINT( '', ( 6.47733308950392, 2.62878273120210, 11.7900000000000 ) );
#10148 = CARTESIAN_POINT( '', ( 6.78179483288761, 2.62878273120210, 11.7900000000000 ) );
#10149 = CARTESIAN_POINT( '', ( 9.24793495429553, 2.62878273120210, 11.7900000000000 ) );
#10150 = CARTESIAN_POINT( '', ( 9.52195052334085, 2.62878273120210, 11.7900000000000 ) );
#10151 = CARTESIAN_POINT( '', ( 9.52195052334085, 2.62878273120210, 11.7900000000000 ) );
#10152 = VECTOR( '', #11560, 1000.00000000000 );
#10153 = COLOUR_RGB( '', 1.00000000000000, 1.00000000000000, 1.00000000000000 );
#10154 = CARTESIAN_POINT( '', ( 1.24819672131147, -5.85762295081967, 11.7900000000000 ) );
#10155 = VECTOR( '', #11561, 1000.00000000000 );
#10156 = COLOUR_RGB( '', 0.779999971389771, 0.529999971389771, 0.419999986886978 );
#10157 = CARTESIAN_POINT( '', ( 5.40000000000000, 0.000000000000000, 1.90000000000000 ) );
#10158 = CARTESIAN_POINT( '', ( 5.40000000000000, 0.000000000000000, 1.90000000000000 ) );
#10159 = VECTOR( '', #11562, 1000.00000000000 );
#10160 = CARTESIAN_POINT( '', ( 5.40000000000000, -1.17856730838937E-014, 9.01000000000000 ) );
#10163 = CARTESIAN_POINT( '', ( 5.40000000000000, 0.000000000000000, 1.90000000000000 ) );
#10164 = CARTESIAN_POINT( '', ( 5.40000000000000, 3.11769145362398, 1.96583333333333 ) );
#10165 = CARTESIAN_POINT( '', ( 2.70000000000000, 4.67653718043597, 2.03166666666667 ) );
#10166 = CARTESIAN_POINT( '', ( 3.81807085940966E-016, 6.23538290724796, 2.09750000000000 ) );
#10167 = CARTESIAN_POINT( '', ( -2.70000000000000, 4.67653718043597, 2.16333333333333 ) );
#10168 = CARTESIAN_POINT( '', ( -5.40000000000000, 3.11769145362398, 2.22916666666666 ) );
#10169 = CARTESIAN_POINT( '', ( -5.40000000000000, 6.61309271539571E-016, 2.29500000000000 ) );
#10170 = CARTESIAN_POINT( '', ( -5.40000000000000, -3.11769145362398, 2.36083333333333 ) );
#10171 = CARTESIAN_POINT( '', ( -2.70000000000000, -4.67653718043597, 2.42666666666667 ) );
#10172 = CARTESIAN_POINT( '', ( -1.14542125782290E-015, -6.23538290724796, 2.49250000000000 ) );
#10173 = CARTESIAN_POINT( '', ( 2.70000000000000, -4.67653718043597, 2.55833333333333 ) );
#10174 = CARTESIAN_POINT( '', ( 5.40000000000000, -3.11769145362398, 2.62416666666667 ) );
#10175 = CARTESIAN_POINT( '', ( 5.40000000000000, -1.32261854307914E-015, 2.69000000000000 ) );
#10176 = CARTESIAN_POINT( '', ( 5.40000000000000, 3.11769145362398, 2.75583333333333 ) );
#10177 = CARTESIAN_POINT( '', ( 2.70000000000000, 4.67653718043597, 2.82166666666667 ) );
#10178 = CARTESIAN_POINT( '', ( 7.44716796648950E-015, 6.23538290724796, 2.88750000000000 ) );
#10179 = CARTESIAN_POINT( '', ( -2.70000000000000, 4.67653718043597, 2.95333333333333 ) );
#10180 = CARTESIAN_POINT( '', ( -5.40000000000000, 3.11769145362398, 3.01916666666666 ) );
#10181 = CARTESIAN_POINT( '', ( -5.40000000000000, 1.98392781461872E-015, 3.08500000000000 ) );
#10182 = CARTESIAN_POINT( '', ( -5.40000000000000, -3.11769145362398, 3.15083333333333 ) );
#10183 = CARTESIAN_POINT( '', ( -2.70000000000000, -4.67653718043597, 3.21666666666667 ) );
#10184 = CARTESIAN_POINT( '', ( -2.67264960158677E-015, -6.23538290724796, 3.28250000000000 ) );
#10185 = CARTESIAN_POINT( '', ( 2.70000000000000, -4.67653718043597, 3.34833333333333 ) );
#10186 = CARTESIAN_POINT( '', ( 5.40000000000000, -3.11769145362398, 3.41416666666666 ) );
#10187 = CARTESIAN_POINT( '', ( 5.40000000000000, -2.64523708615829E-015, 3.48000000000000 ) );
#10188 = CARTESIAN_POINT( '', ( 5.40000000000000, 3.11769145362398, 3.54583333333333 ) );
#10189 = CARTESIAN_POINT( '', ( 2.70000000000000, 4.67653718043597, 3.61166666666667 ) );
#10190 = CARTESIAN_POINT( '', ( 1.45125288470380E-014, 6.23538290724796, 3.67750000000000 ) );
#10191 = CARTESIAN_POINT( '', ( -2.70000000000000, 4.67653718043597, 3.74333333333333 ) );
#10192 = CARTESIAN_POINT( '', ( -5.40000000000000, 3.11769145362398, 3.80916666666667 ) );
#10193 = CARTESIAN_POINT( '', ( -5.40000000000000, 1.28988732904592E-014, 3.87500000000000 ) );
#10194 = CARTESIAN_POINT( '', ( -5.40000000000000, -3.11769145362398, 3.94083333333333 ) );
#10195 = CARTESIAN_POINT( '', ( -2.70000000000000, -4.67653718043597, 4.00666666666666 ) );
#10196 = CARTESIAN_POINT( '', ( -1.52761430189200E-014, -6.23538290724796, 4.07250000000000 ) );
#10197 = CARTESIAN_POINT( '', ( 2.70000000000000, -4.67653718043598, 4.13833333333334 ) );
#10198 = CARTESIAN_POINT( '', ( 5.39999999999999, -3.11769145362398, 4.20416666666667 ) );
#10199 = CARTESIAN_POINT( '', ( 5.40000000000000, -3.96785562923742E-015, 4.27000000000000 ) );
#10200 = CARTESIAN_POINT( '', ( 5.40000000000000, 3.11769145362398, 4.33583333333333 ) );
#10201 = CARTESIAN_POINT( '', ( 2.70000000000000, 4.67653718043597, 4.40166666666666 ) );
#10202 = CARTESIAN_POINT( '', ( 1.60397571908019E-014, 6.23538290724796, 4.46750000000000 ) );
#10203 = CARTESIAN_POINT( '', ( -2.70000000000000, 4.67653718043598, 4.53333333333333 ) );
#10204 = CARTESIAN_POINT( '', ( -5.39999999999999, 3.11769145362398, 4.59916666666666 ) );
#10205 = CARTESIAN_POINT( '', ( -5.40000000000000, 4.62916490077700E-015, 4.66500000000000 ) );
#10206 = CARTESIAN_POINT( '', ( -5.40000000000000, -3.11769145362398, 4.73083333333333 ) );
#10207 = CARTESIAN_POINT( '', ( -2.70000000000000, -4.67653718043596, 4.79666666666667 ) );
#10208 = CARTESIAN_POINT( '', ( -1.68033713626838E-014, -6.23538290724796, 4.86250000000000 ) );
#10209 = CARTESIAN_POINT( '', ( 2.70000000000000, -4.67653718043598, 4.92833333333333 ) );
#10210 = CARTESIAN_POINT( '', ( 5.39999999999999, -3.11769145362398, 4.99416666666667 ) );
#10211 = CARTESIAN_POINT( '', ( 5.40000000000000, -5.29047417231657E-015, 5.06000000000000 ) );
#10212 = CARTESIAN_POINT( '', ( 5.40000000000001, 3.11769145362398, 5.12583333333333 ) );
#10213 = CARTESIAN_POINT( '', ( 2.70000000000000, 4.67653718043596, 5.19166666666667 ) );
#10214 = CARTESIAN_POINT( '', ( 1.75669855345657E-014, 6.23538290724796, 5.25750000000000 ) );
#10215 = CARTESIAN_POINT( '', ( -2.70000000000000, 4.67653718043598, 5.32333333333333 ) );
#10216 = CARTESIAN_POINT( '', ( -5.39999999999999, 3.11769145362398, 5.38916666666667 ) );
#10217 = CARTESIAN_POINT( '', ( -5.40000000000000, 2.51364373093788E-014, 5.45500000000000 ) );
#10218 = CARTESIAN_POINT( '', ( -5.40000000000001, -3.11769145362398, 5.52083333333333 ) );
#10219 = CARTESIAN_POINT( '', ( -2.70000000000000, -4.67653718043596, 5.58666666666667 ) );
#10220 = CARTESIAN_POINT( '', ( -1.83305997064477E-014, -6.23538290724796, 5.65250000000000 ) );
#10221 = CARTESIAN_POINT( '', ( 2.70000000000000, -4.67653718043598, 5.71833333333333 ) );
#10222 = CARTESIAN_POINT( '', ( 5.39999999999999, -3.11769145362398, 5.78416666666666 ) );
#10223 = CARTESIAN_POINT( '', ( 5.40000000000000, -2.57977465809184E-014, 5.85000000000000 ) );
#10224 = CARTESIAN_POINT( '', ( 5.40000000000001, 3.11769145362398, 5.91583333333333 ) );
#10225 = CARTESIAN_POINT( '', ( 2.70000000000000, 4.67653718043596, 5.98166666666667 ) );
#10226 = CARTESIAN_POINT( '', ( 4.12467440254683E-014, 6.23538290724796, 6.04749999999999 ) );
#10227 = CARTESIAN_POINT( '', ( -2.70000000000000, 4.67653718043598, 6.11333333333333 ) );
#10228 = CARTESIAN_POINT( '', ( -5.40000000000000, 3.11769145362398, 6.17916666666666 ) );
#10229 = CARTESIAN_POINT( '', ( -5.40000000000000, 2.64590558524580E-014, 6.24500000000000 ) );
#10230 = CARTESIAN_POINT( '', ( -5.40000000000001, -3.11769145362398, 6.31083333333333 ) );
#10231 = CARTESIAN_POINT( '', ( -2.70000000000000, -4.67653718043595, 6.37666666666667 ) );
#10232 = CARTESIAN_POINT( '', ( -1.98578280502116E-014, -6.23538290724796, 6.44250000000000 ) );
#10233 = CARTESIAN_POINT( '', ( 2.69999999999997, -4.67653718043599, 6.50833333333333 ) );
#10234 = CARTESIAN_POINT( '', ( 5.39999999999999, -3.11769145362398, 6.57416666666667 ) );
#10235 = CARTESIAN_POINT( '', ( 5.40000000000000, -7.93571125847485E-015, 6.64000000000000 ) );
#10236 = CARTESIAN_POINT( '', ( 5.40000000000002, 3.11769145362398, 6.70583333333333 ) );
#10237 = CARTESIAN_POINT( '', ( 2.70000000000000, 4.67653718043596, 6.77166666666667 ) );
#10238 = CARTESIAN_POINT( '', ( 4.27739723692321E-014, 6.23538290724796, 6.83750000000000 ) );
#10239 = CARTESIAN_POINT( '', ( -2.70000000000000, 4.67653718043598, 6.90333333333333 ) );
#10240 = CARTESIAN_POINT( '', ( -5.40000000000000, 3.11769145362398, 6.96916666666666 ) );
#10241 = CARTESIAN_POINT( '', ( -5.40000000000000, 2.77816743955372E-014, 7.03500000000000 ) );
#10242 = CARTESIAN_POINT( '', ( -5.40000000000001, -3.11769145362398, 7.10083333333333 ) );
#10243 = CARTESIAN_POINT( '', ( -2.70000000000000, -4.67653718043595, 7.16666666666667 ) );
#10244 = CARTESIAN_POINT( '', ( -2.13850563939754E-014, -6.23538290724796, 7.23249999999999 ) );
#10245 = CARTESIAN_POINT( '', ( 2.69999999999997, -4.67653718043599, 7.29833333333333 ) );
#10246 = CARTESIAN_POINT( '', ( 5.39999999999999, -3.11769145362398, 7.36416666666666 ) );
#10247 = CARTESIAN_POINT( '', ( 5.40000000000000, -9.25832980155399E-015, 7.43000000000000 ) );
#10248 = CARTESIAN_POINT( '', ( 5.40000000000002, 3.11769145362398, 7.49583333333334 ) );
#10249 = CARTESIAN_POINT( '', ( 2.70000000000000, 4.67653718043596, 7.56166666666667 ) );
#10250 = CARTESIAN_POINT( '', ( 4.43012007129960E-014, 6.23538290724796, 7.62750000000000 ) );
#10251 = CARTESIAN_POINT( '', ( -2.70000000000000, 4.67653718043598, 7.69333333333333 ) );
#10252 = CARTESIAN_POINT( '', ( -5.39999999999998, 3.11769145362402, 7.75916666666667 ) );
#10253 = CARTESIAN_POINT( '', ( -5.40000000000000, 2.91042929386163E-014, 7.82500000000000 ) );
#10254 = CARTESIAN_POINT( '', ( -5.40000000000001, -3.11769145362398, 7.89083333333333 ) );
#10255 = CARTESIAN_POINT( '', ( -2.70000000000000, -4.67653718043595, 7.95666666666667 ) );
#10256 = CARTESIAN_POINT( '', ( -2.29122847377393E-014, -6.23538290724796, 8.02250000000000 ) );
#10257 = CARTESIAN_POINT( '', ( 2.69999999999997, -4.67653718043599, 8.08833333333333 ) );
#10258 = CARTESIAN_POINT( '', ( 5.39999999999999, -3.11769145362398, 8.15416666666666 ) );
#10259 = CARTESIAN_POINT( '', ( 5.40000000000000, -1.05809483446331E-014, 8.22000000000000 ) );
#10260 = CARTESIAN_POINT( '', ( 5.40000000000002, 3.11769145362398, 8.28583333333333 ) );
#10261 = CARTESIAN_POINT( '', ( 2.70000000000000, 4.67653718043596, 8.35166666666667 ) );
#10262 = CARTESIAN_POINT( '', ( 4.58284290567599E-014, 6.23538290724796, 8.41750000000000 ) );
#10263 = CARTESIAN_POINT( '', ( -2.70000000000000, 4.67653718043598, 8.48333333333333 ) );
#10264 = CARTESIAN_POINT( '', ( -5.39999999999998, 3.11769145362402, 8.54916666666666 ) );
#10265 = CARTESIAN_POINT( '', ( -5.40000000000000, 3.04269114816954E-014, 8.61500000000000 ) );
#10266 = CARTESIAN_POINT( '', ( -5.40000000000001, -3.11769145362398, 8.68083333333333 ) );
#10267 = CARTESIAN_POINT( '', ( -2.70000000000004, -4.67653718043595, 8.74666666666667 ) );
#10268 = CARTESIAN_POINT( '', ( -2.44395130815032E-014, -6.23538290724796, 8.81250000000000 ) );
#10269 = CARTESIAN_POINT( '', ( 2.69999999999997, -4.67653718043599, 8.87833333333333 ) );
#10270 = CARTESIAN_POINT( '', ( 5.39999999999999, -3.11769145362398, 8.94416666666667 ) );
#10271 = CARTESIAN_POINT( '', ( 5.40000000000000, -5.02728746187577E-014, 9.01000000000000 ) );
#10277 = CARTESIAN_POINT( '', ( 5.40000000000000, -1.19035668877123E-014, 9.01000000000000 ) );
#10278 = VECTOR( '', #11563, 1000.00000000000 );
#10279 = COLOUR_RGB( '', 1.00000000000000, 1.00000000000000, 1.00000000000000 );
#10280 = CARTESIAN_POINT( '', ( -7.31737165943157, 1.34314867135427, 11.7900000000000 ) );
#10281 = CARTESIAN_POINT( '', ( -6.07185748793922, 1.34314867135427, 11.7900000000000 ) );
#10282 = VECTOR( '', #11564, 1000.00000000000 );
#10283 = CARTESIAN_POINT( '', ( -7.31737165943157, 1.34314867135427, 11.7900000000000 ) );
#10284 = VECTOR( '', #11565, 1000.00000000000 );
#10285 = COLOUR_RGB( '', 1.00000000000000, 1.00000000000000, 1.00000000000000 );
#10286 = CARTESIAN_POINT( '', ( -4.03383252793383, 3.85019228545438, 11.7900000000000 ) );
#10287 = CARTESIAN_POINT( '', ( -4.03383252793383, 3.85019228545438, 11.7900000000000 ) );
#10288 = VECTOR( '', #11566, 1000.00000000000 );
#10289 = CARTESIAN_POINT( '', ( -2.38393276077689, 6.61617668610960, 11.7900000000000 ) );
#10290 = CARTESIAN_POINT( '', ( -4.03383252793383, 3.85019228545439, 11.7900000000000 ) );
#10291 = VECTOR( '', #11567, 1000.00000000000 );
#10292 = CARTESIAN_POINT( '', ( -2.38393276077689, 6.61617668610960, 11.7900000000000 ) );
#10293 = VECTOR( '', #11568, 1000.00000000000 );
#10294 = COLOUR_RGB( '', 1.00000000000000, 1.00000000000000, 1.00000000000000 );
#10295 = CARTESIAN_POINT( '', ( -1.84426229508197, -5.53893442622951, 11.7900000000000 ) );
#10296 = VECTOR( '', #11569, 1000.00000000000 );
#10297 = COLOUR_RGB( '', 1.00000000000000, 1.00000000000000, 1.00000000000000 );
#10298 = CARTESIAN_POINT( '', ( -4.49803278688525, -5.52713114754099, 11.7900000000000 ) );
#10299 = CARTESIAN_POINT( '', ( -4.49803278688525, -5.52713114754099, 11.7900000000000 ) );
#10300 = VECTOR( '', #11570, 1000.00000000000 );
#10301 = CARTESIAN_POINT( '', ( -3.78786885245901, -2.90680327868853, 11.7900000000000 ) );
#10302 = CARTESIAN_POINT( '', ( -3.78786885245901, -2.90680327868853, 11.7900000000000 ) );
#10303 = CARTESIAN_POINT( '', ( -4.49803278688525, -5.52713114754099, 11.7900000000000 ) );
#10304 = CARTESIAN_POINT( '', ( -3.78786885245901, -2.90680327868853, 11.7900000000000 ) );
#10305 = VECTOR( '', #11571, 1000.00000000000 );
#10306 = COLOUR_RGB( '', 1.00000000000000, 1.00000000000000, 1.00000000000000 );
#10307 = COLOUR_RGB( '', 1.00000000000000, 1.00000000000000, 1.00000000000000 );
#10308 = CARTESIAN_POINT( '', ( -7.90781221596267, 5.38839370763791, 11.7900000000000 ) );
#10309 = CARTESIAN_POINT( '', ( -7.90781221596267, 5.38839370763791, 11.7900000000000 ) );
#10310 = VECTOR( '', #11572, 1000.00000000000 );
#10311 = CARTESIAN_POINT( '', ( -9.45238706236560, 5.38839370763791, 11.7900000000000 ) );
#10312 = CARTESIAN_POINT( '', ( -7.90781221596267, 5.38839370763791, 11.7900000000000 ) );
#10313 = VECTOR( '', #11573, 1000.00000000000 );
#10314 = CARTESIAN_POINT( '', ( -9.45238706236560, 5.38839370763791, 11.7900000000000 ) );
#10315 = VECTOR( '', #11574, 1000.00000000000 );
#10316 = COLOUR_RGB( '', 1.00000000000000, 1.00000000000000, 1.00000000000000 );
#10317 = CARTESIAN_POINT( '', ( 9.52195052334085, 5.57820735458252, 11.7900000000000 ) );
#10318 = VECTOR( '', #11575, 1000.00000000000 );
#10319 = CARTESIAN_POINT( '', ( 9.52195052334085, 5.38839370763791, 11.7900000000000 ) );
#10320 = VECTOR( '', #11576, 1000.00000000000 );
#10321 = COLOUR_RGB( '', 1.00000000000000, 1.00000000000000, 1.00000000000000 );
#10322 = CARTESIAN_POINT( '', ( -7.91769919455944, 5.57812564401560, 11.7900000000000 ) );
#10323 = CARTESIAN_POINT( '', ( -7.91769919455944, 5.57812564401560, 11.7900000000000 ) );
#10324 = VECTOR( '', #11577, 1000.00000000000 );
#10325 = CARTESIAN_POINT( '', ( -7.91769919455944, 5.57812564401560, 11.7900000000000 ) );
#10326 = VECTOR( '', #11578, 1000.00000000000 );
#10327 = COLOUR_RGB( '', 0.779999971389771, 0.529999971389771, 0.419999986886978 );
#10328 = CARTESIAN_POINT( '', ( 1.74652020711679, -5.10976194808846, 2.40000000000000 ) );
#10329 = CARTESIAN_POINT( '', ( -1.75000000000000, -10.0000000000000, 2.40000000000000 ) );
#10330 = AXIS2_PLACEMENT_3D( '', #11579, #11580, #11581 );
#10331 = CARTESIAN_POINT( '', ( 1.74652020711679, -5.10976194808846, 1.90000000000000 ) );
#10332 = CARTESIAN_POINT( '', ( 1.74652020711679, -5.10976194808846, 2.40000000000000 ) );
#10333 = VECTOR( '', #11582, 1000.00000000000 );
#10334 = CARTESIAN_POINT( '', ( -1.75000000000000, -10.0000000000000, 1.90000000000000 ) );
#10335 = AXIS2_PLACEMENT_3D( '', #11583, #11584, #11585 );
#10336 = CARTESIAN_POINT( '', ( -1.75000000000000, -10.0000000000000, 2.40000000000000 ) );
#10337 = VECTOR( '', #11586, 1000.00000000000 );
#10338 = COLOUR_RGB( '', 1.00000000000000, 1.00000000000000, 1.00000000000000 );
#10339 = CARTESIAN_POINT( '', ( 1.33880066789143, 3.38117363135965, 11.7900000000000 ) );
#10340 = CARTESIAN_POINT( '', ( 1.33880066789143, 3.38117363135965, 11.7900000000000 ) );
#10341 = VECTOR( '', #11587, 1000.00000000000 );
#10342 = CARTESIAN_POINT( '', ( -0.893368599105076, 3.38117363135965, 11.7900000000000 ) );
#10343 = CARTESIAN_POINT( '', ( -0.893368599105079, 3.38117363135965, 11.7900000000000 ) );
#10344 = VECTOR( '', #11588, 1000.00000000000 );
#10345 = CARTESIAN_POINT( '', ( -0.893368599105076, 3.38117363135965, 11.7900000000000 ) );
#10346 = VECTOR( '', #11589, 1000.00000000000 );
#10347 = COLOUR_RGB( '', 1.00000000000000, 1.00000000000000, 1.00000000000000 );
#10348 = CARTESIAN_POINT( '', ( 9.52195052334085, 3.91368139594770, 11.7900000000000 ) );
#10349 = VECTOR( '', #11590, 1000.00000000000 );
#10350 = CARTESIAN_POINT( '', ( 8.65606364573773, 3.91368139594770, 11.7900000000000 ) );
#10351 = VECTOR( '', #11591, 1000.00000000000 );
#10352 = COLOUR_RGB( '', 1.00000000000000, 1.00000000000000, 1.00000000000000 );
#10353 = CARTESIAN_POINT( '', ( 3.01174281491855, 5.57812564401560, 11.7900000000000 ) );
#10354 = VECTOR( '', #11592, 1000.00000000000 );
#10355 = CARTESIAN_POINT( '', ( 5.18655126394040, 5.57812564401560, 11.7900000000000 ) );
#10356 = VECTOR( '', #11593, 1000.00000000000 );
#10357 = COLOUR_RGB( '', 1.00000000000000, 1.00000000000000, 1.00000000000000 );
#10358 = CARTESIAN_POINT( '', ( -0.850819672131147, -5.85762295081967, 11.7900000000000 ) );
#10359 = CARTESIAN_POINT( '', ( -0.850819672131147, -5.85762295081967, 11.7900000000000 ) );
#10360 = VECTOR( '', #11594, 1000.00000000000 );
#10361 = CARTESIAN_POINT( '', ( -1.09868852459017, -5.85762295081967, 11.7900000000000 ) );
#10362 = CARTESIAN_POINT( '', ( -1.09868852459017, -5.85762295081967, 11.7900000000000 ) );
#10363 = CARTESIAN_POINT( '', ( -1.01606557377049, -5.85762295081967, 11.7900000000000 ) );
#10364 = CARTESIAN_POINT( '', ( -0.933442622950820, -5.85762295081967, 11.7900000000000 ) );
#10365 = CARTESIAN_POINT( '', ( -0.850819672131147, -5.85762295081967, 11.7900000000000 ) );
#10366 = CARTESIAN_POINT( '', ( -1.09868852459017, -5.85762295081967, 11.7900000000000 ) );
#10367 = VECTOR( '', #11595, 1000.00000000000 );
#10368 = COLOUR_RGB( '', 1.00000000000000, 1.00000000000000, 1.00000000000000 );
#10369 = COLOUR_RGB( '', 1.00000000000000, 1.00000000000000, 1.00000000000000 );
#10370 = CARTESIAN_POINT( '', ( 2.71770491803279, -3.97106557377050, 11.7900000000000 ) );
#10371 = VECTOR( '', #11596, 1000.00000000000 );
#10372 = CARTESIAN_POINT( '', ( 3.84295081967214, -5.85762295081967, 11.7900000000000 ) );
#10373 = VECTOR( '', #11597, 1000.00000000000 );
#10374 = COLOUR_RGB( '', 0.200000002980232, 0.200000002980232, 0.200000002980232 );
#10375 = CARTESIAN_POINT( '', ( 7.31916049344677, 5.89829548862789, 9.60000000000000 ) );
#10376 = CARTESIAN_POINT( '', ( 7.31916049344677, -5.89829548862789, 9.60000000000000 ) );
#10377 = AXIS2_PLACEMENT_3D( '', #11598, #11599, #11600 );
#10378 = CARTESIAN_POINT( '', ( 7.31916049344677, 5.89829548862789, 1.90000000000000 ) );
#10379 = CARTESIAN_POINT( '', ( 7.31916049344677, 5.89829548862789, -23.3887859734183 ) );
#10380 = VECTOR( '', #11601, 1000.00000000000 );
#10381 = CARTESIAN_POINT( '', ( 7.31916049344677, -5.89829548862789, 1.90000000000000 ) );
#10382 = AXIS2_PLACEMENT_3D( '', #11602, #11603, #11604 );
#10383 = CARTESIAN_POINT( '', ( 7.31916049344677, -5.89829548862789, -23.3887859734183 ) );
#10384 = VECTOR( '', #11605, 1000.00000000000 );
#10385 = COLOUR_RGB( '', 1.00000000000000, 1.00000000000000, 1.00000000000000 );
#10386 = COLOUR_RGB( '', 1.00000000000000, 1.00000000000000, 1.00000000000000 );
#10387 = CARTESIAN_POINT( '', ( 7.36520010960730, 3.91368139594770, 11.7900000000000 ) );
#10388 = VECTOR( '', #11606, 1000.00000000000 );
#10389 = CARTESIAN_POINT( '', ( 2.02982693229548, 3.91368139594770, 11.7900000000000 ) );
#10390 = VECTOR( '', #11607, 1000.00000000000 );
#10391 = COLOUR_RGB( '', 1.00000000000000, 1.00000000000000, 1.00000000000000 );
#10392 = CARTESIAN_POINT( '', ( 1.98983606557377, -5.85762295081967, 11.7900000000000 ) );
#10393 = CARTESIAN_POINT( '', ( 1.98983606557377, -5.85762295081967, 11.7900000000000 ) );
#10394 = VECTOR( '', #11608, 1000.00000000000 );
#10395 = CARTESIAN_POINT( '', ( 1.74000000000000, -5.85762295081967, 11.7900000000000 ) );
#10396 = CARTESIAN_POINT( '', ( 1.74000000000000, -5.85762295081967, 11.7900000000000 ) );
#10397 = CARTESIAN_POINT( '', ( 1.98983606557377, -5.85762295081967, 11.7900000000000 ) );
#10398 = CARTESIAN_POINT( '', ( 1.74000000000000, -5.85762295081967, 11.7900000000000 ) );
#10399 = VECTOR( '', #11609, 1000.00000000000 );
#10400 = COLOUR_RGB( '', 1.00000000000000, 1.00000000000000, 1.00000000000000 );
#10401 = CARTESIAN_POINT( '', ( -9.45238706236560, 2.62878273120210, 11.7900000000000 ) );
#10402 = VECTOR( '', #11610, 1000.00000000000 );
#10403 = CARTESIAN_POINT( '', ( -7.76391990762455, 2.62878273120210, 11.7900000000000 ) );
#10404 = VECTOR( '', #11611, 1000.00000000000 );
#10405 = COLOUR_RGB( '', 1.00000000000000, 1.00000000000000, 1.00000000000000 );
#10406 = CARTESIAN_POINT( '', ( 6.47733308950392, 5.57812564401560, 11.7900000000000 ) );
#10407 = VECTOR( '', #11612, 1000.00000000000 );
#10408 = COLOUR_RGB( '', 0.200000002980232, 0.200000002980232, 0.200000002980232 );
#10409 = CARTESIAN_POINT( '', ( -2.35000000000000, 5.00000000000000, 0.300000000000000 ) );
#10410 = VECTOR( '', #11613, 1000.00000000000 );
#10411 = CARTESIAN_POINT( '', ( 2.35000000000000, 5.00000000000000, 0.300000000000000 ) );
#10412 = VECTOR( '', #11614, 1000.00000000000 );
#10413 = COLOUR_RGB( '', 0.200000002980232, 0.200000002980232, 0.200000002980232 );
#10414 = CARTESIAN_POINT( '', ( 3.35000000000000, 11.2500000000000, 1.90000000000000 ) );
#10415 = CARTESIAN_POINT( '', ( 2.35000000000000, 10.2500000000000, 1.90000000000000 ) );
#10416 = AXIS2_PLACEMENT_3D( '', #11615, #11616, #11617 );
#10417 = CARTESIAN_POINT( '', ( 3.35000000000000, 11.2500000000000, 1.90000000000000 ) );
#10418 = VECTOR( '', #11618, 1000.00000000000 );
#10419 = CARTESIAN_POINT( '', ( 2.35000000000000, 10.2500000000000, 0.000000000000000 ) );
#10420 = VECTOR( '', #11619, 1000.00000000000 );
#10421 = COLOUR_RGB( '', 0.779999971389771, 0.529999971389771, 0.419999986886978 );
#10422 = CARTESIAN_POINT( '', ( 1.75000000000000, 10.5000000000000, 0.299999999999984 ) );
#10423 = CARTESIAN_POINT( '', ( 1.75000000000000, 10.7500000000000, 0.549999999999992 ) );
#10424 = AXIS2_PLACEMENT_3D( '', #11620, #11621, #11622 );
#10425 = CARTESIAN_POINT( '', ( -1.75000000000000, 10.7500000000000, 0.549999999999985 ) );
#10426 = CARTESIAN_POINT( '', ( -1.75000000000000, 10.7500000000000, 0.549999999999985 ) );
#10427 = VECTOR( '', #11623, 1000.00000000000 );
#10428 = CARTESIAN_POINT( '', ( -1.75000000000000, 10.5000000000000, 0.299999999999984 ) );
#10429 = AXIS2_PLACEMENT_3D( '', #11624, #11625, #11626 );
#10430 = CARTESIAN_POINT( '', ( -1.75000000000000, 10.5000000000000, 0.299999999999984 ) );
#10431 = VECTOR( '', #11627, 1000.00000000000 );
#10432 = COLOUR_RGB( '', 0.200000002980232, 0.200000002980232, 0.200000002980232 );
#10433 = CARTESIAN_POINT( '', ( -7.31916049344677, 5.89829548862788, 1.90000000000000 ) );
#10434 = AXIS2_PLACEMENT_3D( '', #11628, #11629, #11630 );
#10435 = CARTESIAN_POINT( '', ( -7.31916049344677, 5.89829548862788, 9.60000000000000 ) );
#10436 = CARTESIAN_POINT( '', ( -7.31916049344677, 5.89829548862788, -23.3887859734183 ) );
#10437 = VECTOR( '', #11631, 1000.00000000000 );
#10438 = AXIS2_PLACEMENT_3D( '', #11632, #11633, #11634 );
#10439 = COLOUR_RGB( '', 0.200000002980232, 0.200000002980232, 0.200000002980232 );
#10440 = CARTESIAN_POINT( '', ( 11.0000000000000, -10.2500000000000, 1.90000000000000 ) );
#10441 = CARTESIAN_POINT( '', ( 11.0000000000000, -10.2500000000000, 1.90000000000000 ) );
#10442 = VECTOR( '', #11635, 1000.00000000000 );
#10443 = CARTESIAN_POINT( '', ( 10.0000000000000, -11.2500000000000, 1.90000000000000 ) );
#10444 = CARTESIAN_POINT( '', ( 10.0000000000000, -11.2500000000000, 1.90000000000000 ) );
#10445 = VECTOR( '', #11636, 1000.00000000000 );
#10446 = AXIS2_PLACEMENT_3D( '', #11637, #11638, #11639 );
#10447 = COLOUR_RGB( '', 1.00000000000000, 1.00000000000000, 1.00000000000000 );
#10448 = CARTESIAN_POINT( '', ( -9.45238706236560, 4.10349504289231, 11.7900000000000 ) );
#10449 = VECTOR( '', #11640, 1000.00000000000 );
#10450 = CARTESIAN_POINT( '', ( -7.84080955109200, 4.10349504289231, 11.7900000000000 ) );
#10451 = VECTOR( '', #11641, 1000.00000000000 );
#10452 = COLOUR_RGB( '', 1.00000000000000, 1.00000000000000, 1.00000000000000 );
#10453 = CARTESIAN_POINT( '', ( 1.74000000000000, -3.66221311475410, 11.7900000000000 ) );
#10454 = CARTESIAN_POINT( '', ( 1.74000000000000, -3.66221311475410, 11.7900000000000 ) );
#10455 = CARTESIAN_POINT( '', ( 1.74000000000000, -5.85762295081967, 11.7900000000000 ) );
#10456 = CARTESIAN_POINT( '', ( 1.98983606557377, -3.66221311475410, 11.7900000000000 ) );
#10457 = CARTESIAN_POINT( '', ( 1.98983606557377, -5.85762295081967, 11.7900000000000 ) );
#10458 = CARTESIAN_POINT( '', ( 1.98983606557377, -3.66221311475410, 11.7900000000000 ) );
#10459 = CARTESIAN_POINT( '', ( 1.98983606557377, -3.66221311475410, 11.7900000000000 ) );
#10460 = CARTESIAN_POINT( '', ( 1.74000000000000, -3.66221311475410, 11.7900000000000 ) );
#10461 = COLOUR_RGB( '', 1.00000000000000, 1.00000000000000, 1.00000000000000 );
#10462 = CARTESIAN_POINT( '', ( -1.33599474008612, 2.62919128403668, 11.7900000000000 ) );
#10463 = CARTESIAN_POINT( '', ( -1.33599474008612, 2.62919128403668, 11.7900000000000 ) );
#10464 = VECTOR( '', #11642, 1000.00000000000 );
#10465 = CARTESIAN_POINT( '', ( -1.33599474008612, 2.62919128403668, 11.7900000000000 ) );
#10466 = VECTOR( '', #11643, 1000.00000000000 );
#10467 = COLOUR_RGB( '', 1.00000000000000, 1.00000000000000, 1.00000000000000 );
#10468 = CARTESIAN_POINT( '', ( -1.09868852459017, -3.66221311475410, 11.7900000000000 ) );
#10469 = CARTESIAN_POINT( '', ( -1.09868852459017, -3.66221311475410, 11.7900000000000 ) );
#10470 = CARTESIAN_POINT( '', ( -1.09868852459017, -4.39401639344262, 11.7900000000000 ) );
#10471 = CARTESIAN_POINT( '', ( -1.09868852459017, -5.12581967213115, 11.7900000000000 ) );
#10472 = CARTESIAN_POINT( '', ( -1.09868852459017, -5.85762295081967, 11.7900000000000 ) );
#10473 = CARTESIAN_POINT( '', ( -0.201639344262294, -3.87663934426229, 11.7900000000000 ) );
#10474 = CARTESIAN_POINT( '', ( -0.850819672131147, -5.85762295081967, 11.7900000000000 ) );
#10475 = CARTESIAN_POINT( '', ( -0.850819672131147, -5.40122950819672, 11.7900000000000 ) );
#10476 = CARTESIAN_POINT( '', ( -0.850819672131147, -4.94483606557377, 11.7900000000000 ) );
#10477 = CARTESIAN_POINT( '', ( -0.850819672131147, -4.48844262295082, 11.7900000000000 ) );
#10478 = CARTESIAN_POINT( '', ( -0.850819672131147, -4.06352459016394, 11.7900000000000 ) );
#10479 = CARTESIAN_POINT( '', ( -0.599016393442624, -3.86483606557378, 11.7900000000000 ) );
#10480 = CARTESIAN_POINT( '', ( -0.284262295081968, -3.86483606557378, 11.7900000000000 ) );
#10481 = CARTESIAN_POINT( '', ( -0.242950819672132, -3.86877049180328, 11.7900000000000 ) );
#10482 = CARTESIAN_POINT( '', ( -0.201639344262294, -3.87663934426229, 11.7900000000000 ) );
#10483 = CARTESIAN_POINT( '', ( -0.201639344262294, -3.62877049180328, 11.7900000000000 ) );
#10484 = CARTESIAN_POINT( '', ( -0.201639344262294, -3.87663934426229, 11.7900000000000 ) );
#10485 = CARTESIAN_POINT( '', ( -0.201639344262294, -3.79401639344263, 11.7900000000000 ) );
#10486 = CARTESIAN_POINT( '', ( -0.201639344262294, -3.71139344262295, 11.7900000000000 ) );
#10487 = CARTESIAN_POINT( '', ( -0.201639344262294, -3.62877049180328, 11.7900000000000 ) );
#10488 = CARTESIAN_POINT( '', ( -0.201639344262294, -3.62877049180328, 11.7900000000000 ) );
#10489 = CARTESIAN_POINT( '', ( -0.231147540983607, -3.61893442622951, 11.7900000000000 ) );
#10490 = CARTESIAN_POINT( '', ( -0.258688524590166, -3.61500000000000, 11.7900000000000 ) );
#10491 = CARTESIAN_POINT( '', ( -0.547868852459017, -3.61500000000000, 11.7900000000000 ) );
#10492 = CARTESIAN_POINT( '', ( -0.746557377049181, -3.76057377049181, 11.7900000000000 ) );
#10493 = CARTESIAN_POINT( '', ( -0.842950819672131, -4.00844262295082, 11.7900000000000 ) );
#10494 = CARTESIAN_POINT( '', ( -0.850819672131147, -3.66221311475410, 11.7900000000000 ) );
#10495 = CARTESIAN_POINT( '', ( -0.850819672131147, -4.00844262295082, 11.7900000000000 ) );
#10496 = CARTESIAN_POINT( '', ( -0.850819672131147, -3.89303278688525, 11.7900000000000 ) );
#10497 = CARTESIAN_POINT( '', ( -0.850819672131147, -3.77762295081968, 11.7900000000000 ) );
#10498 = CARTESIAN_POINT( '', ( -0.850819672131147, -3.66221311475410, 11.7900000000000 ) );
#10499 = CARTESIAN_POINT( '', ( -0.850819672131147, -3.66221311475410, 11.7900000000000 ) );
#10500 = CARTESIAN_POINT( '', ( -0.933442622950820, -3.66221311475410, 11.7900000000000 ) );
#10501 = CARTESIAN_POINT( '', ( -1.01606557377049, -3.66221311475410, 11.7900000000000 ) );
#10502 = CARTESIAN_POINT( '', ( -1.09868852459017, -3.66221311475410, 11.7900000000000 ) );
#10503 = COLOUR_RGB( '', 1.00000000000000, 1.00000000000000, 1.00000000000000 );
#10504 = CARTESIAN_POINT( '', ( 5.18655126394040, 2.62878273120210, 11.7900000000000 ) );
#10505 = CARTESIAN_POINT( '', ( 5.18655126394040, 2.62878273120210, 11.7900000000000 ) );
#10506 = VECTOR( '', #11644, 1000.00000000000 );
#10507 = CARTESIAN_POINT( '', ( 5.18655126394040, 2.62878273120210, 11.7900000000000 ) );
#10508 = CARTESIAN_POINT( '', ( 5.23247260254689, 2.94402209836195, 11.7900000000000 ) );
#10509 = CARTESIAN_POINT( '', ( 5.50391510584005, 3.18613050813245, 11.7900000000000 ) );
#10510 = CARTESIAN_POINT( '', ( 5.83190132143871, 3.18613050813245, 11.7900000000000 ) );
#10511 = CARTESIAN_POINT( '', ( 6.15996924760427, 3.18613050813245, 11.7900000000000 ) );
#10512 = CARTESIAN_POINT( '', ( 6.43141175089742, 2.94402209836195, 11.7900000000000 ) );
#10513 = CARTESIAN_POINT( '', ( 6.47733308950392, 2.62878273120210, 11.7900000000000 ) );
#10514 = COLOUR_RGB( '', 1.00000000000000, 1.00000000000000, 1.00000000000000 );
#10515 = CARTESIAN_POINT( '', ( -7.59232771710208, 6.61617668610960, 11.7900000000000 ) );
#10516 = CARTESIAN_POINT( '', ( -7.59232771710208, 6.61617668610960, 11.7900000000000 ) );
#10517 = VECTOR( '', #11645, 1000.00000000000 );
#10518 = CARTESIAN_POINT( '', ( -6.26600179493035, 6.61617668610960, 11.7900000000000 ) );
#10519 = CARTESIAN_POINT( '', ( -7.59232771710208, 6.61617668610960, 11.7900000000000 ) );
#10520 = VECTOR( '', #11646, 1000.00000000000 );
#10521 = CARTESIAN_POINT( '', ( -6.26600179493035, 6.61617668610960, 11.7900000000000 ) );
#10522 = VECTOR( '', #11647, 1000.00000000000 );
#10523 = COLOUR_RGB( '', 1.00000000000000, 1.00000000000000, 1.00000000000000 );
#10524 = CARTESIAN_POINT( '', ( 1.43311475409836, -3.66221311475410, 11.7900000000000 ) );
#10525 = VECTOR( '', #11648, 1000.00000000000 );
#10526 = COLOUR_RGB( '', 0.779999971389771, 0.529999971389771, 0.419999986886978 );
#10527 = CARTESIAN_POINT( '', ( -1.75000000000000, -10.5000000000000, 1.90000000000000 ) );
#10528 = CARTESIAN_POINT( '', ( 1.75000000000000, -10.5000000000000, 1.90000000000000 ) );
#10529 = CARTESIAN_POINT( '', ( -1.75000000000000, -10.5000000000000, 1.90000000000000 ) );
#10530 = VECTOR( '', #11649, 1000.00000000000 );
#10531 = CARTESIAN_POINT( '', ( 1.75000000000000, -10.7500000000000, 1.65000000000000 ) );
#10532 = AXIS2_PLACEMENT_3D( '', #11650, #11651, #11652 );
#10533 = CARTESIAN_POINT( '', ( -1.75000000000000, -10.7500000000000, 1.65000000000000 ) );
#10534 = CARTESIAN_POINT( '', ( -1.75000000000000, -10.7500000000000, 1.65000000000000 ) );
#10535 = VECTOR( '', #11653, 1000.00000000000 );
#10536 = AXIS2_PLACEMENT_3D( '', #11654, #11655, #11656 );
#10537 = COLOUR_RGB( '', 0.200000002980232, 0.200000002980232, 0.200000002980232 );
#10538 = CARTESIAN_POINT( '', ( -10.0000000000000, -11.2500000000000, 11.3000000000000 ) );
#10539 = CARTESIAN_POINT( '', ( -11.0000000000000, -11.2500000000000, 11.3000000000000 ) );
#10540 = VECTOR( '', #11657, 1000.00000000000 );
#10541 = CARTESIAN_POINT( '', ( -10.0000000000000, -11.2500000000000, 1.90000000000000 ) );
#10542 = CARTESIAN_POINT( '', ( -10.0000000000000, -11.2500000000000, 1.90000000000000 ) );
#10543 = VECTOR( '', #11658, 1000.00000000000 );
#10544 = CARTESIAN_POINT( '', ( -11.0000000000000, -11.2500000000000, 1.90000000000000 ) );
#10545 = VECTOR( '', #11659, 1000.00000000000 );
#10546 = CARTESIAN_POINT( '', ( 6.05000000000000, -11.2500000000000, 9.60000000000000 ) );
#10547 = CARTESIAN_POINT( '', ( 5.55000000000000, -11.2500000000000, 9.60000000000000 ) );
#10548 = VECTOR( '', #11660, 1000.00000000000 );
#10549 = CARTESIAN_POINT( '', ( 6.05000000000000, -11.2500000000000, 1.90000000000000 ) );
#10550 = CARTESIAN_POINT( '', ( 6.05000000000000, -11.2500000000000, 1.90000000000000 ) );
#10551 = VECTOR( '', #11661, 1000.00000000000 );
#10552 = CARTESIAN_POINT( '', ( -11.0000000000000, -11.2500000000000, 1.90000000000000 ) );
#10553 = VECTOR( '', #11662, 1000.00000000000 );
#10554 = COLOUR_RGB( '', 1.00000000000000, 1.00000000000000, 1.00000000000000 );
#10555 = CARTESIAN_POINT( '', ( 1.27670063703568, 2.62919128403668, 11.7900000000000 ) );
#10556 = CARTESIAN_POINT( '', ( 1.16410347582618, 2.43896908425749, 11.7900000000000 ) );
#10557 = CARTESIAN_POINT( '', ( 1.17536319194713, 2.45799130423541, 11.7900000000000 ) );
#10558 = CARTESIAN_POINT( '', ( 1.26656689252683, 2.61207128605655, 11.7900000000000 ) );
#10559 = CARTESIAN_POINT( '', ( 1.27670063703568, 2.62919128403668, 11.7900000000000 ) );
#10560 = CARTESIAN_POINT( '', ( 1.27670063703568, 2.62919128403668, 11.7900000000000 ) );
#10561 = VECTOR( '', #11663, 1000.00000000000 );
#10562 = COLOUR_RGB( '', 1.00000000000000, 1.00000000000000, 1.00000000000000 );
#10563 = COLOUR_RGB( '', 1.00000000000000, 1.00000000000000, 1.00000000000000 );
#10564 = CARTESIAN_POINT( '', ( -4.17944075817719, 4.69132086128212, 11.7900000000000 ) );
#10565 = CARTESIAN_POINT( '', ( -4.17944075817719, 4.69132086128212, 11.7900000000000 ) );
#10566 = VECTOR( '', #11664, 1000.00000000000 );
#10567 = CARTESIAN_POINT( '', ( -4.17944075817718, 4.69132086128212, 11.7900000000000 ) );
#10568 = VECTOR( '', #11665, 1000.00000000000 );
#10569 = COLOUR_RGB( '', 1.00000000000000, 1.00000000000000, 1.00000000000000 );
#10570 = CARTESIAN_POINT( '', ( -0.201639344262294, -3.87663934426229, 11.7900000000000 ) );
#10571 = VECTOR( '', #11666, 1000.00000000000 );
#10572 = COLOUR_RGB( '', 1.00000000000000, 1.00000000000000, 1.00000000000000 );
#10573 = CARTESIAN_POINT( '', ( -9.45238706236560, 5.57820735458252, 11.7900000000000 ) );
#10574 = CARTESIAN_POINT( '', ( -9.45238706236560, 5.57820735458252, 11.7900000000000 ) );
#10575 = VECTOR( '', #11667, 1000.00000000000 );
#10576 = CARTESIAN_POINT( '', ( -9.45238706236560, 5.57820735458252, 11.7900000000000 ) );
#10577 = VECTOR( '', #11668, 1000.00000000000 );
#10578 = COLOUR_RGB( '', 1.00000000000000, 1.00000000000000, 1.00000000000000 );
#10579 = CARTESIAN_POINT( '', ( -4.39180327868853, -5.85762295081967, 11.7900000000000 ) );
#10580 = CARTESIAN_POINT( '', ( -4.39180327868853, -5.85762295081967, 11.7900000000000 ) );
#10581 = VECTOR( '', #11669, 1000.00000000000 );
#10582 = CARTESIAN_POINT( '', ( -4.63967213114754, -5.85762295081967, 11.7900000000000 ) );
#10583 = CARTESIAN_POINT( '', ( -4.63967213114754, -5.85762295081967, 11.7900000000000 ) );
#10584 = CARTESIAN_POINT( '', ( -4.39180327868853, -5.85762295081967, 11.7900000000000 ) );
#10585 = CARTESIAN_POINT( '', ( -4.63967213114754, -5.85762295081967, 11.7900000000000 ) );
#10586 = VECTOR( '', #11670, 1000.00000000000 );
#10587 = COLOUR_RGB( '', 0.200000002980232, 0.200000002980232, 0.200000002980232 );
#10588 = CARTESIAN_POINT( '', ( 10.0000000000000, 11.2500000000000, 1.90000000000000 ) );
#10589 = CARTESIAN_POINT( '', ( 11.0000000000000, 11.2500000000000, 1.90000000000000 ) );
#10590 = VECTOR( '', #11671, 1000.00000000000 );
#10591 = CARTESIAN_POINT( '', ( 10.0000000000000, 11.2500000000000, 1.90000000000000 ) );
#10592 = VECTOR( '', #11672, 1000.00000000000 );
#10593 = COLOUR_RGB( '', 1.00000000000000, 1.00000000000000, 1.00000000000000 );
#10594 = CARTESIAN_POINT( '', ( -0.850819672131147, -3.66221311475410, 11.7900000000000 ) );
#10595 = VECTOR( '', #11673, 1000.00000000000 );
#10596 = COLOUR_RGB( '', 1.00000000000000, 1.00000000000000, 1.00000000000000 );
#10597 = CARTESIAN_POINT( '', ( 5.41475409836066, -5.46418032786885, 11.7900000000000 ) );
#10598 = VECTOR( '', #11674, 1000.00000000000 );
#10599 = CARTESIAN_POINT( '', ( 5.44032786885246, -4.00450819672132, 11.7900000000000 ) );
#10600 = VECTOR( '', #11675, 1000.00000000000 );
#10601 = COLOUR_RGB( '', 1.00000000000000, 1.00000000000000, 1.00000000000000 );
#10602 = CARTESIAN_POINT( '', ( 1.74000000000000, -3.66221311475410, 11.7900000000000 ) );
#10603 = VECTOR( '', #11676, 1000.00000000000 );
#10604 = CARTESIAN_POINT( '', ( 1.98983606557377, -3.66221311475410, 11.7900000000000 ) );
#10605 = VECTOR( '', #11677, 1000.00000000000 );
#10606 = COLOUR_RGB( '', 1.00000000000000, 1.00000000000000, 1.00000000000000 );
#10607 = CARTESIAN_POINT( '', ( -0.895819916112542, 6.61617668610960, 11.7900000000000 ) );
#10608 = CARTESIAN_POINT( '', ( -0.895819916112542, 6.61617668610960, 11.7900000000000 ) );
#10609 = VECTOR( '', #11678, 1000.00000000000 );
#10610 = CARTESIAN_POINT( '', ( -3.98529645118606, 1.34314867135427, 11.7900000000000 ) );
#10611 = CARTESIAN_POINT( '', ( -0.895819916112542, 6.61617668610960, 11.7900000000000 ) );
#10612 = VECTOR( '', #11679, 1000.00000000000 );
#10613 = CARTESIAN_POINT( '', ( -3.98529645118606, 1.34314867135427, 11.7900000000000 ) );
#10614 = VECTOR( '', #11680, 1000.00000000000 );
#10615 = COLOUR_RGB( '', 1.00000000000000, 1.00000000000000, 1.00000000000000 );
#10616 = CARTESIAN_POINT( '', ( 2.48754098360656, -5.85762295081967, 11.7900000000000 ) );
#10617 = VECTOR( '', #11681, 1000.00000000000 );
#10618 = CARTESIAN_POINT( '', ( 2.48754098360656, -3.66221311475410, 11.7900000000000 ) );
#10619 = VECTOR( '', #11682, 1000.00000000000 );
#10620 = COLOUR_RGB( '', 1.00000000000000, 1.00000000000000, 1.00000000000000 );
#10621 = CARTESIAN_POINT( '', ( -9.45238706236560, 1.15407041951190, 11.7900000000000 ) );
#10622 = CARTESIAN_POINT( '', ( -9.45238706236560, 1.15407041951190, 11.7900000000000 ) );
#10623 = CARTESIAN_POINT( '', ( -7.77062834516831, 1.15407041951190, 11.7900000000000 ) );
#10624 = CARTESIAN_POINT( '', ( 5.85161726412974, 1.15407041951190, 11.7900000000000 ) );
#10625 = CARTESIAN_POINT( '', ( 7.36520010960730, 1.15407041951190, 11.7900000000000 ) );
#10626 = CARTESIAN_POINT( '', ( -9.45238706236560, 0.964256772567283, 11.7900000000000 ) );
#10627 = CARTESIAN_POINT( '', ( -9.45238706236560, 0.983238137261744, 11.7900000000000 ) );
#10628 = CARTESIAN_POINT( '', ( -9.45238706236560, 1.13698719128688, 11.7900000000000 ) );
#10629 = CARTESIAN_POINT( '', ( -9.45238706236560, 1.15407041951190, 11.7900000000000 ) );
#10630 = CARTESIAN_POINT( '', ( 8.65606364573773, 0.964256772567283, 11.7900000000000 ) );
#10631 = CARTESIAN_POINT( '', ( 8.65606364573773, 0.964256772567283, 11.7900000000000 ) );
#10632 = CARTESIAN_POINT( '', ( 8.61006059656432, 0.649017405407448, 11.7900000000000 ) );
#10633 = CARTESIAN_POINT( '', ( 8.33861809327117, 0.406908995636937, 11.7900000000000 ) );
#10634 = CARTESIAN_POINT( '', ( 8.01063187767251, 0.406908995636937, 11.7900000000000 ) );
#10635 = CARTESIAN_POINT( '', ( 7.68264566207386, 0.406908995636937, 11.7900000000000 ) );
#10636 = CARTESIAN_POINT( '', ( 7.41120315878071, 0.649017405407448, 11.7900000000000 ) );
#10637 = CARTESIAN_POINT( '', ( 7.36520010960730, 0.964256772567283, 11.7900000000000 ) );
#10638 = CARTESIAN_POINT( '', ( 9.52195052334085, 0.964256772567283, 11.7900000000000 ) );
#10639 = CARTESIAN_POINT( '', ( 9.43536183558054, 0.964256772567283, 11.7900000000000 ) );
#10640 = CARTESIAN_POINT( '', ( 8.73399346472201, 0.964256772567283, 11.7900000000000 ) );
#10641 = CARTESIAN_POINT( '', ( 8.65606364573773, 0.964256772567283, 11.7900000000000 ) );
#10642 = CARTESIAN_POINT( '', ( 8.65606364573773, 1.15407041951190, 11.7900000000000 ) );
#10643 = CARTESIAN_POINT( '', ( 8.74265233349804, 1.15407041951190, 11.7900000000000 ) );
#10644 = CARTESIAN_POINT( '', ( 9.44402070435657, 1.15407041951190, 11.7900000000000 ) );
#10645 = CARTESIAN_POINT( '', ( 9.52195052334085, 1.15407041951190, 11.7900000000000 ) );
#10646 = COLOUR_RGB( '', 1.00000000000000, 1.00000000000000, 1.00000000000000 );
#10647 = CARTESIAN_POINT( '', ( 0.268524590163933, -5.85762295081967, 11.7900000000000 ) );
#10648 = VECTOR( '', #11683, 1000.00000000000 );
#10649 = CARTESIAN_POINT( '', ( 0.0206557377049170, -5.85762295081967, 11.7900000000000 ) );
#10650 = VECTOR( '', #11684, 1000.00000000000 );
#10651 = COLOUR_RGB( '', 1.00000000000000, 1.00000000000000, 1.00000000000000 );
#10652 = CARTESIAN_POINT( '', ( -5.40295081967213, -3.15467213114755, 11.7900000000000 ) );
#10653 = CARTESIAN_POINT( '', ( -4.63967213114754, -5.85762295081967, 11.7900000000000 ) );
#10654 = COLOUR_RGB( '', 0.779999971389771, 0.529999971389771, 0.419999986886978 );
#10655 = CARTESIAN_POINT( '', ( -1.75000000000000, -11.2500000000000, 0.550000000000000 ) );
#10656 = CARTESIAN_POINT( '', ( -1.75000000000000, -11.2500000000000, 1.65000000000000 ) );
#10657 = CARTESIAN_POINT( '', ( -1.75000000000000, -11.2500000000000, 0.550000000000000 ) );
#10658 = VECTOR( '', #11685, 1000.00000000000 );
#10659 = CARTESIAN_POINT( '', ( 1.75000000000000, -11.2500000000000, 0.550000000000000 ) );
#10660 = CARTESIAN_POINT( '', ( 1.75000000000000, -11.2500000000000, 0.550000000000000 ) );
#10661 = VECTOR( '', #11686, 1000.00000000000 );
#10662 = CARTESIAN_POINT( '', ( 1.75000000000000, -11.2500000000000, 1.65000000000000 ) );
#10663 = CARTESIAN_POINT( '', ( 1.75000000000000, -11.2500000000000, 0.550000000000000 ) );
#10664 = VECTOR( '', #11687, 1000.00000000000 );
#10665 = CARTESIAN_POINT( '', ( 1.75000000000000, -11.2500000000000, 1.65000000000000 ) );
#10666 = VECTOR( '', #11688, 1000.00000000000 );
#10667 = COLOUR_RGB( '', 0.200000002980232, 0.200000002980232, 0.200000002980232 );
#10668 = AXIS2_PLACEMENT_3D( '', #11689, #11690, #11691 );
#10669 = AXIS2_PLACEMENT_3D( '', #11692, #11693, #11694 );
#10670 = CARTESIAN_POINT( '', ( -10.0000000000000, 11.2500000000000, 1.90000000000000 ) );
#10671 = AXIS2_PLACEMENT_3D( '', #11695, #11696, #11697 );
#10672 = CARTESIAN_POINT( '', ( 11.0000000000000, 11.2500000000000, 1.90000000000000 ) );
#10673 = VECTOR( '', #11698, 1000.00000000000 );
#10674 = COLOUR_RGB( '', 1.00000000000000, 1.00000000000000, 1.00000000000000 );
#10675 = CARTESIAN_POINT( '', ( -0.201639344262294, -3.62877049180328, 11.7900000000000 ) );
#10676 = VECTOR( '', #11699, 1000.00000000000 );
#10677 = COLOUR_RGB( '', 0.200000002980232, 0.200000002980232, 0.200000002980232 );
#10678 = CARTESIAN_POINT( '', ( 11.0000000000000, 10.2500000000000, 1.90000000000000 ) );
#10679 = CARTESIAN_POINT( '', ( 11.0000000000000, 10.2500000000000, 1.90000000000000 ) );
#10680 = VECTOR( '', #11700, 1000.00000000000 );
#10681 = CARTESIAN_POINT( '', ( 11.0000000000000, -10.2500000000000, 1.90000000000000 ) );
#10682 = CARTESIAN_POINT( '', ( 11.0000000000000, -11.2500000000000, 1.90000000000000 ) );
#10683 = VECTOR( '', #11701, 1000.00000000000 );
#10684 = CARTESIAN_POINT( '', ( 11.0000000000000, -10.2500000000000, 1.90000000000000 ) );
#10685 = VECTOR( '', #11702, 1000.00000000000 );
#10686 = COLOUR_RGB( '', 1.00000000000000, 1.00000000000000, 1.00000000000000 );
#10687 = CARTESIAN_POINT( '', ( -2.38393276077689, 6.61617668610960, 11.7900000000000 ) );
#10688 = VECTOR( '', #11703, 1000.00000000000 );
#10689 = COLOUR_RGB( '', 0.200000002980232, 0.200000002980232, 0.200000002980232 );
#10690 = CARTESIAN_POINT( '', ( -10.0000000000000, 11.2500000000000, 11.3000000000000 ) );
#10691 = CARTESIAN_POINT( '', ( -10.0000000000000, 11.2500000000000, 11.3000000000000 ) );
#10692 = VECTOR( '', #11704, 1000.00000000000 );
#10693 = AXIS2_PLACEMENT_3D( '', #11705, #11706, #11707 );
#10694 = COLOUR_RGB( '', 0.779999971389771, 0.529999971389771, 0.419999986886978 );
#10695 = CARTESIAN_POINT( '', ( 1.75000000000000, 10.7500000000000, 8.76000000000000 ) );
#10696 = CARTESIAN_POINT( '', ( 1.75000000000000, 10.7500000000000, 0.549999999999992 ) );
#10697 = VECTOR( '', #11708, 1000.00000000000 );
#10698 = CARTESIAN_POINT( '', ( -1.75000000000000, 10.7500000000000, 8.76000000000000 ) );
#10699 = CARTESIAN_POINT( '', ( -1.75000000000000, 10.7500000000000, 8.76000000000000 ) );
#10700 = VECTOR( '', #11709, 1000.00000000000 );
#10701 = CARTESIAN_POINT( '', ( -1.75000000000000, 10.7500000000000, 0.549999999999985 ) );
#10702 = VECTOR( '', #11710, 1000.00000000000 );
#10703 = COLOUR_RGB( '', 1.00000000000000, 1.00000000000000, 1.00000000000000 );
#10704 = CARTESIAN_POINT( '', ( -1.09868852459017, -3.66221311475410, 11.7900000000000 ) );
#10705 = VECTOR( '', #11711, 1000.00000000000 );
#10706 = COLOUR_RGB( '', 0.200000002980232, 0.200000002980232, 0.200000002980232 );
#10707 = CARTESIAN_POINT( '', ( 10.0000000000000, -11.2500000000000, 1.90000000000000 ) );
#10708 = AXIS2_PLACEMENT_3D( '', #11712, #11713, #11714 );
#10709 = CARTESIAN_POINT( '', ( 10.0000000000000, -11.2500000000000, 1.90000000000000 ) );
#10710 = VECTOR( '', #11715, 1000.00000000000 );
#10711 = COLOUR_RGB( '', 0.200000002980232, 0.200000002980232, 0.200000002980232 );
#10712 = CARTESIAN_POINT( '', ( 5.55000000000000, 10.7500000000000, 9.60000000000000 ) );
#10713 = AXIS2_PLACEMENT_3D( '', #11716, #11717, #11718 );
#10714 = CARTESIAN_POINT( '', ( 5.55000000000000, 10.7500000000000, 1.90000000000000 ) );
#10715 = CARTESIAN_POINT( '', ( 5.55000000000000, 10.7500000000000, -23.3887859734183 ) );
#10716 = VECTOR( '', #11719, 1000.00000000000 );
#10717 = AXIS2_PLACEMENT_3D( '', #11720, #11721, #11722 );
#10718 = COLOUR_RGB( '', 1.00000000000000, 1.00000000000000, 1.00000000000000 );
#10719 = CARTESIAN_POINT( '', ( 0.897155053713375, 2.62919128403668, 11.7900000000000 ) );
#10720 = VECTOR( '', #11723, 1000.00000000000 );
#10721 = COLOUR_RGB( '', 1.00000000000000, 1.00000000000000, 1.00000000000000 );
#10722 = CARTESIAN_POINT( '', ( 1.12819672131147, -3.66221311475410, 11.7900000000000 ) );
#10723 = VECTOR( '', #11724, 1000.00000000000 );
#10724 = COLOUR_RGB( '', 0.200000002980232, 0.200000002980232, 0.200000002980232 );
#10725 = AXIS2_PLACEMENT_3D( '', #11725, #11726, #11727 );
#10726 = CARTESIAN_POINT( '', ( 2.35000000000000, -10.0000000000000, 1.90000000000000 ) );
#10727 = CARTESIAN_POINT( '', ( -11.0000000000000, -10.0000000000000, 1.90000000000000 ) );
#10728 = VECTOR( '', #11728, 1000.00000000000 );
#10729 = CARTESIAN_POINT( '', ( 2.35000000000000, -10.2500000000000, 1.90000000000000 ) );
#10730 = CARTESIAN_POINT( '', ( 2.35000000000000, -11.2500000000000, 1.90000000000000 ) );
#10731 = VECTOR( '', #11729, 1000.00000000000 );
#10732 = CARTESIAN_POINT( '', ( 3.35000000000000, -11.2500000000000, 1.90000000000000 ) );
#10733 = AXIS2_PLACEMENT_3D( '', #11730, #11731, #11732 );
#10734 = CARTESIAN_POINT( '', ( -11.0000000000000, -11.2500000000000, 1.90000000000000 ) );
#10735 = VECTOR( '', #11733, 1000.00000000000 );
#10736 = AXIS2_PLACEMENT_3D( '', #11734, #11735, #11736 );
#10737 = CARTESIAN_POINT( '', ( 2.34999999999997, -11.2500000000000, 1.90000000000000 ) );
#10738 = VECTOR( '', #11737, 1000.00000000000 );
#10739 = CARTESIAN_POINT( '', ( -2.35000000000000, 10.2500000000000, 1.90000000000000 ) );
#10740 = CARTESIAN_POINT( '', ( -2.34999999999995, -11.2500000000000, 1.90000000000000 ) );
#10741 = VECTOR( '', #11738, 1000.00000000000 );
#10742 = CARTESIAN_POINT( '', ( -3.35000000000000, 11.2500000000000, 1.90000000000000 ) );
#10743 = AXIS2_PLACEMENT_3D( '', #11739, #11740, #11741 );
#10744 = CARTESIAN_POINT( '', ( -10.0000000000000, 11.2500000000000, 1.90000000000000 ) );
#10745 = CARTESIAN_POINT( '', ( 11.0000000000000, 11.2500000000000, 1.90000000000000 ) );
#10746 = VECTOR( '', #11742, 1000.00000000000 );
#10747 = AXIS2_PLACEMENT_3D( '', #11743, #11744, #11745 );
#10748 = COLOUR_RGB( '', 1.00000000000000, 1.00000000000000, 1.00000000000000 );
#10749 = CARTESIAN_POINT( '', ( 0.268524590163933, -4.75598360655738, 11.7900000000000 ) );
#10750 = VECTOR( '', #11746, 1000.00000000000 );
#10751 = COLOUR_RGB( '', 0.200000002980232, 0.200000002980232, 0.200000002980232 );
#10752 = CARTESIAN_POINT( '', ( 4.70000000000000, 0.000000000000000, 3.75000000000000 ) );
#10753 = AXIS2_PLACEMENT_3D( '', #11747, #11748, #11749 );
#10754 = COLOUR_RGB( '', 1.00000000000000, 1.00000000000000, 1.00000000000000 );
#10755 = CARTESIAN_POINT( '', ( 3.24322885099004, 6.61617668610960, 11.7900000000000 ) );
#10756 = CARTESIAN_POINT( '', ( 3.24322885099004, 6.61617668610960, 11.7900000000000 ) );
#10757 = VECTOR( '', #11750, 1000.00000000000 );
#10758 = CARTESIAN_POINT( '', ( 2.47106399363895, 5.30431353428190, 11.7900000000000 ) );
#10759 = CARTESIAN_POINT( '', ( 2.47106399363895, 5.30431353428190, 11.7900000000000 ) );
#10760 = VECTOR( '', #11751, 1000.00000000000 );
#10761 = CARTESIAN_POINT( '', ( 2.47106399363895, 5.30431353428190, 11.7900000000000 ) );
#10762 = VECTOR( '', #11752, 1000.00000000000 );
#10763 = COLOUR_RGB( '', 1.00000000000000, 1.00000000000000, 1.00000000000000 );
#10764 = CARTESIAN_POINT( '', ( -9.45238706236560, 6.99564055886499, 11.7900000000000 ) );
#10765 = VECTOR( '', #11753, 1000.00000000000 );
#10766 = COLOUR_RGB( '', 1.00000000000000, 1.00000000000000, 1.00000000000000 );
#10767 = CARTESIAN_POINT( '', ( -5.67639344262295, -5.85762295081967, 11.7900000000000 ) );
#10768 = CARTESIAN_POINT( '', ( -5.67639344262295, -5.85762295081967, 11.7900000000000 ) );
#10769 = VECTOR( '', #11754, 1000.00000000000 );
#10770 = CARTESIAN_POINT( '', ( -5.67639344262295, -2.90680327868853, 11.7900000000000 ) );
#10771 = CARTESIAN_POINT( '', ( -5.67639344262295, -2.90680327868853, 11.7900000000000 ) );
#10772 = CARTESIAN_POINT( '', ( -5.67639344262295, -5.85762295081967, 11.7900000000000 ) );
#10773 = CARTESIAN_POINT( '', ( -5.67639344262295, -2.90680327868853, 11.7900000000000 ) );
#10774 = VECTOR( '', #11755, 1000.00000000000 );
#10775 = COLOUR_RGB( '', 1.00000000000000, 1.00000000000000, 1.00000000000000 );
#10776 = CARTESIAN_POINT( '', ( 6.47733308950392, 2.43896908425749, 11.7900000000000 ) );
#10777 = CARTESIAN_POINT( '', ( 6.43141175089742, 2.12372971709765, 11.7900000000000 ) );
#10778 = CARTESIAN_POINT( '', ( 6.15996924760427, 1.88162130732715, 11.7900000000000 ) );
#10779 = CARTESIAN_POINT( '', ( 5.83190132143871, 1.88162130732715, 11.7900000000000 ) );
#10780 = CARTESIAN_POINT( '', ( 5.50391510584005, 1.88162130732715, 11.7900000000000 ) );
#10781 = CARTESIAN_POINT( '', ( 5.23247260254689, 2.12372971709765, 11.7900000000000 ) );
#10782 = CARTESIAN_POINT( '', ( 5.18655126394040, 2.43896908425749, 11.7900000000000 ) );
#10783 = COLOUR_RGB( '', 0.200000002980232, 0.200000002980232, 0.200000002980232 );
#10784 = COLOUR_RGB( '', 0.200000002980232, 0.200000002980232, 0.200000002980232 );
#10785 = CARTESIAN_POINT( '', ( -2.35000000000000, 10.2500000000000, 1.90000000000000 ) );
#10786 = VECTOR( '', #11756, 1000.00000000000 );
#10787 = COLOUR_RGB( '', 0.779999971389771, 0.529999971389771, 0.419999986886978 );
#10788 = CARTESIAN_POINT( '', ( 1.75000000000000, 5.75000000000000, 0.300000000000000 ) );
#10789 = CARTESIAN_POINT( '', ( 1.75000000000000, 5.75000000000000, 0.300000000000000 ) );
#10790 = VECTOR( '', #11757, 1000.00000000000 );
#10791 = CARTESIAN_POINT( '', ( -1.75000000000000, 5.75000000000000, 0.300000000000000 ) );
#10792 = CARTESIAN_POINT( '', ( -1.75000000000000, 5.75000000000000, 0.300000000000000 ) );
#10793 = VECTOR( '', #11758, 1000.00000000000 );
#10794 = CARTESIAN_POINT( '', ( -1.75000000000000, 5.75000000000000, -0.200000000000003 ) );
#10795 = VECTOR( '', #11759, 1000.00000000000 );
#10796 = COLOUR_RGB( '', 0.779999971389771, 0.529999971389771, 0.419999986886978 );
#10797 = AXIS2_PLACEMENT_3D( '', #11760, #11761, #11762 );
#10798 = AXIS2_PLACEMENT_3D( '', #11763, #11764, #11765 );
#10799 = COLOUR_RGB( '', 0.200000002980232, 0.200000002980232, 0.200000002980232 );
#10800 = CARTESIAN_POINT( '', ( 3.35000000000000, -11.2500000000000, 1.90000000000000 ) );
#10801 = VECTOR( '', #11766, 1000.00000000000 );
#10802 = COLOUR_RGB( '', 1.00000000000000, 1.00000000000000, 1.00000000000000 );
#10803 = CARTESIAN_POINT( '', ( 5.44819672131148, -4.00450819672132, 11.7900000000000 ) );
#10804 = VECTOR( '', #11767, 1000.00000000000 );
#10805 = COLOUR_RGB( '', 1.00000000000000, 1.00000000000000, 1.00000000000000 );
#10806 = CARTESIAN_POINT( '', ( -7.83092257249522, 3.91368139594770, 11.7900000000000 ) );
#10807 = VECTOR( '', #11768, 1000.00000000000 );
#10808 = CARTESIAN_POINT( '', ( -9.45238706236560, 3.91368139594770, 11.7900000000000 ) );
#10809 = VECTOR( '', #11769, 1000.00000000000 );
#10810 = COLOUR_RGB( '', 1.00000000000000, 1.00000000000000, 1.00000000000000 );
#10811 = COLOUR_RGB( '', 1.00000000000000, 1.00000000000000, 1.00000000000000 );
#10812 = CARTESIAN_POINT( '', ( -9.45238706236560, 1.15407041951190, 11.7900000000000 ) );
#10813 = VECTOR( '', #11770, 1000.00000000000 );
#10814 = COLOUR_RGB( '', 0.779999971389771, 0.529999971389771, 0.419999986886978 );
#10815 = CARTESIAN_POINT( '', ( -1.75000000000000, -5.75000000000000, 0.300000000000000 ) );
#10816 = CARTESIAN_POINT( '', ( -1.75000000000000, -5.75000000000000, 0.300000000000000 ) );
#10817 = VECTOR( '', #11771, 1000.00000000000 );
#10818 = CARTESIAN_POINT( '', ( -1.75000000000000, -5.75000000000000, -0.200000000000000 ) );
#10819 = VECTOR( '', #11772, 1000.00000000000 );
#10820 = AXIS2_PLACEMENT_3D( '', #11773, #11774, #11775 );
#10821 = CARTESIAN_POINT( '', ( -1.75000000000000, -10.5000000000000, 2.40000000000000 ) );
#10822 = AXIS2_PLACEMENT_3D( '', #11776, #11777, #11778 );
#10823 = CARTESIAN_POINT( '', ( -1.75000000000000, -10.5000000000000, 2.40000000000000 ) );
#10824 = VECTOR( '', #11779, 1000.00000000000 );
#10825 = CARTESIAN_POINT( '', ( -1.75000000000000, -10.5000000000000, 1.90000000000000 ) );
#10826 = VECTOR( '', #11780, 1000.00000000000 );
#10827 = CARTESIAN_POINT( '', ( -1.75000000000000, -10.7500000000000, 0.549999999999993 ) );
#10828 = VECTOR( '', #11781, 1000.00000000000 );
#10829 = COLOUR_RGB( '', 0.200000002980232, 0.200000002980232, 0.200000002980232 );
#10830 = CARTESIAN_POINT( '', ( 2.35000000000000, -10.0000000000000, 0.300000000000000 ) );
#10831 = CARTESIAN_POINT( '', ( -2.35000000000000, -10.0000000000000, 0.300000000000000 ) );
#10832 = VECTOR( '', #11782, 1000.00000000000 );
#10833 = CARTESIAN_POINT( '', ( 2.35000000000000, -5.00000000000000, 0.300000000000000 ) );
#10834 = CARTESIAN_POINT( '', ( -2.35000000000000, -5.00000000000000, 0.300000000000000 ) );
#10835 = VECTOR( '', #11783, 1000.00000000000 );
#10836 = CARTESIAN_POINT( '', ( 2.35000000000000, -5.00000000000000, 0.300000000000000 ) );
#10837 = VECTOR( '', #11784, 1000.00000000000 );
#10838 = COLOUR_RGB( '', 1.00000000000000, 1.00000000000000, 1.00000000000000 );
#10839 = CARTESIAN_POINT( '', ( 1.27670063703568, 2.62919128403668, 11.7900000000000 ) );
#10840 = CARTESIAN_POINT( '', ( 1.66768569972615, 2.62915042875322, 11.7900000000000 ) );
#10841 = CARTESIAN_POINT( '', ( 4.83466470751898, 2.62881950095722, 11.7900000000000 ) );
#10842 = CARTESIAN_POINT( '', ( 5.18655126394040, 2.62878273120210, 11.7900000000000 ) );
#10843 = CARTESIAN_POINT( '', ( 9.52195052334085, 2.62878273120210, 11.7900000000000 ) );
#10844 = CARTESIAN_POINT( '', ( 9.52195052334085, 2.60980136650765, 11.7900000000000 ) );
#10845 = CARTESIAN_POINT( '', ( 9.52195052334085, 2.45605231248250, 11.7900000000000 ) );
#10846 = CARTESIAN_POINT( '', ( 9.52195052334085, 2.43896908425749, 11.7900000000000 ) );
#10847 = COLOUR_RGB( '', 0.200000002980232, 0.200000002980232, 0.200000002980232 );
#10848 = COLOUR_RGB( '', 1.00000000000000, 1.00000000000000, 1.00000000000000 );
#10849 = CARTESIAN_POINT( '', ( -5.41081967213115, -5.85762295081967, 11.7900000000000 ) );
#10850 = CARTESIAN_POINT( '', ( -5.41081967213115, -5.85762295081967, 11.7900000000000 ) );
#10851 = CARTESIAN_POINT( '', ( -5.41081967213115, -3.15467213114755, 11.7900000000000 ) );
#10852 = CARTESIAN_POINT( '', ( -5.41081967213115, -5.85762295081967, 11.7900000000000 ) );
#10853 = VECTOR( '', #11785, 1000.00000000000 );
#10854 = COLOUR_RGB( '', 0.779999971389771, 0.529999971389771, 0.419999986886978 );
#10855 = AXIS2_PLACEMENT_3D( '', #11786, #11787, #11788 );
#10856 = CARTESIAN_POINT( '', ( 5.40000000000000, 0.000000000000000, 2.40000000000000 ) );
#10857 = AXIS2_PLACEMENT_3D( '', #11789, #11790, #11791 );
#10860 = CARTESIAN_POINT( '', ( 5.40000000000000, 0.000000000000000, 2.40000000000000 ) );
#10861 = CARTESIAN_POINT( '', ( 5.40000000000000, 3.11769145362398, 2.46583333333333 ) );
#10862 = CARTESIAN_POINT( '', ( 2.70000000000000, 4.67653718043597, 2.53166666666667 ) );
#10863 = CARTESIAN_POINT( '', ( 3.81807085940966E-016, 6.23538290724796, 2.59750000000000 ) );
#10864 = CARTESIAN_POINT( '', ( -2.70000000000000, 4.67653718043597, 2.66333333333333 ) );
#10865 = CARTESIAN_POINT( '', ( -5.40000000000000, 3.11769145362398, 2.72916666666667 ) );
#10866 = CARTESIAN_POINT( '', ( -5.40000000000000, 6.61309271539571E-016, 2.79500000000000 ) );
#10867 = CARTESIAN_POINT( '', ( -5.40000000000000, -3.11769145362398, 2.86083333333333 ) );
#10868 = CARTESIAN_POINT( '', ( -2.70000000000000, -4.67653718043597, 2.92666666666667 ) );
#10869 = CARTESIAN_POINT( '', ( -1.14542125782290E-015, -6.23538290724796, 2.99250000000000 ) );
#10870 = CARTESIAN_POINT( '', ( 2.70000000000000, -4.67653718043597, 3.05833333333333 ) );
#10871 = CARTESIAN_POINT( '', ( 5.40000000000000, -3.11769145362398, 3.12416666666667 ) );
#10872 = CARTESIAN_POINT( '', ( 5.40000000000000, -1.32261854307914E-015, 3.19000000000000 ) );
#10873 = CARTESIAN_POINT( '', ( 5.40000000000000, 3.11769145362398, 3.25583333333333 ) );
#10874 = CARTESIAN_POINT( '', ( 2.70000000000000, 4.67653718043597, 3.32166666666667 ) );
#10875 = CARTESIAN_POINT( '', ( 7.44716796648950E-015, 6.23538290724796, 3.38750000000000 ) );
#10876 = CARTESIAN_POINT( '', ( -2.70000000000000, 4.67653718043597, 3.45333333333333 ) );
#10877 = CARTESIAN_POINT( '', ( -5.40000000000000, 3.11769145362398, 3.51916666666666 ) );
#10878 = CARTESIAN_POINT( '', ( -5.40000000000000, 1.98392781461872E-015, 3.58500000000000 ) );
#10879 = CARTESIAN_POINT( '', ( -5.40000000000000, -3.11769145362398, 3.65083333333333 ) );
#10880 = CARTESIAN_POINT( '', ( -2.70000000000000, -4.67653718043597, 3.71666666666667 ) );
#10881 = CARTESIAN_POINT( '', ( -2.67264960158677E-015, -6.23538290724796, 3.78250000000000 ) );
#10882 = CARTESIAN_POINT( '', ( 2.70000000000000, -4.67653718043597, 3.84833333333333 ) );
#10883 = CARTESIAN_POINT( '', ( 5.40000000000000, -3.11769145362398, 3.91416666666667 ) );
#10884 = CARTESIAN_POINT( '', ( 5.40000000000000, -2.64523708615829E-015, 3.98000000000000 ) );
#10885 = CARTESIAN_POINT( '', ( 5.40000000000000, 3.11769145362398, 4.04583333333333 ) );
#10886 = CARTESIAN_POINT( '', ( 2.70000000000000, 4.67653718043597, 4.11166666666666 ) );
#10887 = CARTESIAN_POINT( '', ( 1.45125288470380E-014, 6.23538290724796, 4.17750000000000 ) );
#10888 = CARTESIAN_POINT( '', ( -2.70000000000000, 4.67653718043597, 4.24333333333334 ) );
#10889 = CARTESIAN_POINT( '', ( -5.40000000000000, 3.11769145362398, 4.30916666666667 ) );
#10890 = CARTESIAN_POINT( '', ( -5.40000000000000, 1.28988732904592E-014, 4.37500000000000 ) );
#10891 = CARTESIAN_POINT( '', ( -5.40000000000000, -3.11769145362398, 4.44083333333333 ) );
#10892 = CARTESIAN_POINT( '', ( -2.70000000000000, -4.67653718043597, 4.50666666666667 ) );
#10893 = CARTESIAN_POINT( '', ( -1.52761430189200E-014, -6.23538290724796, 4.57250000000000 ) );
#10894 = CARTESIAN_POINT( '', ( 2.70000000000000, -4.67653718043598, 4.63833333333333 ) );
#10895 = CARTESIAN_POINT( '', ( 5.39999999999999, -3.11769145362398, 4.70416666666666 ) );
#10896 = CARTESIAN_POINT( '', ( 5.40000000000000, -3.96785562923742E-015, 4.77000000000000 ) );
#10897 = CARTESIAN_POINT( '', ( 5.40000000000000, 3.11769145362398, 4.83583333333333 ) );
#10898 = CARTESIAN_POINT( '', ( 2.70000000000000, 4.67653718043597, 4.90166666666667 ) );
#10899 = CARTESIAN_POINT( '', ( 1.60397571908019E-014, 6.23538290724796, 4.96750000000000 ) );
#10900 = CARTESIAN_POINT( '', ( -2.70000000000000, 4.67653718043598, 5.03333333333333 ) );
#10901 = CARTESIAN_POINT( '', ( -5.39999999999999, 3.11769145362398, 5.09916666666667 ) );
#10902 = CARTESIAN_POINT( '', ( -5.40000000000000, 4.62916490077700E-015, 5.16500000000000 ) );
#10903 = CARTESIAN_POINT( '', ( -5.40000000000000, -3.11769145362398, 5.23083333333333 ) );
#10904 = CARTESIAN_POINT( '', ( -2.70000000000000, -4.67653718043596, 5.29666666666667 ) );
#10905 = CARTESIAN_POINT( '', ( -1.68033713626838E-014, -6.23538290724796, 5.36250000000000 ) );
#10906 = CARTESIAN_POINT( '', ( 2.70000000000000, -4.67653718043598, 5.42833333333333 ) );
#10907 = CARTESIAN_POINT( '', ( 5.39999999999999, -3.11769145362398, 5.49416666666666 ) );
#10908 = CARTESIAN_POINT( '', ( 5.40000000000000, -5.29047417231657E-015, 5.56000000000000 ) );
#10909 = CARTESIAN_POINT( '', ( 5.40000000000001, 3.11769145362398, 5.62583333333333 ) );
#10910 = CARTESIAN_POINT( '', ( 2.70000000000000, 4.67653718043596, 5.69166666666667 ) );
#10911 = CARTESIAN_POINT( '', ( 1.75669855345657E-014, 6.23538290724796, 5.75750000000000 ) );
#10912 = CARTESIAN_POINT( '', ( -2.70000000000000, 4.67653718043598, 5.82333333333333 ) );
#10913 = CARTESIAN_POINT( '', ( -5.39999999999999, 3.11769145362398, 5.88916666666667 ) );
#10914 = CARTESIAN_POINT( '', ( -5.40000000000000, 2.51364373093788E-014, 5.95500000000000 ) );
#10915 = CARTESIAN_POINT( '', ( -5.40000000000001, -3.11769145362398, 6.02083333333333 ) );
#10916 = CARTESIAN_POINT( '', ( -2.70000000000000, -4.67653718043596, 6.08666666666667 ) );
#10917 = CARTESIAN_POINT( '', ( -1.83305997064477E-014, -6.23538290724796, 6.15250000000000 ) );
#10918 = CARTESIAN_POINT( '', ( 2.70000000000000, -4.67653718043598, 6.21833333333333 ) );
#10919 = CARTESIAN_POINT( '', ( 5.39999999999999, -3.11769145362398, 6.28416666666666 ) );
#10920 = CARTESIAN_POINT( '', ( 5.40000000000000, -2.57977465809184E-014, 6.35000000000000 ) );
#10921 = CARTESIAN_POINT( '', ( 5.40000000000001, 3.11769145362398, 6.41583333333333 ) );
#10922 = CARTESIAN_POINT( '', ( 2.70000000000000, 4.67653718043596, 6.48166666666667 ) );
#10923 = CARTESIAN_POINT( '', ( 4.12467440254683E-014, 6.23538290724796, 6.54750000000000 ) );
#10924 = CARTESIAN_POINT( '', ( -2.70000000000000, 4.67653718043598, 6.61333333333333 ) );
#10925 = CARTESIAN_POINT( '', ( -5.40000000000000, 3.11769145362398, 6.67916666666666 ) );
#10926 = CARTESIAN_POINT( '', ( -5.40000000000000, 2.64590558524580E-014, 6.74500000000000 ) );
#10927 = CARTESIAN_POINT( '', ( -5.40000000000001, -3.11769145362398, 6.81083333333334 ) );
#10928 = CARTESIAN_POINT( '', ( -2.70000000000000, -4.67653718043595, 6.87666666666667 ) );
#10929 = CARTESIAN_POINT( '', ( -1.98578280502116E-014, -6.23538290724796, 6.94250000000000 ) );
#10930 = CARTESIAN_POINT( '', ( 2.69999999999997, -4.67653718043599, 7.00833333333333 ) );
#10931 = CARTESIAN_POINT( '', ( 5.39999999999999, -3.11769145362398, 7.07416666666667 ) );
#10932 = CARTESIAN_POINT( '', ( 5.40000000000000, -7.93571125847485E-015, 7.14000000000000 ) );
#10933 = CARTESIAN_POINT( '', ( 5.40000000000002, 3.11769145362398, 7.20583333333333 ) );
#10934 = CARTESIAN_POINT( '', ( 2.70000000000000, 4.67653718043596, 7.27166666666667 ) );
#10935 = CARTESIAN_POINT( '', ( 4.27739723692321E-014, 6.23538290724796, 7.33750000000000 ) );
#10936 = CARTESIAN_POINT( '', ( -2.70000000000000, 4.67653718043598, 7.40333333333333 ) );
#10937 = CARTESIAN_POINT( '', ( -5.40000000000000, 3.11769145362398, 7.46916666666667 ) );
#10938 = CARTESIAN_POINT( '', ( -5.40000000000000, 2.77816743955372E-014, 7.53500000000000 ) );
#10939 = CARTESIAN_POINT( '', ( -5.40000000000001, -3.11769145362398, 7.60083333333333 ) );
#10940 = CARTESIAN_POINT( '', ( -2.70000000000000, -4.67653718043595, 7.66666666666667 ) );
#10941 = CARTESIAN_POINT( '', ( -2.13850563939754E-014, -6.23538290724796, 7.73250000000000 ) );
#10942 = CARTESIAN_POINT( '', ( 2.69999999999997, -4.67653718043599, 7.79833333333333 ) );
#10943 = CARTESIAN_POINT( '', ( 5.39999999999999, -3.11769145362398, 7.86416666666666 ) );
#10944 = CARTESIAN_POINT( '', ( 5.40000000000000, -9.25832980155399E-015, 7.93000000000000 ) );
#10945 = CARTESIAN_POINT( '', ( 5.40000000000002, 3.11769145362398, 7.99583333333333 ) );
#10946 = CARTESIAN_POINT( '', ( 2.70000000000000, 4.67653718043596, 8.06166666666667 ) );
#10947 = CARTESIAN_POINT( '', ( 4.43012007129960E-014, 6.23538290724796, 8.12750000000000 ) );
#10948 = CARTESIAN_POINT( '', ( -2.70000000000000, 4.67653718043598, 8.19333333333333 ) );
#10949 = CARTESIAN_POINT( '', ( -5.39999999999998, 3.11769145362402, 8.25916666666667 ) );
#10950 = CARTESIAN_POINT( '', ( -5.40000000000000, 2.91042929386163E-014, 8.32500000000000 ) );
#10951 = CARTESIAN_POINT( '', ( -5.40000000000001, -3.11769145362398, 8.39083333333333 ) );
#10952 = CARTESIAN_POINT( '', ( -2.70000000000000, -4.67653718043595, 8.45666666666667 ) );
#10953 = CARTESIAN_POINT( '', ( -2.29122847377393E-014, -6.23538290724796, 8.52250000000000 ) );
#10954 = CARTESIAN_POINT( '', ( 2.69999999999997, -4.67653718043599, 8.58833333333333 ) );
#10955 = CARTESIAN_POINT( '', ( 5.39999999999999, -3.11769145362398, 8.65416666666666 ) );
#10956 = CARTESIAN_POINT( '', ( 5.40000000000000, -1.05809483446331E-014, 8.72000000000000 ) );
#10957 = CARTESIAN_POINT( '', ( 5.40000000000002, 3.11769145362398, 8.78583333333333 ) );
#10958 = CARTESIAN_POINT( '', ( 2.70000000000000, 4.67653718043596, 8.85166666666667 ) );
#10959 = CARTESIAN_POINT( '', ( 4.58284290567599E-014, 6.23538290724796, 8.91750000000000 ) );
#10960 = CARTESIAN_POINT( '', ( -2.70000000000000, 4.67653718043598, 8.98333333333333 ) );
#10961 = CARTESIAN_POINT( '', ( -5.39999999999998, 3.11769145362402, 9.04916666666666 ) );
#10962 = CARTESIAN_POINT( '', ( -5.40000000000000, 3.04269114816954E-014, 9.11500000000000 ) );
#10963 = CARTESIAN_POINT( '', ( -5.40000000000001, -3.11769145362398, 9.18083333333334 ) );
#10964 = CARTESIAN_POINT( '', ( -2.70000000000004, -4.67653718043595, 9.24666666666667 ) );
#10965 = CARTESIAN_POINT( '', ( -2.44395130815032E-014, -6.23538290724796, 9.31250000000000 ) );
#10966 = CARTESIAN_POINT( '', ( 2.69999999999997, -4.67653718043599, 9.37833333333333 ) );
#10967 = CARTESIAN_POINT( '', ( 5.39999999999999, -3.11769145362398, 9.44416666666667 ) );
#10968 = CARTESIAN_POINT( '', ( 5.40000000000000, -5.02728746187577E-014, 9.51000000000000 ) );
#10974 = CARTESIAN_POINT( '', ( 1.74652020711673, 5.10976194808848, 9.01000000000000 ) );
#10975 = CARTESIAN_POINT( '', ( 1.74652020711673, 5.10976194808848, 9.51000000000000 ) );
#10976 = VECTOR( '', #11792, 1000.00000000000 );
#10977 = AXIS2_PLACEMENT_3D( '', #11793, #11794, #11795 );
#10978 = COLOUR_RGB( '', 1.00000000000000, 1.00000000000000, 1.00000000000000 );
#10979 = CARTESIAN_POINT( '', ( -5.55430275709671, 4.69132086128213, 11.7900000000000 ) );
#10980 = CARTESIAN_POINT( '', ( -5.55430275709671, 4.69132086128213, 11.7900000000000 ) );
#10981 = VECTOR( '', #11796, 1000.00000000000 );
#10982 = CARTESIAN_POINT( '', ( -5.55430275709670, 4.69132086128212, 11.7900000000000 ) );
#10983 = VECTOR( '', #11797, 1000.00000000000 );
#10984 = COLOUR_RGB( '', 0.779999971389771, 0.529999971389771, 0.419999986886978 );
#10985 = CARTESIAN_POINT( '', ( 1.75000000000000, -5.75000000000000, 0.300000000000000 ) );
#10986 = CARTESIAN_POINT( '', ( -1.75000000000000, -5.75000000000000, 0.300000000000000 ) );
#10987 = VECTOR( '', #11798, 1000.00000000000 );
#10988 = CARTESIAN_POINT( '', ( 1.75000000000000, -5.75000000000000, 0.300000000000000 ) );
#10989 = VECTOR( '', #11799, 1000.00000000000 );
#10990 = COLOUR_RGB( '', 1.00000000000000, 1.00000000000000, 1.00000000000000 );
#10991 = COLOUR_RGB( '', 1.00000000000000, 1.00000000000000, 1.00000000000000 );
#10992 = CARTESIAN_POINT( '', ( 1.74000000000000, -3.32778688524590, 11.7900000000000 ) );
#10993 = CARTESIAN_POINT( '', ( 1.98983606557377, -3.32778688524590, 11.7900000000000 ) );
#10994 = COLOUR_RGB( '', 1.00000000000000, 1.00000000000000, 1.00000000000000 );
#10995 = CARTESIAN_POINT( '', ( -3.62655737704918, -3.15467213114755, 11.7900000000000 ) );
#10996 = CARTESIAN_POINT( '', ( -3.62655737704918, -3.15467213114755, 11.7900000000000 ) );
#10997 = VECTOR( '', #11800, 1000.00000000000 );
#10998 = CARTESIAN_POINT( '', ( -4.39180327868853, -5.85762295081967, 11.7900000000000 ) );
#10999 = CARTESIAN_POINT( '', ( -3.62655737704918, -3.15467213114755, 11.7900000000000 ) );
#11000 = COLOUR_RGB( '', 0.200000002980232, 0.200000002980232, 0.200000002980232 );
#11001 = CARTESIAN_POINT( '', ( 6.05000000000000, 11.2500000000000, 9.60000000000000 ) );
#11002 = CARTESIAN_POINT( '', ( -5.55000000000000, 11.2500000000000, 9.60000000000000 ) );
#11003 = VECTOR( '', #11801, 1000.00000000000 );
#11004 = AXIS2_PLACEMENT_3D( '', #11802, #11803, #11804 );
#11005 = CARTESIAN_POINT( '', ( 5.55000000000000, -10.7500000000000, 9.60000000000000 ) );
#11006 = AXIS2_PLACEMENT_3D( '', #11805, #11806, #11807 );
#11007 = AXIS2_PLACEMENT_3D( '', #11808, #11809, #11810 );
#11008 = AXIS2_PLACEMENT_3D( '', #11811, #11812, #11813 );
#11009 = CARTESIAN_POINT( '', ( -4.70000000000000, 0.000000000000000, 9.60000000000000 ) );
#11010 = AXIS2_PLACEMENT_3D( '', #11814, #11815, #11816 );
#11011 = COLOUR_RGB( '', 0.200000002980232, 0.200000002980232, 0.200000002980232 );
#11012 = COLOUR_RGB( '', 1.00000000000000, 1.00000000000000, 1.00000000000000 );
#11013 = CARTESIAN_POINT( '', ( 5.44819672131148, -3.66221311475410, 11.7900000000000 ) );
#11014 = VECTOR( '', #11817, 1000.00000000000 );
#11015 = CARTESIAN_POINT( '', ( 5.67639344262295, -3.66221311475410, 11.7900000000000 ) );
#11016 = VECTOR( '', #11818, 1000.00000000000 );
#11017 = COLOUR_RGB( '', 1.00000000000000, 1.00000000000000, 1.00000000000000 );
#11018 = CARTESIAN_POINT( '', ( -3.59676270550306, 1.34314867135427, 11.7900000000000 ) );
#11019 = CARTESIAN_POINT( '', ( -3.59676270550305, 1.34314867135427, 11.7900000000000 ) );
#11020 = VECTOR( '', #11819, 1000.00000000000 );
#11021 = CARTESIAN_POINT( '', ( -3.59676270550306, 1.34314867135427, 11.7900000000000 ) );
#11022 = VECTOR( '', #11820, 1000.00000000000 );
#11023 = COLOUR_RGB( '', 1.00000000000000, 1.00000000000000, 1.00000000000000 );
#11024 = CARTESIAN_POINT( '', ( -7.31737165943157, 1.34314867135427, 11.7900000000000 ) );
#11025 = VECTOR( '', #11821, 1000.00000000000 );
#11026 = CARTESIAN_POINT( '', ( -3.98529645118605, 1.34314867135427, 11.7900000000000 ) );
#11027 = VECTOR( '', #11822, 1000.00000000000 );
#11028 = CARTESIAN_POINT( '', ( -6.13657225693627, 3.88042519521311, 11.7900000000000 ) );
#11029 = CARTESIAN_POINT( '', ( -6.13657225693627, 3.88042519521311, 11.7900000000000 ) );
#11030 = VECTOR( '', #11823, 1000.00000000000 );
#11031 = CARTESIAN_POINT( '', ( -6.26600179493035, 6.61617668610960, 11.7900000000000 ) );
#11032 = VECTOR( '', #11824, 1000.00000000000 );
#11033 = COLOUR_RGB( '', 1.00000000000000, 1.00000000000000, 1.00000000000000 );
#11034 = CARTESIAN_POINT( '', ( 8.65606364573773, 4.10349504289231, 11.7900000000000 ) );
#11035 = VECTOR( '', #11825, 1000.00000000000 );
#11036 = CARTESIAN_POINT( '', ( 9.52195052334085, 4.10349504289231, 11.7900000000000 ) );
#11037 = VECTOR( '', #11826, 1000.00000000000 );
#11038 = COLOUR_RGB( '', 0.200000002980232, 0.200000002980232, 0.200000002980232 );
#11039 = CARTESIAN_POINT( '', ( 10.0000000000000, 11.2500000000000, 11.3000000000000 ) );
#11040 = AXIS2_PLACEMENT_3D( '', #11827, #11828, #11829 );
#11041 = CARTESIAN_POINT( '', ( 10.0000000000000, 10.7500000000000, 11.8000000000000 ) );
#11042 = VECTOR( '', #11830, 1000.00000000000 );
#11043 = COLOUR_RGB( '', 1.00000000000000, 1.00000000000000, 1.00000000000000 );
#11044 = COLOUR_RGB( '', 1.00000000000000, 1.00000000000000, 1.00000000000000 );
#11045 = CARTESIAN_POINT( '', ( -4.49803278688525, -5.52713114754099, 11.7900000000000 ) );
#11046 = CARTESIAN_POINT( '', ( -4.50786885245902, -5.52713114754099, 11.7900000000000 ) );
#11047 = COLOUR_RGB( '', 0.200000002980232, 0.200000002980232, 0.200000002980232 );
#11048 = CARTESIAN_POINT( '', ( 6.05000000000000, 11.2500000000000, 1.90000000000000 ) );
#11049 = AXIS2_PLACEMENT_3D( '', #11831, #11832, #11833 );
#11050 = CARTESIAN_POINT( '', ( 6.05000000000000, 11.2500000000000, 1.90000000000000 ) );
#11051 = VECTOR( '', #11834, 1000.00000000000 );
#11052 = COLOUR_RGB( '', 1.00000000000000, 1.00000000000000, 1.00000000000000 );
#11053 = CARTESIAN_POINT( '', ( 4.55114754098360, -6.07991803278689, 11.7900000000000 ) );
#11054 = VECTOR( '', #11835, 1000.00000000000 );
#11055 = CARTESIAN_POINT( '', ( 5.42852459016393, -5.46418032786885, 11.7900000000000 ) );
#11056 = VECTOR( '', #11836, 1000.00000000000 );
#11057 = COLOUR_RGB( '', 0.779999971389771, 0.529999971389771, 0.419999986886978 );
#11058 = AXIS2_PLACEMENT_3D( '', #11837, #11838, #11839 );
#11059 = AXIS2_PLACEMENT_3D( '', #11840, #11841, #11842 );
#11060 = COLOUR_RGB( '', 1.00000000000000, 1.00000000000000, 1.00000000000000 );
#11061 = CARTESIAN_POINT( '', ( -0.523464862678797, 6.61617668610960, 11.7900000000000 ) );
#11062 = CARTESIAN_POINT( '', ( -0.523464862678797, 6.61617668610960, 11.7900000000000 ) );
#11063 = VECTOR( '', #11843, 1000.00000000000 );
#11064 = CARTESIAN_POINT( '', ( -0.523464862678797, 6.61617668610960, 11.7900000000000 ) );
#11065 = VECTOR( '', #11844, 1000.00000000000 );
#11066 = COLOUR_RGB( '', 1.00000000000000, 1.00000000000000, 1.00000000000000 );
#11067 = COLOUR_RGB( '', 1.00000000000000, 1.00000000000000, 1.00000000000000 );
#11068 = CARTESIAN_POINT( '', ( 1.98983606557377, -2.90680327868853, 11.7900000000000 ) );
#11069 = CARTESIAN_POINT( '', ( 1.74000000000000, -2.90680327868853, 11.7900000000000 ) );
#11070 = COLOUR_RGB( '', 0.779999971389771, 0.529999971389771, 0.419999986886978 );
#11071 = AXIS2_PLACEMENT_3D( '', #11845, #11846, #11847 );
#11072 = COLOUR_RGB( '', 0.779999971389771, 0.529999971389771, 0.419999986886978 );
#11073 = CARTESIAN_POINT( '', ( 1.75000000000000, -5.75000000000000, 0.300000000000000 ) );
#11074 = VECTOR( '', #11848, 1000.00000000000 );
#11075 = COLOUR_RGB( '', 0.200000002980232, 0.200000002980232, 0.200000002980232 );
#11076 = CARTESIAN_POINT( '', ( 5.55000000000000, -10.7500000000000, 1.90000000000000 ) );
#11077 = AXIS2_PLACEMENT_3D( '', #11849, #11850, #11851 );
#11078 = CARTESIAN_POINT( '', ( 5.55000000000000, -10.7500000000000, -23.3887859734183 ) );
#11079 = VECTOR( '', #11852, 1000.00000000000 );
#11080 = COLOUR_RGB( '', 0.200000002980232, 0.200000002980232, 0.200000002980232 );
#11081 = CARTESIAN_POINT( '', ( -10.0000000000000, 11.2500000000000, 1.90000000000000 ) );
#11082 = VECTOR( '', #11853, 1000.00000000000 );
#11083 = CARTESIAN_POINT( '', ( -3.35000000000000, 11.2500000000000, 0.000000000000000 ) );
#11084 = VECTOR( '', #11854, 1000.00000000000 );
#11085 = COLOUR_RGB( '', 1.00000000000000, 1.00000000000000, 1.00000000000000 );
#11086 = COLOUR_RGB( '', 1.00000000000000, 1.00000000000000, 1.00000000000000 );
#11087 = CARTESIAN_POINT( '', ( -5.21606557377049, -2.90680327868853, 11.7900000000000 ) );
#11088 = CARTESIAN_POINT( '', ( -5.67639344262295, -2.90680327868853, 11.7900000000000 ) );
#11089 = COLOUR_RGB( '', 0.779999971389771, 0.529999971389771, 0.419999986886978 );
#11090 = CARTESIAN_POINT( '', ( -1.75000000000000, 5.75000000000000, 0.300000000000000 ) );
#11091 = VECTOR( '', #11855, 1000.00000000000 );
#11092 = CARTESIAN_POINT( '', ( -1.75000000000000, 10.4999999999997, 9.01000000000000 ) );
#11093 = AXIS2_PLACEMENT_3D( '', #11856, #11857, #11858 );
#11094 = CARTESIAN_POINT( '', ( -1.75000000000000, 10.0000000000000, 9.01000000000000 ) );
#11095 = CARTESIAN_POINT( '', ( -1.75000000000000, 10.5000000000000, 9.01000000000000 ) );
#11096 = VECTOR( '', #11859, 1000.00000000000 );
#11097 = CARTESIAN_POINT( '', ( -1.75000000000000, 10.0000000000000, 9.51000000000000 ) );
#11098 = VECTOR( '', #11860, 1000.00000000000 );
#11099 = COLOUR_RGB( '', 1.00000000000000, 1.00000000000000, 1.00000000000000 );
#11100 = COLOUR_RGB( '', 0.200000002980232, 0.200000002980232, 0.200000002980232 );
#11101 = CARTESIAN_POINT( '', ( 11.0000000000000, 11.2500000000000, 11.3000000000000 ) );
#11102 = VECTOR( '', #11861, 1000.00000000000 );
#11103 = COLOUR_RGB( '', 0.200000002980232, 0.200000002980232, 0.200000002980232 );
#11104 = AXIS2_PLACEMENT_3D( '', #11862, #11863, #11864 );
#11105 = COLOUR_RGB( '', 0.200000002980232, 0.200000002980232, 0.200000002980232 );
#11106 = COLOUR_RGB( '', 0.779999971389771, 0.529999971389771, 0.419999986886978 );
#11107 = CARTESIAN_POINT( '', ( 1.75000000000000, 10.4999999999997, 9.01000000000000 ) );
#11108 = CARTESIAN_POINT( '', ( 1.75000000000000, 10.5000000000000, 9.01000000000000 ) );
#11109 = VECTOR( '', #11865, 1000.00000000000 );
#11110 = AXIS2_PLACEMENT_3D( '', #11866, #11867, #11868 );
#11111 = CARTESIAN_POINT( '', ( 1.75000000000000, 5.75000000000000, 0.300000000000000 ) );
#11112 = VECTOR( '', #11869, 1000.00000000000 );
#11113 = COLOUR_RGB( '', 1.00000000000000, 1.00000000000000, 1.00000000000000 );
#11114 = CARTESIAN_POINT( '', ( 0.255727103427025, 5.30431353428190, 11.7900000000000 ) );
#11115 = CARTESIAN_POINT( '', ( 0.255727103427022, 5.30431353428190, 11.7900000000000 ) );
#11116 = VECTOR( '', #11870, 1000.00000000000 );
#11117 = CARTESIAN_POINT( '', ( 0.255727103427025, 5.30431353428190, 11.7900000000000 ) );
#11118 = VECTOR( '', #11871, 1000.00000000000 );
#11119 = COLOUR_RGB( '', 1.00000000000000, 1.00000000000000, 1.00000000000000 );
#11120 = COLOUR_RGB( '', 1.00000000000000, 1.00000000000000, 1.00000000000000 );
#11121 = CARTESIAN_POINT( '', ( 1.33880066789144, 3.38117363135965, 11.7900000000000 ) );
#11122 = VECTOR( '', #11872, 1000.00000000000 );
#11123 = COLOUR_RGB( '', 1.00000000000000, 1.00000000000000, 1.00000000000000 );
#11124 = CARTESIAN_POINT( '', ( -3.61868852459017, -3.15467213114755, 11.7900000000000 ) );
#11125 = CARTESIAN_POINT( '', ( -3.61868852459017, -3.15467213114755, 11.7900000000000 ) );
#11126 = CARTESIAN_POINT( '', ( -3.61868852459017, -5.85762295081967, 11.7900000000000 ) );
#11127 = CARTESIAN_POINT( '', ( -3.61868852459017, -3.15467213114755, 11.7900000000000 ) );
#11128 = VECTOR( '', #11873, 1000.00000000000 );
#11129 = COLOUR_RGB( '', 1.00000000000000, 1.00000000000000, 1.00000000000000 );
#11130 = CARTESIAN_POINT( '', ( 0.276393442622950, -4.75598360655738, 11.7900000000000 ) );
#11131 = VECTOR( '', #11874, 1000.00000000000 );
#11132 = COLOUR_RGB( '', 1.00000000000000, 1.00000000000000, 1.00000000000000 );
#11133 = CARTESIAN_POINT( '', ( -1.85606557377049, -4.61631147540984, 11.8000000000000 ) );
#11134 = CARTESIAN_POINT( '', ( -1.85606557377049, -4.61631147540984, 11.8000000000000 ) );
#11135 = CARTESIAN_POINT( '', ( -1.85606557377049, -4.77172131147541, 11.8000000000000 ) );
#11136 = CARTESIAN_POINT( '', ( -1.85606557377049, -4.92713114754099, 11.8000000000000 ) );
#11137 = CARTESIAN_POINT( '', ( -1.85606557377049, -5.08254098360656, 11.8000000000000 ) );
#11138 = CARTESIAN_POINT( '', ( -1.85606557377049, -4.61631147540984, 11.7900000000000 ) );
#11139 = VECTOR( '', #11875, 1000.00000000000 );
#11140 = COLOUR_RGB( '', 1.00000000000000, 1.00000000000000, 1.00000000000000 );
#11141 = CARTESIAN_POINT( '', ( 2.14087159273359, 4.10349504289231, 11.7900000000000 ) );
#11142 = VECTOR( '', #11876, 1000.00000000000 );
#11143 = COLOUR_RGB( '', 1.00000000000000, 1.00000000000000, 1.00000000000000 );
#11144 = CARTESIAN_POINT( '', ( -3.35508196721312, -2.90680327868853, 11.7900000000000 ) );
#11145 = CARTESIAN_POINT( '', ( -3.35508196721312, -2.90680327868853, 11.7900000000000 ) );
#11146 = CARTESIAN_POINT( '', ( -3.78786885245901, -2.90680327868853, 11.7900000000000 ) );
#11147 = CARTESIAN_POINT( '', ( -3.35508196721312, -2.90680327868853, 11.7900000000000 ) );
#11148 = VECTOR( '', #11877, 1000.00000000000 );
#11149 = COLOUR_RGB( '', 1.00000000000000, 1.00000000000000, 1.00000000000000 );
#11150 = CARTESIAN_POINT( '', ( 2.90004446994512, 5.38839370763791, 11.7900000000000 ) );
#11151 = VECTOR( '', #11878, 1000.00000000000 );
#11152 = COLOUR_RGB( '', 0.200000002980232, 0.200000002980232, 0.200000002980232 );
#11153 = CARTESIAN_POINT( '', ( 2.35000000000000, -10.2500000000000, 0.300000000000000 ) );
#11154 = VECTOR( '', #11879, 1000.00000000000 );
#11155 = COLOUR_RGB( '', 1.00000000000000, 1.00000000000000, 1.00000000000000 );
#11156 = COLOUR_RGB( '', 0.200000002980232, 0.200000002980232, 0.200000002980232 );
#11157 = CARTESIAN_POINT( '', ( 2.35000000000000, -5.00000000000000, 0.300000000000000 ) );
#11158 = VECTOR( '', #11880, 1000.00000000000 );
#11159 = COLOUR_RGB( '', 0.779999971389771, 0.529999971389771, 0.419999986886978 );
#11160 = CARTESIAN_POINT( '', ( -1.75000000000000, 10.4999999999997, 9.01000000000032 ) );
#11161 = VECTOR( '', #11881, 1000.00000000000 );
#11162 = COLOUR_RGB( '', 0.779999971389771, 0.529999971389771, 0.419999986886978 );
#11163 = CARTESIAN_POINT( '', ( 8.90000000000000, 0.000000000000000, 2.40000000000000 ) );
#11164 = VECTOR( '', #11882, 1000.00000000000 );
#11165 = COLOUR_RGB( '', 0.200000002980232, 0.200000002980232, 0.200000002980232 );
#11166 = COLOUR_RGB( '', 1.00000000000000, 1.00000000000000, 1.00000000000000 );
#11167 = CARTESIAN_POINT( '', ( -0.117118213408216, 4.69132086128212, 11.7900000000000 ) );
#11168 = VECTOR( '', #11883, 1000.00000000000 );
#11169 = COLOUR_RGB( '', 1.00000000000000, 1.00000000000000, 1.00000000000000 );
#11170 = CARTESIAN_POINT( '', ( 8.65606364573773, 6.80590862248730, 11.7900000000000 ) );
#11171 = VECTOR( '', #11884, 1000.00000000000 );
#11172 = COLOUR_RGB( '', 1.00000000000000, 1.00000000000000, 1.00000000000000 );
#11173 = COLOUR_RGB( '', 1.00000000000000, 1.00000000000000, 1.00000000000000 );
#11174 = COLOUR_RGB( '', 1.00000000000000, 1.00000000000000, 1.00000000000000 );
#11175 = COLOUR_RGB( '', 0.200000002980232, 0.200000002980232, 0.200000002980232 );
#11176 = COLOUR_RGB( '', 0.779999971389771, 0.529999971389771, 0.419999986886978 );
#11177 = CARTESIAN_POINT( '', ( 1.75000000000000, -10.7500000000000, 0.549999999999993 ) );
#11178 = VECTOR( '', #11885, 1000.00000000000 );
#11179 = COLOUR_RGB( '', 1.00000000000000, 1.00000000000000, 1.00000000000000 );
#11180 = CARTESIAN_POINT( '', ( -5.67639344262295, -5.85762295081967, 11.7900000000000 ) );
#11181 = CARTESIAN_POINT( '', ( -5.41081967213115, -5.85762295081967, 11.7900000000000 ) );
#11182 = CARTESIAN_POINT( '', ( -3.62655737704918, -3.15467213114755, 11.7900000000000 ) );
#11183 = CARTESIAN_POINT( '', ( -3.61868852459017, -3.15467213114755, 11.7900000000000 ) );
#11184 = CARTESIAN_POINT( '', ( -3.35508196721312, -5.85762295081967, 11.7900000000000 ) );
#11185 = CARTESIAN_POINT( '', ( -3.35508196721312, -2.90680327868853, 11.7900000000000 ) );
#11186 = COLOUR_RGB( '', 1.00000000000000, 1.00000000000000, 1.00000000000000 );
#11187 = CARTESIAN_POINT( '', ( 8.65606364573773, 0.964256772567283, 11.7900000000000 ) );
#11188 = VECTOR( '', #11886, 1000.00000000000 );
#11189 = COLOUR_RGB( '', 1.00000000000000, 1.00000000000000, 1.00000000000000 );
#11190 = CARTESIAN_POINT( '', ( 3.24322885099004, 6.61617668610960, 11.7900000000000 ) );
#11191 = VECTOR( '', #11887, 1000.00000000000 );
#11192 = COLOUR_RGB( '', 1.00000000000000, 1.00000000000000, 1.00000000000000 );
#11193 = CARTESIAN_POINT( '', ( -9.45238706236560, 5.38839370763791, 11.7900000000000 ) );
#11194 = VECTOR( '', #11888, 1000.00000000000 );
#11195 = COLOUR_RGB( '', 1.00000000000000, 1.00000000000000, 1.00000000000000 );
#11196 = COLOUR_RGB( '', 1.00000000000000, 1.00000000000000, 1.00000000000000 );
#11197 = COLOUR_RGB( '', 1.00000000000000, 1.00000000000000, 1.00000000000000 );
#11198 = COLOUR_RGB( '', 1.00000000000000, 1.00000000000000, 1.00000000000000 );
#11199 = COLOUR_RGB( '', 1.00000000000000, 1.00000000000000, 1.00000000000000 );
#11200 = CARTESIAN_POINT( '', ( 4.30327868852459, -6.07991803278689, 11.7900000000000 ) );
#11201 = VECTOR( '', #11889, 1000.00000000000 );
#11202 = COLOUR_RGB( '', 1.00000000000000, 1.00000000000000, 1.00000000000000 );
#11203 = COLOUR_RGB( '', 1.00000000000000, 1.00000000000000, 1.00000000000000 );
#11204 = COLOUR_RGB( '', 1.00000000000000, 1.00000000000000, 1.00000000000000 );
#11205 = COLOUR_RGB( '', 0.200000002980232, 0.200000002980232, 0.200000002980232 );
#11206 = CARTESIAN_POINT( '', ( 10.0000000000000, 11.2500000000000, 1.90000000000000 ) );
#11207 = CARTESIAN_POINT( '', ( 11.0000000000000, 11.2500000000000, 1.90000000000000 ) );
#11208 = VECTOR( '', #11890, 1000.00000000000 );
#11209 = CARTESIAN_POINT( '', ( 11.0000000000000, 10.2500000000000, 1.90000000000000 ) );
#11210 = AXIS2_PLACEMENT_3D( '', #11891, #11892, #11893 );
#11211 = CARTESIAN_POINT( '', ( 11.0000000000000, -11.2500000000000, 1.90000000000000 ) );
#11212 = VECTOR( '', #11894, 1000.00000000000 );
#11213 = AXIS2_PLACEMENT_3D( '', #11895, #11896, #11897 );
#11214 = COLOUR_RGB( '', 1.00000000000000, 1.00000000000000, 1.00000000000000 );
#11215 = COLOUR_RGB( '', 0.200000002980232, 0.200000002980232, 0.200000002980232 );
#11216 = CARTESIAN_POINT( '', ( -10.0000000000000, 11.2500000000000, 1.90000000000000 ) );
#11217 = VECTOR( '', #11898, 1000.00000000000 );
#11218 = CARTESIAN_POINT( '', ( 10.0000000000000, 11.2500000000000, 1.90000000000000 ) );
#11219 = VECTOR( '', #11899, 1000.00000000000 );
#11220 = COLOUR_RGB( '', 0.200000002980232, 0.200000002980232, 0.200000002980232 );
#11221 = CARTESIAN_POINT( '', ( -10.0000000000000, -11.2500000000000, 11.3000000000000 ) );
#11222 = VECTOR( '', #11900, 1000.00000000000 );
#11223 = COLOUR_RGB( '', 0.200000002980232, 0.200000002980232, 0.200000002980232 );
#11224 = CARTESIAN_POINT( '', ( 11.0000000000000, 10.2500000000000, 1.90000000000000 ) );
#11225 = VECTOR( '', #11901, 1000.00000000000 );
#11226 = COLOUR_RGB( '', 1.00000000000000, 1.00000000000000, 1.00000000000000 );
#11227 = CARTESIAN_POINT( '', ( -6.13657225693627, 3.88042519521311, 11.7900000000000 ) );
#11228 = VECTOR( '', #11902, 1000.00000000000 );
#11229 = COLOUR_RGB( '', 1.00000000000000, 1.00000000000000, 1.00000000000000 );
#11230 = COLOUR_RGB( '', 1.00000000000000, 1.00000000000000, 1.00000000000000 );
#11231 = COLOUR_RGB( '', 1.00000000000000, 1.00000000000000, 1.00000000000000 );
#11232 = COLOUR_RGB( '', 0.200000002980232, 0.200000002980232, 0.200000002980232 );
#11233 = CARTESIAN_POINT( '', ( -1.86393442622951, -4.61631147540984, 11.8000000000000 ) );
#11234 = CARTESIAN_POINT( '', ( -1.86131147540984, -4.61631147540984, 11.8000000000000 ) );
#11235 = CARTESIAN_POINT( '', ( -1.85868852459017, -4.61631147540984, 11.8000000000000 ) );
#11236 = CARTESIAN_POINT( '', ( -1.85606557377049, -4.61631147540984, 11.8000000000000 ) );
#11237 = COLOUR_RGB( '', 0.779999971389771, 0.529999971389771, 0.419999986886978 );
#11238 = CARTESIAN_POINT( '', ( 1.75000000000000, -10.0000000000000, 1.90000000000000 ) );
#11239 = AXIS2_PLACEMENT_3D( '', #11903, #11904, #11905 );
#11240 = CARTESIAN_POINT( '', ( 1.75000000000000, -10.5000000000000, 1.90000000000000 ) );
#11241 = VECTOR( '', #11906, 1000.00000000000 );
#11242 = COLOUR_RGB( '', 1.00000000000000, 1.00000000000000, 1.00000000000000 );
#11243 = COLOUR_RGB( '', 1.00000000000000, 1.00000000000000, 1.00000000000000 );
#11244 = COLOUR_RGB( '', 1.00000000000000, 1.00000000000000, 1.00000000000000 );
#11245 = COLOUR_RGB( '', 0.779999971389771, 0.529999971389771, 0.419999986886978 );
#11246 = AXIS2_PLACEMENT_3D( '', #11907, #11908, #11909 );
#11247 = COLOUR_RGB( '', 1.00000000000000, 1.00000000000000, 1.00000000000000 );
#11248 = COLOUR_RGB( '', 0.200000002980232, 0.200000002980232, 0.200000002980232 );
#11249 = COLOUR_RGB( '', 1.00000000000000, 1.00000000000000, 1.00000000000000 );
#11250 = COLOUR_RGB( '', 1.00000000000000, 1.00000000000000, 1.00000000000000 );
#11251 = CARTESIAN_POINT( '', ( 7.36520010960730, 4.10349504289231, 11.7900000000000 ) );
#11252 = VECTOR( '', #11910, 1000.00000000000 );
#11253 = COLOUR_RGB( '', 1.00000000000000, 1.00000000000000, 1.00000000000000 );
#11254 = COLOUR_RGB( '', 0.200000002980232, 0.200000002980232, 0.200000002980232 );
#11255 = COLOUR_RGB( '', 1.00000000000000, 1.00000000000000, 1.00000000000000 );
#11256 = COLOUR_RGB( '', 1.00000000000000, 1.00000000000000, 1.00000000000000 );
#11257 = COLOUR_RGB( '', 1.00000000000000, 1.00000000000000, 1.00000000000000 );
#11258 = COLOUR_RGB( '', 0.779999971389771, 0.529999971389771, 0.419999986886978 );
#11259 = CARTESIAN_POINT( '', ( 1.75000000000000, -10.5000000000000, 2.40000000000000 ) );
#11260 = AXIS2_PLACEMENT_3D( '', #11911, #11912, #11913 );
#11261 = CARTESIAN_POINT( '', ( 1.75000000000000, -10.5000000000000, 2.40000000000000 ) );
#11262 = VECTOR( '', #11914, 1000.00000000000 );
#11263 = COLOUR_RGB( '', 1.00000000000000, 1.00000000000000, 1.00000000000000 );
#11264 = COLOUR_RGB( '', 1.00000000000000, 1.00000000000000, 1.00000000000000 );
#11265 = COLOUR_RGB( '', 1.00000000000000, 1.00000000000000, 1.00000000000000 );
#11266 = COLOUR_RGB( '', 1.00000000000000, 1.00000000000000, 1.00000000000000 );
#11267 = COLOUR_RGB( '', 0.779999971389771, 0.529999971389771, 0.419999986886978 );
#11268 = COLOUR_RGB( '', 0.779999971389771, 0.529999971389771, 0.419999986886978 );
#11269 = CARTESIAN_POINT( '', ( 1.75000000000000, -10.0000000000000, 2.40000000000000 ) );
#11270 = CARTESIAN_POINT( '', ( 1.75000000000000, -10.0000000000000, 1.90000000000000 ) );
#11271 = VECTOR( '', #11915, 1000.00000000000 );
#11272 = CARTESIAN_POINT( '', ( 1.75000000000000, -10.5000000000000, 2.40000000000000 ) );
#11273 = VECTOR( '', #11916, 1000.00000000000 );
#11274 = COLOUR_RGB( '', 0.200000002980232, 0.200000002980232, 0.200000002980232 );
#11275 = COLOUR_RGB( '', 1.00000000000000, 1.00000000000000, 1.00000000000000 );
#11276 = COLOUR_RGB( '', 0.200000002980232, 0.200000002980232, 0.200000002980232 );
#11277 = COLOUR_RGB( '', 0.200000002980232, 0.200000002980232, 0.200000002980232 );
#11278 = CARTESIAN_POINT( '', ( 2.35000000000000, -10.0000000000000, 31.5255451975061 ) );
#11279 = VECTOR( '', #11917, 1000.00000000000 );
#11280 = COLOUR_RGB( '', 0.200000002980232, 0.200000002980232, 0.200000002980232 );
#11281 = COLOUR_RGB( '', 0.779999971389771, 0.529999971389771, 0.419999986886978 );
#11282 = COLOUR_RGB( '', 1.00000000000000, 1.00000000000000, 1.00000000000000 );
#11283 = COLOUR_RGB( '', 0.200000002980232, 0.200000002980232, 0.200000002980232 );
#11284 = COLOUR_RGB( '', 0.200000002980232, 0.200000002980232, 0.200000002980232 );
#11285 = COLOUR_RGB( '', 0.779999971389771, 0.529999971389771, 0.419999986886978 );
#11286 = AXIS2_PLACEMENT_3D( '', #11918, #11919, #11920 );
#11287 = COLOUR_RGB( '', 1.00000000000000, 1.00000000000000, 1.00000000000000 );
#11288 = COLOUR_RGB( '', 1.00000000000000, 1.00000000000000, 1.00000000000000 );
#11289 = COLOUR_RGB( '', 1.00000000000000, 1.00000000000000, 1.00000000000000 );
#11290 = COLOUR_RGB( '', 0.200000002980232, 0.200000002980232, 0.200000002980232 );
#11291 = COLOUR_RGB( '', 0.779999971389771, 0.529999971389771, 0.419999986886978 );
#11292 = COLOUR_RGB( '', 0.200000002980232, 0.200000002980232, 0.200000002980232 );
#11293 = COLOUR_RGB( '', 1.00000000000000, 1.00000000000000, 1.00000000000000 );
#11294 = DIRECTION( '', ( -1.00000000000000, 0.000000000000000, 0.000000000000000 ) );
#11295 = DIRECTION( '', ( -0.0520731194826531, 0.998643274761987, 0.000000000000000 ) );
#11296 = DIRECTION( '', ( 1.00000000000000, 0.000000000000000, 0.000000000000000 ) );
#11297 = DIRECTION( '', ( 0.0472575567111532, -0.998882737529132, 0.000000000000000 ) );
#11298 = DIRECTION( '', ( 0.583264946769651, 0.812281971897565, 0.000000000000000 ) );
#11299 = DIRECTION( '', ( 1.00000000000000, 0.000000000000000, 0.000000000000000 ) );
#11300 = DIRECTION( '', ( 0.170573603889967, -0.985344937398061, 0.000000000000000 ) );
#11301 = DIRECTION( '', ( 0.512281584109715, 0.858817546736233, 0.000000000000000 ) );
#11302 = DIRECTION( '', ( 1.00000000000000, 0.000000000000000, 0.000000000000000 ) );
#11303 = DIRECTION( '', ( -0.505523561430525, -0.862812800576462, 0.000000000000000 ) );
#11304 = DIRECTION( '', ( -1.00000000000000, 0.000000000000000, 0.000000000000000 ) );
#11305 = DIRECTION( '', ( -0.141458864167963, 0.989944134660290, 0.000000000000000 ) );
#11306 = DIRECTION( '', ( -0.551256329818762, -0.834335938836838, 0.000000000000000 ) );
#11307 = DIRECTION( '', ( -1.00000000000000, 0.000000000000000, 0.000000000000000 ) );
#11308 = DIRECTION( '', ( 0.000000000000000, 1.00000000000000, 0.000000000000000 ) );
#11309 = DIRECTION( '', ( 1.00000000000000, 0.000000000000000, 0.000000000000000 ) );
#11310 = DIRECTION( '', ( 0.0520173001480399, -0.998646183833548, 0.000000000000000 ) );
#11311 = CARTESIAN_POINT( '', ( 10.0000000000000, 10.2500000000000, 11.8000000000000 ) );
#11312 = DIRECTION( '', ( 0.000000000000000, 0.000000000000000, 1.00000000000000 ) );
#11313 = DIRECTION( '', ( 1.00000000000000, 0.000000000000000, 0.000000000000000 ) );
#11314 = DIRECTION( '', ( -1.00000000000000, 7.88510670898549E-017, 0.000000000000000 ) );
#11315 = CARTESIAN_POINT( '', ( -10.0000000000000, 10.2500000000000, 11.8000000000000 ) );
#11316 = DIRECTION( '', ( 0.000000000000000, 0.000000000000000, 1.00000000000000 ) );
#11317 = DIRECTION( '', ( 1.00000000000000, 0.000000000000000, 0.000000000000000 ) );
#11318 = DIRECTION( '', ( 0.000000000000000, -1.00000000000000, 0.000000000000000 ) );
#11319 = CARTESIAN_POINT( '', ( -10.0000000000000, -10.2500000000000, 11.8000000000000 ) );
#11320 = DIRECTION( '', ( 0.000000000000000, 0.000000000000000, 1.00000000000000 ) );
#11321 = DIRECTION( '', ( 1.00000000000000, 0.000000000000000, 0.000000000000000 ) );
#11322 = DIRECTION( '', ( 1.00000000000000, 7.88510670898549E-017, 0.000000000000000 ) );
#11323 = CARTESIAN_POINT( '', ( 10.0000000000000, -10.2500000000000, 11.8000000000000 ) );
#11324 = DIRECTION( '', ( 0.000000000000000, 0.000000000000000, 1.00000000000000 ) );
#11325 = DIRECTION( '', ( 1.00000000000000, 0.000000000000000, 0.000000000000000 ) );
#11326 = DIRECTION( '', ( 0.000000000000000, 1.00000000000000, 0.000000000000000 ) );
#11327 = DIRECTION( '', ( -1.00000000000000, 0.000000000000000, 0.000000000000000 ) );
#11328 = DIRECTION( '', ( 0.000000000000000, 1.00000000000000, 0.000000000000000 ) );
#11329 = DIRECTION( '', ( 1.00000000000000, 0.000000000000000, 0.000000000000000 ) );
#11330 = DIRECTION( '', ( 0.0520173001480403, -0.998646183833548, 0.000000000000000 ) );
#11331 = DIRECTION( '', ( -1.00000000000000, 0.000000000000000, 0.000000000000000 ) );
#11332 = DIRECTION( '', ( 0.000000000000000, 1.00000000000000, 0.000000000000000 ) );
#11333 = DIRECTION( '', ( 0.999999998582620, -5.32424661181409E-005, 0.000000000000000 ) );
#11334 = DIRECTION( '', ( 0.0520396414318787, -0.998645019874250, 0.000000000000000 ) );
#11335 = DIRECTION( '', ( -1.00000000000000, 0.000000000000000, 0.000000000000000 ) );
#11336 = DIRECTION( '', ( 0.507254689190442, 0.861796194174881, 0.000000000000000 ) );
#11337 = DIRECTION( '', ( 1.00000000000000, 0.000000000000000, 0.000000000000000 ) );
#11338 = DIRECTION( '', ( 0.519661496168011, 0.854372242878024, 0.000000000000000 ) );
#11339 = DIRECTION( '', ( -1.00000000000000, 0.000000000000000, 0.000000000000000 ) );
#11340 = DIRECTION( '', ( 0.504988503037567, 0.863126069470664, 0.000000000000000 ) );
#11341 = DIRECTION( '', ( 1.00000000000000, 0.000000000000000, 0.000000000000000 ) );
#11342 = DIRECTION( '', ( 0.507261555133475, 0.861792152832438, 0.000000000000000 ) );
#11343 = DIRECTION( '', ( -1.00000000000000, 0.000000000000000, 0.000000000000000 ) );
#11344 = DIRECTION( '', ( 0.509202702893944, 0.860646621654615, 0.000000000000000 ) );
#11345 = DIRECTION( '', ( 1.00000000000000, 0.000000000000000, 0.000000000000000 ) );
#11346 = DIRECTION( '', ( -0.503548846457895, -0.863966758174713, 0.000000000000000 ) );
#11347 = DIRECTION( '', ( 1.00000000000000, 7.88510670898549E-017, 0.000000000000000 ) );
#11348 = CARTESIAN_POINT( '', ( -10.0000000000000, -10.2500000000000, 0.000000000000000 ) );
#11349 = DIRECTION( '', ( 0.000000000000000, 0.000000000000000, 1.00000000000000 ) );
#11350 = DIRECTION( '', ( 1.00000000000000, 0.000000000000000, 0.000000000000000 ) );
#11351 = DIRECTION( '', ( 0.000000000000000, -1.00000000000000, 0.000000000000000 ) );
#11352 = CARTESIAN_POINT( '', ( -10.0000000000000, 10.2500000000000, 0.000000000000000 ) );
#11353 = DIRECTION( '', ( 0.000000000000000, 0.000000000000000, 1.00000000000000 ) );
#11354 = DIRECTION( '', ( 1.00000000000000, 0.000000000000000, 0.000000000000000 ) );
#11355 = DIRECTION( '', ( -1.00000000000000, 7.88510670898549E-017, 0.000000000000000 ) );
#11356 = CARTESIAN_POINT( '', ( -3.35000000000000, 10.2500000000000, 0.000000000000000 ) );
#11357 = DIRECTION( '', ( 0.000000000000000, 0.000000000000000, 1.00000000000000 ) );
#11358 = DIRECTION( '', ( 1.00000000000000, 0.000000000000000, 0.000000000000000 ) );
#11359 = DIRECTION( '', ( 8.32667268468868E-016, -1.00000000000000, 0.000000000000000 ) );
#11360 = DIRECTION( '', ( 1.00000000000000, 1.84545050635830E-016, 0.000000000000000 ) );
#11361 = DIRECTION( '', ( 5.55111512312578E-016, 1.00000000000000, 0.000000000000000 ) );
#11362 = CARTESIAN_POINT( '', ( 3.35000000000000, 10.2500000000000, 0.000000000000000 ) );
#11363 = DIRECTION( '', ( 0.000000000000000, 0.000000000000000, 1.00000000000000 ) );
#11364 = DIRECTION( '', ( 1.00000000000000, 0.000000000000000, 0.000000000000000 ) );
#11365 = DIRECTION( '', ( -1.00000000000000, 7.88510670898549E-017, 0.000000000000000 ) );
#11366 = CARTESIAN_POINT( '', ( 10.0000000000000, 10.2500000000000, 0.000000000000000 ) );
#11367 = DIRECTION( '', ( 0.000000000000000, 0.000000000000000, 1.00000000000000 ) );
#11368 = DIRECTION( '', ( 1.00000000000000, 0.000000000000000, 0.000000000000000 ) );
#11369 = DIRECTION( '', ( 0.000000000000000, 1.00000000000000, 0.000000000000000 ) );
#11370 = CARTESIAN_POINT( '', ( 10.0000000000000, -10.2500000000000, 0.000000000000000 ) );
#11371 = DIRECTION( '', ( 0.000000000000000, 0.000000000000000, 1.00000000000000 ) );
#11372 = DIRECTION( '', ( 1.00000000000000, 0.000000000000000, 0.000000000000000 ) );
#11373 = DIRECTION( '', ( 1.00000000000000, 7.88510670898549E-017, 0.000000000000000 ) );
#11374 = CARTESIAN_POINT( '', ( 3.35000000000000, -10.2500000000000, 0.000000000000000 ) );
#11375 = DIRECTION( '', ( 0.000000000000000, 0.000000000000000, 1.00000000000000 ) );
#11376 = DIRECTION( '', ( 1.00000000000000, 0.000000000000000, 0.000000000000000 ) );
#11377 = DIRECTION( '', ( 1.38777878078145E-016, -1.00000000000000, 0.000000000000000 ) );
#11378 = DIRECTION( '', ( 1.00000000000000, 1.84545050635830E-016, 0.000000000000000 ) );
#11379 = DIRECTION( '', ( 0.000000000000000, 1.00000000000000, 0.000000000000000 ) );
#11380 = CARTESIAN_POINT( '', ( -3.35000000000000, -10.2500000000000, 0.000000000000000 ) );
#11381 = DIRECTION( '', ( 0.000000000000000, 0.000000000000000, 1.00000000000000 ) );
#11382 = DIRECTION( '', ( 1.00000000000000, 0.000000000000000, 0.000000000000000 ) );
#11383 = DIRECTION( '', ( 0.000000000000000, 0.000000000000000, 1.00000000000000 ) );
#11384 = DIRECTION( '', ( -1.00000000000000, 0.000000000000000, 0.000000000000000 ) );
#11385 = DIRECTION( '', ( 0.000000000000000, 0.000000000000000, 1.00000000000000 ) );
#11386 = DIRECTION( '', ( 0.000000000000000, 0.000000000000000, 1.00000000000000 ) );
#11387 = DIRECTION( '', ( 0.000000000000000, 0.000000000000000, 1.00000000000000 ) );
#11388 = DIRECTION( '', ( 0.000000000000000, 1.00000000000000, 0.000000000000000 ) );
#11389 = DIRECTION( '', ( -1.00000000000000, 0.000000000000000, 0.000000000000000 ) );
#11390 = DIRECTION( '', ( 0.0520173001480403, -0.998646183833548, 0.000000000000000 ) );
#11391 = DIRECTION( '', ( 1.00000000000000, 0.000000000000000, 0.000000000000000 ) );
#11392 = DIRECTION( '', ( 0.000000000000000, 0.000000000000000, 1.00000000000000 ) );
#11393 = DIRECTION( '', ( 0.000000000000000, 0.000000000000000, 1.00000000000000 ) );
#11394 = DIRECTION( '', ( 0.000000000000000, 0.000000000000000, 1.00000000000000 ) );
#11395 = DIRECTION( '', ( 0.000000000000000, 1.00000000000000, 0.000000000000000 ) );
#11396 = DIRECTION( '', ( 0.000000000000000, 0.000000000000000, 1.00000000000000 ) );
#11397 = DIRECTION( '', ( 0.000000000000000, -1.00000000000000, 0.000000000000000 ) );
#11398 = CARTESIAN_POINT( '', ( 3.41800699300692, 10.0000000000000, 9.51000000000000 ) );
#11399 = DIRECTION( '', ( 0.000000000000000, 0.000000000000000, 1.00000000000000 ) );
#11400 = DIRECTION( '', ( -1.00000000000000, -1.14399749615832E-014, 0.000000000000000 ) );
#11401 = DIRECTION( '', ( -6.12303176911189E-017, -1.00000000000000, -3.12250225675779E-014 ) );
#11402 = DIRECTION( '', ( -1.00000000000000, 2.20436423846524E-015, -1.23908819712629E-016 ) );
#11403 = DIRECTION( '', ( -6.12303176911189E-017, -1.00000000000000, -3.12250225675779E-014 ) );
#11404 = CARTESIAN_POINT( '', ( 3.41800699300692, 10.0000000000000, 9.51000000000000 ) );
#11405 = DIRECTION( '', ( 0.000000000000000, 0.000000000000000, 1.00000000000000 ) );
#11406 = DIRECTION( '', ( -1.00000000000000, -2.34966097148650E-015, 0.000000000000000 ) );
#11407 = CARTESIAN_POINT( '', ( 2.60208521396521E-015, -5.73424479101950E-017, 9.51000000000000 ) );
#11408 = DIRECTION( '', ( 0.000000000000000, 0.000000000000000, -1.00000000000000 ) );
#11409 = DIRECTION( '', ( 0.323429667984579, 0.946252212608977, 0.000000000000000 ) );
#11410 = DIRECTION( '', ( -1.00000000000000, 2.20436423846524E-015, -1.23908819712629E-016 ) );
#11411 = CARTESIAN_POINT( '', ( 2.60208521396521E-015, -5.73424479101950E-017, 9.51000000000000 ) );
#11412 = DIRECTION( '', ( 0.000000000000000, 0.000000000000000, -1.00000000000000 ) );
#11413 = DIRECTION( '', ( 0.323429667984579, 0.946252212608977, 0.000000000000000 ) );
#11414 = DIRECTION( '', ( 0.000000000000000, 0.000000000000000, 1.00000000000000 ) );
#11415 = DIRECTION( '', ( 0.000000000000000, 0.000000000000000, 1.00000000000000 ) );
#11416 = DIRECTION( '', ( 0.000000000000000, 0.000000000000000, 1.00000000000000 ) );
#11417 = DIRECTION( '', ( 0.509202702893944, 0.860646621654615, 0.000000000000000 ) );
#11418 = DIRECTION( '', ( 0.000000000000000, 0.000000000000000, 1.00000000000000 ) );
#11419 = DIRECTION( '', ( 0.000000000000000, 0.000000000000000, 1.00000000000000 ) );
#11420 = DIRECTION( '', ( 0.000000000000000, 0.000000000000000, 1.00000000000000 ) );
#11421 = DIRECTION( '', ( -1.00000000000000, -3.69090101271661E-016, 0.000000000000000 ) );
#11422 = DIRECTION( '', ( 5.55111512312578E-016, 1.00000000000000, 0.000000000000000 ) );
#11423 = DIRECTION( '', ( 1.00000000000000, 1.84545050635830E-016, 0.000000000000000 ) );
#11424 = DIRECTION( '', ( 8.32667268468868E-016, -1.00000000000000, 0.000000000000000 ) );
#11425 = DIRECTION( '', ( 0.000000000000000, 0.000000000000000, 1.00000000000000 ) );
#11426 = DIRECTION( '', ( 0.000000000000000, 0.000000000000000, 1.00000000000000 ) );
#11427 = DIRECTION( '', ( 0.000000000000000, 0.000000000000000, 1.00000000000000 ) );
#11428 = DIRECTION( '', ( 0.000000000000000, 0.000000000000000, 1.00000000000000 ) );
#11429 = DIRECTION( '', ( 0.000000000000000, 0.000000000000000, 1.00000000000000 ) );
#11430 = DIRECTION( '', ( 0.000000000000000, 0.000000000000000, 1.00000000000000 ) );
#11431 = DIRECTION( '', ( 0.000000000000000, 0.000000000000000, 1.00000000000000 ) );
#11432 = DIRECTION( '', ( 0.000000000000000, 0.000000000000000, 1.00000000000000 ) );
#11433 = CARTESIAN_POINT( '', ( 3.41800699300692, 10.0000000000000, 9.01000000000000 ) );
#11434 = DIRECTION( '', ( 0.000000000000000, 0.000000000000000, 1.00000000000000 ) );
#11435 = DIRECTION( '', ( -1.00000000000000, -1.14399749615832E-014, 0.000000000000000 ) );
#11436 = DIRECTION( '', ( 0.000000000000000, 0.000000000000000, 1.00000000000000 ) );
#11437 = DIRECTION( '', ( 0.000000000000000, 0.000000000000000, 1.00000000000000 ) );
#11438 = DIRECTION( '', ( 0.000000000000000, 0.000000000000000, 1.00000000000000 ) );
#11439 = DIRECTION( '', ( 0.000000000000000, 0.000000000000000, 1.00000000000000 ) );
#11440 = DIRECTION( '', ( 0.000000000000000, 0.000000000000000, 1.00000000000000 ) );
#11441 = DIRECTION( '', ( 0.000000000000000, 0.000000000000000, 1.00000000000000 ) );
#11442 = DIRECTION( '', ( 0.000000000000000, 0.000000000000000, 1.00000000000000 ) );
#11443 = DIRECTION( '', ( 0.000000000000000, 0.000000000000000, 1.00000000000000 ) );
#11444 = DIRECTION( '', ( 0.000000000000000, 0.000000000000000, 1.00000000000000 ) );
#11445 = DIRECTION( '', ( 0.000000000000000, 0.000000000000000, -1.00000000000000 ) );
#11446 = DIRECTION( '', ( 0.000000000000000, 0.000000000000000, -1.00000000000000 ) );
#11447 = DIRECTION( '', ( -1.00000000000000, -3.69090101271661E-016, 0.000000000000000 ) );
#11448 = DIRECTION( '', ( 0.000000000000000, 0.000000000000000, 1.00000000000000 ) );
#11449 = DIRECTION( '', ( 0.000000000000000, 0.000000000000000, 1.00000000000000 ) );
#11450 = DIRECTION( '', ( 0.000000000000000, 0.000000000000000, 1.00000000000000 ) );
#11451 = DIRECTION( '', ( -1.00000000000000, -6.26785020215776E-017, -2.14313392077412E-015 ) );
#11452 = DIRECTION( '', ( 1.29375967771378E-032, 2.11293967841267E-016, 1.00000000000000 ) );
#11453 = DIRECTION( '', ( -1.00000000000000, -6.26785020215776E-017, -2.14313392077412E-015 ) );
#11454 = DIRECTION( '', ( 1.29375967771378E-032, 2.11293967841267E-016, 1.00000000000000 ) );
#11455 = DIRECTION( '', ( 0.000000000000000, 0.000000000000000, 1.00000000000000 ) );
#11456 = DIRECTION( '', ( 0.000000000000000, 0.000000000000000, 1.00000000000000 ) );
#11457 = CARTESIAN_POINT( '', ( 0.000000000000000, -6.16659931735913E-017, 2.40000000000000 ) );
#11458 = DIRECTION( '', ( 0.000000000000000, 0.000000000000000, -1.00000000000000 ) );
#11459 = DIRECTION( '', ( 1.00000000000000, 6.92876327793160E-018, 0.000000000000000 ) );
#11460 = DIRECTION( '', ( 0.000000000000000, 0.000000000000000, 1.00000000000000 ) );
#11461 = CARTESIAN_POINT( '', ( 0.000000000000000, -6.16659931735913E-017, 1.90000000000000 ) );
#11462 = DIRECTION( '', ( 0.000000000000000, 0.000000000000000, -1.00000000000000 ) );
#11463 = DIRECTION( '', ( 1.00000000000000, 6.92876327793160E-018, 0.000000000000000 ) );
#11464 = CARTESIAN_POINT( '', ( 2.60208521396521E-015, -5.73424479101950E-017, 9.01000000000000 ) );
#11465 = DIRECTION( '', ( 0.000000000000000, 0.000000000000000, -1.00000000000000 ) );
#11466 = DIRECTION( '', ( 0.323429667984579, 0.946252212608977, 0.000000000000000 ) );
#11467 = DIRECTION( '', ( 0.000000000000000, 0.000000000000000, 1.00000000000000 ) );
#11468 = CARTESIAN_POINT( '', ( -6.05000000000000, 10.7500000000000, 1.90000000000000 ) );
#11469 = DIRECTION( '', ( 0.000000000000000, 0.000000000000000, 1.00000000000000 ) );
#11470 = DIRECTION( '', ( 1.00000000000000, 0.000000000000000, 0.000000000000000 ) );
#11471 = DIRECTION( '', ( 0.000000000000000, 0.000000000000000, 1.00000000000000 ) );
#11472 = CARTESIAN_POINT( '', ( -6.05000000000000, 10.7500000000000, 9.60000000000000 ) );
#11473 = DIRECTION( '', ( 0.000000000000000, 0.000000000000000, -1.00000000000000 ) );
#11474 = DIRECTION( '', ( -1.00000000000000, 0.000000000000000, 0.000000000000000 ) );
#11475 = DIRECTION( '', ( 0.000000000000000, 0.000000000000000, 1.00000000000000 ) );
#11476 = CARTESIAN_POINT( '', ( -6.05000000000000, -10.7500000000000, 1.90000000000000 ) );
#11477 = DIRECTION( '', ( 0.000000000000000, 0.000000000000000, 1.00000000000000 ) );
#11478 = DIRECTION( '', ( 1.00000000000000, 0.000000000000000, 0.000000000000000 ) );
#11479 = DIRECTION( '', ( 0.000000000000000, 0.000000000000000, 1.00000000000000 ) );
#11480 = CARTESIAN_POINT( '', ( -6.05000000000000, -10.7500000000000, 9.60000000000000 ) );
#11481 = DIRECTION( '', ( 0.000000000000000, 0.000000000000000, -1.00000000000000 ) );
#11482 = DIRECTION( '', ( -1.00000000000000, 0.000000000000000, 0.000000000000000 ) );
#11483 = DIRECTION( '', ( 0.000000000000000, 0.000000000000000, 1.00000000000000 ) );
#11484 = CARTESIAN_POINT( '', ( -3.35000000000000, -10.2500000000000, 1.90000000000000 ) );
#11485 = DIRECTION( '', ( 0.000000000000000, 0.000000000000000, 1.00000000000000 ) );
#11486 = DIRECTION( '', ( 1.00000000000000, 0.000000000000000, 0.000000000000000 ) );
#11487 = DIRECTION( '', ( 0.000000000000000, 0.000000000000000, -1.00000000000000 ) );
#11488 = DIRECTION( '', ( 0.000000000000000, 0.000000000000000, -1.00000000000000 ) );
#11489 = DIRECTION( '', ( 1.00000000000000, 7.88510670898549E-017, 0.000000000000000 ) );
#11490 = DIRECTION( '', ( 0.000000000000000, 0.000000000000000, -1.00000000000000 ) );
#11491 = DIRECTION( '', ( 0.000000000000000, 0.000000000000000, 1.00000000000000 ) );
#11492 = DIRECTION( '', ( 0.000000000000000, 0.000000000000000, 1.00000000000000 ) );
#11493 = DIRECTION( '', ( 0.000000000000000, 0.000000000000000, 1.00000000000000 ) );
#11494 = DIRECTION( '', ( 0.000000000000000, 0.000000000000000, 1.00000000000000 ) );
#11495 = DIRECTION( '', ( 0.000000000000000, 0.000000000000000, 1.00000000000000 ) );
#11496 = DIRECTION( '', ( 0.000000000000000, 0.000000000000000, 1.00000000000000 ) );
#11497 = DIRECTION( '', ( 1.00000000000000, -6.12303176911188E-017, 6.12303176911189E-017 ) );
#11498 = CARTESIAN_POINT( '', ( 1.75000000000000, -10.5000000000000, 0.550000000000000 ) );
#11499 = DIRECTION( '', ( -1.00000000000000, 6.12303176911189E-017, 0.000000000000000 ) );
#11500 = DIRECTION( '', ( 0.000000000000000, 0.000000000000000, -1.00000000000000 ) );
#11501 = DIRECTION( '', ( 1.00000000000000, -1.22460635382238E-016, 5.93980388876608E-032 ) );
#11502 = CARTESIAN_POINT( '', ( -1.75000000000000, -10.5000000000000, 0.550000000000000 ) );
#11503 = DIRECTION( '', ( -1.00000000000000, 6.12303176911189E-017, 0.000000000000000 ) );
#11504 = DIRECTION( '', ( 0.000000000000000, 0.000000000000000, -1.00000000000000 ) );
#11505 = DIRECTION( '', ( 0.000000000000000, 0.000000000000000, 1.00000000000000 ) );
#11506 = DIRECTION( '', ( -0.141458864167963, 0.989944134660290, 0.000000000000000 ) );
#11507 = DIRECTION( '', ( 0.000000000000000, 0.000000000000000, 1.00000000000000 ) );
#11508 = DIRECTION( '', ( 9.02056207507938E-015, -1.00000000000000, 0.000000000000000 ) );
#11509 = DIRECTION( '', ( 0.000000000000000, 0.000000000000000, -1.00000000000000 ) );
#11510 = DIRECTION( '', ( 0.000000000000000, 1.00000000000000, 0.000000000000000 ) );
#11511 = DIRECTION( '', ( 0.000000000000000, 0.000000000000000, -1.00000000000000 ) );
#11512 = DIRECTION( '', ( 0.000000000000000, 0.000000000000000, 1.00000000000000 ) );
#11513 = DIRECTION( '', ( -1.00000000000000, 0.000000000000000, 0.000000000000000 ) );
#11514 = DIRECTION( '', ( 0.000000000000000, 0.000000000000000, 1.00000000000000 ) );
#11515 = DIRECTION( '', ( 0.000000000000000, 1.00000000000000, 0.000000000000000 ) );
#11516 = DIRECTION( '', ( 0.0520173001480399, -0.998646183833548, 0.000000000000000 ) );
#11517 = DIRECTION( '', ( 1.00000000000000, 0.000000000000000, 0.000000000000000 ) );
#11518 = DIRECTION( '', ( 0.000000000000000, 0.000000000000000, 1.00000000000000 ) );
#11519 = DIRECTION( '', ( 0.000000000000000, 0.000000000000000, 1.00000000000000 ) );
#11520 = DIRECTION( '', ( 0.000000000000000, 0.000000000000000, 1.00000000000000 ) );
#11521 = DIRECTION( '', ( 0.000000000000000, -0.707106781186548, -0.707106781186548 ) );
#11522 = CARTESIAN_POINT( '', ( 10.0000000000000, -10.2500000000000, 11.3000000000000 ) );
#11523 = DIRECTION( '', ( 0.000000000000000, 0.000000000000000, 1.00000000000000 ) );
#11524 = DIRECTION( '', ( 1.00000000000000, 0.000000000000000, 0.000000000000000 ) );
#11525 = DIRECTION( '', ( 0.707106781186548, 0.000000000000000, -0.707106781186548 ) );
#11526 = DIRECTION( '', ( 0.707106781186546, 0.000000000000000, 0.707106781186549 ) );
#11527 = DIRECTION( '', ( 0.707106781186548, 0.000000000000000, 0.707106781186548 ) );
#11528 = DIRECTION( '', ( -1.00000000000000, -2.08190360308299E-015, 1.23908819712703E-016 ) );
#11529 = DIRECTION( '', ( 6.12303176911189E-017, 1.00000000000000, -3.10852175506041E-015 ) );
#11530 = DIRECTION( '', ( -1.00000000000000, -2.08190360308299E-015, 1.23908819712703E-016 ) );
#11531 = DIRECTION( '', ( 6.12303176911189E-017, 1.00000000000000, -3.10852175506041E-015 ) );
#11532 = DIRECTION( '', ( -6.12303176911189E-017, -1.00000000000000, 1.02713890024942E-016 ) );
#11533 = DIRECTION( '', ( -1.00000000000000, 1.22460635382238E-016, 1.23908819712629E-016 ) );
#11534 = DIRECTION( '', ( -6.12303176911189E-017, -1.00000000000000, 1.02713890024942E-016 ) );
#11535 = DIRECTION( '', ( -1.00000000000000, 1.22460635382238E-016, 1.23908819712629E-016 ) );
#11536 = DIRECTION( '', ( -0.551256329818762, -0.834335938836838, 0.000000000000000 ) );
#11537 = DIRECTION( '', ( 0.000000000000000, 0.000000000000000, 1.00000000000000 ) );
#11538 = DIRECTION( '', ( 0.000000000000000, 0.000000000000000, 1.00000000000000 ) );
#11539 = DIRECTION( '', ( 0.000000000000000, 0.000000000000000, 1.00000000000000 ) );
#11540 = DIRECTION( '', ( 0.000000000000000, 0.000000000000000, 1.00000000000000 ) );
#11541 = DIRECTION( '', ( 0.000000000000000, 0.000000000000000, 1.00000000000000 ) );
#11542 = DIRECTION( '', ( 0.000000000000000, 0.000000000000000, 1.00000000000000 ) );
#11543 = DIRECTION( '', ( 0.000000000000000, 0.000000000000000, -1.00000000000000 ) );
#11544 = DIRECTION( '', ( 0.000000000000000, -1.00000000000000, 0.000000000000000 ) );
#11545 = DIRECTION( '', ( 0.000000000000000, 0.000000000000000, -1.00000000000000 ) );
#11546 = DIRECTION( '', ( 0.000000000000000, 0.000000000000000, 1.00000000000000 ) );
#11547 = DIRECTION( '', ( 0.000000000000000, 0.000000000000000, 1.00000000000000 ) );
#11548 = CARTESIAN_POINT( '', ( -13.5482332538270, -10.9181214363963, 9.60000000000000 ) );
#11549 = DIRECTION( '', ( 0.000000000000000, 0.000000000000000, -1.00000000000000 ) );
#11550 = DIRECTION( '', ( -1.00000000000000, 0.000000000000000, 0.000000000000000 ) );
#11551 = CARTESIAN_POINT( '', ( -13.5482332538270, -10.9181214363963, 1.90000000000000 ) );
#11552 = DIRECTION( '', ( 0.000000000000000, 0.000000000000000, 1.00000000000000 ) );
#11553 = DIRECTION( '', ( 1.00000000000000, 0.000000000000000, 0.000000000000000 ) );
#11554 = DIRECTION( '', ( 0.000000000000000, 0.000000000000000, 1.00000000000000 ) );
#11555 = DIRECTION( '', ( 0.000000000000000, -1.00000000000000, 0.000000000000000 ) );
#11556 = DIRECTION( '', ( 0.707106781186549, 0.000000000000000, -0.707106781186546 ) );
#11557 = DIRECTION( '', ( 0.000000000000000, 0.000000000000000, 1.00000000000000 ) );
#11558 = DIRECTION( '', ( 0.000000000000000, 0.000000000000000, 1.00000000000000 ) );
#11559 = DIRECTION( '', ( 0.000000000000000, 0.000000000000000, 1.00000000000000 ) );
#11560 = DIRECTION( '', ( 0.000000000000000, 0.000000000000000, 1.00000000000000 ) );
#11561 = DIRECTION( '', ( 0.000000000000000, 0.000000000000000, 1.00000000000000 ) );
#11562 = DIRECTION( '', ( 1.00000000000000, 0.000000000000000, 0.000000000000000 ) );
#11563 = DIRECTION( '', ( 1.00000000000000, -2.20436423846524E-015, 0.000000000000000 ) );
#11564 = DIRECTION( '', ( -1.00000000000000, 0.000000000000000, 0.000000000000000 ) );
#11565 = DIRECTION( '', ( 0.000000000000000, 0.000000000000000, 1.00000000000000 ) );
#11566 = DIRECTION( '', ( 0.000000000000000, 0.000000000000000, 1.00000000000000 ) );
#11567 = DIRECTION( '', ( 0.512281584109715, 0.858817546736233, 0.000000000000000 ) );
#11568 = DIRECTION( '', ( 0.000000000000000, 0.000000000000000, 1.00000000000000 ) );
#11569 = DIRECTION( '', ( 0.000000000000000, 0.000000000000000, 1.00000000000000 ) );
#11570 = DIRECTION( '', ( 0.000000000000000, 0.000000000000000, 1.00000000000000 ) );
#11571 = DIRECTION( '', ( 0.000000000000000, 0.000000000000000, 1.00000000000000 ) );
#11572 = DIRECTION( '', ( 0.000000000000000, 0.000000000000000, 1.00000000000000 ) );
#11573 = DIRECTION( '', ( -1.00000000000000, 0.000000000000000, 0.000000000000000 ) );
#11574 = DIRECTION( '', ( 0.000000000000000, 0.000000000000000, 1.00000000000000 ) );
#11575 = DIRECTION( '', ( 0.000000000000000, 0.000000000000000, 1.00000000000000 ) );
#11576 = DIRECTION( '', ( 0.000000000000000, 0.000000000000000, 1.00000000000000 ) );
#11577 = DIRECTION( '', ( 0.000000000000000, 0.000000000000000, 1.00000000000000 ) );
#11578 = DIRECTION( '', ( 0.0520396414318787, -0.998645019874250, 0.000000000000000 ) );
#11579 = CARTESIAN_POINT( '', ( 3.41800699300692, -10.0000000000000, 2.40000000000000 ) );
#11580 = DIRECTION( '', ( 0.000000000000000, 0.000000000000000, 1.00000000000000 ) );
#11581 = DIRECTION( '', ( -0.323429667984562, 0.946252212608983, 0.000000000000000 ) );
#11582 = DIRECTION( '', ( 0.000000000000000, 0.000000000000000, -1.00000000000000 ) );
#11583 = CARTESIAN_POINT( '', ( 3.41800699300692, -10.0000000000000, 1.90000000000000 ) );
#11584 = DIRECTION( '', ( 0.000000000000000, 0.000000000000000, 1.00000000000000 ) );
#11585 = DIRECTION( '', ( -0.323429667984562, 0.946252212608983, 0.000000000000000 ) );
#11586 = DIRECTION( '', ( 0.000000000000000, 0.000000000000000, -1.00000000000000 ) );
#11587 = DIRECTION( '', ( 0.000000000000000, 0.000000000000000, 1.00000000000000 ) );
#11588 = DIRECTION( '', ( 1.00000000000000, 0.000000000000000, 0.000000000000000 ) );
#11589 = DIRECTION( '', ( 0.000000000000000, 0.000000000000000, 1.00000000000000 ) );
#11590 = DIRECTION( '', ( 0.000000000000000, 0.000000000000000, 1.00000000000000 ) );
#11591 = DIRECTION( '', ( 0.000000000000000, 0.000000000000000, 1.00000000000000 ) );
#11592 = DIRECTION( '', ( 0.000000000000000, 0.000000000000000, 1.00000000000000 ) );
#11593 = DIRECTION( '', ( 0.000000000000000, 0.000000000000000, 1.00000000000000 ) );
#11594 = DIRECTION( '', ( 0.000000000000000, 0.000000000000000, 1.00000000000000 ) );
#11595 = DIRECTION( '', ( 0.000000000000000, 0.000000000000000, 1.00000000000000 ) );
#11596 = DIRECTION( '', ( 0.000000000000000, 0.000000000000000, 1.00000000000000 ) );
#11597 = DIRECTION( '', ( 0.000000000000000, 0.000000000000000, 1.00000000000000 ) );
#11598 = CARTESIAN_POINT( '', ( 0.000000000000000, 0.000000000000000, 9.60000000000000 ) );
#11599 = DIRECTION( '', ( 0.000000000000000, 0.000000000000000, -1.00000000000000 ) );
#11600 = DIRECTION( '', ( 1.00000000000000, 0.000000000000000, 0.000000000000000 ) );
#11601 = DIRECTION( '', ( 0.000000000000000, 0.000000000000000, 1.00000000000000 ) );
#11602 = CARTESIAN_POINT( '', ( 0.000000000000000, 0.000000000000000, 1.90000000000000 ) );
#11603 = DIRECTION( '', ( 0.000000000000000, 0.000000000000000, 1.00000000000000 ) );
#11604 = DIRECTION( '', ( 1.00000000000000, 0.000000000000000, 0.000000000000000 ) );
#11605 = DIRECTION( '', ( 0.000000000000000, 0.000000000000000, 1.00000000000000 ) );
#11606 = DIRECTION( '', ( 0.000000000000000, 0.000000000000000, 1.00000000000000 ) );
#11607 = DIRECTION( '', ( 0.000000000000000, 0.000000000000000, 1.00000000000000 ) );
#11608 = DIRECTION( '', ( 0.000000000000000, 0.000000000000000, 1.00000000000000 ) );
#11609 = DIRECTION( '', ( 0.000000000000000, 0.000000000000000, 1.00000000000000 ) );
#11610 = DIRECTION( '', ( 0.000000000000000, 0.000000000000000, 1.00000000000000 ) );
#11611 = DIRECTION( '', ( 0.000000000000000, 0.000000000000000, 1.00000000000000 ) );
#11612 = DIRECTION( '', ( 0.000000000000000, 0.000000000000000, 1.00000000000000 ) );
#11613 = DIRECTION( '', ( 0.000000000000000, 0.000000000000000, -1.00000000000000 ) );
#11614 = DIRECTION( '', ( 0.000000000000000, 0.000000000000000, -1.00000000000000 ) );
#11615 = CARTESIAN_POINT( '', ( 3.35000000000000, 10.2500000000000, 1.90000000000000 ) );
#11616 = DIRECTION( '', ( 0.000000000000000, 0.000000000000000, 1.00000000000000 ) );
#11617 = DIRECTION( '', ( 1.00000000000000, 0.000000000000000, 0.000000000000000 ) );
#11618 = DIRECTION( '', ( 0.000000000000000, 0.000000000000000, -1.00000000000000 ) );
#11619 = DIRECTION( '', ( 0.000000000000000, 0.000000000000000, -1.00000000000000 ) );
#11620 = CARTESIAN_POINT( '', ( 1.75000000000000, 10.5000000000000, 0.549999999999983 ) );
#11621 = DIRECTION( '', ( 1.00000000000000, -6.12303176911189E-017, 0.000000000000000 ) );
#11622 = DIRECTION( '', ( 2.12435339080605E-030, 3.46944695195363E-014, -1.00000000000000 ) );
#11623 = DIRECTION( '', ( 1.00000000000000, -6.12303176910515E-017, 2.14313392077412E-015 ) );
#11624 = CARTESIAN_POINT( '', ( -1.75000000000000, 10.5000000000000, 0.549999999999983 ) );
#11625 = DIRECTION( '', ( 1.00000000000000, -6.12303176911189E-017, 0.000000000000000 ) );
#11626 = DIRECTION( '', ( 4.24870678161210E-031, 6.93889390390727E-015, -1.00000000000000 ) );
#11627 = DIRECTION( '', ( 1.00000000000000, 2.08190360308300E-015, -7.35813834582476E-029 ) );
#11628 = CARTESIAN_POINT( '', ( 0.000000000000000, 0.000000000000000, 1.90000000000000 ) );
#11629 = DIRECTION( '', ( 0.000000000000000, 0.000000000000000, 1.00000000000000 ) );
#11630 = DIRECTION( '', ( 1.00000000000000, 0.000000000000000, 0.000000000000000 ) );
#11631 = DIRECTION( '', ( 0.000000000000000, 0.000000000000000, 1.00000000000000 ) );
#11632 = CARTESIAN_POINT( '', ( 0.000000000000000, 0.000000000000000, 9.60000000000000 ) );
#11633 = DIRECTION( '', ( 0.000000000000000, 0.000000000000000, -1.00000000000000 ) );
#11634 = DIRECTION( '', ( 1.00000000000000, 0.000000000000000, 0.000000000000000 ) );
#11635 = DIRECTION( '', ( 0.000000000000000, 0.000000000000000, 1.00000000000000 ) );
#11636 = DIRECTION( '', ( 0.000000000000000, 0.000000000000000, 1.00000000000000 ) );
#11637 = CARTESIAN_POINT( '', ( 10.0000000000000, -10.2500000000000, 1.90000000000000 ) );
#11638 = DIRECTION( '', ( 0.000000000000000, 0.000000000000000, 1.00000000000000 ) );
#11639 = DIRECTION( '', ( 1.00000000000000, 0.000000000000000, 0.000000000000000 ) );
#11640 = DIRECTION( '', ( 0.000000000000000, 0.000000000000000, 1.00000000000000 ) );
#11641 = DIRECTION( '', ( 0.000000000000000, 0.000000000000000, 1.00000000000000 ) );
#11642 = DIRECTION( '', ( 0.507261555133475, 0.861792152832438, 0.000000000000000 ) );
#11643 = DIRECTION( '', ( 0.000000000000000, 0.000000000000000, 1.00000000000000 ) );
#11644 = DIRECTION( '', ( 0.000000000000000, 0.000000000000000, 1.00000000000000 ) );
#11645 = DIRECTION( '', ( 0.000000000000000, 0.000000000000000, 1.00000000000000 ) );
#11646 = DIRECTION( '', ( 1.00000000000000, 0.000000000000000, 0.000000000000000 ) );
#11647 = DIRECTION( '', ( 0.000000000000000, 0.000000000000000, 1.00000000000000 ) );
#11648 = DIRECTION( '', ( 0.000000000000000, 0.000000000000000, 1.00000000000000 ) );
#11649 = DIRECTION( '', ( 1.00000000000000, 0.000000000000000, 0.000000000000000 ) );
#11650 = CARTESIAN_POINT( '', ( 1.75000000000000, -10.5000000000000, 1.65000000000000 ) );
#11651 = DIRECTION( '', ( -1.00000000000000, 6.12303176911189E-017, 0.000000000000000 ) );
#11652 = DIRECTION( '', ( -6.12303176911189E-017, -1.00000000000000, 0.000000000000000 ) );
#11653 = DIRECTION( '', ( 1.00000000000000, -6.12303176911174E-017, 6.12303176911189E-017 ) );
#11654 = CARTESIAN_POINT( '', ( -1.75000000000000, -10.5000000000000, 1.65000000000000 ) );
#11655 = DIRECTION( '', ( -1.00000000000000, 6.12303176911189E-017, 0.000000000000000 ) );
#11656 = DIRECTION( '', ( -6.12303176911189E-017, -1.00000000000000, 0.000000000000000 ) );
#11657 = DIRECTION( '', ( -1.00000000000000, -7.88510670898549E-017, 0.000000000000000 ) );
#11658 = DIRECTION( '', ( 0.000000000000000, 0.000000000000000, 1.00000000000000 ) );
#11659 = DIRECTION( '', ( 1.00000000000000, 7.88510670898549E-017, 0.000000000000000 ) );
#11660 = DIRECTION( '', ( -1.00000000000000, -3.12562788464290E-016, 0.000000000000000 ) );
#11661 = DIRECTION( '', ( 0.000000000000000, 0.000000000000000, 1.00000000000000 ) );
#11662 = DIRECTION( '', ( 1.00000000000000, 7.88510670898549E-017, 0.000000000000000 ) );
#11663 = DIRECTION( '', ( 0.000000000000000, 0.000000000000000, 1.00000000000000 ) );
#11664 = DIRECTION( '', ( 0.000000000000000, 0.000000000000000, 1.00000000000000 ) );
#11665 = DIRECTION( '', ( 0.170573603889967, -0.985344937398061, 0.000000000000000 ) );
#11666 = DIRECTION( '', ( 0.000000000000000, 0.000000000000000, 1.00000000000000 ) );
#11667 = DIRECTION( '', ( 0.000000000000000, 0.000000000000000, 1.00000000000000 ) );
#11668 = DIRECTION( '', ( 0.999999998582620, -5.32424661181409E-005, 0.000000000000000 ) );
#11669 = DIRECTION( '', ( 0.000000000000000, 0.000000000000000, 1.00000000000000 ) );
#11670 = DIRECTION( '', ( 0.000000000000000, 0.000000000000000, 1.00000000000000 ) );
#11671 = DIRECTION( '', ( -1.00000000000000, 7.88510670898549E-017, 0.000000000000000 ) );
#11672 = DIRECTION( '', ( 0.000000000000000, 0.000000000000000, -1.00000000000000 ) );
#11673 = DIRECTION( '', ( 0.000000000000000, 0.000000000000000, 1.00000000000000 ) );
#11674 = DIRECTION( '', ( 0.000000000000000, 0.000000000000000, 1.00000000000000 ) );
#11675 = DIRECTION( '', ( 0.000000000000000, 0.000000000000000, 1.00000000000000 ) );
#11676 = DIRECTION( '', ( 0.000000000000000, 0.000000000000000, 1.00000000000000 ) );
#11677 = DIRECTION( '', ( 0.000000000000000, 0.000000000000000, 1.00000000000000 ) );
#11678 = DIRECTION( '', ( 0.000000000000000, 0.000000000000000, 1.00000000000000 ) );
#11679 = DIRECTION( '', ( -0.505523561430525, -0.862812800576462, 0.000000000000000 ) );
#11680 = DIRECTION( '', ( 0.000000000000000, 0.000000000000000, 1.00000000000000 ) );
#11681 = DIRECTION( '', ( 0.000000000000000, 0.000000000000000, 1.00000000000000 ) );
#11682 = DIRECTION( '', ( 0.000000000000000, 0.000000000000000, 1.00000000000000 ) );
#11683 = DIRECTION( '', ( 0.000000000000000, 0.000000000000000, 1.00000000000000 ) );
#11684 = DIRECTION( '', ( 0.000000000000000, 0.000000000000000, 1.00000000000000 ) );
#11685 = DIRECTION( '', ( 1.44842276645866E-030, 2.36553201269565E-014, 1.00000000000000 ) );
#11686 = DIRECTION( '', ( -1.00000000000000, 1.85139137403748E-016, -6.12303176911190E-017 ) );
#11687 = DIRECTION( '', ( 1.44842276645866E-030, 2.36553201269565E-014, 1.00000000000000 ) );
#11688 = DIRECTION( '', ( -1.00000000000000, 1.85139137403746E-016, -6.12303176911219E-017 ) );
#11689 = CARTESIAN_POINT( '', ( -13.5482332538270, 10.9181214363963, 1.90000000000000 ) );
#11690 = DIRECTION( '', ( 0.000000000000000, 0.000000000000000, 1.00000000000000 ) );
#11691 = DIRECTION( '', ( 1.00000000000000, 0.000000000000000, 0.000000000000000 ) );
#11692 = CARTESIAN_POINT( '', ( -10.0000000000000, -10.2500000000000, 1.90000000000000 ) );
#11693 = DIRECTION( '', ( 0.000000000000000, 0.000000000000000, 1.00000000000000 ) );
#11694 = DIRECTION( '', ( 1.00000000000000, 0.000000000000000, 0.000000000000000 ) );
#11695 = CARTESIAN_POINT( '', ( -10.0000000000000, 10.2500000000000, 1.90000000000000 ) );
#11696 = DIRECTION( '', ( 0.000000000000000, 0.000000000000000, 1.00000000000000 ) );
#11697 = DIRECTION( '', ( 1.00000000000000, 0.000000000000000, 0.000000000000000 ) );
#11698 = DIRECTION( '', ( -1.00000000000000, 7.88510670898549E-017, 0.000000000000000 ) );
#11699 = DIRECTION( '', ( 0.000000000000000, 0.000000000000000, 1.00000000000000 ) );
#11700 = DIRECTION( '', ( 0.000000000000000, 0.000000000000000, -1.00000000000000 ) );
#11701 = DIRECTION( '', ( 0.000000000000000, 1.00000000000000, 0.000000000000000 ) );
#11702 = DIRECTION( '', ( 0.000000000000000, 0.000000000000000, -1.00000000000000 ) );
#11703 = DIRECTION( '', ( 1.00000000000000, 0.000000000000000, 0.000000000000000 ) );
#11704 = DIRECTION( '', ( 0.000000000000000, -0.707106781186546, 0.707106781186549 ) );
#11705 = CARTESIAN_POINT( '', ( -10.0000000000000, 10.2500000000000, 11.3000000000000 ) );
#11706 = DIRECTION( '', ( 0.000000000000000, 0.000000000000000, 1.00000000000000 ) );
#11707 = DIRECTION( '', ( 1.00000000000000, 0.000000000000000, 0.000000000000000 ) );
#11708 = DIRECTION( '', ( 1.29375967771378E-032, 2.11293967841267E-016, 1.00000000000000 ) );
#11709 = DIRECTION( '', ( 1.00000000000000, -6.12303176910515E-017, 2.14313392077412E-015 ) );
#11710 = DIRECTION( '', ( 1.29375967771378E-032, 2.11293967841267E-016, 1.00000000000000 ) );
#11711 = DIRECTION( '', ( 0.000000000000000, 0.000000000000000, 1.00000000000000 ) );
#11712 = CARTESIAN_POINT( '', ( 10.0000000000000, -10.2500000000000, 1.90000000000000 ) );
#11713 = DIRECTION( '', ( 0.000000000000000, 0.000000000000000, 1.00000000000000 ) );
#11714 = DIRECTION( '', ( 1.00000000000000, 0.000000000000000, 0.000000000000000 ) );
#11715 = DIRECTION( '', ( 0.000000000000000, 0.000000000000000, -1.00000000000000 ) );
#11716 = CARTESIAN_POINT( '', ( 13.5482332538270, 10.9181214363963, 9.60000000000000 ) );
#11717 = DIRECTION( '', ( 0.000000000000000, 0.000000000000000, -1.00000000000000 ) );
#11718 = DIRECTION( '', ( -1.00000000000000, 0.000000000000000, 0.000000000000000 ) );
#11719 = DIRECTION( '', ( 0.000000000000000, 0.000000000000000, 1.00000000000000 ) );
#11720 = CARTESIAN_POINT( '', ( 13.5482332538270, 10.9181214363963, 1.90000000000000 ) );
#11721 = DIRECTION( '', ( 0.000000000000000, 0.000000000000000, 1.00000000000000 ) );
#11722 = DIRECTION( '', ( 1.00000000000000, 0.000000000000000, 0.000000000000000 ) );
#11723 = DIRECTION( '', ( -1.00000000000000, 0.000000000000000, 0.000000000000000 ) );
#11724 = DIRECTION( '', ( 0.000000000000000, 0.000000000000000, 1.00000000000000 ) );
#11725 = CARTESIAN_POINT( '', ( -10.0000000000000, -10.2500000000000, 1.90000000000000 ) );
#11726 = DIRECTION( '', ( 0.000000000000000, 0.000000000000000, 1.00000000000000 ) );
#11727 = DIRECTION( '', ( 1.00000000000000, 0.000000000000000, 0.000000000000000 ) );
#11728 = DIRECTION( '', ( -1.00000000000000, -3.69090101271661E-016, 0.000000000000000 ) );
#11729 = DIRECTION( '', ( 8.32667268468866E-015, 1.00000000000000, 0.000000000000000 ) );
#11730 = CARTESIAN_POINT( '', ( 3.35000000000000, -10.2500000000000, 1.90000000000000 ) );
#11731 = DIRECTION( '', ( 0.000000000000000, 0.000000000000000, 1.00000000000000 ) );
#11732 = DIRECTION( '', ( 1.00000000000000, 0.000000000000000, 0.000000000000000 ) );
#11733 = DIRECTION( '', ( 1.00000000000000, 7.88510670898549E-017, 0.000000000000000 ) );
#11734 = CARTESIAN_POINT( '', ( 10.0000000000000, 10.2500000000000, 1.90000000000000 ) );
#11735 = DIRECTION( '', ( 0.000000000000000, 0.000000000000000, 1.00000000000000 ) );
#11736 = DIRECTION( '', ( 1.00000000000000, 0.000000000000000, 0.000000000000000 ) );
#11737 = DIRECTION( '', ( -1.38777878078145E-015, -1.00000000000000, 0.000000000000000 ) );
#11738 = DIRECTION( '', ( -2.08166817117217E-015, 1.00000000000000, 0.000000000000000 ) );
#11739 = CARTESIAN_POINT( '', ( -3.35000000000000, 10.2500000000000, 1.90000000000000 ) );
#11740 = DIRECTION( '', ( 0.000000000000000, 0.000000000000000, 1.00000000000000 ) );
#11741 = DIRECTION( '', ( 1.00000000000000, 0.000000000000000, 0.000000000000000 ) );
#11742 = DIRECTION( '', ( -1.00000000000000, 7.88510670898549E-017, 0.000000000000000 ) );
#11743 = CARTESIAN_POINT( '', ( -10.0000000000000, 10.2500000000000, 1.90000000000000 ) );
#11744 = DIRECTION( '', ( 0.000000000000000, 0.000000000000000, 1.00000000000000 ) );
#11745 = DIRECTION( '', ( 1.00000000000000, 0.000000000000000, 0.000000000000000 ) );
#11746 = DIRECTION( '', ( 0.000000000000000, 0.000000000000000, 1.00000000000000 ) );
#11747 = CARTESIAN_POINT( '', ( 6.50521303491303E-016, 0.000000000000000, 3.75000000000000 ) );
#11748 = DIRECTION( '', ( 0.000000000000000, 0.000000000000000, -1.00000000000000 ) );
#11749 = DIRECTION( '', ( 1.00000000000000, 0.000000000000000, 0.000000000000000 ) );
#11750 = DIRECTION( '', ( 0.000000000000000, 0.000000000000000, 1.00000000000000 ) );
#11751 = DIRECTION( '', ( 0.507254689190442, 0.861796194174881, 0.000000000000000 ) );
#11752 = DIRECTION( '', ( 0.000000000000000, 0.000000000000000, 1.00000000000000 ) );
#11753 = DIRECTION( '', ( 0.000000000000000, 0.000000000000000, 1.00000000000000 ) );
#11754 = DIRECTION( '', ( 0.000000000000000, 0.000000000000000, 1.00000000000000 ) );
#11755 = DIRECTION( '', ( 0.000000000000000, 0.000000000000000, 1.00000000000000 ) );
#11756 = DIRECTION( '', ( 0.000000000000000, 0.000000000000000, -1.00000000000000 ) );
#11757 = DIRECTION( '', ( -2.10225382633725E-030, -3.43335443226383E-014, -1.00000000000000 ) );
#11758 = DIRECTION( '', ( 1.00000000000000, 2.08190360308300E-015, -7.35813834582476E-029 ) );
#11759 = DIRECTION( '', ( 2.10225382633725E-030, 3.43335443226383E-014, 1.00000000000000 ) );
#11760 = CARTESIAN_POINT( '', ( 1.75000000000000, 10.5000000000000, 0.549999999999983 ) );
#11761 = DIRECTION( '', ( 1.00000000000000, -6.12303176911189E-017, -7.78499146847121E-047 ) );
#11762 = DIRECTION( '', ( -5.66494237548278E-031, -9.25185853854298E-015, -1.00000000000000 ) );
#11763 = CARTESIAN_POINT( '', ( -1.75000000000000, 10.5000000000000, 0.549999999999983 ) );
#11764 = DIRECTION( '', ( 1.00000000000000, -6.12303176911189E-017, -3.11399658738848E-046 ) );
#11765 = DIRECTION( '', ( -1.13298847509655E-030, -1.85037170770860E-014, -1.00000000000000 ) );
#11766 = DIRECTION( '', ( 0.000000000000000, 0.000000000000000, -1.00000000000000 ) );
#11767 = DIRECTION( '', ( 0.000000000000000, 0.000000000000000, 1.00000000000000 ) );
#11768 = DIRECTION( '', ( 0.000000000000000, 0.000000000000000, 1.00000000000000 ) );
#11769 = DIRECTION( '', ( 0.000000000000000, 0.000000000000000, 1.00000000000000 ) );
#11770 = DIRECTION( '', ( 0.000000000000000, 0.000000000000000, 1.00000000000000 ) );
#11771 = DIRECTION( '', ( -6.12303176911189E-017, -1.00000000000000, 1.02713890024942E-016 ) );
#11772 = DIRECTION( '', ( 5.93980388876608E-032, 9.70075628013216E-016, 1.00000000000000 ) );
#11773 = CARTESIAN_POINT( '', ( -1.75000000000000, -10.5000000000000, 0.550000000000000 ) );
#11774 = DIRECTION( '', ( -1.00000000000000, 6.12303176911189E-017, 0.000000000000000 ) );
#11775 = DIRECTION( '', ( 0.000000000000000, 0.000000000000000, -1.00000000000000 ) );
#11776 = CARTESIAN_POINT( '', ( -1.75000000000000, -10.5000000000000, 1.65000000000000 ) );
#11777 = DIRECTION( '', ( -1.00000000000000, 6.12303176911189E-017, 0.000000000000000 ) );
#11778 = DIRECTION( '', ( -6.12303176911189E-017, -1.00000000000000, 0.000000000000000 ) );
#11779 = DIRECTION( '', ( 6.12303176911189E-017, 1.00000000000000, 8.67361737988273E-016 ) );
#11780 = DIRECTION( '', ( 6.12303176911189E-017, 1.00000000000000, 8.67361737988273E-016 ) );
#11781 = DIRECTION( '', ( 1.44842276645866E-030, 2.36553201269565E-014, 1.00000000000000 ) );
#11782 = DIRECTION( '', ( 1.00000000000000, 3.69090101271661E-016, 0.000000000000000 ) );
#11783 = DIRECTION( '', ( 1.00000000000000, 1.84545050635830E-016, 0.000000000000000 ) );
#11784 = DIRECTION( '', ( 1.38777878078145E-016, -1.00000000000000, 0.000000000000000 ) );
#11785 = DIRECTION( '', ( 0.000000000000000, 0.000000000000000, 1.00000000000000 ) );
#11786 = CARTESIAN_POINT( '', ( 0.000000000000000, -6.16659931735913E-017, 1.90000000000000 ) );
#11787 = DIRECTION( '', ( 0.000000000000000, 0.000000000000000, -1.00000000000000 ) );
#11788 = DIRECTION( '', ( 1.00000000000000, 1.14196283654799E-017, 0.000000000000000 ) );
#11789 = CARTESIAN_POINT( '', ( 0.000000000000000, -6.16659931735913E-017, 2.40000000000000 ) );
#11790 = DIRECTION( '', ( 0.000000000000000, 0.000000000000000, -1.00000000000000 ) );
#11791 = DIRECTION( '', ( 1.00000000000000, 1.14196283654799E-017, 0.000000000000000 ) );
#11792 = DIRECTION( '', ( 0.000000000000000, 0.000000000000000, -1.00000000000000 ) );
#11793 = CARTESIAN_POINT( '', ( 2.60208521396521E-015, -5.73424479101950E-017, 9.01000000000000 ) );
#11794 = DIRECTION( '', ( 0.000000000000000, 0.000000000000000, -1.00000000000000 ) );
#11795 = DIRECTION( '', ( 0.323429667984579, 0.946252212608977, 0.000000000000000 ) );
#11796 = DIRECTION( '', ( 0.000000000000000, 0.000000000000000, 1.00000000000000 ) );
#11797 = DIRECTION( '', ( 1.00000000000000, 0.000000000000000, 0.000000000000000 ) );
#11798 = DIRECTION( '', ( 1.00000000000000, -1.22460635382238E-016, 5.93980388876608E-032 ) );
#11799 = DIRECTION( '', ( -5.93980388876608E-032, -9.70075628013216E-016, -1.00000000000000 ) );
#11800 = DIRECTION( '', ( 0.000000000000000, 0.000000000000000, 1.00000000000000 ) );
#11801 = DIRECTION( '', ( 1.00000000000000, -3.12562788464290E-016, 0.000000000000000 ) );
#11802 = CARTESIAN_POINT( '', ( 6.05000000000000, 10.7500000000000, 9.60000000000000 ) );
#11803 = DIRECTION( '', ( 0.000000000000000, 0.000000000000000, -1.00000000000000 ) );
#11804 = DIRECTION( '', ( -1.00000000000000, 0.000000000000000, 0.000000000000000 ) );
#11805 = CARTESIAN_POINT( '', ( 13.5482332538270, -10.9181214363963, 9.60000000000000 ) );
#11806 = DIRECTION( '', ( 0.000000000000000, 0.000000000000000, -1.00000000000000 ) );
#11807 = DIRECTION( '', ( -1.00000000000000, 0.000000000000000, 0.000000000000000 ) );
#11808 = CARTESIAN_POINT( '', ( 6.05000000000000, -10.7500000000000, 9.60000000000000 ) );
#11809 = DIRECTION( '', ( 0.000000000000000, 0.000000000000000, -1.00000000000000 ) );
#11810 = DIRECTION( '', ( -1.00000000000000, 0.000000000000000, 0.000000000000000 ) );
#11811 = CARTESIAN_POINT( '', ( -13.5482332538270, 10.9181214363963, 9.60000000000000 ) );
#11812 = DIRECTION( '', ( 0.000000000000000, 0.000000000000000, -1.00000000000000 ) );
#11813 = DIRECTION( '', ( -1.00000000000000, 0.000000000000000, 0.000000000000000 ) );
#11814 = CARTESIAN_POINT( '', ( 6.50521303491303E-016, 0.000000000000000, 9.60000000000000 ) );
#11815 = DIRECTION( '', ( 0.000000000000000, 0.000000000000000, -1.00000000000000 ) );
#11816 = DIRECTION( '', ( -1.00000000000000, 0.000000000000000, 0.000000000000000 ) );
#11817 = DIRECTION( '', ( 0.000000000000000, 0.000000000000000, 1.00000000000000 ) );
#11818 = DIRECTION( '', ( 0.000000000000000, 0.000000000000000, 1.00000000000000 ) );
#11819 = DIRECTION( '', ( 1.00000000000000, 0.000000000000000, 0.000000000000000 ) );
#11820 = DIRECTION( '', ( 0.000000000000000, 0.000000000000000, 1.00000000000000 ) );
#11821 = DIRECTION( '', ( -0.0520731194826531, 0.998643274761987, 0.000000000000000 ) );
#11822 = DIRECTION( '', ( -1.00000000000000, 0.000000000000000, 0.000000000000000 ) );
#11823 = DIRECTION( '', ( 0.583264946769651, 0.812281971897565, 0.000000000000000 ) );
#11824 = DIRECTION( '', ( 0.0472575567111532, -0.998882737529132, 0.000000000000000 ) );
#11825 = DIRECTION( '', ( 0.000000000000000, 0.000000000000000, 1.00000000000000 ) );
#11826 = DIRECTION( '', ( 0.000000000000000, 0.000000000000000, 1.00000000000000 ) );
#11827 = CARTESIAN_POINT( '', ( 10.0000000000000, 10.2500000000000, 11.3000000000000 ) );
#11828 = DIRECTION( '', ( 0.000000000000000, 0.000000000000000, 1.00000000000000 ) );
#11829 = DIRECTION( '', ( 1.00000000000000, 0.000000000000000, 0.000000000000000 ) );
#11830 = DIRECTION( '', ( 0.000000000000000, 0.707106781186548, -0.707106781186548 ) );
#11831 = CARTESIAN_POINT( '', ( 6.05000000000000, 10.7500000000000, 1.90000000000000 ) );
#11832 = DIRECTION( '', ( 0.000000000000000, 0.000000000000000, 1.00000000000000 ) );
#11833 = DIRECTION( '', ( 1.00000000000000, 0.000000000000000, 0.000000000000000 ) );
#11834 = DIRECTION( '', ( 0.000000000000000, 0.000000000000000, 1.00000000000000 ) );
#11835 = DIRECTION( '', ( 0.000000000000000, 0.000000000000000, 1.00000000000000 ) );
#11836 = DIRECTION( '', ( 0.000000000000000, 0.000000000000000, 1.00000000000000 ) );
#11837 = CARTESIAN_POINT( '', ( 1.75000000000000, 10.5000000000000, 8.76000000000000 ) );
#11838 = DIRECTION( '', ( 1.00000000000000, -6.12303176911189E-017, -1.55699829369424E-046 ) );
#11839 = DIRECTION( '', ( 6.12303176911189E-017, 1.00000000000000, -1.15648231731787E-014 ) );
#11840 = CARTESIAN_POINT( '', ( -1.75000000000000, 10.5000000000000, 8.76000000000000 ) );
#11841 = DIRECTION( '', ( 1.00000000000000, -6.12303176911189E-017, -1.55699829369424E-046 ) );
#11842 = DIRECTION( '', ( 6.12303176911189E-017, 1.00000000000000, -2.08166817117217E-014 ) );
#11843 = DIRECTION( '', ( -0.503548846457895, -0.863966758174713, 0.000000000000000 ) );
#11844 = DIRECTION( '', ( 0.000000000000000, 0.000000000000000, 1.00000000000000 ) );
#11845 = CARTESIAN_POINT( '', ( 1.75000000000000, -10.5000000000000, 0.550000000000000 ) );
#11846 = DIRECTION( '', ( -1.00000000000000, 6.12303176911189E-017, 0.000000000000000 ) );
#11847 = DIRECTION( '', ( 0.000000000000000, 0.000000000000000, -1.00000000000000 ) );
#11848 = DIRECTION( '', ( -6.12303176911189E-017, -1.00000000000000, 1.02713890024942E-016 ) );
#11849 = CARTESIAN_POINT( '', ( 13.5482332538270, -10.9181214363963, 1.90000000000000 ) );
#11850 = DIRECTION( '', ( 0.000000000000000, 0.000000000000000, 1.00000000000000 ) );
#11851 = DIRECTION( '', ( 1.00000000000000, 0.000000000000000, 0.000000000000000 ) );
#11852 = DIRECTION( '', ( 0.000000000000000, 0.000000000000000, 1.00000000000000 ) );
#11853 = DIRECTION( '', ( 0.000000000000000, 0.000000000000000, -1.00000000000000 ) );
#11854 = DIRECTION( '', ( 0.000000000000000, 0.000000000000000, -1.00000000000000 ) );
#11855 = DIRECTION( '', ( 6.12303176911189E-017, 1.00000000000000, -3.10852175506041E-015 ) );
#11856 = CARTESIAN_POINT( '', ( -1.75000000000000, 10.5000000000000, 8.76000000000000 ) );
#11857 = DIRECTION( '', ( 1.00000000000000, -6.12303176911189E-017, 0.000000000000000 ) );
#11858 = DIRECTION( '', ( 6.12303176911189E-017, 1.00000000000000, 0.000000000000000 ) );
#11859 = DIRECTION( '', ( -6.12303176911189E-017, -1.00000000000000, -3.12250225675779E-014 ) );
#11860 = DIRECTION( '', ( 0.000000000000000, 0.000000000000000, -1.00000000000000 ) );
#11861 = DIRECTION( '', ( 1.00000000000000, -7.88510670898549E-017, 0.000000000000000 ) );
#11862 = CARTESIAN_POINT( '', ( -10.0000000000000, -10.2500000000000, 11.3000000000000 ) );
#11863 = DIRECTION( '', ( 0.000000000000000, 0.000000000000000, 1.00000000000000 ) );
#11864 = DIRECTION( '', ( 1.00000000000000, 0.000000000000000, 0.000000000000000 ) );
#11865 = DIRECTION( '', ( -6.12303176911189E-017, -1.00000000000000, -3.12250225675779E-014 ) );
#11866 = CARTESIAN_POINT( '', ( 1.75000000000000, 10.5000000000000, 8.76000000000000 ) );
#11867 = DIRECTION( '', ( 1.00000000000000, -6.12303176911189E-017, 0.000000000000000 ) );
#11868 = DIRECTION( '', ( 6.12303176911189E-017, 1.00000000000000, 2.77555756156289E-014 ) );
#11869 = DIRECTION( '', ( 6.12303176911189E-017, 1.00000000000000, -3.10852175506041E-015 ) );
#11870 = DIRECTION( '', ( 1.00000000000000, 0.000000000000000, 0.000000000000000 ) );
#11871 = DIRECTION( '', ( 0.000000000000000, 0.000000000000000, 1.00000000000000 ) );
#11872 = DIRECTION( '', ( 0.504988503037567, 0.863126069470664, 0.000000000000000 ) );
#11873 = DIRECTION( '', ( 0.000000000000000, 0.000000000000000, 1.00000000000000 ) );
#11874 = DIRECTION( '', ( 0.000000000000000, 0.000000000000000, 1.00000000000000 ) );
#11875 = DIRECTION( '', ( 0.000000000000000, 0.000000000000000, 1.00000000000000 ) );
#11876 = DIRECTION( '', ( 0.000000000000000, 0.000000000000000, 1.00000000000000 ) );
#11877 = DIRECTION( '', ( 0.000000000000000, 0.000000000000000, 1.00000000000000 ) );
#11878 = DIRECTION( '', ( 0.000000000000000, 0.000000000000000, 1.00000000000000 ) );
#11879 = DIRECTION( '', ( 0.000000000000000, 0.000000000000000, -1.00000000000000 ) );
#11880 = DIRECTION( '', ( 0.000000000000000, 0.000000000000000, -1.00000000000000 ) );
#11881 = DIRECTION( '', ( 1.00000000000000, -2.20436423846524E-015, 0.000000000000000 ) );
#11882 = DIRECTION( '', ( -1.00000000000000, 0.000000000000000, -1.23908819712629E-016 ) );
#11883 = DIRECTION( '', ( 0.519661496168011, 0.854372242878024, 0.000000000000000 ) );
#11884 = DIRECTION( '', ( 0.000000000000000, 0.000000000000000, 1.00000000000000 ) );
#11885 = DIRECTION( '', ( 1.44842276645866E-030, 2.36553201269565E-014, 1.00000000000000 ) );
#11886 = DIRECTION( '', ( 0.000000000000000, 0.000000000000000, 1.00000000000000 ) );
#11887 = DIRECTION( '', ( -1.00000000000000, 0.000000000000000, 0.000000000000000 ) );
#11888 = DIRECTION( '', ( 0.000000000000000, 1.00000000000000, 0.000000000000000 ) );
#11889 = DIRECTION( '', ( 0.000000000000000, 0.000000000000000, 1.00000000000000 ) );
#11890 = DIRECTION( '', ( -1.00000000000000, 7.88510670898549E-017, 0.000000000000000 ) );
#11891 = CARTESIAN_POINT( '', ( 10.0000000000000, 10.2500000000000, 1.90000000000000 ) );
#11892 = DIRECTION( '', ( 0.000000000000000, 0.000000000000000, 1.00000000000000 ) );
#11893 = DIRECTION( '', ( 1.00000000000000, 0.000000000000000, 0.000000000000000 ) );
#11894 = DIRECTION( '', ( 0.000000000000000, 1.00000000000000, 0.000000000000000 ) );
#11895 = CARTESIAN_POINT( '', ( 6.05000000000000, -10.7500000000000, 1.90000000000000 ) );
#11896 = DIRECTION( '', ( 0.000000000000000, 0.000000000000000, 1.00000000000000 ) );
#11897 = DIRECTION( '', ( 1.00000000000000, 0.000000000000000, 0.000000000000000 ) );
#11898 = DIRECTION( '', ( 0.000000000000000, 0.000000000000000, 1.00000000000000 ) );
#11899 = DIRECTION( '', ( 0.000000000000000, 0.000000000000000, 1.00000000000000 ) );
#11900 = DIRECTION( '', ( 0.000000000000000, 0.707106781186548, 0.707106781186548 ) );
#11901 = DIRECTION( '', ( 0.000000000000000, 0.000000000000000, 1.00000000000000 ) );
#11902 = DIRECTION( '', ( 0.000000000000000, 0.000000000000000, 1.00000000000000 ) );
#11903 = CARTESIAN_POINT( '', ( 3.41800699300692, -10.0000000000000, 1.90000000000000 ) );
#11904 = DIRECTION( '', ( 0.000000000000000, 0.000000000000000, 1.00000000000000 ) );
#11905 = DIRECTION( '', ( -0.323429667984501, 0.946252212609004, 0.000000000000000 ) );
#11906 = DIRECTION( '', ( 6.12303176911189E-017, 1.00000000000000, 8.67361737988273E-016 ) );
#11907 = CARTESIAN_POINT( '', ( 3.41800699300692, 10.0000000000000, 9.01000000000000 ) );
#11908 = DIRECTION( '', ( 0.000000000000000, 0.000000000000000, 1.00000000000000 ) );
#11909 = DIRECTION( '', ( -1.00000000000000, -2.34966097148650E-015, 0.000000000000000 ) );
#11910 = DIRECTION( '', ( 0.000000000000000, 0.000000000000000, 1.00000000000000 ) );
#11911 = CARTESIAN_POINT( '', ( 1.75000000000000, -10.5000000000000, 1.65000000000000 ) );
#11912 = DIRECTION( '', ( -1.00000000000000, 6.12303176911189E-017, 0.000000000000000 ) );
#11913 = DIRECTION( '', ( -6.12303176911189E-017, -1.00000000000000, 0.000000000000000 ) );
#11914 = DIRECTION( '', ( -1.00000000000000, 0.000000000000000, -1.23908819712629E-016 ) );
#11915 = DIRECTION( '', ( 0.000000000000000, 0.000000000000000, 1.00000000000000 ) );
#11916 = DIRECTION( '', ( 6.12303176911189E-017, 1.00000000000000, 8.67361737988273E-016 ) );
#11917 = DIRECTION( '', ( 0.000000000000000, 0.000000000000000, -1.00000000000000 ) );
#11918 = CARTESIAN_POINT( '', ( 3.41800699300692, -10.0000000000000, 2.40000000000000 ) );
#11919 = DIRECTION( '', ( 0.000000000000000, 0.000000000000000, 1.00000000000000 ) );
#11920 = DIRECTION( '', ( -0.323429667984501, 0.946252212609004, 0.000000000000000 ) );
ENDSEC;
END-ISO-10303-21;
